t_granted,feeder,iter,state,vupdate,source_v_pu,source_ang_deg,dist_bus,vavg_pu,va_pu,vb_pu,vc_pu,vpos_pu,alert_signal,alert_bus,alert_v_pu,alert_vpos_pu,alert_vavg_pu,fidvr_stage,tx_v_pu,motor_p_scale,motor_q_scale,caps_on,cap_fraction,tap_pu,restore_frac,motor_slip_avg,motor_slip_max,motor_pf_avg,motor_running_groups,motor_stalled_groups,motor_tripped_groups,motor_restoring_groups,dynamics_enabled,tap_reg1,tap_reg2,tap_reg3
0.005,1,2,ITERATING,True,1.03,-1.871418,650,1.029844,1.029818,1.029876,1.029838,1.029844,dist_bus,650,1.029844,1.029844,1.029844,DISABLED,1.03,1.0,1.0,True,1.0,1.05,1.0,,,,0,0,0,0,False,1.05625,1.0375,1.05625
0.01,1,4,ITERATING,True,1.03,-1.871417,650,1.029844,1.029818,1.029876,1.029838,1.029844,dist_bus,650,1.029844,1.029844,1.029844,DISABLED,1.03,1.0,1.0,True,1.0,1.05,1.0,,,,0,0,0,0,False,1.05625,1.0375,1.05625
0.015,1,6,ITERATING,True,1.03,-1.871417,650,1.029844,1.029818,1.029876,1.029838,1.029844,dist_bus,650,1.029844,1.029844,1.029844,DISABLED,1.03,1.0,1.0,True,1.0,1.05,1.0,,,,0,0,0,0,False,1.05625,1.0375,1.05625
0.02,1,8,ITERATING,True,1.03,-1.871417,650,1.029844,1.029818,1.029876,1.029838,1.029844,dist_bus,650,1.029844,1.029844,1.029844,DISABLED,1.03,1.0,1.0,True,1.0,1.05,1.0,,,,0,0,0,0,False,1.05625,1.0375,1.05625
0.025,1,10,ITERATING,True,1.03,-1.871417,650,1.029844,1.029818,1.029876,1.029838,1.029844,dist_bus,650,1.029844,1.029844,1.029844,DISABLED,1.03,1.0,1.0,True,1.0,1.05,1.0,,,,0,0,0,0,False,1.05625,1.0375,1.05625
0.03,1,12,ITERATING,True,1.03,-1.871417,650,1.029844,1.029818,1.029876,1.029838,1.029844,dist_bus,650,1.029844,1.029844,1.029844,DISABLED,1.03,1.0,1.0,True,1.0,1.05,1.0,,,,0,0,0,0,False,1.05625,1.0375,1.05625
0.035,1,14,ITERATING,True,1.03,-1.871417,650,1.029844,1.029818,1.029876,1.029838,1.029844,dist_bus,650,1.029844,1.029844,1.029844,DISABLED,1.03,1.0,1.0,True,1.0,1.05,1.0,,,,0,0,0,0,False,1.05625,1.0375,1.05625
0.04,1,16,ITERATING,True,1.03,-1.871417,650,1.029844,1.029818,1.029876,1.029838,1.029844,dist_bus,650,1.029844,1.029844,1.029844,DISABLED,1.03,1.0,1.0,True,1.0,1.05,1.0,,,,0,0,0,0,False,1.05625,1.0375,1.05625
0.045,1,18,ITERATING,True,1.03,-1.871417,650,1.029844,1.029818,1.029876,1.029838,1.029844,dist_bus,650,1.029844,1.029844,1.029844,DISABLED,1.03,1.0,1.0,True,1.0,1.05,1.0,,,,0,0,0,0,False,1.05625,1.0375,1.05625
0.05,1,20,ITERATING,True,1.03,-1.871417,650,1.029844,1.029818,1.029876,1.029838,1.029844,dist_bus,650,1.029844,1.029844,1.029844,DISABLED,1.03,1.0,1.0,True,1.0,1.05,1.0,,,,0,0,0,0,False,1.05625,1.0375,1.05625
0.055,1,22,ITERATING,True,1.03,-1.871417,650,1.029844,1.029818,1.029876,1.029838,1.029844,dist_bus,650,1.029844,1.029844,1.029844,DISABLED,1.03,1.0,1.0,True,1.0,1.05,1.0,,,,0,0,0,0,False,1.05625,1.0375,1.05625
0.06,1,24,ITERATING,True,1.03,-1.871417,650,1.029844,1.029818,1.029876,1.029838,1.029844,dist_bus,650,1.029844,1.029844,1.029844,DISABLED,1.03,1.0,1.0,True,1.0,1.05,1.0,,,,0,0,0,0,False,1.05625,1.0375,1.05625
0.065,1,26,ITERATING,True,1.03,-1.871417,650,1.029844,1.029818,1.029876,1.029838,1.029844,dist_bus,650,1.029844,1.029844,1.029844,DISABLED,1.03,1.0,1.0,True,1.0,1.05,1.0,,,,0,0,0,0,False,1.05625,1.0375,1.05625
0.07,1,28,ITERATING,True,1.03,-1.871417,650,1.029844,1.029818,1.029876,1.029838,1.029844,dist_bus,650,1.029844,1.029844,1.029844,DISABLED,1.03,1.0,1.0,True,1.0,1.05,1.0,,,,0,0,0,0,False,1.05625,1.0375,1.05625
0.075,1,30,ITERATING,True,1.03,-1.871417,650,1.029844,1.029818,1.029876,1.029838,1.029844,dist_bus,650,1.029844,1.029844,1.029844,DISABLED,1.03,1.0,1.0,True,1.0,1.05,1.0,,,,0,0,0,0,False,1.05625,1.0375,1.05625
0.08,1,32,ITERATING,True,1.03,-1.871417,650,1.029844,1.029818,1.029876,1.029838,1.029844,dist_bus,650,1.029844,1.029844,1.029844,DISABLED,1.03,1.0,1.0,True,1.0,1.05,1.0,,,,0,0,0,0,False,1.05625,1.0375,1.05625
0.085,1,34,ITERATING,True,1.03,-1.871417,650,1.029844,1.029818,1.029876,1.029838,1.029844,dist_bus,650,1.029844,1.029844,1.029844,DISABLED,1.03,1.0,1.0,True,1.0,1.05,1.0,,,,0,0,0,0,False,1.05625,1.0375,1.05625
0.09,1,36,ITERATING,True,1.03,-1.871417,650,1.029844,1.029818,1.029876,1.029838,1.029844,dist_bus,650,1.029844,1.029844,1.029844,DISABLED,1.03,1.0,1.0,True,1.0,1.05,1.0,,,,0,0,0,0,False,1.05625,1.0375,1.05625
0.095,1,38,ITERATING,True,1.03,-1.871417,650,1.029844,1.029818,1.029876,1.029838,1.029844,dist_bus,650,1.029844,1.029844,1.029844,DISABLED,1.03,1.0,1.0,True,1.0,1.05,1.0,,,,0,0,0,0,False,1.05625,1.0375,1.05625
0.1,1,40,ITERATING,True,1.03,-1.871417,650,1.029844,1.029818,1.029876,1.029838,1.029844,dist_bus,650,1.029844,1.029844,1.029844,DISABLED,1.03,1.0,1.0,True,1.0,1.05,1.0,,,,0,0,0,0,False,1.05625,1.0375,1.05625
0.105,1,42,ITERATING,True,1.03,-1.871417,650,1.029844,1.029818,1.029876,1.029838,1.029844,dist_bus,650,1.029844,1.029844,1.029844,DISABLED,1.03,1.0,1.0,True,1.0,1.05,1.0,,,,0,0,0,0,False,1.05625,1.0375,1.05625
0.11,1,43,NEXT_STEP,False,1.03,-1.871417,650,1.029844,1.029818,1.029876,1.029838,1.029844,dist_bus,650,1.029844,1.029844,1.029844,DISABLED,1.03,1.0,1.0,True,1.0,1.05,1.0,,,,0,0,0,0,False,1.05625,1.0375,1.05625
0.115,1,45,ITERATING,True,1.03,-1.871417,650,1.029844,1.029818,1.029876,1.029838,1.029844,dist_bus,650,1.029844,1.029844,1.029844,DISABLED,1.03,1.0,1.0,True,1.0,1.05,1.0,,,,0,0,0,0,False,1.05625,1.0375,1.05625
0.12,1,46,NEXT_STEP,False,1.03,-1.871417,650,1.029844,1.029818,1.029876,1.029838,1.029844,dist_bus,650,1.029844,1.029844,1.029844,DISABLED,1.03,1.0,1.0,True,1.0,1.05,1.0,,,,0,0,0,0,False,1.05625,1.0375,1.05625
0.125,1,48,ITERATING,True,1.03,-1.871417,650,1.029844,1.029818,1.029876,1.029838,1.029844,dist_bus,650,1.029844,1.029844,1.029844,DISABLED,1.03,1.0,1.0,True,1.0,1.05,1.0,,,,0,0,0,0,False,1.05625,1.0375,1.05625
0.13,1,49,NEXT_STEP,False,1.03,-1.871417,650,1.029844,1.029818,1.029876,1.029838,1.029844,dist_bus,650,1.029844,1.029844,1.029844,DISABLED,1.03,1.0,1.0,True,1.0,1.05,1.0,,,,0,0,0,0,False,1.05625,1.0375,1.05625
0.135,1,51,ITERATING,True,1.03,-1.871417,650,1.029844,1.029818,1.029876,1.029838,1.029844,dist_bus,650,1.029844,1.029844,1.029844,DISABLED,1.03,1.0,1.0,True,1.0,1.05,1.0,,,,0,0,0,0,False,1.05625,1.0375,1.05625
0.14,1,52,NEXT_STEP,False,1.03,-1.871417,650,1.029844,1.029818,1.029876,1.029838,1.029844,dist_bus,650,1.029844,1.029844,1.029844,DISABLED,1.03,1.0,1.0,True,1.0,1.05,1.0,,,,0,0,0,0,False,1.05625,1.0375,1.05625
0.145,1,54,ITERATING,True,1.03,-1.871417,650,1.029844,1.029818,1.029876,1.029838,1.029844,dist_bus,650,1.029844,1.029844,1.029844,DISABLED,1.03,1.0,1.0,True,1.0,1.05,1.0,,,,0,0,0,0,False,1.05625,1.0375,1.05625
0.15,1,56,ITERATING,True,1.03,-1.871417,650,1.029844,1.029818,1.029876,1.029838,1.029844,dist_bus,650,1.029844,1.029844,1.029844,DISABLED,1.03,1.0,1.0,True,1.0,1.05,1.0,,,,0,0,0,0,False,1.05625,1.0375,1.05625
0.155,1,58,ITERATING,True,1.03,-1.871417,650,1.029844,1.029818,1.029876,1.029838,1.029844,dist_bus,650,1.029844,1.029844,1.029844,DISABLED,1.03,1.0,1.0,True,1.0,1.05,1.0,,,,0,0,0,0,False,1.05625,1.0375,1.05625
0.16,1,59,NEXT_STEP,False,1.03,-1.871417,650,1.029844,1.029818,1.029876,1.029838,1.029844,dist_bus,650,1.029844,1.029844,1.029844,DISABLED,1.03,1.0,1.0,True,1.0,1.05,1.0,,,,0,0,0,0,False,1.05625,1.0375,1.05625
0.165,1,61,ITERATING,True,1.03,-1.871417,650,1.029844,1.029818,1.029876,1.029838,1.029844,dist_bus,650,1.029844,1.029844,1.029844,DISABLED,1.03,1.0,1.0,True,1.0,1.05,1.0,,,,0,0,0,0,False,1.05625,1.0375,1.05625
0.17,1,62,NEXT_STEP,False,1.03,-1.871417,650,1.029844,1.029818,1.029876,1.029838,1.029844,dist_bus,650,1.029844,1.029844,1.029844,DISABLED,1.03,1.0,1.0,True,1.0,1.05,1.0,,,,0,0,0,0,False,1.05625,1.0375,1.05625
0.175,1,64,ITERATING,True,1.03,-1.871417,650,1.029844,1.029818,1.029876,1.029838,1.029844,dist_bus,650,1.029844,1.029844,1.029844,DISABLED,1.03,1.0,1.0,True,1.0,1.05,1.0,,,,0,0,0,0,False,1.05625,1.0375,1.05625
0.18,1,66,ITERATING,True,1.03,-1.871417,650,1.029844,1.029818,1.029876,1.029838,1.029844,dist_bus,650,1.029844,1.029844,1.029844,DISABLED,1.03,1.0,1.0,True,1.0,1.05,1.0,,,,0,0,0,0,False,1.05625,1.0375,1.05625
0.185,1,68,ITERATING,True,1.03,-1.871417,650,1.029844,1.029818,1.029876,1.029838,1.029844,dist_bus,650,1.029844,1.029844,1.029844,DISABLED,1.03,1.0,1.0,True,1.0,1.05,1.0,,,,0,0,0,0,False,1.05625,1.0375,1.05625
0.19,1,69,NEXT_STEP,False,1.03,-1.871417,650,1.029844,1.029818,1.029876,1.029838,1.029844,dist_bus,650,1.029844,1.029844,1.029844,DISABLED,1.03,1.0,1.0,True,1.0,1.05,1.0,,,,0,0,0,0,False,1.05625,1.0375,1.05625
0.195,1,71,ITERATING,True,1.03,-1.871417,650,1.029844,1.029818,1.029876,1.029838,1.029844,dist_bus,650,1.029844,1.029844,1.029844,DISABLED,1.03,1.0,1.0,True,1.0,1.05,1.0,,,,0,0,0,0,False,1.05625,1.0375,1.05625
0.2,1,72,NEXT_STEP,False,1.03,-1.871417,650,1.029844,1.029818,1.029876,1.029838,1.029844,dist_bus,650,1.029844,1.029844,1.029844,DISABLED,1.03,1.0,1.0,True,1.0,1.05,1.0,,,,0,0,0,0,False,1.05625,1.0375,1.05625
0.205,1,74,ITERATING,True,1.03,-1.871417,650,1.029844,1.029818,1.029876,1.029838,1.029844,dist_bus,650,1.029844,1.029844,1.029844,DISABLED,1.03,1.0,1.0,True,1.0,1.05,1.0,,,,0,0,0,0,False,1.05625,1.0375,1.05625
0.21,1,75,NEXT_STEP,False,1.03,-1.871417,650,1.029844,1.029818,1.029876,1.029838,1.029844,dist_bus,650,1.029844,1.029844,1.029844,DISABLED,1.03,1.0,1.0,True,1.0,1.05,1.0,,,,0,0,0,0,False,1.05625,1.0375,1.05625
0.215,1,77,ITERATING,True,1.03,-1.871417,650,1.029844,1.029818,1.029876,1.029838,1.029844,dist_bus,650,1.029844,1.029844,1.029844,DISABLED,1.03,1.0,1.0,True,1.0,1.05,1.0,,,,0,0,0,0,False,1.05625,1.0375,1.05625
0.22,1,78,NEXT_STEP,False,1.03,-1.871417,650,1.029844,1.029818,1.029876,1.029838,1.029844,dist_bus,650,1.029844,1.029844,1.029844,DISABLED,1.03,1.0,1.0,True,1.0,1.05,1.0,,,,0,0,0,0,False,1.05625,1.0375,1.05625
0.225,1,80,ITERATING,True,1.03,-1.871417,650,1.029844,1.029818,1.029876,1.029838,1.029844,dist_bus,650,1.029844,1.029844,1.029844,DISABLED,1.03,1.0,1.0,True,1.0,1.05,1.0,,,,0,0,0,0,False,1.05625,1.0375,1.05625
0.23,1,81,NEXT_STEP,False,1.03,-1.871417,650,1.029844,1.029818,1.029876,1.029838,1.029844,dist_bus,650,1.029844,1.029844,1.029844,DISABLED,1.03,1.0,1.0,True,1.0,1.05,1.0,,,,0,0,0,0,False,1.05625,1.0375,1.05625
0.235,1,83,ITERATING,True,1.03,-1.871417,650,1.029844,1.029818,1.029876,1.029838,1.029844,dist_bus,650,1.029844,1.029844,1.029844,DISABLED,1.03,1.0,1.0,True,1.0,1.05,1.0,,,,0,0,0,0,False,1.05625,1.0375,1.05625
0.24,1,85,ITERATING,True,1.03,-1.871417,650,1.029844,1.029818,1.029876,1.029838,1.029844,dist_bus,650,1.029844,1.029844,1.029844,DISABLED,1.03,1.0,1.0,True,1.0,1.05,1.0,,,,0,0,0,0,False,1.05625,1.0375,1.05625
0.245,1,87,ITERATING,True,1.03,-1.871417,650,1.029844,1.029818,1.029876,1.029838,1.029844,dist_bus,650,1.029844,1.029844,1.029844,DISABLED,1.03,1.0,1.0,True,1.0,1.05,1.0,,,,0,0,0,0,False,1.05625,1.0375,1.05625
0.25,1,88,NEXT_STEP,False,1.03,-1.871417,650,1.029844,1.029818,1.029876,1.029838,1.029844,dist_bus,650,1.029844,1.029844,1.029844,DISABLED,1.03,1.0,1.0,True,1.0,1.05,1.0,,,,0,0,0,0,False,1.05625,1.0375,1.05625
0.255,1,90,ITERATING,True,1.03,-1.871417,650,1.029844,1.029818,1.029876,1.029838,1.029844,dist_bus,650,1.029844,1.029844,1.029844,DISABLED,1.03,1.0,1.0,True,1.0,1.05,1.0,,,,0,0,0,0,False,1.05625,1.0375,1.05625
0.26,1,91,NEXT_STEP,False,1.03,-1.871417,650,1.029844,1.029818,1.029876,1.029838,1.029844,dist_bus,650,1.029844,1.029844,1.029844,DISABLED,1.03,1.0,1.0,True,1.0,1.05,1.0,,,,0,0,0,0,False,1.05625,1.0375,1.05625
0.265,1,93,ITERATING,True,1.03,-1.871417,650,1.029844,1.029818,1.029876,1.029838,1.029844,dist_bus,650,1.029844,1.029844,1.029844,DISABLED,1.03,1.0,1.0,True,1.0,1.05,1.0,,,,0,0,0,0,False,1.05625,1.0375,1.05625
0.27,1,95,ITERATING,True,1.03,-1.871417,650,1.029844,1.029818,1.029876,1.029838,1.029844,dist_bus,650,1.029844,1.029844,1.029844,DISABLED,1.03,1.0,1.0,True,1.0,1.05,1.0,,,,0,0,0,0,False,1.05625,1.0375,1.05625
0.275,1,97,ITERATING,True,1.03,-1.871417,650,1.029844,1.029818,1.029876,1.029838,1.029844,dist_bus,650,1.029844,1.029844,1.029844,DISABLED,1.03,1.0,1.0,True,1.0,1.05,1.0,,,,0,0,0,0,False,1.05625,1.0375,1.05625
0.28,1,99,ITERATING,True,1.03,-1.871417,650,1.029844,1.029818,1.029876,1.029838,1.029844,dist_bus,650,1.029844,1.029844,1.029844,DISABLED,1.03,1.0,1.0,True,1.0,1.05,1.0,,,,0,0,0,0,False,1.05625,1.0375,1.05625
0.285,1,101,ITERATING,True,1.03,-1.871417,650,1.029844,1.029818,1.029876,1.029838,1.029844,dist_bus,650,1.029844,1.029844,1.029844,DISABLED,1.03,1.0,1.0,True,1.0,1.05,1.0,,,,0,0,0,0,False,1.05625,1.0375,1.05625
0.29,1,103,ITERATING,True,1.03,-1.871417,650,1.029844,1.029818,1.029876,1.029838,1.029844,dist_bus,650,1.029844,1.029844,1.029844,DISABLED,1.03,1.0,1.0,True,1.0,1.05,1.0,,,,0,0,0,0,False,1.05625,1.0375,1.05625
0.295,1,105,ITERATING,True,1.03,-1.871417,650,1.029844,1.029818,1.029876,1.029838,1.029844,dist_bus,650,1.029844,1.029844,1.029844,DISABLED,1.03,1.0,1.0,True,1.0,1.05,1.0,,,,0,0,0,0,False,1.05625,1.0375,1.05625
0.3,1,107,ITERATING,True,1.03,-1.871417,650,1.029844,1.029818,1.029876,1.029838,1.029844,dist_bus,650,1.029844,1.029844,1.029844,DISABLED,1.03,1.0,1.0,True,1.0,1.05,1.0,,,,0,0,0,0,False,1.05625,1.0375,1.05625
0.305,1,109,ITERATING,True,1.03,-1.871417,650,1.029844,1.029818,1.029876,1.029838,1.029844,dist_bus,650,1.029844,1.029844,1.029844,DISABLED,1.03,1.0,1.0,True,1.0,1.05,1.0,,,,0,0,0,0,False,1.05625,1.0375,1.05625
0.31,1,111,ITERATING,True,1.03,-1.871417,650,1.029844,1.029818,1.029876,1.029838,1.029844,dist_bus,650,1.029844,1.029844,1.029844,DISABLED,1.03,1.0,1.0,True,1.0,1.05,1.0,,,,0,0,0,0,False,1.05625,1.0375,1.05625
0.315,1,113,ITERATING,True,1.03,-1.871417,650,1.029844,1.029818,1.029876,1.029838,1.029844,dist_bus,650,1.029844,1.029844,1.029844,DISABLED,1.03,1.0,1.0,True,1.0,1.05,1.0,,,,0,0,0,0,False,1.05625,1.0375,1.05625
0.32,1,115,ITERATING,True,1.03,-1.871417,650,1.029844,1.029818,1.029876,1.029838,1.029844,dist_bus,650,1.029844,1.029844,1.029844,DISABLED,1.03,1.0,1.0,True,1.0,1.05,1.0,,,,0,0,0,0,False,1.05625,1.0375,1.05625
0.325,1,117,ITERATING,True,1.03,-1.871417,650,1.029844,1.029818,1.029876,1.029838,1.029844,dist_bus,650,1.029844,1.029844,1.029844,DISABLED,1.03,1.0,1.0,True,1.0,1.05,1.0,,,,0,0,0,0,False,1.05625,1.0375,1.05625
0.33,1,118,NEXT_STEP,False,1.03,-1.871417,650,1.029844,1.029818,1.029876,1.029838,1.029844,dist_bus,650,1.029844,1.029844,1.029844,DISABLED,1.03,1.0,1.0,True,1.0,1.05,1.0,,,,0,0,0,0,False,1.05625,1.0375,1.05625
0.335,1,120,ITERATING,True,1.03,-1.871417,650,1.029844,1.029818,1.029876,1.029838,1.029844,dist_bus,650,1.029844,1.029844,1.029844,DISABLED,1.03,1.0,1.0,True,1.0,1.05,1.0,,,,0,0,0,0,False,1.05625,1.0375,1.05625
0.34,1,122,ITERATING,True,1.03,-1.871417,650,1.029844,1.029818,1.029876,1.029838,1.029844,dist_bus,650,1.029844,1.029844,1.029844,DISABLED,1.03,1.0,1.0,True,1.0,1.05,1.0,,,,0,0,0,0,False,1.05625,1.0375,1.05625
0.345,1,124,ITERATING,True,1.03,-1.871417,650,1.029844,1.029818,1.029876,1.029838,1.029844,dist_bus,650,1.029844,1.029844,1.029844,DISABLED,1.03,1.0,1.0,True,1.0,1.05,1.0,,,,0,0,0,0,False,1.05625,1.0375,1.05625
0.35,1,126,ITERATING,True,1.03,-1.871417,650,1.029844,1.029818,1.029876,1.029838,1.029844,dist_bus,650,1.029844,1.029844,1.029844,DISABLED,1.03,1.0,1.0,True,1.0,1.05,1.0,,,,0,0,0,0,False,1.05625,1.0375,1.05625
0.355,1,128,ITERATING,True,1.03,-1.871417,650,1.029844,1.029818,1.029876,1.029838,1.029844,dist_bus,650,1.029844,1.029844,1.029844,DISABLED,1.03,1.0,1.0,True,1.0,1.05,1.0,,,,0,0,0,0,False,1.05625,1.0375,1.05625
0.36,1,129,NEXT_STEP,False,1.03,-1.871417,650,1.029844,1.029818,1.029876,1.029838,1.029844,dist_bus,650,1.029844,1.029844,1.029844,DISABLED,1.03,1.0,1.0,True,1.0,1.05,1.0,,,,0,0,0,0,False,1.05625,1.0375,1.05625
0.365,1,131,ITERATING,True,1.03,-1.871417,650,1.029844,1.029818,1.029876,1.029838,1.029844,dist_bus,650,1.029844,1.029844,1.029844,DISABLED,1.03,1.0,1.0,True,1.0,1.05,1.0,,,,0,0,0,0,False,1.05625,1.0375,1.05625
0.37,1,133,ITERATING,True,1.03,-1.871417,650,1.029844,1.029818,1.029876,1.029838,1.029844,dist_bus,650,1.029844,1.029844,1.029844,DISABLED,1.03,1.0,1.0,True,1.0,1.05,1.0,,,,0,0,0,0,False,1.05625,1.0375,1.05625
0.375,1,135,ITERATING,True,1.03,-1.871417,650,1.029844,1.029818,1.029876,1.029838,1.029844,dist_bus,650,1.029844,1.029844,1.029844,DISABLED,1.03,1.0,1.0,True,1.0,1.05,1.0,,,,0,0,0,0,False,1.05625,1.0375,1.05625
0.38,1,137,ITERATING,True,1.03,-1.871417,650,1.029844,1.029818,1.029876,1.029838,1.029844,dist_bus,650,1.029844,1.029844,1.029844,DISABLED,1.03,1.0,1.0,True,1.0,1.05,1.0,,,,0,0,0,0,False,1.05625,1.0375,1.05625
0.385,1,139,ITERATING,True,1.03,-1.871417,650,1.029844,1.029818,1.029876,1.029838,1.029844,dist_bus,650,1.029844,1.029844,1.029844,DISABLED,1.03,1.0,1.0,True,1.0,1.05,1.0,,,,0,0,0,0,False,1.05625,1.0375,1.05625
0.39,1,141,ITERATING,True,1.03,-1.871417,650,1.029844,1.029818,1.029876,1.029838,1.029844,dist_bus,650,1.029844,1.029844,1.029844,DISABLED,1.03,1.0,1.0,True,1.0,1.05,1.0,,,,0,0,0,0,False,1.05625,1.0375,1.05625
0.395,1,142,NEXT_STEP,False,1.03,-1.871417,650,1.029844,1.029818,1.029876,1.029838,1.029844,dist_bus,650,1.029844,1.029844,1.029844,DISABLED,1.03,1.0,1.0,True,1.0,1.05,1.0,,,,0,0,0,0,False,1.05625,1.0375,1.05625
0.4,1,144,ITERATING,True,1.03,-1.871417,650,1.029844,1.029818,1.029876,1.029838,1.029844,dist_bus,650,1.029844,1.029844,1.029844,DISABLED,1.03,1.0,1.0,True,1.0,1.05,1.0,,,,0,0,0,0,False,1.05625,1.0375,1.05625
0.405,1,146,ITERATING,True,1.03,-1.871417,650,1.029844,1.029818,1.029876,1.029838,1.029844,dist_bus,650,1.029844,1.029844,1.029844,DISABLED,1.03,1.0,1.0,True,1.0,1.05,1.0,,,,0,0,0,0,False,1.05625,1.0375,1.05625
0.41,1,147,NEXT_STEP,False,1.03,-1.871417,650,1.029844,1.029818,1.029876,1.029838,1.029844,dist_bus,650,1.029844,1.029844,1.029844,DISABLED,1.03,1.0,1.0,True,1.0,1.05,1.0,,,,0,0,0,0,False,1.05625,1.0375,1.05625
0.415,1,148,NEXT_STEP,False,1.03,-1.871417,650,1.029844,1.029818,1.029876,1.029838,1.029844,dist_bus,650,1.029844,1.029844,1.029844,DISABLED,1.03,1.0,1.0,True,1.0,1.05,1.0,,,,0,0,0,0,False,1.05625,1.0375,1.05625
0.42,1,149,NEXT_STEP,False,1.03,-1.871417,650,1.029844,1.029818,1.029876,1.029838,1.029844,dist_bus,650,1.029844,1.029844,1.029844,DISABLED,1.03,1.0,1.0,True,1.0,1.05,1.0,,,,0,0,0,0,False,1.05625,1.0375,1.05625
0.425,1,150,NEXT_STEP,False,1.03,-1.871417,650,1.029844,1.029818,1.029876,1.029838,1.029844,dist_bus,650,1.029844,1.029844,1.029844,DISABLED,1.03,1.0,1.0,True,1.0,1.05,1.0,,,,0,0,0,0,False,1.05625,1.0375,1.05625
0.43,1,151,NEXT_STEP,False,1.03,-1.871417,650,1.029844,1.029818,1.029876,1.029838,1.029844,dist_bus,650,1.029844,1.029844,1.029844,DISABLED,1.03,1.0,1.0,True,1.0,1.05,1.0,,,,0,0,0,0,False,1.05625,1.0375,1.05625
0.435,1,152,NEXT_STEP,False,1.03,-1.871417,650,1.029844,1.029818,1.029876,1.029838,1.029844,dist_bus,650,1.029844,1.029844,1.029844,DISABLED,1.03,1.0,1.0,True,1.0,1.05,1.0,,,,0,0,0,0,False,1.05625,1.0375,1.05625
0.44,1,153,NEXT_STEP,False,1.03,-1.871417,650,1.029844,1.029818,1.029876,1.029838,1.029844,dist_bus,650,1.029844,1.029844,1.029844,DISABLED,1.03,1.0,1.0,True,1.0,1.05,1.0,,,,0,0,0,0,False,1.05625,1.0375,1.05625
0.445,1,154,NEXT_STEP,False,1.03,-1.871417,650,1.029844,1.029818,1.029876,1.029838,1.029844,dist_bus,650,1.029844,1.029844,1.029844,DISABLED,1.03,1.0,1.0,True,1.0,1.05,1.0,,,,0,0,0,0,False,1.05625,1.0375,1.05625
0.45,1,155,NEXT_STEP,False,1.03,-1.871417,650,1.029844,1.029818,1.029876,1.029838,1.029844,dist_bus,650,1.029844,1.029844,1.029844,DISABLED,1.03,1.0,1.0,True,1.0,1.05,1.0,,,,0,0,0,0,False,1.05625,1.0375,1.05625
0.455,1,156,NEXT_STEP,False,1.03,-1.871417,650,1.029844,1.029818,1.029876,1.029838,1.029844,dist_bus,650,1.029844,1.029844,1.029844,DISABLED,1.03,1.0,1.0,True,1.0,1.05,1.0,,,,0,0,0,0,False,1.05625,1.0375,1.05625
0.46,1,157,NEXT_STEP,False,1.03,-1.871417,650,1.029844,1.029818,1.029876,1.029838,1.029844,dist_bus,650,1.029844,1.029844,1.029844,DISABLED,1.03,1.0,1.0,True,1.0,1.05,1.0,,,,0,0,0,0,False,1.05625,1.0375,1.05625
0.465,1,158,NEXT_STEP,False,1.03,-1.871417,650,1.029844,1.029818,1.029876,1.029838,1.029844,dist_bus,650,1.029844,1.029844,1.029844,DISABLED,1.03,1.0,1.0,True,1.0,1.05,1.0,,,,0,0,0,0,False,1.05625,1.0375,1.05625
0.47,1,159,NEXT_STEP,False,1.03,-1.871417,650,1.029844,1.029818,1.029876,1.029838,1.029844,dist_bus,650,1.029844,1.029844,1.029844,DISABLED,1.03,1.0,1.0,True,1.0,1.05,1.0,,,,0,0,0,0,False,1.05625,1.0375,1.05625
0.475,1,160,NEXT_STEP,False,1.03,-1.871417,650,1.029844,1.029818,1.029876,1.029838,1.029844,dist_bus,650,1.029844,1.029844,1.029844,DISABLED,1.03,1.0,1.0,True,1.0,1.05,1.0,,,,0,0,0,0,False,1.05625,1.0375,1.05625
0.48,1,161,NEXT_STEP,False,1.03,-1.871417,650,1.029844,1.029818,1.029876,1.029838,1.029844,dist_bus,650,1.029844,1.029844,1.029844,DISABLED,1.03,1.0,1.0,True,1.0,1.05,1.0,,,,0,0,0,0,False,1.05625,1.0375,1.05625
0.485,1,162,NEXT_STEP,False,1.03,-1.871417,650,1.029844,1.029818,1.029876,1.029838,1.029844,dist_bus,650,1.029844,1.029844,1.029844,DISABLED,1.03,1.0,1.0,True,1.0,1.05,1.0,,,,0,0,0,0,False,1.05625,1.0375,1.05625
0.49,1,163,NEXT_STEP,False,1.03,-1.871417,650,1.029844,1.029818,1.029876,1.029838,1.029844,dist_bus,650,1.029844,1.029844,1.029844,DISABLED,1.03,1.0,1.0,True,1.0,1.05,1.0,,,,0,0,0,0,False,1.05625,1.0375,1.05625
0.495,1,164,NEXT_STEP,False,1.03,-1.871417,650,1.029844,1.029818,1.029876,1.029838,1.029844,dist_bus,650,1.029844,1.029844,1.029844,DISABLED,1.03,1.0,1.0,True,1.0,1.05,1.0,,,,0,0,0,0,False,1.05625,1.0375,1.05625
0.5,1,166,ITERATING,True,1.03,-1.871417,650,1.029844,1.029818,1.029876,1.029838,1.029844,dist_bus,650,1.029844,1.029844,1.029844,DISABLED,1.03,1.0,1.0,True,1.0,1.05,1.0,,,,0,0,0,0,False,1.05625,1.0375,1.05625
0.505,1,167,NEXT_STEP,False,1.03,-1.871417,650,1.029844,1.029818,1.029876,1.029838,1.029844,dist_bus,650,1.029844,1.029844,1.029844,DISABLED,1.03,1.0,1.0,True,1.0,1.05,1.0,,,,0,0,0,0,False,1.05625,1.0375,1.05625
0.51,1,169,ITERATING,True,1.03,-1.871417,650,1.029844,1.029818,1.029876,1.029838,1.029844,dist_bus,650,1.029844,1.029844,1.029844,DISABLED,1.03,1.0,1.0,True,1.0,1.05,1.0,,,,0,0,0,0,False,1.05625,1.0375,1.05625
0.515,1,170,NEXT_STEP,False,1.03,-1.871417,650,1.029844,1.029818,1.029876,1.029838,1.029844,dist_bus,650,1.029844,1.029844,1.029844,DISABLED,1.03,1.0,1.0,True,1.0,1.05,1.0,,,,0,0,0,0,False,1.05625,1.0375,1.05625
0.52,1,171,NEXT_STEP,False,1.03,-1.871417,650,1.029844,1.029818,1.029876,1.029838,1.029844,dist_bus,650,1.029844,1.029844,1.029844,DISABLED,1.03,1.0,1.0,True,1.0,1.05,1.0,,,,0,0,0,0,False,1.05625,1.0375,1.05625
0.525,1,172,NEXT_STEP,False,1.03,-1.871417,650,1.029844,1.029818,1.029876,1.029838,1.029844,dist_bus,650,1.029844,1.029844,1.029844,DISABLED,1.03,1.0,1.0,True,1.0,1.05,1.0,,,,0,0,0,0,False,1.05625,1.0375,1.05625
0.53,1,173,NEXT_STEP,False,1.03,-1.871417,650,1.029844,1.029818,1.029876,1.029838,1.029844,dist_bus,650,1.029844,1.029844,1.029844,DISABLED,1.03,1.0,1.0,True,1.0,1.05,1.0,,,,0,0,0,0,False,1.05625,1.0375,1.05625
0.535,1,174,NEXT_STEP,False,1.03,-1.871417,650,1.029844,1.029818,1.029876,1.029838,1.029844,dist_bus,650,1.029844,1.029844,1.029844,DISABLED,1.03,1.0,1.0,True,1.0,1.05,1.0,,,,0,0,0,0,False,1.05625,1.0375,1.05625
0.54,1,175,NEXT_STEP,False,1.03,-1.871417,650,1.029844,1.029818,1.029876,1.029838,1.029844,dist_bus,650,1.029844,1.029844,1.029844,DISABLED,1.03,1.0,1.0,True,1.0,1.05,1.0,,,,0,0,0,0,False,1.05625,1.0375,1.05625
0.545,1,176,NEXT_STEP,False,1.03,-1.871417,650,1.029844,1.029818,1.029876,1.029838,1.029844,dist_bus,650,1.029844,1.029844,1.029844,DISABLED,1.03,1.0,1.0,True,1.0,1.05,1.0,,,,0,0,0,0,False,1.05625,1.0375,1.05625
0.55,1,177,NEXT_STEP,False,1.03,-1.871417,650,1.029844,1.029818,1.029876,1.029838,1.029844,dist_bus,650,1.029844,1.029844,1.029844,DISABLED,1.03,1.0,1.0,True,1.0,1.05,1.0,,,,0,0,0,0,False,1.05625,1.0375,1.05625
0.555,1,178,NEXT_STEP,False,1.03,-1.871417,650,1.029844,1.029818,1.029876,1.029838,1.029844,dist_bus,650,1.029844,1.029844,1.029844,DISABLED,1.03,1.0,1.0,True,1.0,1.05,1.0,,,,0,0,0,0,False,1.05625,1.0375,1.05625
0.56,1,180,ITERATING,True,1.03,-1.871417,650,1.029844,1.029818,1.029876,1.029838,1.029844,dist_bus,650,1.029844,1.029844,1.029844,DISABLED,1.03,1.0,1.0,True,1.0,1.05,1.0,,,,0,0,0,0,False,1.05625,1.0375,1.05625
0.565,1,182,ITERATING,True,1.03,-1.871417,650,1.029844,1.029818,1.029876,1.029838,1.029844,dist_bus,650,1.029844,1.029844,1.029844,DISABLED,1.03,1.0,1.0,True,1.0,1.05,1.0,,,,0,0,0,0,False,1.05625,1.0375,1.05625
0.57,1,183,NEXT_STEP,False,1.03,-1.871417,650,1.029844,1.029818,1.029876,1.029838,1.029844,dist_bus,650,1.029844,1.029844,1.029844,DISABLED,1.03,1.0,1.0,True,1.0,1.05,1.0,,,,0,0,0,0,False,1.05625,1.0375,1.05625
0.575,1,185,ITERATING,True,1.03,-1.871417,650,1.029844,1.029818,1.029876,1.029838,1.029844,dist_bus,650,1.029844,1.029844,1.029844,DISABLED,1.03,1.0,1.0,True,1.0,1.05,1.0,,,,0,0,0,0,False,1.05625,1.0375,1.05625
0.58,1,186,NEXT_STEP,False,1.03,-1.871417,650,1.029844,1.029818,1.029876,1.029838,1.029844,dist_bus,650,1.029844,1.029844,1.029844,DISABLED,1.03,1.0,1.0,True,1.0,1.05,1.0,,,,0,0,0,0,False,1.05625,1.0375,1.05625
0.585,1,187,NEXT_STEP,False,1.03,-1.871417,650,1.029844,1.029818,1.029876,1.029838,1.029844,dist_bus,650,1.029844,1.029844,1.029844,DISABLED,1.03,1.0,1.0,True,1.0,1.05,1.0,,,,0,0,0,0,False,1.05625,1.0375,1.05625
0.59,1,188,NEXT_STEP,False,1.03,-1.871417,650,1.029844,1.029818,1.029876,1.029838,1.029844,dist_bus,650,1.029844,1.029844,1.029844,DISABLED,1.03,1.0,1.0,True,1.0,1.05,1.0,,,,0,0,0,0,False,1.05625,1.0375,1.05625
0.595,1,189,NEXT_STEP,False,1.03,-1.871417,650,1.029844,1.029818,1.029876,1.029838,1.029844,dist_bus,650,1.029844,1.029844,1.029844,DISABLED,1.03,1.0,1.0,True,1.0,1.05,1.0,,,,0,0,0,0,False,1.05625,1.0375,1.05625
0.6,1,190,NEXT_STEP,False,1.03,-1.871417,650,1.029844,1.029818,1.029876,1.029838,1.029844,dist_bus,650,1.029844,1.029844,1.029844,DISABLED,1.03,1.0,1.0,True,1.0,1.05,1.0,,,,0,0,0,0,False,1.05625,1.0375,1.05625
0.605,1,191,NEXT_STEP,False,1.03,-1.871417,650,1.029844,1.029818,1.029876,1.029838,1.029844,dist_bus,650,1.029844,1.029844,1.029844,DISABLED,1.03,1.0,1.0,True,1.0,1.05,1.0,,,,0,0,0,0,False,1.05625,1.0375,1.05625
0.61,1,192,NEXT_STEP,False,1.03,-1.871417,650,1.029844,1.029818,1.029876,1.029838,1.029844,dist_bus,650,1.029844,1.029844,1.029844,DISABLED,1.03,1.0,1.0,True,1.0,1.05,1.0,,,,0,0,0,0,False,1.05625,1.0375,1.05625
0.615,1,193,NEXT_STEP,False,1.03,-1.871417,650,1.029844,1.029818,1.029876,1.029838,1.029844,dist_bus,650,1.029844,1.029844,1.029844,DISABLED,1.03,1.0,1.0,True,1.0,1.05,1.0,,,,0,0,0,0,False,1.05625,1.0375,1.05625
0.62,1,194,NEXT_STEP,False,1.03,-1.871417,650,1.029844,1.029818,1.029876,1.029838,1.029844,dist_bus,650,1.029844,1.029844,1.029844,DISABLED,1.03,1.0,1.0,True,1.0,1.05,1.0,,,,0,0,0,0,False,1.05625,1.0375,1.05625
0.625,1,195,NEXT_STEP,False,1.03,-1.871417,650,1.029844,1.029818,1.029876,1.029838,1.029844,dist_bus,650,1.029844,1.029844,1.029844,DISABLED,1.03,1.0,1.0,True,1.0,1.05,1.0,,,,0,0,0,0,False,1.05625,1.0375,1.05625
0.63,1,196,NEXT_STEP,False,1.03,-1.871417,650,1.029844,1.029818,1.029876,1.029838,1.029844,dist_bus,650,1.029844,1.029844,1.029844,DISABLED,1.03,1.0,1.0,True,1.0,1.05,1.0,,,,0,0,0,0,False,1.05625,1.0375,1.05625
0.635,1,198,ITERATING,True,1.03,-1.871417,650,1.029844,1.029818,1.029876,1.029838,1.029844,dist_bus,650,1.029844,1.029844,1.029844,DISABLED,1.03,1.0,1.0,True,1.0,1.05,1.0,,,,0,0,0,0,False,1.05625,1.0375,1.05625
0.64,1,199,NEXT_STEP,False,1.03,-1.871417,650,1.029844,1.029818,1.029876,1.029838,1.029844,dist_bus,650,1.029844,1.029844,1.029844,DISABLED,1.03,1.0,1.0,True,1.0,1.05,1.0,,,,0,0,0,0,False,1.05625,1.0375,1.05625
0.645,1,201,ITERATING,True,1.03,-1.871417,650,1.029844,1.029818,1.029876,1.029838,1.029844,dist_bus,650,1.029844,1.029844,1.029844,DISABLED,1.03,1.0,1.0,True,1.0,1.05,1.0,,,,0,0,0,0,False,1.05625,1.0375,1.05625
0.65,1,202,NEXT_STEP,False,1.03,-1.871417,650,1.029844,1.029818,1.029876,1.029838,1.029844,dist_bus,650,1.029844,1.029844,1.029844,DISABLED,1.03,1.0,1.0,True,1.0,1.05,1.0,,,,0,0,0,0,False,1.05625,1.0375,1.05625
0.655,1,203,NEXT_STEP,False,1.03,-1.871417,650,1.029844,1.029818,1.029876,1.029838,1.029844,dist_bus,650,1.029844,1.029844,1.029844,DISABLED,1.03,1.0,1.0,True,1.0,1.05,1.0,,,,0,0,0,0,False,1.05625,1.0375,1.05625
0.66,1,204,NEXT_STEP,False,1.03,-1.871417,650,1.029844,1.029818,1.029876,1.029838,1.029844,dist_bus,650,1.029844,1.029844,1.029844,DISABLED,1.03,1.0,1.0,True,1.0,1.05,1.0,,,,0,0,0,0,False,1.05625,1.0375,1.05625
0.665,1,205,NEXT_STEP,False,1.03,-1.871417,650,1.029844,1.029818,1.029876,1.029838,1.029844,dist_bus,650,1.029844,1.029844,1.029844,DISABLED,1.03,1.0,1.0,True,1.0,1.05,1.0,,,,0,0,0,0,False,1.05625,1.0375,1.05625
0.67,1,206,NEXT_STEP,False,1.03,-1.871417,650,1.029844,1.029818,1.029876,1.029838,1.029844,dist_bus,650,1.029844,1.029844,1.029844,DISABLED,1.03,1.0,1.0,True,1.0,1.05,1.0,,,,0,0,0,0,False,1.05625,1.0375,1.05625
0.675,1,207,NEXT_STEP,False,1.03,-1.871417,650,1.029844,1.029818,1.029876,1.029838,1.029844,dist_bus,650,1.029844,1.029844,1.029844,DISABLED,1.03,1.0,1.0,True,1.0,1.05,1.0,,,,0,0,0,0,False,1.05625,1.0375,1.05625
0.68,1,208,NEXT_STEP,False,1.03,-1.871417,650,1.029844,1.029818,1.029876,1.029838,1.029844,dist_bus,650,1.029844,1.029844,1.029844,DISABLED,1.03,1.0,1.0,True,1.0,1.05,1.0,,,,0,0,0,0,False,1.05625,1.0375,1.05625
0.685,1,209,NEXT_STEP,False,1.03,-1.871417,650,1.029844,1.029818,1.029876,1.029838,1.029844,dist_bus,650,1.029844,1.029844,1.029844,DISABLED,1.03,1.0,1.0,True,1.0,1.05,1.0,,,,0,0,0,0,False,1.05625,1.0375,1.05625
0.69,1,210,NEXT_STEP,False,1.03,-1.871417,650,1.029844,1.029818,1.029876,1.029838,1.029844,dist_bus,650,1.029844,1.029844,1.029844,DISABLED,1.03,1.0,1.0,True,1.0,1.05,1.0,,,,0,0,0,0,False,1.05625,1.0375,1.05625
0.695,1,212,ITERATING,True,1.03,-1.871417,650,1.029844,1.029818,1.029876,1.029838,1.029844,dist_bus,650,1.029844,1.029844,1.029844,DISABLED,1.03,1.0,1.0,True,1.0,1.05,1.0,,,,0,0,0,0,False,1.05625,1.0375,1.05625
0.7,1,213,NEXT_STEP,False,1.03,-1.871417,650,1.029844,1.029818,1.029876,1.029838,1.029844,dist_bus,650,1.029844,1.029844,1.029844,DISABLED,1.03,1.0,1.0,True,1.0,1.05,1.0,,,,0,0,0,0,False,1.05625,1.0375,1.05625
0.705,1,214,NEXT_STEP,False,1.03,-1.871417,650,1.029844,1.029818,1.029876,1.029838,1.029844,dist_bus,650,1.029844,1.029844,1.029844,DISABLED,1.03,1.0,1.0,True,1.0,1.05,1.0,,,,0,0,0,0,False,1.05625,1.0375,1.05625
0.71,1,215,NEXT_STEP,False,1.03,-1.871417,650,1.029844,1.029818,1.029876,1.029838,1.029844,dist_bus,650,1.029844,1.029844,1.029844,DISABLED,1.03,1.0,1.0,True,1.0,1.05,1.0,,,,0,0,0,0,False,1.05625,1.0375,1.05625
0.715,1,216,NEXT_STEP,False,1.03,-1.871417,650,1.029844,1.029818,1.029876,1.029838,1.029844,dist_bus,650,1.029844,1.029844,1.029844,DISABLED,1.03,1.0,1.0,True,1.0,1.05,1.0,,,,0,0,0,0,False,1.05625,1.0375,1.05625
0.72,1,217,NEXT_STEP,False,1.03,-1.871417,650,1.029844,1.029818,1.029876,1.029838,1.029844,dist_bus,650,1.029844,1.029844,1.029844,DISABLED,1.03,1.0,1.0,True,1.0,1.05,1.0,,,,0,0,0,0,False,1.05625,1.0375,1.05625
0.725,1,218,NEXT_STEP,False,1.03,-1.871417,650,1.029844,1.029818,1.029876,1.029838,1.029844,dist_bus,650,1.029844,1.029844,1.029844,DISABLED,1.03,1.0,1.0,True,1.0,1.05,1.0,,,,0,0,0,0,False,1.05625,1.0375,1.05625
0.73,1,219,NEXT_STEP,False,1.03,-1.871417,650,1.029844,1.029818,1.029876,1.029838,1.029844,dist_bus,650,1.029844,1.029844,1.029844,DISABLED,1.03,1.0,1.0,True,1.0,1.05,1.0,,,,0,0,0,0,False,1.05625,1.0375,1.05625
0.735,1,220,NEXT_STEP,False,1.03,-1.871417,650,1.029844,1.029818,1.029876,1.029838,1.029844,dist_bus,650,1.029844,1.029844,1.029844,DISABLED,1.03,1.0,1.0,True,1.0,1.05,1.0,,,,0,0,0,0,False,1.05625,1.0375,1.05625
0.74,1,222,ITERATING,True,1.03,-1.871417,650,1.029844,1.029818,1.029876,1.029838,1.029844,dist_bus,650,1.029844,1.029844,1.029844,DISABLED,1.03,1.0,1.0,True,1.0,1.05,1.0,,,,0,0,0,0,False,1.05625,1.0375,1.05625
0.745,1,223,NEXT_STEP,False,1.03,-1.871417,650,1.029844,1.029818,1.029876,1.029838,1.029844,dist_bus,650,1.029844,1.029844,1.029844,DISABLED,1.03,1.0,1.0,True,1.0,1.05,1.0,,,,0,0,0,0,False,1.05625,1.0375,1.05625
0.75,1,224,NEXT_STEP,False,1.03,-1.871417,650,1.029844,1.029818,1.029876,1.029838,1.029844,dist_bus,650,1.029844,1.029844,1.029844,DISABLED,1.03,1.0,1.0,True,1.0,1.05,1.0,,,,0,0,0,0,False,1.05625,1.0375,1.05625
0.755,1,226,ITERATING,True,1.03,-1.871417,650,1.029844,1.029818,1.029876,1.029838,1.029844,dist_bus,650,1.029844,1.029844,1.029844,DISABLED,1.03,1.0,1.0,True,1.0,1.05,1.0,,,,0,0,0,0,False,1.05625,1.0375,1.05625
0.76,1,227,NEXT_STEP,False,1.03,-1.871417,650,1.029844,1.029818,1.029876,1.029838,1.029844,dist_bus,650,1.029844,1.029844,1.029844,DISABLED,1.03,1.0,1.0,True,1.0,1.05,1.0,,,,0,0,0,0,False,1.05625,1.0375,1.05625
0.765,1,228,NEXT_STEP,False,1.03,-1.871417,650,1.029844,1.029818,1.029876,1.029838,1.029844,dist_bus,650,1.029844,1.029844,1.029844,DISABLED,1.03,1.0,1.0,True,1.0,1.05,1.0,,,,0,0,0,0,False,1.05625,1.0375,1.05625
0.77,1,229,NEXT_STEP,False,1.03,-1.871417,650,1.029844,1.029818,1.029876,1.029838,1.029844,dist_bus,650,1.029844,1.029844,1.029844,DISABLED,1.03,1.0,1.0,True,1.0,1.05,1.0,,,,0,0,0,0,False,1.05625,1.0375,1.05625
0.775,1,230,NEXT_STEP,False,1.03,-1.871417,650,1.029844,1.029818,1.029876,1.029838,1.029844,dist_bus,650,1.029844,1.029844,1.029844,DISABLED,1.03,1.0,1.0,True,1.0,1.05,1.0,,,,0,0,0,0,False,1.05625,1.0375,1.05625
0.78,1,231,NEXT_STEP,False,1.03,-1.871417,650,1.029844,1.029818,1.029876,1.029838,1.029844,dist_bus,650,1.029844,1.029844,1.029844,DISABLED,1.03,1.0,1.0,True,1.0,1.05,1.0,,,,0,0,0,0,False,1.05625,1.0375,1.05625
0.785,1,232,NEXT_STEP,False,1.03,-1.871417,650,1.029844,1.029818,1.029876,1.029838,1.029844,dist_bus,650,1.029844,1.029844,1.029844,DISABLED,1.03,1.0,1.0,True,1.0,1.05,1.0,,,,0,0,0,0,False,1.05625,1.0375,1.05625
0.79,1,233,NEXT_STEP,False,1.03,-1.871417,650,1.029844,1.029818,1.029876,1.029838,1.029844,dist_bus,650,1.029844,1.029844,1.029844,DISABLED,1.03,1.0,1.0,True,1.0,1.05,1.0,,,,0,0,0,0,False,1.05625,1.0375,1.05625
0.795,1,234,NEXT_STEP,False,1.03,-1.871417,650,1.029844,1.029818,1.029876,1.029838,1.029844,dist_bus,650,1.029844,1.029844,1.029844,DISABLED,1.03,1.0,1.0,True,1.0,1.05,1.0,,,,0,0,0,0,False,1.05625,1.0375,1.05625
0.8,1,235,NEXT_STEP,False,1.03,-1.871417,650,1.029844,1.029818,1.029876,1.029838,1.029844,dist_bus,650,1.029844,1.029844,1.029844,DISABLED,1.03,1.0,1.0,True,1.0,1.05,1.0,,,,0,0,0,0,False,1.05625,1.0375,1.05625
0.805,1,236,NEXT_STEP,False,1.03,-1.871417,650,1.029844,1.029818,1.029876,1.029838,1.029844,dist_bus,650,1.029844,1.029844,1.029844,DISABLED,1.03,1.0,1.0,True,1.0,1.05,1.0,,,,0,0,0,0,False,1.05625,1.0375,1.05625
0.81,1,237,NEXT_STEP,False,1.03,-1.871417,650,1.029844,1.029818,1.029876,1.029838,1.029844,dist_bus,650,1.029844,1.029844,1.029844,DISABLED,1.03,1.0,1.0,True,1.0,1.05,1.0,,,,0,0,0,0,False,1.05625,1.0375,1.05625
0.815,1,238,NEXT_STEP,False,1.03,-1.871417,650,1.029844,1.029818,1.029876,1.029838,1.029844,dist_bus,650,1.029844,1.029844,1.029844,DISABLED,1.03,1.0,1.0,True,1.0,1.05,1.0,,,,0,0,0,0,False,1.05625,1.0375,1.05625
0.82,1,239,NEXT_STEP,False,1.03,-1.871417,650,1.029844,1.029818,1.029876,1.029838,1.029844,dist_bus,650,1.029844,1.029844,1.029844,DISABLED,1.03,1.0,1.0,True,1.0,1.05,1.0,,,,0,0,0,0,False,1.05625,1.0375,1.05625
0.825,1,240,NEXT_STEP,False,1.03,-1.871417,650,1.029844,1.029818,1.029876,1.029838,1.029844,dist_bus,650,1.029844,1.029844,1.029844,DISABLED,1.03,1.0,1.0,True,1.0,1.05,1.0,,,,0,0,0,0,False,1.05625,1.0375,1.05625
0.83,1,241,NEXT_STEP,False,1.03,-1.871417,650,1.029844,1.029818,1.029876,1.029838,1.029844,dist_bus,650,1.029844,1.029844,1.029844,DISABLED,1.03,1.0,1.0,True,1.0,1.05,1.0,,,,0,0,0,0,False,1.05625,1.0375,1.05625
0.835,1,242,NEXT_STEP,False,1.03,-1.871417,650,1.029844,1.029818,1.029876,1.029838,1.029844,dist_bus,650,1.029844,1.029844,1.029844,DISABLED,1.03,1.0,1.0,True,1.0,1.05,1.0,,,,0,0,0,0,False,1.05625,1.0375,1.05625
0.84,1,244,ITERATING,True,1.03,-1.871417,650,1.029844,1.029818,1.029876,1.029838,1.029844,dist_bus,650,1.029844,1.029844,1.029844,DISABLED,1.03,1.0,1.0,True,1.0,1.05,1.0,,,,0,0,0,0,False,1.05625,1.0375,1.05625
0.845,1,245,NEXT_STEP,False,1.03,-1.871417,650,1.029844,1.029818,1.029876,1.029838,1.029844,dist_bus,650,1.029844,1.029844,1.029844,DISABLED,1.03,1.0,1.0,True,1.0,1.05,1.0,,,,0,0,0,0,False,1.05625,1.0375,1.05625
0.85,1,247,ITERATING,True,1.03,-1.871417,650,1.029844,1.029818,1.029876,1.029838,1.029844,dist_bus,650,1.029844,1.029844,1.029844,DISABLED,1.03,1.0,1.0,True,1.0,1.05,1.0,,,,0,0,0,0,False,1.05625,1.0375,1.05625
0.855,1,248,NEXT_STEP,False,1.03,-1.871417,650,1.029844,1.029818,1.029876,1.029838,1.029844,dist_bus,650,1.029844,1.029844,1.029844,DISABLED,1.03,1.0,1.0,True,1.0,1.05,1.0,,,,0,0,0,0,False,1.05625,1.0375,1.05625
0.86,1,249,NEXT_STEP,False,1.03,-1.871417,650,1.029844,1.029818,1.029876,1.029838,1.029844,dist_bus,650,1.029844,1.029844,1.029844,DISABLED,1.03,1.0,1.0,True,1.0,1.05,1.0,,,,0,0,0,0,False,1.05625,1.0375,1.05625
0.865,1,250,NEXT_STEP,False,1.03,-1.871417,650,1.029844,1.029818,1.029876,1.029838,1.029844,dist_bus,650,1.029844,1.029844,1.029844,DISABLED,1.03,1.0,1.0,True,1.0,1.05,1.0,,,,0,0,0,0,False,1.05625,1.0375,1.05625
0.87,1,251,NEXT_STEP,False,1.03,-1.871417,650,1.029844,1.029818,1.029876,1.029838,1.029844,dist_bus,650,1.029844,1.029844,1.029844,DISABLED,1.03,1.0,1.0,True,1.0,1.05,1.0,,,,0,0,0,0,False,1.05625,1.0375,1.05625
0.875,1,252,NEXT_STEP,False,1.03,-1.871417,650,1.029844,1.029818,1.029876,1.029838,1.029844,dist_bus,650,1.029844,1.029844,1.029844,DISABLED,1.03,1.0,1.0,True,1.0,1.05,1.0,,,,0,0,0,0,False,1.05625,1.0375,1.05625
0.88,1,253,NEXT_STEP,False,1.03,-1.871417,650,1.029844,1.029818,1.029876,1.029838,1.029844,dist_bus,650,1.029844,1.029844,1.029844,DISABLED,1.03,1.0,1.0,True,1.0,1.05,1.0,,,,0,0,0,0,False,1.05625,1.0375,1.05625
0.885,1,254,NEXT_STEP,False,1.03,-1.871417,650,1.029844,1.029818,1.029876,1.029838,1.029844,dist_bus,650,1.029844,1.029844,1.029844,DISABLED,1.03,1.0,1.0,True,1.0,1.05,1.0,,,,0,0,0,0,False,1.05625,1.0375,1.05625
0.89,1,255,NEXT_STEP,False,1.03,-1.871417,650,1.029844,1.029818,1.029876,1.029838,1.029844,dist_bus,650,1.029844,1.029844,1.029844,DISABLED,1.03,1.0,1.0,True,1.0,1.05,1.0,,,,0,0,0,0,False,1.05625,1.0375,1.05625
0.895,1,256,NEXT_STEP,False,1.03,-1.871417,650,1.029844,1.029818,1.029876,1.029838,1.029844,dist_bus,650,1.029844,1.029844,1.029844,DISABLED,1.03,1.0,1.0,True,1.0,1.05,1.0,,,,0,0,0,0,False,1.05625,1.0375,1.05625
0.9,1,257,NEXT_STEP,False,1.03,-1.871417,650,1.029844,1.029818,1.029876,1.029838,1.029844,dist_bus,650,1.029844,1.029844,1.029844,DISABLED,1.03,1.0,1.0,True,1.0,1.05,1.0,,,,0,0,0,0,False,1.05625,1.0375,1.05625
0.905,1,258,NEXT_STEP,False,1.03,-1.871417,650,1.029844,1.029818,1.029876,1.029838,1.029844,dist_bus,650,1.029844,1.029844,1.029844,DISABLED,1.03,1.0,1.0,True,1.0,1.05,1.0,,,,0,0,0,0,False,1.05625,1.0375,1.05625
0.91,1,259,NEXT_STEP,False,1.03,-1.871417,650,1.029844,1.029818,1.029876,1.029838,1.029844,dist_bus,650,1.029844,1.029844,1.029844,DISABLED,1.03,1.0,1.0,True,1.0,1.05,1.0,,,,0,0,0,0,False,1.05625,1.0375,1.05625
0.915,1,260,NEXT_STEP,False,1.03,-1.871417,650,1.029844,1.029818,1.029876,1.029838,1.029844,dist_bus,650,1.029844,1.029844,1.029844,DISABLED,1.03,1.0,1.0,True,1.0,1.05,1.0,,,,0,0,0,0,False,1.05625,1.0375,1.05625
0.92,1,261,NEXT_STEP,False,1.03,-1.871417,650,1.029844,1.029818,1.029876,1.029838,1.029844,dist_bus,650,1.029844,1.029844,1.029844,DISABLED,1.03,1.0,1.0,True,1.0,1.05,1.0,,,,0,0,0,0,False,1.05625,1.0375,1.05625
0.925,1,262,NEXT_STEP,False,1.03,-1.871417,650,1.029844,1.029818,1.029876,1.029838,1.029844,dist_bus,650,1.029844,1.029844,1.029844,DISABLED,1.03,1.0,1.0,True,1.0,1.05,1.0,,,,0,0,0,0,False,1.05625,1.0375,1.05625
0.93,1,263,NEXT_STEP,False,1.03,-1.871417,650,1.029844,1.029818,1.029876,1.029838,1.029844,dist_bus,650,1.029844,1.029844,1.029844,DISABLED,1.03,1.0,1.0,True,1.0,1.05,1.0,,,,0,0,0,0,False,1.05625,1.0375,1.05625
0.935,1,264,NEXT_STEP,False,1.03,-1.871417,650,1.029844,1.029818,1.029876,1.029838,1.029844,dist_bus,650,1.029844,1.029844,1.029844,DISABLED,1.03,1.0,1.0,True,1.0,1.05,1.0,,,,0,0,0,0,False,1.05625,1.0375,1.05625
0.94,1,266,ITERATING,True,1.03,-1.871417,650,1.029844,1.029818,1.029876,1.029838,1.029844,dist_bus,650,1.029844,1.029844,1.029844,DISABLED,1.03,1.0,1.0,True,1.0,1.05,1.0,,,,0,0,0,0,False,1.05625,1.0375,1.05625
0.945,1,268,ITERATING,True,1.03,-1.871417,650,1.029844,1.029818,1.029876,1.029838,1.029844,dist_bus,650,1.029844,1.029844,1.029844,DISABLED,1.03,1.0,1.0,True,1.0,1.05,1.0,,,,0,0,0,0,False,1.05625,1.0375,1.05625
0.95,1,269,NEXT_STEP,False,1.03,-1.871417,650,1.029844,1.029818,1.029876,1.029838,1.029844,dist_bus,650,1.029844,1.029844,1.029844,DISABLED,1.03,1.0,1.0,True,1.0,1.05,1.0,,,,0,0,0,0,False,1.05625,1.0375,1.05625
0.955,1,271,ITERATING,True,1.03,-1.871417,650,1.029844,1.029818,1.029876,1.029838,1.029844,dist_bus,650,1.029844,1.029844,1.029844,DISABLED,1.03,1.0,1.0,True,1.0,1.05,1.0,,,,0,0,0,0,False,1.05625,1.0375,1.05625
0.96,1,272,NEXT_STEP,False,1.03,-1.871417,650,1.029844,1.029818,1.029876,1.029838,1.029844,dist_bus,650,1.029844,1.029844,1.029844,DISABLED,1.03,1.0,1.0,True,1.0,1.05,1.0,,,,0,0,0,0,False,1.05625,1.0375,1.05625
0.965,1,273,NEXT_STEP,False,1.03,-1.871417,650,1.029844,1.029818,1.029876,1.029838,1.029844,dist_bus,650,1.029844,1.029844,1.029844,DISABLED,1.03,1.0,1.0,True,1.0,1.05,1.0,,,,0,0,0,0,False,1.05625,1.0375,1.05625
0.97,1,274,NEXT_STEP,False,1.03,-1.871417,650,1.029844,1.029818,1.029876,1.029838,1.029844,dist_bus,650,1.029844,1.029844,1.029844,DISABLED,1.03,1.0,1.0,True,1.0,1.05,1.0,,,,0,0,0,0,False,1.05625,1.0375,1.05625
0.975,1,275,NEXT_STEP,False,1.03,-1.871417,650,1.029844,1.029818,1.029876,1.029838,1.029844,dist_bus,650,1.029844,1.029844,1.029844,DISABLED,1.03,1.0,1.0,True,1.0,1.05,1.0,,,,0,0,0,0,False,1.05625,1.0375,1.05625
0.98,1,276,NEXT_STEP,False,1.03,-1.871417,650,1.029844,1.029818,1.029876,1.029838,1.029844,dist_bus,650,1.029844,1.029844,1.029844,DISABLED,1.03,1.0,1.0,True,1.0,1.05,1.0,,,,0,0,0,0,False,1.05625,1.0375,1.05625
0.985,1,277,NEXT_STEP,False,1.03,-1.871417,650,1.029844,1.029818,1.029876,1.029838,1.029844,dist_bus,650,1.029844,1.029844,1.029844,DISABLED,1.03,1.0,1.0,True,1.0,1.05,1.0,,,,0,0,0,0,False,1.05625,1.0375,1.05625
0.99,1,278,NEXT_STEP,False,1.03,-1.871417,650,1.029844,1.029818,1.029876,1.029838,1.029844,dist_bus,650,1.029844,1.029844,1.029844,DISABLED,1.03,1.0,1.0,True,1.0,1.05,1.0,,,,0,0,0,0,False,1.05625,1.0375,1.05625
0.995,1,279,NEXT_STEP,False,1.03,-1.871417,650,1.029844,1.029818,1.029876,1.029838,1.029844,dist_bus,650,1.029844,1.029844,1.029844,DISABLED,1.03,1.0,1.0,True,1.0,1.05,1.0,,,,0,0,0,0,False,1.05625,1.0375,1.05625
1.0,1,280,NEXT_STEP,False,1.03,-1.871417,650,1.029844,1.029818,1.029876,1.029838,1.029844,dist_bus,650,1.029844,1.029844,1.029844,DISABLED,1.03,1.0,1.0,True,1.0,1.05,1.0,,,,0,0,0,0,False,1.05625,1.0375,1.05625
1.005,1,282,ITERATING,True,1.031669,-1.42166,650,1.031514,1.031488,1.031546,1.031507,1.031514,dist_bus,650,1.031514,1.031514,1.031514,DISABLED,1.031669,1.0,1.0,True,1.0,1.05,1.0,,,,0,0,0,0,False,1.05625,1.0375,1.05625
1.01,1,284,ITERATING,True,1.031505,-1.404187,650,1.031349,1.031324,1.031382,1.031343,1.031349,dist_bus,650,1.031349,1.031349,1.031349,DISABLED,1.031505,1.0,1.0,True,1.0,1.05,1.0,,,,0,0,0,0,False,1.05625,1.0375,1.05625
1.015,1,286,ITERATING,True,1.031347,-1.389368,650,1.031191,1.031166,1.031224,1.031185,1.031191,dist_bus,650,1.031191,1.031191,1.031191,DISABLED,1.031347,1.0,1.0,True,1.0,1.05,1.0,,,,0,0,0,0,False,1.05625,1.0375,1.05625
1.02,1,288,ITERATING,True,1.031193,-1.376871,650,1.031037,1.031011,1.03107,1.031031,1.031037,dist_bus,650,1.031037,1.031037,1.031037,DISABLED,1.031193,1.0,1.0,True,1.0,1.05,1.0,,,,0,0,0,0,False,1.05625,1.0375,1.05625
1.025,1,290,ITERATING,True,1.031044,-1.366261,650,1.030888,1.030862,1.030921,1.030882,1.030888,dist_bus,650,1.030888,1.030888,1.030888,DISABLED,1.031044,1.0,1.0,True,1.0,1.05,1.0,,,,0,0,0,0,False,1.05625,1.0375,1.05625
1.03,1,292,ITERATING,True,1.030898,-1.357197,650,1.030742,1.030716,1.030775,1.030736,1.030742,dist_bus,650,1.030742,1.030742,1.030742,DISABLED,1.030898,1.0,1.0,True,1.0,1.05,1.0,,,,0,0,0,0,False,1.05625,1.0375,1.05625
1.035,1,294,ITERATING,True,1.030756,-1.3494,650,1.0306,1.030574,1.030633,1.030594,1.0306,dist_bus,650,1.0306,1.0306,1.0306,DISABLED,1.030756,1.0,1.0,True,1.0,1.05,1.0,,,,0,0,0,0,False,1.05625,1.0375,1.05625
1.04,1,296,ITERATING,True,1.030617,-1.342642,650,1.030461,1.030435,1.030494,1.030455,1.030461,dist_bus,650,1.030461,1.030461,1.030461,DISABLED,1.030617,1.0,1.0,True,1.0,1.05,1.0,,,,0,0,0,0,False,1.05625,1.0375,1.05625
1.045,1,298,ITERATING,True,1.030481,-1.336736,650,1.030325,1.030299,1.030358,1.030319,1.030325,dist_bus,650,1.030325,1.030325,1.030325,DISABLED,1.030481,1.0,1.0,True,1.0,1.05,1.0,,,,0,0,0,0,False,1.05625,1.0375,1.05625
1.05,1,300,ITERATING,True,1.030348,-1.33153,650,1.030192,1.030166,1.030225,1.030186,1.030192,dist_bus,650,1.030192,1.030192,1.030192,DISABLED,1.030348,1.0,1.0,True,1.0,1.05,1.0,,,,0,0,0,0,False,1.05625,1.0375,1.05625
1.055,1,302,ITERATING,True,1.030219,-1.326898,650,1.030063,1.030037,1.030096,1.030057,1.030063,dist_bus,650,1.030063,1.030063,1.030063,DISABLED,1.030219,1.0,1.0,True,1.0,1.05,1.0,,,,0,0,0,0,False,1.05625,1.0375,1.05625
1.06,1,304,ITERATING,True,1.030092,-1.322737,650,1.029936,1.02991,1.029969,1.02993,1.029936,dist_bus,650,1.029936,1.029936,1.029936,DISABLED,1.030092,1.0,1.0,True,1.0,1.05,1.0,,,,0,0,0,0,False,1.05625,1.0375,1.05625
1.065,1,306,ITERATING,True,1.029969,-1.318963,650,1.029813,1.029787,1.029845,1.029807,1.029813,dist_bus,650,1.029813,1.029813,1.029813,DISABLED,1.029969,1.0,1.0,True,1.0,1.05,1.0,,,,0,0,0,0,False,1.05625,1.0375,1.05625
1.07,1,308,ITERATING,True,1.02985,-1.315507,650,1.029694,1.029668,1.029726,1.029688,1.029694,dist_bus,650,1.029694,1.029694,1.029694,DISABLED,1.02985,1.0,1.0,True,1.0,1.05,1.0,,,,0,0,0,0,False,1.05625,1.0375,1.05625
1.075,1,310,ITERATING,True,1.029733,-1.312312,650,1.029577,1.029551,1.029609,1.029571,1.029577,dist_bus,650,1.029577,1.029577,1.029577,DISABLED,1.029733,1.0,1.0,True,1.0,1.05,1.0,,,,0,0,0,0,False,1.05625,1.0375,1.05625
1.08,1,312,ITERATING,True,1.029621,-1.309331,650,1.029465,1.029439,1.029497,1.029459,1.029465,dist_bus,650,1.029465,1.029465,1.029465,DISABLED,1.029621,1.0,1.0,True,1.0,1.05,1.0,,,,0,0,0,0,False,1.05625,1.0375,1.05625
1.085,1,314,ITERATING,True,1.029512,-1.306526,650,1.029356,1.02933,1.029388,1.02935,1.029356,dist_bus,650,1.029356,1.029356,1.029356,DISABLED,1.029512,1.0,1.0,True,1.0,1.05,1.0,,,,0,0,0,0,False,1.05625,1.0375,1.05625
1.09,1,316,ITERATING,True,1.029407,-1.303867,650,1.029251,1.029225,1.029283,1.029245,1.029251,dist_bus,650,1.029251,1.029251,1.029251,DISABLED,1.029407,1.0,1.0,True,1.0,1.05,1.0,,,,0,0,0,0,False,1.05625,1.0375,1.05625
1.095,1,318,ITERATING,True,1.029305,-1.301328,650,1.029149,1.029123,1.029181,1.029143,1.029149,dist_bus,650,1.029149,1.029149,1.029149,DISABLED,1.029305,1.0,1.0,True,1.0,1.05,1.0,,,,0,0,0,0,False,1.05625,1.0375,1.05625
1.1,1,320,ITERATING,True,1.029208,-1.298889,650,1.029052,1.029026,1.029084,1.029046,1.029052,dist_bus,650,1.029052,1.029052,1.029052,DISABLED,1.029208,1.0,1.0,True,1.0,1.05,1.0,,,,0,0,0,0,False,1.05625,1.0375,1.05625
1.105,1,322,ITERATING,True,1.029114,-1.296535,650,1.028958,1.028932,1.02899,1.028952,1.028958,dist_bus,650,1.028958,1.028958,1.028958,DISABLED,1.029114,1.0,1.0,True,1.0,1.05,1.0,,,,0,0,0,0,False,1.05625,1.0375,1.05625
1.11,1,324,ITERATING,True,1.029024,-1.294252,650,1.028868,1.028842,1.0289,1.028862,1.028868,dist_bus,650,1.028868,1.028868,1.028868,DISABLED,1.029024,1.0,1.0,True,1.0,1.05,1.0,,,,0,0,0,0,False,1.05625,1.0375,1.05625
1.115,1,326,ITERATING,True,1.028937,-1.29203,650,1.028781,1.028755,1.028813,1.028775,1.028781,dist_bus,650,1.028781,1.028781,1.028781,DISABLED,1.028937,1.0,1.0,True,1.0,1.05,1.0,,,,0,0,0,0,False,1.05625,1.0375,1.05625
1.12,1,328,ITERATING,True,1.028854,-1.289862,650,1.028698,1.028672,1.02873,1.028692,1.028698,dist_bus,650,1.028698,1.028698,1.028698,DISABLED,1.028854,1.0,1.0,True,1.0,1.05,1.0,,,,0,0,0,0,False,1.05625,1.0375,1.05625
1.125,1,330,ITERATING,True,1.028775,-1.287743,650,1.028619,1.028593,1.028651,1.028613,1.028619,dist_bus,650,1.028619,1.028619,1.028619,DISABLED,1.028775,1.0,1.0,True,1.0,1.05,1.0,,,,0,0,0,0,False,1.05625,1.0375,1.05625
1.13,1,332,ITERATING,True,1.028699,-1.285668,650,1.028543,1.028517,1.028575,1.028537,1.028543,dist_bus,650,1.028543,1.028543,1.028543,DISABLED,1.028699,1.0,1.0,True,1.0,1.05,1.0,,,,0,0,0,0,False,1.05625,1.0375,1.05625
1.135,1,334,ITERATING,True,1.028627,-1.283635,650,1.028471,1.028445,1.028503,1.028465,1.028471,dist_bus,650,1.028471,1.028471,1.028471,DISABLED,1.028627,1.0,1.0,True,1.0,1.05,1.0,,,,0,0,0,0,False,1.05625,1.0375,1.05625
1.14,1,336,ITERATING,True,1.028558,-1.281643,650,1.028402,1.028376,1.028434,1.028396,1.028402,dist_bus,650,1.028402,1.028402,1.028402,DISABLED,1.028558,1.0,1.0,True,1.0,1.05,1.0,,,,0,0,0,0,False,1.05625,1.0375,1.05625
1.145,1,338,ITERATING,True,1.028492,-1.27969,650,1.028336,1.02831,1.028368,1.02833,1.028336,dist_bus,650,1.028336,1.028336,1.028336,DISABLED,1.028492,1.0,1.0,True,1.0,1.05,1.0,,,,0,0,0,0,False,1.05625,1.0375,1.05625
1.15,1,340,ITERATING,True,1.02843,-1.277777,650,1.028274,1.028248,1.028306,1.028268,1.028274,dist_bus,650,1.028274,1.028274,1.028274,DISABLED,1.02843,1.0,1.0,True,1.0,1.05,1.0,,,,0,0,0,0,False,1.05625,1.0375,1.05625
1.155,1,342,ITERATING,True,1.028371,-1.275906,650,1.028215,1.028189,1.028247,1.028209,1.028215,dist_bus,650,1.028215,1.028215,1.028215,DISABLED,1.028371,1.0,1.0,True,1.0,1.05,1.0,,,,0,0,0,0,False,1.05625,1.0375,1.05625
1.16,1,344,ITERATING,True,1.028315,-1.274077,650,1.028159,1.028133,1.028191,1.028153,1.028159,dist_bus,650,1.028159,1.028159,1.028159,DISABLED,1.028315,1.0,1.0,True,1.0,1.05,1.0,,,,0,0,0,0,False,1.05625,1.0375,1.05625
1.165,1,346,ITERATING,True,1.028262,-1.272292,650,1.028106,1.02808,1.028138,1.0281,1.028106,dist_bus,650,1.028106,1.028106,1.028106,DISABLED,1.028262,1.0,1.0,True,1.0,1.05,1.0,,,,0,0,0,0,False,1.05625,1.0375,1.05625
1.17,1,348,ITERATING,True,1.028212,-1.270554,650,1.028056,1.02803,1.028088,1.02805,1.028056,dist_bus,650,1.028056,1.028056,1.028056,DISABLED,1.028212,1.0,1.0,True,1.0,1.05,1.0,,,,0,0,0,0,False,1.05625,1.0375,1.05625
1.175,1,350,ITERATING,True,1.028165,-1.268864,650,1.028009,1.027983,1.028041,1.028003,1.028009,dist_bus,650,1.028009,1.028009,1.028009,DISABLED,1.028165,1.0,1.0,True,1.0,1.05,1.0,,,,0,0,0,0,False,1.05625,1.0375,1.05625
1.18,1,352,ITERATING,True,1.02812,-1.267226,650,1.027964,1.027938,1.027996,1.027958,1.027964,dist_bus,650,1.027964,1.027964,1.027964,DISABLED,1.02812,1.0,1.0,True,1.0,1.05,1.0,,,,0,0,0,0,False,1.05625,1.0375,1.05625
1.185,1,354,ITERATING,True,1.028078,-1.265642,650,1.027922,1.027896,1.027954,1.027916,1.027922,dist_bus,650,1.027922,1.027922,1.027922,DISABLED,1.028078,1.0,1.0,True,1.0,1.05,1.0,,,,0,0,0,0,False,1.05625,1.0375,1.05625
1.19,1,356,ITERATING,True,1.028039,-1.264115,650,1.027883,1.027857,1.027915,1.027877,1.027883,dist_bus,650,1.027883,1.027883,1.027883,DISABLED,1.028039,1.0,1.0,True,1.0,1.05,1.0,,,,0,0,0,0,False,1.05625,1.0375,1.05625
1.195,1,358,ITERATING,True,1.028003,-1.262649,650,1.027847,1.027821,1.027879,1.027841,1.027847,dist_bus,650,1.027847,1.027847,1.027847,DISABLED,1.028003,1.0,1.0,True,1.0,1.05,1.0,,,,0,0,0,0,False,1.05625,1.0375,1.05625
1.2,1,360,ITERATING,True,1.027969,-1.261247,650,1.027813,1.027787,1.027845,1.027807,1.027813,dist_bus,650,1.027813,1.027813,1.027813,DISABLED,1.027969,1.0,1.0,True,1.0,1.05,1.0,,,,0,0,0,0,False,1.05625,1.0375,1.05625
1.205,1,362,ITERATING,True,1.025506,-1.807331,650,1.025349,1.025323,1.025382,1.025343,1.025349,dist_bus,650,1.025349,1.025349,1.025349,DISABLED,1.025506,1.0,1.0,True,1.0,1.05,1.0,,,,0,0,0,0,False,1.05625,1.0375,1.05625
1.21,1,364,ITERATING,True,1.025693,-1.82112,650,1.025536,1.02551,1.025569,1.02553,1.025536,dist_bus,650,1.025536,1.025536,1.025536,DISABLED,1.025693,1.0,1.0,True,1.0,1.05,1.0,,,,0,0,0,0,False,1.05625,1.0375,1.05625
1.215,1,366,ITERATING,True,1.025877,-1.83254,650,1.02572,1.025694,1.025753,1.025714,1.02572,dist_bus,650,1.02572,1.02572,1.02572,DISABLED,1.025877,1.0,1.0,True,1.0,1.05,1.0,,,,0,0,0,0,False,1.05625,1.0375,1.05625
1.22,1,368,ITERATING,True,1.026056,-1.841888,650,1.025899,1.025873,1.025932,1.025893,1.025899,dist_bus,650,1.025899,1.025899,1.025899,DISABLED,1.026056,1.0,1.0,True,1.0,1.05,1.0,,,,0,0,0,0,False,1.05625,1.0375,1.05625
1.225,1,370,ITERATING,True,1.02623,-1.849577,650,1.026073,1.026047,1.026106,1.026067,1.026073,dist_bus,650,1.026073,1.026073,1.026073,DISABLED,1.02623,1.0,1.0,True,1.0,1.05,1.0,,,,0,0,0,0,False,1.05625,1.0375,1.05625
1.23,1,372,ITERATING,True,1.026401,-1.855928,650,1.026244,1.026218,1.026277,1.026238,1.026244,dist_bus,650,1.026244,1.026244,1.026244,DISABLED,1.026401,1.0,1.0,True,1.0,1.05,1.0,,,,0,0,0,0,False,1.05625,1.0375,1.05625
1.235,1,374,ITERATING,True,1.026568,-1.861198,650,1.026412,1.026385,1.026444,1.026405,1.026412,dist_bus,650,1.026412,1.026412,1.026412,DISABLED,1.026568,1.0,1.0,True,1.0,1.05,1.0,,,,0,0,0,0,False,1.05625,1.0375,1.05625
1.24,1,376,ITERATING,True,1.026731,-1.865594,650,1.026575,1.026548,1.026607,1.026568,1.026575,dist_bus,650,1.026575,1.026575,1.026575,DISABLED,1.026731,1.0,1.0,True,1.0,1.05,1.0,,,,0,0,0,0,False,1.05625,1.0375,1.05625
1.245,1,378,ITERATING,True,1.026891,-1.869285,650,1.026735,1.026708,1.026767,1.026728,1.026735,dist_bus,650,1.026735,1.026735,1.026735,DISABLED,1.026891,1.0,1.0,True,1.0,1.05,1.0,,,,0,0,0,0,False,1.05625,1.0375,1.05625
1.25,1,380,ITERATING,True,1.027048,-1.87241,650,1.026892,1.026865,1.026924,1.026885,1.026892,dist_bus,650,1.026892,1.026892,1.026892,DISABLED,1.027048,1.0,1.0,True,1.0,1.05,1.0,,,,0,0,0,0,False,1.05625,1.0375,1.05625
1.255,1,382,ITERATING,True,1.027202,-1.875081,650,1.027046,1.02702,1.027078,1.027039,1.027046,dist_bus,650,1.027046,1.027046,1.027046,DISABLED,1.027202,1.0,1.0,True,1.0,1.05,1.0,,,,0,0,0,0,False,1.05625,1.0375,1.05625
1.26,1,384,ITERATING,True,1.027352,-1.87739,650,1.027196,1.02717,1.027228,1.027189,1.027196,dist_bus,650,1.027196,1.027196,1.027196,DISABLED,1.027352,1.0,1.0,True,1.0,1.05,1.0,,,,0,0,0,0,False,1.05625,1.0375,1.05625
1.265,1,386,ITERATING,True,1.027499,-1.879412,650,1.027343,1.027317,1.027375,1.027336,1.027343,dist_bus,650,1.027343,1.027343,1.027343,DISABLED,1.027499,1.0,1.0,True,1.0,1.05,1.0,,,,0,0,0,0,False,1.05625,1.0375,1.05625
1.27,1,388,ITERATING,True,1.027643,-1.881211,650,1.027487,1.027461,1.027519,1.02748,1.027487,dist_bus,650,1.027487,1.027487,1.027487,DISABLED,1.027643,1.0,1.0,True,1.0,1.05,1.0,,,,0,0,0,0,False,1.05625,1.0375,1.05625
1.275,1,390,ITERATING,True,1.027783,-1.882837,650,1.027627,1.027601,1.027659,1.02762,1.027627,dist_bus,650,1.027627,1.027627,1.027627,DISABLED,1.027783,1.0,1.0,True,1.0,1.05,1.0,,,,0,0,0,0,False,1.05625,1.0375,1.05625
1.28,1,392,ITERATING,True,1.02792,-1.884333,650,1.027764,1.027738,1.027796,1.027758,1.027764,dist_bus,650,1.027764,1.027764,1.027764,DISABLED,1.02792,1.0,1.0,True,1.0,1.05,1.0,,,,0,0,0,0,False,1.05625,1.0375,1.05625
1.285,1,394,ITERATING,True,1.028054,-1.885734,650,1.027898,1.027872,1.02793,1.027892,1.027898,dist_bus,650,1.027898,1.027898,1.027898,DISABLED,1.028054,1.0,1.0,True,1.0,1.05,1.0,,,,0,0,0,0,False,1.05625,1.0375,1.05625
1.29,1,396,ITERATING,True,1.028184,-1.887069,650,1.028028,1.028002,1.02806,1.028022,1.028028,dist_bus,650,1.028028,1.028028,1.028028,DISABLED,1.028184,1.0,1.0,True,1.0,1.05,1.0,,,,0,0,0,0,False,1.05625,1.0375,1.05625
1.295,1,398,ITERATING,True,1.028311,-1.888363,650,1.028155,1.028129,1.028187,1.028149,1.028155,dist_bus,650,1.028155,1.028155,1.028155,DISABLED,1.028311,1.0,1.0,True,1.0,1.05,1.0,,,,0,0,0,0,False,1.05625,1.0375,1.05625
1.3,1,400,ITERATING,True,1.028434,-1.889636,650,1.028278,1.028252,1.02831,1.028272,1.028278,dist_bus,650,1.028278,1.028278,1.028278,DISABLED,1.028434,1.0,1.0,True,1.0,1.05,1.0,,,,0,0,0,0,False,1.05625,1.0375,1.05625
1.305,1,402,ITERATING,True,1.028555,-1.890901,650,1.028399,1.028373,1.028431,1.028393,1.028399,dist_bus,650,1.028399,1.028399,1.028399,DISABLED,1.028555,1.0,1.0,True,1.0,1.05,1.0,,,,0,0,0,0,False,1.05625,1.0375,1.05625
1.31,1,404,ITERATING,True,1.028672,-1.892173,650,1.028516,1.02849,1.028548,1.02851,1.028516,dist_bus,650,1.028516,1.028516,1.028516,DISABLED,1.028672,1.0,1.0,True,1.0,1.05,1.0,,,,0,0,0,0,False,1.05625,1.0375,1.05625
1.315,1,406,ITERATING,True,1.028786,-1.893461,650,1.02863,1.028604,1.028662,1.028624,1.02863,dist_bus,650,1.02863,1.02863,1.02863,DISABLED,1.028786,1.0,1.0,True,1.0,1.05,1.0,,,,0,0,0,0,False,1.05625,1.0375,1.05625
1.32,1,408,ITERATING,True,1.028897,-1.894775,650,1.028741,1.028715,1.028773,1.028735,1.028741,dist_bus,650,1.028741,1.028741,1.028741,DISABLED,1.028897,1.0,1.0,True,1.0,1.05,1.0,,,,0,0,0,0,False,1.05625,1.0375,1.05625
1.325,1,410,ITERATING,True,1.029005,-1.89612,650,1.028849,1.028823,1.028881,1.028843,1.028849,dist_bus,650,1.028849,1.028849,1.028849,DISABLED,1.029005,1.0,1.0,True,1.0,1.05,1.0,,,,0,0,0,0,False,1.05625,1.0375,1.05625
1.33,1,412,ITERATING,True,1.02911,-1.897502,650,1.028954,1.028928,1.028986,1.028948,1.028954,dist_bus,650,1.028954,1.028954,1.028954,DISABLED,1.02911,1.0,1.0,True,1.0,1.05,1.0,,,,0,0,0,0,False,1.05625,1.0375,1.05625
1.335,1,414,ITERATING,True,1.029212,-1.898924,650,1.029056,1.02903,1.029088,1.02905,1.029056,dist_bus,650,1.029056,1.029056,1.029056,DISABLED,1.029212,1.0,1.0,True,1.0,1.05,1.0,,,,0,0,0,0,False,1.05625,1.0375,1.05625
1.34,1,416,ITERATING,True,1.029312,-1.900389,650,1.029156,1.02913,1.029188,1.02915,1.029156,dist_bus,650,1.029156,1.029156,1.029156,DISABLED,1.029312,1.0,1.0,True,1.0,1.05,1.0,,,,0,0,0,0,False,1.05625,1.0375,1.05625
1.345,1,418,ITERATING,True,1.029408,-1.901899,650,1.029252,1.029226,1.029284,1.029246,1.029252,dist_bus,650,1.029252,1.029252,1.029252,DISABLED,1.029408,1.0,1.0,True,1.0,1.05,1.0,,,,0,0,0,0,False,1.05625,1.0375,1.05625
1.35,1,420,ITERATING,True,1.029503,-1.903455,650,1.029347,1.029321,1.029379,1.029341,1.029347,dist_bus,650,1.029347,1.029347,1.029347,DISABLED,1.029503,1.0,1.0,True,1.0,1.05,1.0,,,,0,0,0,0,False,1.05625,1.0375,1.05625
1.355,1,422,ITERATING,True,1.029594,-1.905057,650,1.029438,1.029412,1.02947,1.029432,1.029438,dist_bus,650,1.029438,1.029438,1.029438,DISABLED,1.029594,1.0,1.0,True,1.0,1.05,1.0,,,,0,0,0,0,False,1.05625,1.0375,1.05625
1.36,1,424,ITERATING,True,1.029684,-1.906705,650,1.029528,1.029502,1.02956,1.029522,1.029528,dist_bus,650,1.029528,1.029528,1.029528,DISABLED,1.029684,1.0,1.0,True,1.0,1.05,1.0,,,,0,0,0,0,False,1.05625,1.0375,1.05625
1.365,1,426,ITERATING,True,1.029771,-1.908398,650,1.029615,1.029589,1.029647,1.029609,1.029615,dist_bus,650,1.029615,1.029615,1.029615,DISABLED,1.029771,1.0,1.0,True,1.0,1.05,1.0,,,,0,0,0,0,False,1.05625,1.0375,1.05625
1.37,1,428,ITERATING,True,1.029855,-1.910135,650,1.029699,1.029673,1.029731,1.029693,1.029699,dist_bus,650,1.029699,1.029699,1.029699,DISABLED,1.029855,1.0,1.0,True,1.0,1.05,1.0,,,,0,0,0,0,False,1.05625,1.0375,1.05625
1.375,1,430,ITERATING,True,1.029938,-1.911915,650,1.029782,1.029756,1.029814,1.029776,1.029782,dist_bus,650,1.029782,1.029782,1.029782,DISABLED,1.029938,1.0,1.0,True,1.0,1.05,1.0,,,,0,0,0,0,False,1.05625,1.0375,1.05625
1.38,1,432,ITERATING,True,1.030018,-1.913735,650,1.029862,1.029836,1.029894,1.029856,1.029862,dist_bus,650,1.029862,1.029862,1.029862,DISABLED,1.030018,1.0,1.0,True,1.0,1.05,1.0,,,,0,0,0,0,False,1.05625,1.0375,1.05625
1.385,1,434,ITERATING,True,1.030096,-1.915595,650,1.02994,1.029914,1.029973,1.029934,1.02994,dist_bus,650,1.02994,1.02994,1.02994,DISABLED,1.030096,1.0,1.0,True,1.0,1.05,1.0,,,,0,0,0,0,False,1.05625,1.0375,1.05625
1.39,1,436,ITERATING,True,1.030172,-1.917491,650,1.030016,1.02999,1.030049,1.03001,1.030016,dist_bus,650,1.030016,1.030016,1.030016,DISABLED,1.030172,1.0,1.0,True,1.0,1.05,1.0,,,,0,0,0,0,False,1.05625,1.0375,1.05625
1.395,1,438,ITERATING,True,1.030246,-1.919422,650,1.03009,1.030064,1.030123,1.030084,1.03009,dist_bus,650,1.03009,1.03009,1.03009,DISABLED,1.030246,1.0,1.0,True,1.0,1.05,1.0,,,,0,0,0,0,False,1.05625,1.0375,1.05625
1.4,1,440,ITERATING,True,1.030318,-1.921385,650,1.030162,1.030136,1.030195,1.030156,1.030162,dist_bus,650,1.030162,1.030162,1.030162,DISABLED,1.030318,1.0,1.0,True,1.0,1.05,1.0,,,,0,0,0,0,False,1.05625,1.0375,1.05625
1.405,1,442,ITERATING,True,1.030388,-1.923377,650,1.030232,1.030206,1.030265,1.030226,1.030232,dist_bus,650,1.030232,1.030232,1.030232,DISABLED,1.030388,1.0,1.0,True,1.0,1.05,1.0,,,,0,0,0,0,False,1.05625,1.0375,1.05625
1.41,1,444,ITERATING,True,1.030457,-1.925397,650,1.030301,1.030275,1.030334,1.030295,1.030301,dist_bus,650,1.030301,1.030301,1.030301,DISABLED,1.030457,1.0,1.0,True,1.0,1.05,1.0,,,,0,0,0,0,False,1.05625,1.0375,1.05625
1.415,1,446,ITERATING,True,1.030523,-1.927441,650,1.030367,1.030341,1.0304,1.030361,1.030367,dist_bus,650,1.030367,1.030367,1.030367,DISABLED,1.030523,1.0,1.0,True,1.0,1.05,1.0,,,,0,0,0,0,False,1.05625,1.0375,1.05625
1.42,1,448,ITERATING,True,1.030588,-1.929507,650,1.030432,1.030406,1.030465,1.030426,1.030432,dist_bus,650,1.030432,1.030432,1.030432,DISABLED,1.030588,1.0,1.0,True,1.0,1.05,1.0,,,,0,0,0,0,False,1.05625,1.0375,1.05625
1.425,1,450,ITERATING,True,1.030651,-1.931592,650,1.030495,1.030469,1.030528,1.030489,1.030495,dist_bus,650,1.030495,1.030495,1.030495,DISABLED,1.030651,1.0,1.0,True,1.0,1.05,1.0,,,,0,0,0,0,False,1.05625,1.0375,1.05625
1.43,1,452,ITERATING,True,1.030712,-1.933693,650,1.030556,1.03053,1.030589,1.03055,1.030556,dist_bus,650,1.030556,1.030556,1.030556,DISABLED,1.030712,1.0,1.0,True,1.0,1.05,1.0,,,,0,0,0,0,False,1.05625,1.0375,1.05625
1.435,1,454,ITERATING,True,1.030771,-1.935809,650,1.030615,1.030589,1.030648,1.030609,1.030615,dist_bus,650,1.030615,1.030615,1.030615,DISABLED,1.030771,1.0,1.0,True,1.0,1.05,1.0,,,,0,0,0,0,False,1.05625,1.0375,1.05625
1.44,1,456,ITERATING,True,1.030829,-1.937935,650,1.030673,1.030647,1.030706,1.030667,1.030673,dist_bus,650,1.030673,1.030673,1.030673,DISABLED,1.030829,1.0,1.0,True,1.0,1.05,1.0,,,,0,0,0,0,False,1.05625,1.0375,1.05625
1.445,1,458,ITERATING,True,1.030885,-1.94007,650,1.030729,1.030703,1.030762,1.030723,1.030729,dist_bus,650,1.030729,1.030729,1.030729,DISABLED,1.030885,1.0,1.0,True,1.0,1.05,1.0,,,,0,0,0,0,False,1.05625,1.0375,1.05625
1.45,1,460,ITERATING,True,1.03094,-1.942212,650,1.030784,1.030758,1.030817,1.030778,1.030784,dist_bus,650,1.030784,1.030784,1.030784,DISABLED,1.03094,1.0,1.0,True,1.0,1.05,1.0,,,,0,0,0,0,False,1.05625,1.0375,1.05625
1.455,1,462,ITERATING,True,1.030992,-1.944357,650,1.030836,1.03081,1.030869,1.03083,1.030836,dist_bus,650,1.030836,1.030836,1.030836,DISABLED,1.030992,1.0,1.0,True,1.0,1.05,1.0,,,,0,0,0,0,False,1.05625,1.0375,1.05625
1.46,1,464,ITERATING,True,1.031044,-1.946503,650,1.030888,1.030862,1.030921,1.030882,1.030888,dist_bus,650,1.030888,1.030888,1.030888,DISABLED,1.031044,1.0,1.0,True,1.0,1.05,1.0,,,,0,0,0,0,False,1.05625,1.0375,1.05625
1.465,1,466,ITERATING,True,1.031093,-1.948649,650,1.030937,1.030911,1.03097,1.030931,1.030937,dist_bus,650,1.030937,1.030937,1.030937,DISABLED,1.031093,1.0,1.0,True,1.0,1.05,1.0,,,,0,0,0,0,False,1.05625,1.0375,1.05625
1.47,1,468,ITERATING,True,1.031141,-1.95079,650,1.030985,1.030959,1.031018,1.030979,1.030985,dist_bus,650,1.030985,1.030985,1.030985,DISABLED,1.031141,1.0,1.0,True,1.0,1.05,1.0,,,,0,0,0,0,False,1.05625,1.0375,1.05625
1.475,1,470,ITERATING,True,1.031187,-1.952927,650,1.031031,1.031005,1.031064,1.031025,1.031031,dist_bus,650,1.031031,1.031031,1.031031,DISABLED,1.031187,1.0,1.0,True,1.0,1.05,1.0,,,,0,0,0,0,False,1.05625,1.0375,1.05625
1.48,1,472,ITERATING,True,1.031232,-1.955055,650,1.031076,1.03105,1.031109,1.03107,1.031076,dist_bus,650,1.031076,1.031076,1.031076,DISABLED,1.031232,1.0,1.0,True,1.0,1.05,1.0,,,,0,0,0,0,False,1.05625,1.0375,1.05625
1.485,1,474,ITERATING,True,1.031275,-1.957174,650,1.031119,1.031094,1.031152,1.031113,1.031119,dist_bus,650,1.031119,1.031119,1.031119,DISABLED,1.031275,1.0,1.0,True,1.0,1.05,1.0,,,,0,0,0,0,False,1.05625,1.0375,1.05625
1.49,1,476,ITERATING,True,1.031317,-1.959282,650,1.031161,1.031136,1.031194,1.031155,1.031161,dist_bus,650,1.031161,1.031161,1.031161,DISABLED,1.031317,1.0,1.0,True,1.0,1.05,1.0,,,,0,0,0,0,False,1.05625,1.0375,1.05625
1.495,1,478,ITERATING,True,1.031357,-1.961375,650,1.031201,1.031176,1.031234,1.031195,1.031201,dist_bus,650,1.031201,1.031201,1.031201,DISABLED,1.031357,1.0,1.0,True,1.0,1.05,1.0,,,,0,0,0,0,False,1.05625,1.0375,1.05625
1.5,1,480,ITERATING,True,1.031396,-1.963454,650,1.03124,1.031215,1.031273,1.031234,1.03124,dist_bus,650,1.03124,1.03124,1.03124,DISABLED,1.031396,1.0,1.0,True,1.0,1.05,1.0,,,,0,0,0,0,False,1.05625,1.0375,1.05625
1.505,1,481,NEXT_STEP,True,1.031433,-1.965515,650,1.031277,1.031252,1.03131,1.031271,1.031277,dist_bus,650,1.031277,1.031277,1.031277,DISABLED,1.031433,1.0,1.0,True,1.0,1.05,1.0,,,,0,0,0,0,False,1.05625,1.0375,1.05625
1.525,1,483,ITERATING,True,1.031566,-1.973549,650,1.03141,1.031385,1.031443,1.031404,1.03141,dist_bus,650,1.03141,1.03141,1.03141,DISABLED,1.031566,1.0,1.0,True,1.0,1.05,1.0,,,,0,0,0,0,False,1.05625,1.0375,1.05625
1.53,1,484,NEXT_STEP,True,1.031596,-1.975514,650,1.031441,1.031415,1.031473,1.031434,1.031441,dist_bus,650,1.031441,1.031441,1.031441,DISABLED,1.031596,1.0,1.0,True,1.0,1.05,1.0,,,,0,0,0,0,False,1.05625,1.0375,1.05625
1.55,1,486,ITERATING,True,1.031699,-1.983053,650,1.031544,1.031518,1.031576,1.031537,1.031544,dist_bus,650,1.031544,1.031544,1.031544,DISABLED,1.031699,1.0,1.0,True,1.0,1.05,1.0,,,,0,0,0,0,False,1.05625,1.0375,1.05625
1.555,1,487,NEXT_STEP,True,1.031721,-1.984879,650,1.031566,1.03154,1.031598,1.031559,1.031566,dist_bus,650,1.031566,1.031566,1.031566,DISABLED,1.031721,1.0,1.0,True,1.0,1.05,1.0,,,,0,0,0,0,False,1.05625,1.0375,1.05625
1.575,1,489,ITERATING,True,1.031796,-1.991833,650,1.031641,1.031615,1.031673,1.031634,1.031641,dist_bus,650,1.031641,1.031641,1.031641,DISABLED,1.031796,1.0,1.0,True,1.0,1.05,1.0,,,,0,0,0,0,False,1.05625,1.0375,1.05625
1.58,1,490,NEXT_STEP,True,1.031811,-1.993501,650,1.031656,1.03163,1.031688,1.031649,1.031656,dist_bus,650,1.031656,1.031656,1.031656,DISABLED,1.031811,1.0,1.0,True,1.0,1.05,1.0,,,,0,0,0,0,False,1.05625,1.0375,1.05625
1.6,1,492,ITERATING,True,1.031858,-1.999819,650,1.031703,1.031677,1.031735,1.031696,1.031703,dist_bus,650,1.031703,1.031703,1.031703,DISABLED,1.031858,1.0,1.0,True,1.0,1.05,1.0,,,,0,0,0,0,False,1.05625,1.0375,1.05625
1.605,1,493,NEXT_STEP,True,1.031866,-2.001322,650,1.031711,1.031685,1.031743,1.031704,1.031711,dist_bus,650,1.031711,1.031711,1.031711,DISABLED,1.031866,1.0,1.0,True,1.0,1.05,1.0,,,,0,0,0,0,False,1.05625,1.0375,1.05625
1.625,1,495,ITERATING,True,1.031887,-2.00699,650,1.031732,1.031706,1.031764,1.031725,1.031732,dist_bus,650,1.031732,1.031732,1.031732,DISABLED,1.031887,1.0,1.0,True,1.0,1.05,1.0,,,,0,0,0,0,False,1.05625,1.0375,1.05625
1.63,1,496,NEXT_STEP,True,1.031889,-2.008329,650,1.031734,1.031708,1.031766,1.031727,1.031734,dist_bus,650,1.031734,1.031734,1.031734,DISABLED,1.031889,1.0,1.0,True,1.0,1.05,1.0,,,,0,0,0,0,False,1.05625,1.0375,1.05625
1.65,1,498,ITERATING,True,1.031886,-2.013374,650,1.031731,1.031705,1.031763,1.031724,1.031731,dist_bus,650,1.031731,1.031731,1.031731,DISABLED,1.031886,1.0,1.0,True,1.0,1.05,1.0,,,,0,0,0,0,False,1.05625,1.0375,1.05625
1.655,1,499,NEXT_STEP,True,1.031882,-2.01456,650,1.031727,1.031701,1.031759,1.03172,1.031727,dist_bus,650,1.031727,1.031727,1.031727,DISABLED,1.031882,1.0,1.0,True,1.0,1.05,1.0,,,,0,0,0,0,False,1.05625,1.0375,1.05625
1.675,1,501,ITERATING,True,1.031857,-2.019022,650,1.031702,1.031676,1.031734,1.031695,1.031702,dist_bus,650,1.031702,1.031702,1.031702,DISABLED,1.031857,1.0,1.0,True,1.0,1.05,1.0,,,,0,0,0,0,False,1.05625,1.0375,1.05625
1.68,1,502,NEXT_STEP,True,1.031848,-2.020066,650,1.031693,1.031667,1.031725,1.031686,1.031693,dist_bus,650,1.031693,1.031693,1.031693,DISABLED,1.031848,1.0,1.0,True,1.0,1.05,1.0,,,,0,0,0,0,False,1.05625,1.0375,1.05625
1.7,1,504,ITERATING,True,1.031803,-2.024004,650,1.031648,1.031622,1.03168,1.031641,1.031648,dist_bus,650,1.031648,1.031648,1.031648,DISABLED,1.031803,1.0,1.0,True,1.0,1.05,1.0,,,,0,0,0,0,False,1.05625,1.0375,1.05625
1.705,1,505,NEXT_STEP,True,1.031789,-2.024925,650,1.031634,1.031608,1.031666,1.031627,1.031634,dist_bus,650,1.031634,1.031634,1.031634,DISABLED,1.031789,1.0,1.0,True,1.0,1.05,1.0,,,,0,0,0,0,False,1.05625,1.0375,1.05625
1.725,1,507,ITERATING,True,1.031727,-2.028419,650,1.031572,1.031546,1.031604,1.031565,1.031572,dist_bus,650,1.031572,1.031572,1.031572,DISABLED,1.031727,1.0,1.0,True,1.0,1.05,1.0,,,,0,0,0,0,False,1.05625,1.0375,1.05625
1.73,1,508,NEXT_STEP,True,1.031709,-2.029238,650,1.031554,1.031528,1.031586,1.031547,1.031554,dist_bus,650,1.031554,1.031554,1.031554,DISABLED,1.031709,1.0,1.0,True,1.0,1.05,1.0,,,,0,0,0,0,False,1.05625,1.0375,1.05625
1.75,1,510,ITERATING,True,1.031632,-2.032375,650,1.031477,1.031451,1.031509,1.03147,1.031477,dist_bus,650,1.031477,1.031477,1.031477,DISABLED,1.031632,1.0,1.0,True,1.0,1.05,1.0,,,,0,0,0,0,False,1.05625,1.0375,1.05625
1.755,1,511,NEXT_STEP,True,1.031611,-2.033114,650,1.031456,1.03143,1.031488,1.031449,1.031456,dist_bus,650,1.031456,1.031456,1.031456,DISABLED,1.031611,1.0,1.0,True,1.0,1.05,1.0,,,,0,0,0,0,False,1.05625,1.0375,1.05625
1.775,1,513,ITERATING,True,1.031523,-2.035983,650,1.031367,1.031342,1.0314,1.031361,1.031367,dist_bus,650,1.031367,1.031367,1.031367,DISABLED,1.031523,1.0,1.0,True,1.0,1.05,1.0,,,,0,0,0,0,False,1.05625,1.0375,1.05625
1.78,1,514,NEXT_STEP,True,1.0315,-2.036665,650,1.031344,1.031319,1.031377,1.031338,1.031344,dist_bus,650,1.031344,1.031344,1.031344,DISABLED,1.0315,1.0,1.0,True,1.0,1.05,1.0,,,,0,0,0,0,False,1.05625,1.0375,1.05625
1.8,1,516,ITERATING,True,1.031404,-2.039351,650,1.031248,1.031223,1.031281,1.031242,1.031248,dist_bus,650,1.031248,1.031248,1.031248,DISABLED,1.031404,1.0,1.0,True,1.0,1.05,1.0,,,,0,0,0,0,False,1.05625,1.0375,1.05625
1.805,1,517,NEXT_STEP,True,1.031379,-2.039997,650,1.031223,1.031198,1.031256,1.031217,1.031223,dist_bus,650,1.031223,1.031223,1.031223,DISABLED,1.031379,1.0,1.0,True,1.0,1.05,1.0,,,,0,0,0,0,False,1.05625,1.0375,1.05625
1.825,1,519,ITERATING,True,1.031277,-2.042584,650,1.031121,1.031096,1.031154,1.031115,1.031121,dist_bus,650,1.031121,1.031121,1.031121,DISABLED,1.031277,1.0,1.0,True,1.0,1.05,1.0,,,,0,0,0,0,False,1.05625,1.0375,1.05625
1.83,1,520,NEXT_STEP,True,1.031251,-2.043214,650,1.031095,1.031069,1.031128,1.031089,1.031095,dist_bus,650,1.031095,1.031095,1.031095,DISABLED,1.031251,1.0,1.0,True,1.0,1.05,1.0,,,,0,0,0,0,False,1.05625,1.0375,1.05625
1.85,1,522,ITERATING,True,1.031147,-2.045771,650,1.030991,1.030965,1.031024,1.030985,1.030991,dist_bus,650,1.030991,1.030991,1.030991,DISABLED,1.031147,1.0,1.0,True,1.0,1.05,1.0,,,,0,0,0,0,False,1.05625,1.0375,1.05625
1.855,1,523,NEXT_STEP,True,1.031121,-2.046401,650,1.030965,1.030939,1.030998,1.030959,1.030965,dist_bus,650,1.030965,1.030965,1.030965,DISABLED,1.031121,1.0,1.0,True,1.0,1.05,1.0,,,,0,0,0,0,False,1.05625,1.0375,1.05625
1.875,1,525,ITERATING,True,1.031017,-2.048988,650,1.030861,1.030835,1.030894,1.030855,1.030861,dist_bus,650,1.030861,1.030861,1.030861,DISABLED,1.031017,1.0,1.0,True,1.0,1.05,1.0,,,,0,0,0,0,False,1.05625,1.0375,1.05625
1.88,1,526,NEXT_STEP,True,1.030992,-2.049632,650,1.030836,1.03081,1.030869,1.03083,1.030836,dist_bus,650,1.030836,1.030836,1.030836,DISABLED,1.030992,1.0,1.0,True,1.0,1.05,1.0,,,,0,0,0,0,False,1.05625,1.0375,1.05625
1.9,1,528,ITERATING,True,1.030891,-2.052292,650,1.030735,1.030709,1.030768,1.030729,1.030735,dist_bus,650,1.030735,1.030735,1.030735,DISABLED,1.030891,1.0,1.0,True,1.0,1.05,1.0,,,,0,0,0,0,False,1.05625,1.0375,1.05625
1.905,1,529,NEXT_STEP,True,1.030866,-2.052959,650,1.03071,1.030684,1.030743,1.030704,1.03071,dist_bus,650,1.03071,1.03071,1.03071,DISABLED,1.030866,1.0,1.0,True,1.0,1.05,1.0,,,,0,0,0,0,False,1.05625,1.0375,1.05625
1.925,1,531,ITERATING,True,1.030769,-2.055726,650,1.030613,1.030587,1.030646,1.030607,1.030613,dist_bus,650,1.030613,1.030613,1.030613,DISABLED,1.030769,1.0,1.0,True,1.0,1.05,1.0,,,,0,0,0,0,False,1.05625,1.0375,1.05625
1.93,1,532,NEXT_STEP,True,1.030746,-2.056422,650,1.03059,1.030564,1.030623,1.030584,1.03059,dist_bus,650,1.03059,1.03059,1.03059,DISABLED,1.030746,1.0,1.0,True,1.0,1.05,1.0,,,,0,0,0,0,False,1.05625,1.0375,1.05625
1.95,1,534,ITERATING,True,1.030656,-2.059313,650,1.0305,1.030474,1.030533,1.030494,1.0305,dist_bus,650,1.0305,1.0305,1.0305,DISABLED,1.030656,1.0,1.0,True,1.0,1.05,1.0,,,,0,0,0,0,False,1.05625,1.0375,1.05625
1.955,1,535,NEXT_STEP,True,1.030635,-2.060043,650,1.030479,1.030453,1.030512,1.030473,1.030479,dist_bus,650,1.030479,1.030479,1.030479,DISABLED,1.030635,1.0,1.0,True,1.0,1.05,1.0,,,,0,0,0,0,False,1.05625,1.0375,1.05625
1.975,1,537,ITERATING,True,1.030553,-2.063064,650,1.030397,1.030371,1.03043,1.030391,1.030397,dist_bus,650,1.030397,1.030397,1.030397,DISABLED,1.030553,1.0,1.0,True,1.0,1.05,1.0,,,,0,0,0,0,False,1.05625,1.0375,1.05625
1.98,1,538,NEXT_STEP,True,1.030534,-2.063827,650,1.030378,1.030352,1.030411,1.030372,1.030378,dist_bus,650,1.030378,1.030378,1.030378,DISABLED,1.030534,1.0,1.0,True,1.0,1.05,1.0,,,,0,0,0,0,False,1.05625,1.0375,1.05625
2.0,1,540,ITERATING,True,1.030461,-2.066973,650,1.030305,1.030279,1.030338,1.030299,1.030305,dist_bus,650,1.030305,1.030305,1.030305,DISABLED,1.030461,1.0,1.0,True,1.0,1.05,1.0,,,,0,0,0,0,False,1.05625,1.0375,1.05625
2.005,1,541,NEXT_STEP,True,1.030444,-2.067767,650,1.030288,1.030262,1.030321,1.030282,1.030288,dist_bus,650,1.030288,1.030288,1.030288,DISABLED,1.030444,1.0,1.0,True,1.0,1.05,1.0,,,,0,0,0,0,False,1.05625,1.0375,1.05625
2.025,1,543,ITERATING,True,1.030381,-2.071024,650,1.030225,1.030199,1.030258,1.030219,1.030225,dist_bus,650,1.030225,1.030225,1.030225,DISABLED,1.030381,1.0,1.0,True,1.0,1.05,1.0,,,,0,0,0,0,False,1.05625,1.0375,1.05625
2.03,1,544,NEXT_STEP,True,1.030366,-2.071844,650,1.03021,1.030184,1.030243,1.030204,1.03021,dist_bus,650,1.03021,1.03021,1.03021,DISABLED,1.030366,1.0,1.0,True,1.0,1.05,1.0,,,,0,0,0,0,False,1.05625,1.0375,1.05625
2.05,1,546,ITERATING,True,1.030313,-2.07519,650,1.030157,1.030131,1.03019,1.030151,1.030157,dist_bus,650,1.030157,1.030157,1.030157,DISABLED,1.030313,1.0,1.0,True,1.0,1.05,1.0,,,,0,0,0,0,False,1.05625,1.0375,1.05625
2.055,1,547,NEXT_STEP,True,1.030301,-2.07603,650,1.030145,1.030119,1.030178,1.030139,1.030145,dist_bus,650,1.030145,1.030145,1.030145,DISABLED,1.030301,1.0,1.0,True,1.0,1.05,1.0,,,,0,0,0,0,False,1.05625,1.0375,1.05625
2.075,1,549,ITERATING,True,1.030257,-2.079435,650,1.030101,1.030075,1.030134,1.030095,1.030101,dist_bus,650,1.030101,1.030101,1.030101,DISABLED,1.030257,1.0,1.0,True,1.0,1.05,1.0,,,,0,0,0,0,False,1.05625,1.0375,1.05625
2.08,1,550,NEXT_STEP,True,1.030247,-2.080287,650,1.030091,1.030065,1.030124,1.030085,1.030091,dist_bus,650,1.030091,1.030091,1.030091,DISABLED,1.030247,1.0,1.0,True,1.0,1.05,1.0,,,,0,0,0,0,False,1.05625,1.0375,1.05625
2.1,1,552,ITERATING,True,1.030213,-2.083721,650,1.030057,1.030031,1.03009,1.030051,1.030057,dist_bus,650,1.030057,1.030057,1.030057,DISABLED,1.030213,1.0,1.0,True,1.0,1.05,1.0,,,,0,0,0,0,False,1.05625,1.0375,1.05625
2.105,1,553,NEXT_STEP,True,1.030206,-2.084576,650,1.03005,1.030024,1.030083,1.030044,1.03005,dist_bus,650,1.03005,1.03005,1.03005,DISABLED,1.030206,1.0,1.0,True,1.0,1.05,1.0,,,,0,0,0,0,False,1.05625,1.0375,1.05625
2.125,1,555,ITERATING,True,1.030181,-2.088004,650,1.030025,1.029999,1.030058,1.030019,1.030025,dist_bus,650,1.030025,1.030025,1.030025,DISABLED,1.030181,1.0,1.0,True,1.0,1.05,1.0,,,,0,0,0,0,False,1.05625,1.0375,1.05625
2.13,1,556,NEXT_STEP,True,1.030176,-2.088854,650,1.03002,1.029994,1.030053,1.030014,1.03002,dist_bus,650,1.03002,1.03002,1.03002,DISABLED,1.030176,1.0,1.0,True,1.0,1.05,1.0,,,,0,0,0,0,False,1.05625,1.0375,1.05625
2.15,1,558,ITERATING,True,1.030159,-2.09224,650,1.030003,1.029977,1.030036,1.029997,1.030003,dist_bus,650,1.030003,1.030003,1.030003,DISABLED,1.030159,1.0,1.0,True,1.0,1.05,1.0,,,,0,0,0,0,False,1.05625,1.0375,1.05625
2.155,1,559,NEXT_STEP,True,1.030155,-2.093076,650,1.029999,1.029973,1.030032,1.029993,1.029999,dist_bus,650,1.029999,1.029999,1.029999,DISABLED,1.030155,1.0,1.0,True,1.0,1.05,1.0,,,,0,0,0,0,False,1.05625,1.0375,1.05625
2.175,1,561,ITERATING,True,1.030146,-2.096384,650,1.02999,1.029964,1.030023,1.029984,1.02999,dist_bus,650,1.02999,1.02999,1.02999,DISABLED,1.030146,1.0,1.0,True,1.0,1.05,1.0,,,,0,0,0,0,False,1.05625,1.0375,1.05625
2.18,1,562,NEXT_STEP,True,1.030144,-2.097197,650,1.029988,1.029962,1.030021,1.029982,1.029988,dist_bus,650,1.029988,1.029988,1.029988,DISABLED,1.030144,1.0,1.0,True,1.0,1.05,1.0,,,,0,0,0,0,False,1.05625,1.0375,1.05625
2.2,1,564,ITERATING,True,1.03014,-2.100393,650,1.029984,1.029958,1.030017,1.029978,1.029984,dist_bus,650,1.029984,1.029984,1.029984,DISABLED,1.03014,1.0,1.0,True,1.0,1.05,1.0,,,,0,0,0,0,False,1.05625,1.0375,1.05625
2.205,1,565,NEXT_STEP,True,1.03014,-2.101175,650,1.029984,1.029958,1.030017,1.029978,1.029984,dist_bus,650,1.029984,1.029984,1.029984,DISABLED,1.03014,1.0,1.0,True,1.0,1.05,1.0,,,,0,0,0,0,False,1.05625,1.0375,1.05625
2.225,1,567,ITERATING,True,1.030141,-2.10423,650,1.029985,1.029959,1.030018,1.029979,1.029985,dist_bus,650,1.029985,1.029985,1.029985,DISABLED,1.030141,1.0,1.0,True,1.0,1.05,1.0,,,,0,0,0,0,False,1.05625,1.0375,1.05625
2.23,1,568,NEXT_STEP,True,1.030142,-2.104974,650,1.029986,1.02996,1.030019,1.02998,1.029986,dist_bus,650,1.029986,1.029986,1.029986,DISABLED,1.030142,1.0,1.0,True,1.0,1.05,1.0,,,,0,0,0,0,False,1.05625,1.0375,1.05625
2.25,1,570,ITERATING,True,1.030147,-2.10786,650,1.029991,1.029965,1.030024,1.029985,1.029991,dist_bus,650,1.029991,1.029991,1.029991,DISABLED,1.030147,1.0,1.0,True,1.0,1.05,1.0,,,,0,0,0,0,False,1.05625,1.0375,1.05625
2.255,1,571,NEXT_STEP,True,1.030149,-2.108559,650,1.029993,1.029967,1.030026,1.029987,1.029993,dist_bus,650,1.029993,1.029993,1.029993,DISABLED,1.030149,1.0,1.0,True,1.0,1.05,1.0,,,,0,0,0,0,False,1.05625,1.0375,1.05625
2.275,1,573,ITERATING,True,1.030156,-2.111255,650,1.03,1.029974,1.030033,1.029994,1.03,dist_bus,650,1.03,1.03,1.03,DISABLED,1.030156,1.0,1.0,True,1.0,1.05,1.0,,,,0,0,0,0,False,1.05625,1.0375,1.05625
2.28,1,574,NEXT_STEP,True,1.030159,-2.111904,650,1.030003,1.029977,1.030036,1.029997,1.030003,dist_bus,650,1.030003,1.030003,1.030003,DISABLED,1.030159,1.0,1.0,True,1.0,1.05,1.0,,,,0,0,0,0,False,1.05625,1.0375,1.05625
2.3,1,576,ITERATING,True,1.030168,-2.114393,650,1.030012,1.029986,1.030045,1.030006,1.030012,dist_bus,650,1.030012,1.030012,1.030012,DISABLED,1.030168,1.0,1.0,True,1.0,1.05,1.0,,,,0,0,0,0,False,1.05625,1.0375,1.05625
2.305,1,577,NEXT_STEP,True,1.03017,-2.114989,650,1.030014,1.029988,1.030047,1.030008,1.030014,dist_bus,650,1.030014,1.030014,1.030014,DISABLED,1.03017,1.0,1.0,True,1.0,1.05,1.0,,,,0,0,0,0,False,1.05625,1.0375,1.05625
2.325,1,579,ITERATING,True,1.030181,-2.117259,650,1.030025,1.029999,1.030058,1.030019,1.030025,dist_bus,650,1.030025,1.030025,1.030025,DISABLED,1.030181,1.0,1.0,True,1.0,1.05,1.0,,,,0,0,0,0,False,1.05625,1.0375,1.05625
2.33,1,580,NEXT_STEP,True,1.030183,-2.117799,650,1.030027,1.030001,1.03006,1.030021,1.030027,dist_bus,650,1.030027,1.030027,1.030027,DISABLED,1.030183,1.0,1.0,True,1.0,1.05,1.0,,,,0,0,0,0,False,1.05625,1.0375,1.05625
2.35,1,582,ITERATING,True,1.030193,-2.119844,650,1.030037,1.030011,1.03007,1.030031,1.030037,dist_bus,650,1.030037,1.030037,1.030037,DISABLED,1.030193,1.0,1.0,True,1.0,1.05,1.0,,,,0,0,0,0,False,1.05625,1.0375,1.05625
2.355,1,583,NEXT_STEP,True,1.030196,-2.120328,650,1.03004,1.030014,1.030073,1.030034,1.03004,dist_bus,650,1.03004,1.03004,1.03004,DISABLED,1.030196,1.0,1.0,True,1.0,1.05,1.0,,,,0,0,0,0,False,1.05625,1.0375,1.05625
2.375,1,585,ITERATING,True,1.030205,-2.122146,650,1.030049,1.030023,1.030082,1.030043,1.030049,dist_bus,650,1.030049,1.030049,1.030049,DISABLED,1.030205,1.0,1.0,True,1.0,1.05,1.0,,,,0,0,0,0,False,1.05625,1.0375,1.05625
2.38,1,586,NEXT_STEP,True,1.030207,-2.122574,650,1.030051,1.030025,1.030084,1.030045,1.030051,dist_bus,650,1.030051,1.030051,1.030051,DISABLED,1.030207,1.0,1.0,True,1.0,1.05,1.0,,,,0,0,0,0,False,1.05625,1.0375,1.05625
2.4,1,588,ITERATING,True,1.030215,-2.12417,650,1.030059,1.030033,1.030092,1.030053,1.030059,dist_bus,650,1.030059,1.030059,1.030059,DISABLED,1.030215,1.0,1.0,True,1.0,1.05,1.0,,,,0,0,0,0,False,1.05625,1.0375,1.05625
2.405,1,589,NEXT_STEP,True,1.030217,-2.124543,650,1.030061,1.030035,1.030094,1.030055,1.030061,dist_bus,650,1.030061,1.030061,1.030061,DISABLED,1.030217,1.0,1.0,True,1.0,1.05,1.0,,,,0,0,0,0,False,1.05625,1.0375,1.05625
2.425,1,591,ITERATING,True,1.030223,-2.125925,650,1.030067,1.030041,1.0301,1.030061,1.030067,dist_bus,650,1.030067,1.030067,1.030067,DISABLED,1.030223,1.0,1.0,True,1.0,1.05,1.0,,,,0,0,0,0,False,1.05625,1.0375,1.05625
2.43,1,592,NEXT_STEP,True,1.030224,-2.126245,650,1.030068,1.030042,1.030101,1.030062,1.030068,dist_bus,650,1.030068,1.030068,1.030068,DISABLED,1.030224,1.0,1.0,True,1.0,1.05,1.0,,,,0,0,0,0,False,1.05625,1.0375,1.05625
2.45,1,594,ITERATING,True,1.030228,-2.127426,650,1.030072,1.030046,1.030105,1.030066,1.030072,dist_bus,650,1.030072,1.030072,1.030072,DISABLED,1.030228,1.0,1.0,True,1.0,1.05,1.0,,,,0,0,0,0,False,1.05625,1.0375,1.05625
2.455,1,595,NEXT_STEP,True,1.030229,-2.127697,650,1.030073,1.030047,1.030106,1.030067,1.030073,dist_bus,650,1.030073,1.030073,1.030073,DISABLED,1.030229,1.0,1.0,True,1.0,1.05,1.0,,,,0,0,0,0,False,1.05625,1.0375,1.05625
2.475,1,597,ITERATING,True,1.030231,-2.12869,650,1.030075,1.030049,1.030108,1.030069,1.030075,dist_bus,650,1.030075,1.030075,1.030075,DISABLED,1.030231,1.0,1.0,True,1.0,1.05,1.0,,,,0,0,0,0,False,1.05625,1.0375,1.05625
2.48,1,598,NEXT_STEP,True,1.030232,-2.128917,650,1.030076,1.03005,1.030109,1.03007,1.030076,dist_bus,650,1.030076,1.030076,1.030076,DISABLED,1.030232,1.0,1.0,True,1.0,1.05,1.0,,,,0,0,0,0,False,1.05625,1.0375,1.05625
2.5,1,600,ITERATING,True,1.030232,-2.129741,650,1.030076,1.03005,1.030109,1.03007,1.030076,dist_bus,650,1.030076,1.030076,1.030076,DISABLED,1.030232,1.0,1.0,True,1.0,1.05,1.0,,,,0,0,0,0,False,1.05625,1.0375,1.05625
2.505,1,601,NEXT_STEP,True,1.030231,-2.129927,650,1.030075,1.030049,1.030108,1.030069,1.030075,dist_bus,650,1.030075,1.030075,1.030075,DISABLED,1.030231,1.0,1.0,True,1.0,1.05,1.0,,,,0,0,0,0,False,1.05625,1.0375,1.05625
2.525,1,603,ITERATING,True,1.030229,-2.130601,650,1.030073,1.030047,1.030106,1.030067,1.030073,dist_bus,650,1.030073,1.030073,1.030073,DISABLED,1.030229,1.0,1.0,True,1.0,1.05,1.0,,,,0,0,0,0,False,1.05625,1.0375,1.05625
2.53,1,604,NEXT_STEP,True,1.030229,-2.130752,650,1.030073,1.030047,1.030106,1.030067,1.030073,dist_bus,650,1.030073,1.030073,1.030073,DISABLED,1.030229,1.0,1.0,True,1.0,1.05,1.0,,,,0,0,0,0,False,1.05625,1.0375,1.05625
2.55,1,606,ITERATING,True,1.030225,-2.131295,650,1.030069,1.030043,1.030102,1.030063,1.030069,dist_bus,650,1.030069,1.030069,1.030069,DISABLED,1.030225,1.0,1.0,True,1.0,1.05,1.0,,,,0,0,0,0,False,1.05625,1.0375,1.05625
2.555,1,607,NEXT_STEP,True,1.030224,-2.131415,650,1.030068,1.030042,1.030101,1.030062,1.030068,dist_bus,650,1.030068,1.030068,1.030068,DISABLED,1.030224,1.0,1.0,True,1.0,1.05,1.0,,,,0,0,0,0,False,1.05625,1.0375,1.05625
2.575,1,609,ITERATING,True,1.030218,-2.131847,650,1.030062,1.030036,1.030095,1.030056,1.030062,dist_bus,650,1.030062,1.030062,1.030062,DISABLED,1.030218,1.0,1.0,True,1.0,1.05,1.0,,,,0,0,0,0,False,1.05625,1.0375,1.05625
2.58,1,610,NEXT_STEP,True,1.030217,-2.131942,650,1.030061,1.030035,1.030094,1.030055,1.030061,dist_bus,650,1.030061,1.030061,1.030061,DISABLED,1.030217,1.0,1.0,True,1.0,1.05,1.0,,,,0,0,0,0,False,1.05625,1.0375,1.05625
2.6,1,612,ITERATING,True,1.03021,-2.132282,650,1.030054,1.030028,1.030087,1.030048,1.030054,dist_bus,650,1.030054,1.030054,1.030054,DISABLED,1.03021,1.0,1.0,True,1.0,1.05,1.0,,,,0,0,0,0,False,1.05625,1.0375,1.05625
2.605,1,613,NEXT_STEP,True,1.030208,-2.132356,650,1.030052,1.030026,1.030085,1.030046,1.030052,dist_bus,650,1.030052,1.030052,1.030052,DISABLED,1.030208,1.0,1.0,True,1.0,1.05,1.0,,,,0,0,0,0,False,1.05625,1.0375,1.05625
2.625,1,615,ITERATING,True,1.0302,-2.132619,650,1.030044,1.030018,1.030077,1.030038,1.030044,dist_bus,650,1.030044,1.030044,1.030044,DISABLED,1.0302,1.0,1.0,True,1.0,1.05,1.0,,,,0,0,0,0,False,1.05625,1.0375,1.05625
2.63,1,616,NEXT_STEP,True,1.030198,-2.132676,650,1.030042,1.030016,1.030075,1.030036,1.030042,dist_bus,650,1.030042,1.030042,1.030042,DISABLED,1.030198,1.0,1.0,True,1.0,1.05,1.0,,,,0,0,0,0,False,1.05625,1.0375,1.05625
2.65,1,618,ITERATING,True,1.030189,-2.13288,650,1.030033,1.030007,1.030066,1.030027,1.030033,dist_bus,650,1.030033,1.030033,1.030033,DISABLED,1.030189,1.0,1.0,True,1.0,1.05,1.0,,,,0,0,0,0,False,1.05625,1.0375,1.05625
2.655,1,619,NEXT_STEP,True,1.030187,-2.132923,650,1.030031,1.030005,1.030064,1.030025,1.030031,dist_bus,650,1.030031,1.030031,1.030031,DISABLED,1.030187,1.0,1.0,True,1.0,1.05,1.0,,,,0,0,0,0,False,1.05625,1.0375,1.05625
2.675,1,621,ITERATING,True,1.030177,-2.133079,650,1.030021,1.029995,1.030054,1.030015,1.030021,dist_bus,650,1.030021,1.030021,1.030021,DISABLED,1.030177,1.0,1.0,True,1.0,1.05,1.0,,,,0,0,0,0,False,1.05625,1.0375,1.05625
2.68,1,622,NEXT_STEP,True,1.030175,-2.133112,650,1.030019,1.029993,1.030052,1.030013,1.030019,dist_bus,650,1.030019,1.030019,1.030019,DISABLED,1.030175,1.0,1.0,True,1.0,1.05,1.0,,,,0,0,0,0,False,1.05625,1.0375,1.05625
2.7,1,624,ITERATING,True,1.030166,-2.133231,650,1.03001,1.029984,1.030043,1.030004,1.03001,dist_bus,650,1.03001,1.03001,1.03001,DISABLED,1.030166,1.0,1.0,True,1.0,1.05,1.0,,,,0,0,0,0,False,1.05625,1.0375,1.05625
2.705,1,625,NEXT_STEP,True,1.030163,-2.133256,650,1.030007,1.029981,1.03004,1.030001,1.030007,dist_bus,650,1.030007,1.030007,1.030007,DISABLED,1.030163,1.0,1.0,True,1.0,1.05,1.0,,,,0,0,0,0,False,1.05625,1.0375,1.05625
2.725,1,627,ITERATING,True,1.030154,-2.133347,650,1.029998,1.029972,1.030031,1.029992,1.029998,dist_bus,650,1.029998,1.029998,1.029998,DISABLED,1.030154,1.0,1.0,True,1.0,1.05,1.0,,,,0,0,0,0,False,1.05625,1.0375,1.05625
2.73,1,628,NEXT_STEP,True,1.030151,-2.133366,650,1.029995,1.029969,1.030028,1.029989,1.029995,dist_bus,650,1.029995,1.029995,1.029995,DISABLED,1.030151,1.0,1.0,True,1.0,1.05,1.0,,,,0,0,0,0,False,1.05625,1.0375,1.05625
2.75,1,630,ITERATING,True,1.030142,-2.133435,650,1.029986,1.02996,1.030019,1.02998,1.029986,dist_bus,650,1.029986,1.029986,1.029986,DISABLED,1.030142,1.0,1.0,True,1.0,1.05,1.0,,,,0,0,0,0,False,1.05625,1.0375,1.05625
2.755,1,631,NEXT_STEP,True,1.03014,-2.133449,650,1.029984,1.029958,1.030017,1.029978,1.029984,dist_bus,650,1.029984,1.029984,1.029984,DISABLED,1.03014,1.0,1.0,True,1.0,1.05,1.0,,,,0,0,0,0,False,1.05625,1.0375,1.05625
2.775,1,633,ITERATING,True,1.030131,-2.1335,650,1.029975,1.029949,1.030008,1.029969,1.029975,dist_bus,650,1.029975,1.029975,1.029975,DISABLED,1.030131,1.0,1.0,True,1.0,1.05,1.0,,,,0,0,0,0,False,1.05625,1.0375,1.05625
2.78,1,634,NEXT_STEP,True,1.030129,-2.13351,650,1.029973,1.029947,1.030006,1.029967,1.029973,dist_bus,650,1.029973,1.029973,1.029973,DISABLED,1.030129,1.0,1.0,True,1.0,1.05,1.0,,,,0,0,0,0,False,1.05625,1.0375,1.05625
2.8,1,636,ITERATING,True,1.030121,-2.133545,650,1.029965,1.029939,1.029998,1.029959,1.029965,dist_bus,650,1.029965,1.029965,1.029965,DISABLED,1.030121,1.0,1.0,True,1.0,1.05,1.0,,,,0,0,0,0,False,1.05625,1.0375,1.05625
2.805,1,637,NEXT_STEP,True,1.030119,-2.13355,650,1.029963,1.029937,1.029996,1.029957,1.029963,dist_bus,650,1.029963,1.029963,1.029963,DISABLED,1.030119,1.0,1.0,True,1.0,1.05,1.0,,,,0,0,0,0,False,1.05625,1.0375,1.05625
2.825,1,639,ITERATING,True,1.030112,-2.133569,650,1.029956,1.02993,1.029989,1.02995,1.029956,dist_bus,650,1.029956,1.029956,1.029956,DISABLED,1.030112,1.0,1.0,True,1.0,1.05,1.0,,,,0,0,0,0,False,1.05625,1.0375,1.05625
2.83,1,640,NEXT_STEP,True,1.03011,-2.133571,650,1.029954,1.029928,1.029987,1.029948,1.029954,dist_bus,650,1.029954,1.029954,1.029954,DISABLED,1.03011,1.0,1.0,True,1.0,1.05,1.0,,,,0,0,0,0,False,1.05625,1.0375,1.05625
2.85,1,642,ITERATING,True,1.030103,-2.133571,650,1.029947,1.029921,1.02998,1.029941,1.029947,dist_bus,650,1.029947,1.029947,1.029947,DISABLED,1.030103,1.0,1.0,True,1.0,1.05,1.0,,,,0,0,0,0,False,1.05625,1.0375,1.05625
2.855,1,643,NEXT_STEP,True,1.030101,-2.133568,650,1.029945,1.029919,1.029978,1.029939,1.029945,dist_bus,650,1.029945,1.029945,1.029945,DISABLED,1.030101,1.0,1.0,True,1.0,1.05,1.0,,,,0,0,0,0,False,1.05625,1.0375,1.05625
2.875,1,645,ITERATING,True,1.030095,-2.133548,650,1.029939,1.029913,1.029972,1.029933,1.029939,dist_bus,650,1.029939,1.029939,1.029939,DISABLED,1.030095,1.0,1.0,True,1.0,1.05,1.0,,,,0,0,0,0,False,1.05625,1.0375,1.05625
2.88,1,646,NEXT_STEP,True,1.030094,-2.133539,650,1.029938,1.029912,1.029971,1.029932,1.029938,dist_bus,650,1.029938,1.029938,1.029938,DISABLED,1.030094,1.0,1.0,True,1.0,1.05,1.0,,,,0,0,0,0,False,1.05625,1.0375,1.05625
2.9,1,648,ITERATING,True,1.030089,-2.133493,650,1.029933,1.029907,1.029966,1.029927,1.029933,dist_bus,650,1.029933,1.029933,1.029933,DISABLED,1.030089,1.0,1.0,True,1.0,1.05,1.0,,,,0,0,0,0,False,1.05625,1.0375,1.05625
2.905,1,649,NEXT_STEP,True,1.030088,-2.133478,650,1.029932,1.029906,1.029965,1.029926,1.029932,dist_bus,650,1.029932,1.029932,1.029932,DISABLED,1.030088,1.0,1.0,True,1.0,1.05,1.0,,,,0,0,0,0,False,1.05625,1.0375,1.05625
2.925,1,651,ITERATING,True,1.030083,-2.133403,650,1.029927,1.029901,1.02996,1.029921,1.029927,dist_bus,650,1.029927,1.029927,1.029927,DISABLED,1.030083,1.0,1.0,True,1.0,1.05,1.0,,,,0,0,0,0,False,1.05625,1.0375,1.05625
2.93,1,652,NEXT_STEP,True,1.030082,-2.133379,650,1.029926,1.0299,1.029959,1.02992,1.029926,dist_bus,650,1.029926,1.029926,1.029926,DISABLED,1.030082,1.0,1.0,True,1.0,1.05,1.0,,,,0,0,0,0,False,1.05625,1.0375,1.05625
2.95,1,654,ITERATING,True,1.030078,-2.13327,650,1.029922,1.029896,1.029955,1.029916,1.029922,dist_bus,650,1.029922,1.029922,1.029922,DISABLED,1.030078,1.0,1.0,True,1.0,1.05,1.0,,,,0,0,0,0,False,1.05625,1.0375,1.05625
2.955,1,655,NEXT_STEP,True,1.030077,-2.133237,650,1.029921,1.029895,1.029954,1.029915,1.029921,dist_bus,650,1.029921,1.029921,1.029921,DISABLED,1.030077,1.0,1.0,True,1.0,1.05,1.0,,,,0,0,0,0,False,1.05625,1.0375,1.05625
2.975,1,657,ITERATING,True,1.030074,-2.133089,650,1.029918,1.029892,1.029951,1.029912,1.029918,dist_bus,650,1.029918,1.029918,1.029918,DISABLED,1.030074,1.0,1.0,True,1.0,1.05,1.0,,,,0,0,0,0,False,1.05625,1.0375,1.05625
2.98,1,658,NEXT_STEP,True,1.030073,-2.133046,650,1.029917,1.029891,1.02995,1.029911,1.029917,dist_bus,650,1.029917,1.029917,1.029917,DISABLED,1.030073,1.0,1.0,True,1.0,1.05,1.0,,,,0,0,0,0,False,1.05625,1.0375,1.05625
3.0,1,660,ITERATING,True,1.030071,-2.132854,650,1.029915,1.029889,1.029948,1.029909,1.029915,dist_bus,650,1.029915,1.029915,1.029915,DISABLED,1.030071,1.0,1.0,True,1.0,1.05,1.0,,,,0,0,0,0,False,1.05625,1.0375,1.05625
3.005,1,661,NEXT_STEP,True,1.03007,-2.1328,650,1.029914,1.029888,1.029947,1.029908,1.029914,dist_bus,650,1.029914,1.029914,1.029914,DISABLED,1.03007,1.0,1.0,True,1.0,1.05,1.0,,,,0,0,0,0,False,1.05625,1.0375,1.05625
3.025,1,663,ITERATING,True,1.030068,-2.132561,650,1.029912,1.029886,1.029945,1.029906,1.029912,dist_bus,650,1.029912,1.029912,1.029912,DISABLED,1.030068,1.0,1.0,True,1.0,1.05,1.0,,,,0,0,0,0,False,1.05625,1.0375,1.05625
3.03,1,664,NEXT_STEP,True,1.030067,-2.132495,650,1.029911,1.029885,1.029944,1.029905,1.029911,dist_bus,650,1.029911,1.029911,1.029911,DISABLED,1.030067,1.0,1.0,True,1.0,1.05,1.0,,,,0,0,0,0,False,1.05625,1.0375,1.05625
3.05,1,666,ITERATING,True,1.030065,-2.132205,650,1.029909,1.029883,1.029942,1.029903,1.029909,dist_bus,650,1.029909,1.029909,1.029909,DISABLED,1.030065,1.0,1.0,True,1.0,1.05,1.0,,,,0,0,0,0,False,1.05625,1.0375,1.05625
3.055,1,667,NEXT_STEP,True,1.030065,-2.132126,650,1.029909,1.029883,1.029942,1.029903,1.029909,dist_bus,650,1.029909,1.029909,1.029909,DISABLED,1.030065,1.0,1.0,True,1.0,1.05,1.0,,,,0,0,0,0,False,1.05625,1.0375,1.05625
3.075,1,669,ITERATING,True,1.030063,-2.131783,650,1.029907,1.029881,1.02994,1.029901,1.029907,dist_bus,650,1.029907,1.029907,1.029907,DISABLED,1.030063,1.0,1.0,True,1.0,1.05,1.0,,,,0,0,0,0,False,1.05625,1.0375,1.05625
3.08,1,670,NEXT_STEP,True,1.030063,-2.131691,650,1.029907,1.029881,1.02994,1.029901,1.029907,dist_bus,650,1.029907,1.029907,1.029907,DISABLED,1.030063,1.0,1.0,True,1.0,1.05,1.0,,,,0,0,0,0,False,1.05625,1.0375,1.05625
3.1,1,672,ITERATING,True,1.030061,-2.131293,650,1.029905,1.029879,1.029938,1.029899,1.029905,dist_bus,650,1.029905,1.029905,1.029905,DISABLED,1.030061,1.0,1.0,True,1.0,1.05,1.0,,,,0,0,0,0,False,1.05625,1.0375,1.05625
3.105,1,673,NEXT_STEP,True,1.030061,-2.131187,650,1.029905,1.029879,1.029938,1.029899,1.029905,dist_bus,650,1.029905,1.029905,1.029905,DISABLED,1.030061,1.0,1.0,True,1.0,1.05,1.0,,,,0,0,0,0,False,1.05625,1.0375,1.05625
3.125,1,675,ITERATING,True,1.03006,-2.130734,650,1.029904,1.029878,1.029937,1.029898,1.029904,dist_bus,650,1.029904,1.029904,1.029904,DISABLED,1.03006,1.0,1.0,True,1.0,1.05,1.0,,,,0,0,0,0,False,1.05625,1.0375,1.05625
3.13,1,676,NEXT_STEP,True,1.030059,-2.130613,650,1.029903,1.029877,1.029936,1.029897,1.029903,dist_bus,650,1.029903,1.029903,1.029903,DISABLED,1.030059,1.0,1.0,True,1.0,1.05,1.0,,,,0,0,0,0,False,1.05625,1.0375,1.05625
3.15,1,678,ITERATING,True,1.030058,-2.130105,650,1.029902,1.029876,1.029935,1.029896,1.029902,dist_bus,650,1.029902,1.029902,1.029902,DISABLED,1.030058,1.0,1.0,True,1.0,1.05,1.0,,,,0,0,0,0,False,1.05625,1.0375,1.05625
3.155,1,679,NEXT_STEP,True,1.030058,-2.129971,650,1.029902,1.029876,1.029935,1.029896,1.029902,dist_bus,650,1.029902,1.029902,1.029902,DISABLED,1.030058,1.0,1.0,True,1.0,1.05,1.0,,,,0,0,0,0,False,1.05625,1.0375,1.05625
3.175,1,681,ITERATING,True,1.030056,-2.129409,650,1.0299,1.029874,1.029933,1.029894,1.0299,dist_bus,650,1.0299,1.0299,1.0299,DISABLED,1.030056,1.0,1.0,True,1.0,1.05,1.0,,,,0,0,0,0,False,1.05625,1.0375,1.05625
3.18,1,682,NEXT_STEP,True,1.030056,-2.129262,650,1.0299,1.029874,1.029933,1.029894,1.0299,dist_bus,650,1.0299,1.0299,1.0299,DISABLED,1.030056,1.0,1.0,True,1.0,1.05,1.0,,,,0,0,0,0,False,1.05625,1.0375,1.05625
3.2,1,684,ITERATING,True,1.030055,-2.128648,650,1.029899,1.029873,1.029931,1.029893,1.029899,dist_bus,650,1.029899,1.029899,1.029899,DISABLED,1.030055,1.0,1.0,True,1.0,1.05,1.0,,,,0,0,0,0,False,1.05625,1.0375,1.05625
3.205,1,685,NEXT_STEP,True,1.030054,-2.128489,650,1.029898,1.029872,1.02993,1.029892,1.029898,dist_bus,650,1.029898,1.029898,1.029898,DISABLED,1.030054,1.0,1.0,True,1.0,1.05,1.0,,,,0,0,0,0,False,1.05625,1.0375,1.05625
3.225,1,687,ITERATING,True,1.030053,-2.127826,650,1.029897,1.029871,1.029929,1.029891,1.029897,dist_bus,650,1.029897,1.029897,1.029897,DISABLED,1.030053,1.0,1.0,True,1.0,1.05,1.0,,,,0,0,0,0,False,1.05625,1.0375,1.05625
3.23,1,688,NEXT_STEP,True,1.030053,-2.127655,650,1.029897,1.029871,1.029929,1.029891,1.029897,dist_bus,650,1.029897,1.029897,1.029897,DISABLED,1.030053,1.0,1.0,True,1.0,1.05,1.0,,,,0,0,0,0,False,1.05625,1.0375,1.05625
3.25,1,690,ITERATING,True,1.030051,-2.126948,650,1.029895,1.029869,1.029927,1.029889,1.029895,dist_bus,650,1.029895,1.029895,1.029895,DISABLED,1.030051,1.0,1.0,True,1.0,1.05,1.0,,,,0,0,0,0,False,1.05625,1.0375,1.05625
3.255,1,691,NEXT_STEP,True,1.030051,-2.126766,650,1.029895,1.029869,1.029927,1.029889,1.029895,dist_bus,650,1.029895,1.029895,1.029895,DISABLED,1.030051,1.0,1.0,True,1.0,1.05,1.0,,,,0,0,0,0,False,1.05625,1.0375,1.05625
3.275,1,693,ITERATING,True,1.030049,-2.126018,650,1.029893,1.029867,1.029925,1.029887,1.029893,dist_bus,650,1.029893,1.029893,1.029893,DISABLED,1.030049,1.0,1.0,True,1.0,1.05,1.0,,,,0,0,0,0,False,1.05625,1.0375,1.05625
3.28,1,694,NEXT_STEP,True,1.030049,-2.125827,650,1.029893,1.029867,1.029925,1.029887,1.029893,dist_bus,650,1.029893,1.029893,1.029893,DISABLED,1.030049,1.0,1.0,True,1.0,1.05,1.0,,,,0,0,0,0,False,1.05625,1.0375,1.05625
3.3,1,696,ITERATING,True,1.030048,-2.125044,650,1.029892,1.029866,1.029924,1.029886,1.029892,dist_bus,650,1.029892,1.029892,1.029892,DISABLED,1.030048,1.0,1.0,True,1.0,1.05,1.0,,,,0,0,0,0,False,1.05625,1.0375,1.05625
3.305,1,697,NEXT_STEP,True,1.030047,-2.124844,650,1.029891,1.029865,1.029923,1.029885,1.029891,dist_bus,650,1.029891,1.029891,1.029891,DISABLED,1.030047,1.0,1.0,True,1.0,1.05,1.0,,,,0,0,0,0,False,1.05625,1.0375,1.05625
3.325,1,699,ITERATING,True,1.030046,-2.12403,650,1.02989,1.029864,1.029922,1.029884,1.02989,dist_bus,650,1.02989,1.02989,1.02989,DISABLED,1.030046,1.0,1.0,True,1.0,1.05,1.0,,,,0,0,0,0,False,1.05625,1.0375,1.05625
3.33,1,700,NEXT_STEP,True,1.030045,-2.123823,650,1.029889,1.029863,1.029921,1.029883,1.029889,dist_bus,650,1.029889,1.029889,1.029889,DISABLED,1.030045,1.0,1.0,True,1.0,1.05,1.0,,,,0,0,0,0,False,1.05625,1.0375,1.05625
3.35,1,702,ITERATING,True,1.030044,-2.122985,650,1.029888,1.029862,1.02992,1.029882,1.029888,dist_bus,650,1.029888,1.029888,1.029888,DISABLED,1.030044,1.0,1.0,True,1.0,1.05,1.0,,,,0,0,0,0,False,1.05625,1.0375,1.05625
3.355,1,703,NEXT_STEP,True,1.030044,-2.122772,650,1.029888,1.029862,1.02992,1.029882,1.029888,dist_bus,650,1.029888,1.029888,1.029888,DISABLED,1.030044,1.0,1.0,True,1.0,1.05,1.0,,,,0,0,0,0,False,1.05625,1.0375,1.05625
3.375,1,705,ITERATING,True,1.030042,-2.121913,650,1.029886,1.02986,1.029918,1.02988,1.029886,dist_bus,650,1.029886,1.029886,1.029886,DISABLED,1.030042,1.0,1.0,True,1.0,1.05,1.0,,,,0,0,0,0,False,1.05625,1.0375,1.05625
3.38,1,706,NEXT_STEP,True,1.030042,-2.121696,650,1.029886,1.02986,1.029918,1.02988,1.029886,dist_bus,650,1.029886,1.029886,1.029886,DISABLED,1.030042,1.0,1.0,True,1.0,1.05,1.0,,,,0,0,0,0,False,1.05625,1.0375,1.05625
3.4,1,708,ITERATING,True,1.030041,-2.120821,650,1.029885,1.029859,1.029917,1.029879,1.029885,dist_bus,650,1.029885,1.029885,1.029885,DISABLED,1.030041,1.0,1.0,True,1.0,1.05,1.0,,,,0,0,0,0,False,1.05625,1.0375,1.05625
3.405,1,709,NEXT_STEP,True,1.03004,-2.1206,650,1.029884,1.029858,1.029916,1.029878,1.029884,dist_bus,650,1.029884,1.029884,1.029884,DISABLED,1.03004,1.0,1.0,True,1.0,1.05,1.0,,,,0,0,0,0,False,1.05625,1.0375,1.05625
3.425,1,711,ITERATING,True,1.030039,-2.119713,650,1.029883,1.029857,1.029915,1.029877,1.029883,dist_bus,650,1.029883,1.029883,1.029883,DISABLED,1.030039,1.0,1.0,True,1.0,1.05,1.0,,,,0,0,0,0,False,1.05625,1.0375,1.05625
3.43,1,712,NEXT_STEP,True,1.030039,-2.11949,650,1.029883,1.029857,1.029915,1.029877,1.029883,dist_bus,650,1.029883,1.029883,1.029883,DISABLED,1.030039,1.0,1.0,True,1.0,1.05,1.0,,,,0,0,0,0,False,1.05625,1.0375,1.05625
3.45,1,714,ITERATING,True,1.030038,-2.118595,650,1.029882,1.029856,1.029914,1.029876,1.029882,dist_bus,650,1.029882,1.029882,1.029882,DISABLED,1.030038,1.0,1.0,True,1.0,1.05,1.0,,,,0,0,0,0,False,1.05625,1.0375,1.05625
3.455,1,715,NEXT_STEP,True,1.030038,-2.11837,650,1.029882,1.029856,1.029914,1.029876,1.029882,dist_bus,650,1.029882,1.029882,1.029882,DISABLED,1.030038,1.0,1.0,True,1.0,1.05,1.0,,,,0,0,0,0,False,1.05625,1.0375,1.05625
3.475,1,717,ITERATING,True,1.030037,-2.117469,650,1.029881,1.029855,1.029913,1.029875,1.029881,dist_bus,650,1.029881,1.029881,1.029881,DISABLED,1.030037,1.0,1.0,True,1.0,1.05,1.0,,,,0,0,0,0,False,1.05625,1.0375,1.05625
3.48,1,718,NEXT_STEP,True,1.030037,-2.117243,650,1.029881,1.029855,1.029913,1.029875,1.029881,dist_bus,650,1.029881,1.029881,1.029881,DISABLED,1.030037,1.0,1.0,True,1.0,1.05,1.0,,,,0,0,0,0,False,1.05625,1.0375,1.05625
3.5,1,720,ITERATING,True,1.030036,-2.116339,650,1.02988,1.029854,1.029912,1.029874,1.02988,dist_bus,650,1.02988,1.02988,1.02988,DISABLED,1.030036,1.0,1.0,True,1.0,1.05,1.0,,,,0,0,0,0,False,1.05625,1.0375,1.05625
3.505,1,721,NEXT_STEP,True,1.030036,-2.116112,650,1.02988,1.029854,1.029912,1.029874,1.02988,dist_bus,650,1.02988,1.02988,1.02988,DISABLED,1.030036,1.0,1.0,True,1.0,1.05,1.0,,,,0,0,0,0,False,1.05625,1.0375,1.05625
3.525,1,723,ITERATING,True,1.030035,-2.115206,650,1.029879,1.029853,1.029911,1.029873,1.029879,dist_bus,650,1.029879,1.029879,1.029879,DISABLED,1.030035,1.0,1.0,True,1.0,1.05,1.0,,,,0,0,0,0,False,1.05625,1.0375,1.05625
3.53,1,724,NEXT_STEP,True,1.030035,-2.114979,650,1.029879,1.029853,1.029911,1.029873,1.029879,dist_bus,650,1.029879,1.029879,1.029879,DISABLED,1.030035,1.0,1.0,True,1.0,1.05,1.0,,,,0,0,0,0,False,1.05625,1.0375,1.05625
3.55,1,726,ITERATING,True,1.030035,-2.114073,650,1.029879,1.029853,1.029911,1.029873,1.029879,dist_bus,650,1.029879,1.029879,1.029879,DISABLED,1.030035,1.0,1.0,True,1.0,1.05,1.0,,,,0,0,0,0,False,1.05625,1.0375,1.05625
3.555,1,727,NEXT_STEP,True,1.030035,-2.113846,650,1.029879,1.029853,1.029911,1.029873,1.029879,dist_bus,650,1.029879,1.029879,1.029879,DISABLED,1.030035,1.0,1.0,True,1.0,1.05,1.0,,,,0,0,0,0,False,1.05625,1.0375,1.05625
3.575,1,729,ITERATING,True,1.030034,-2.11294,650,1.029878,1.029852,1.02991,1.029872,1.029878,dist_bus,650,1.029878,1.029878,1.029878,DISABLED,1.030034,1.0,1.0,True,1.0,1.05,1.0,,,,0,0,0,0,False,1.05625,1.0375,1.05625
3.58,1,730,NEXT_STEP,True,1.030034,-2.112713,650,1.029878,1.029852,1.02991,1.029872,1.029878,dist_bus,650,1.029878,1.029878,1.029878,DISABLED,1.030034,1.0,1.0,True,1.0,1.05,1.0,,,,0,0,0,0,False,1.05625,1.0375,1.05625
3.6,1,732,ITERATING,True,1.030034,-2.111807,650,1.029878,1.029852,1.02991,1.029872,1.029878,dist_bus,650,1.029878,1.029878,1.029878,DISABLED,1.030034,1.0,1.0,True,1.0,1.05,1.0,,,,0,0,0,0,False,1.05625,1.0375,1.05625
3.605,1,733,NEXT_STEP,True,1.030034,-2.11158,650,1.029878,1.029852,1.02991,1.029872,1.029878,dist_bus,650,1.029878,1.029878,1.029878,DISABLED,1.030034,1.0,1.0,True,1.0,1.05,1.0,,,,0,0,0,0,False,1.05625,1.0375,1.05625
3.625,1,735,ITERATING,True,1.030034,-2.110673,650,1.029878,1.029852,1.02991,1.029872,1.029878,dist_bus,650,1.029878,1.029878,1.029878,DISABLED,1.030034,1.0,1.0,True,1.0,1.05,1.0,,,,0,0,0,0,False,1.05625,1.0375,1.05625
3.63,1,736,NEXT_STEP,True,1.030034,-2.110447,650,1.029878,1.029852,1.02991,1.029872,1.029878,dist_bus,650,1.029878,1.029878,1.029878,DISABLED,1.030034,1.0,1.0,True,1.0,1.05,1.0,,,,0,0,0,0,False,1.05625,1.0375,1.05625
3.65,1,738,ITERATING,True,1.030034,-2.109539,650,1.029878,1.029852,1.02991,1.029872,1.029878,dist_bus,650,1.029878,1.029878,1.029878,DISABLED,1.030034,1.0,1.0,True,1.0,1.05,1.0,,,,0,0,0,0,False,1.05625,1.0375,1.05625
3.655,1,739,NEXT_STEP,True,1.030034,-2.109312,650,1.029878,1.029852,1.02991,1.029872,1.029878,dist_bus,650,1.029878,1.029878,1.029878,DISABLED,1.030034,1.0,1.0,True,1.0,1.05,1.0,,,,0,0,0,0,False,1.05625,1.0375,1.05625
3.675,1,741,ITERATING,True,1.030034,-2.108402,650,1.029878,1.029852,1.02991,1.029872,1.029878,dist_bus,650,1.029878,1.029878,1.029878,DISABLED,1.030034,1.0,1.0,True,1.0,1.05,1.0,,,,0,0,0,0,False,1.05625,1.0375,1.05625
3.68,1,742,NEXT_STEP,True,1.030034,-2.108174,650,1.029878,1.029852,1.02991,1.029872,1.029878,dist_bus,650,1.029878,1.029878,1.029878,DISABLED,1.030034,1.0,1.0,True,1.0,1.05,1.0,,,,0,0,0,0,False,1.05625,1.0375,1.05625
3.7,1,744,ITERATING,True,1.030035,-2.107261,650,1.029879,1.029853,1.029911,1.029873,1.029879,dist_bus,650,1.029879,1.029879,1.029879,DISABLED,1.030035,1.0,1.0,True,1.0,1.05,1.0,,,,0,0,0,0,False,1.05625,1.0375,1.05625
3.705,1,745,NEXT_STEP,True,1.030035,-2.107032,650,1.029879,1.029853,1.029911,1.029873,1.029879,dist_bus,650,1.029879,1.029879,1.029879,DISABLED,1.030035,1.0,1.0,True,1.0,1.05,1.0,,,,0,0,0,0,False,1.05625,1.0375,1.05625
3.725,1,747,ITERATING,True,1.030035,-2.106114,650,1.029879,1.029853,1.029911,1.029873,1.029879,dist_bus,650,1.029879,1.029879,1.029879,DISABLED,1.030035,1.0,1.0,True,1.0,1.05,1.0,,,,0,0,0,0,False,1.05625,1.0375,1.05625
3.73,1,748,NEXT_STEP,True,1.030035,-2.105884,650,1.029879,1.029853,1.029911,1.029873,1.029879,dist_bus,650,1.029879,1.029879,1.029879,DISABLED,1.030035,1.0,1.0,True,1.0,1.05,1.0,,,,0,0,0,0,False,1.05625,1.0375,1.05625
3.75,1,750,ITERATING,True,1.030035,-2.104959,650,1.029879,1.029853,1.029911,1.029873,1.029879,dist_bus,650,1.029879,1.029879,1.029879,DISABLED,1.030035,1.0,1.0,True,1.0,1.05,1.0,,,,0,0,0,0,False,1.05625,1.0375,1.05625
3.755,1,751,NEXT_STEP,True,1.030035,-2.104727,650,1.029879,1.029853,1.029911,1.029873,1.029879,dist_bus,650,1.029879,1.029879,1.029879,DISABLED,1.030035,1.0,1.0,True,1.0,1.05,1.0,,,,0,0,0,0,False,1.05625,1.0375,1.05625
3.775,1,753,ITERATING,True,1.030035,-2.103795,650,1.029879,1.029853,1.029911,1.029873,1.029879,dist_bus,650,1.029879,1.029879,1.029879,DISABLED,1.030035,1.0,1.0,True,1.0,1.05,1.0,,,,0,0,0,0,False,1.05625,1.0375,1.05625
3.78,1,754,NEXT_STEP,True,1.030035,-2.103561,650,1.029879,1.029853,1.029911,1.029873,1.029879,dist_bus,650,1.029879,1.029879,1.029879,DISABLED,1.030035,1.0,1.0,True,1.0,1.05,1.0,,,,0,0,0,0,False,1.05625,1.0375,1.05625
3.8,1,756,ITERATING,True,1.030035,-2.10262,650,1.029879,1.029853,1.029911,1.029873,1.029879,dist_bus,650,1.029879,1.029879,1.029879,DISABLED,1.030035,1.0,1.0,True,1.0,1.05,1.0,,,,0,0,0,0,False,1.05625,1.0375,1.05625
3.805,1,757,NEXT_STEP,True,1.030035,-2.102384,650,1.029879,1.029853,1.029911,1.029873,1.029879,dist_bus,650,1.029879,1.029879,1.029879,DISABLED,1.030035,1.0,1.0,True,1.0,1.05,1.0,,,,0,0,0,0,False,1.05625,1.0375,1.05625
3.825,1,759,ITERATING,True,1.030035,-2.101432,650,1.029879,1.029853,1.029911,1.029873,1.029879,dist_bus,650,1.029879,1.029879,1.029879,DISABLED,1.030035,1.0,1.0,True,1.0,1.05,1.0,,,,0,0,0,0,False,1.05625,1.0375,1.05625
3.83,1,760,NEXT_STEP,True,1.030035,-2.101193,650,1.029879,1.029853,1.029911,1.029873,1.029879,dist_bus,650,1.029879,1.029879,1.029879,DISABLED,1.030035,1.0,1.0,True,1.0,1.05,1.0,,,,0,0,0,0,False,1.05625,1.0375,1.05625
3.85,1,762,ITERATING,True,1.030035,-2.100231,650,1.029879,1.029853,1.029911,1.029873,1.029879,dist_bus,650,1.029879,1.029879,1.029879,DISABLED,1.030035,1.0,1.0,True,1.0,1.05,1.0,,,,0,0,0,0,False,1.05625,1.0375,1.05625
3.855,1,763,NEXT_STEP,True,1.030035,-2.099989,650,1.029879,1.029853,1.029911,1.029873,1.029879,dist_bus,650,1.029879,1.029879,1.029879,DISABLED,1.030035,1.0,1.0,True,1.0,1.05,1.0,,,,0,0,0,0,False,1.05625,1.0375,1.05625
3.875,1,765,ITERATING,True,1.030035,-2.099014,650,1.029879,1.029853,1.029911,1.029873,1.029879,dist_bus,650,1.029879,1.029879,1.029879,DISABLED,1.030035,1.0,1.0,True,1.0,1.05,1.0,,,,0,0,0,0,False,1.05625,1.0375,1.05625
3.88,1,766,NEXT_STEP,True,1.030034,-2.098769,650,1.029878,1.029852,1.02991,1.029872,1.029878,dist_bus,650,1.029878,1.029878,1.029878,DISABLED,1.030034,1.0,1.0,True,1.0,1.05,1.0,,,,0,0,0,0,False,1.05625,1.0375,1.05625
3.9,1,768,ITERATING,True,1.030034,-2.097783,650,1.029878,1.029852,1.02991,1.029872,1.029878,dist_bus,650,1.029878,1.029878,1.029878,DISABLED,1.030034,1.0,1.0,True,1.0,1.05,1.0,,,,0,0,0,0,False,1.05625,1.0375,1.05625
3.905,1,769,NEXT_STEP,True,1.030034,-2.097535,650,1.029878,1.029852,1.02991,1.029872,1.029878,dist_bus,650,1.029878,1.029878,1.029878,DISABLED,1.030034,1.0,1.0,True,1.0,1.05,1.0,,,,0,0,0,0,False,1.05625,1.0375,1.05625
3.925,1,771,ITERATING,True,1.030033,-2.096536,650,1.029877,1.029851,1.029909,1.029871,1.029877,dist_bus,650,1.029877,1.029877,1.029877,DISABLED,1.030033,1.0,1.0,True,1.0,1.05,1.0,,,,0,0,0,0,False,1.05625,1.0375,1.05625
3.93,1,772,NEXT_STEP,True,1.030033,-2.096285,650,1.029877,1.029851,1.029909,1.029871,1.029877,dist_bus,650,1.029877,1.029877,1.029877,DISABLED,1.030033,1.0,1.0,True,1.0,1.05,1.0,,,,0,0,0,0,False,1.05625,1.0375,1.05625
3.95,1,774,ITERATING,True,1.030032,-2.095274,650,1.029876,1.02985,1.029908,1.02987,1.029876,dist_bus,650,1.029876,1.029876,1.029876,DISABLED,1.030032,1.0,1.0,True,1.0,1.05,1.0,,,,0,0,0,0,False,1.05625,1.0375,1.05625
3.955,1,775,NEXT_STEP,True,1.030032,-2.09502,650,1.029876,1.02985,1.029908,1.02987,1.029876,dist_bus,650,1.029876,1.029876,1.029876,DISABLED,1.030032,1.0,1.0,True,1.0,1.05,1.0,,,,0,0,0,0,False,1.05625,1.0375,1.05625
3.975,1,777,ITERATING,True,1.030031,-2.093998,650,1.029875,1.029849,1.029907,1.029869,1.029875,dist_bus,650,1.029875,1.029875,1.029875,DISABLED,1.030031,1.0,1.0,True,1.0,1.05,1.0,,,,0,0,0,0,False,1.05625,1.0375,1.05625
3.98,1,778,NEXT_STEP,True,1.030031,-2.093741,650,1.029875,1.029849,1.029907,1.029869,1.029875,dist_bus,650,1.029875,1.029875,1.029875,DISABLED,1.030031,1.0,1.0,True,1.0,1.05,1.0,,,,0,0,0,0,False,1.05625,1.0375,1.05625
4.0,1,780,ITERATING,True,1.03003,-2.092709,650,1.029874,1.029848,1.029906,1.029868,1.029874,dist_bus,650,1.029874,1.029874,1.029874,DISABLED,1.03003,1.0,1.0,True,1.0,1.05,1.0,,,,0,0,0,0,False,1.05625,1.0375,1.05625
4.005,1,781,NEXT_STEP,True,1.03003,-2.092449,650,1.029874,1.029848,1.029906,1.029868,1.029874,dist_bus,650,1.029874,1.029874,1.029874,DISABLED,1.03003,1.0,1.0,True,1.0,1.05,1.0,,,,0,0,0,0,False,1.05625,1.0375,1.05625
4.025,1,783,ITERATING,True,1.030029,-2.091407,650,1.029873,1.029847,1.029905,1.029867,1.029873,dist_bus,650,1.029873,1.029873,1.029873,DISABLED,1.030029,1.0,1.0,True,1.0,1.05,1.0,,,,0,0,0,0,False,1.05625,1.0375,1.05625
4.03,1,784,NEXT_STEP,True,1.030029,-2.091145,650,1.029873,1.029847,1.029905,1.029867,1.029873,dist_bus,650,1.029873,1.029873,1.029873,DISABLED,1.030029,1.0,1.0,True,1.0,1.05,1.0,,,,0,0,0,0,False,1.05625,1.0375,1.05625
4.05,1,786,ITERATING,True,1.030027,-2.090095,650,1.029871,1.029845,1.029903,1.029865,1.029871,dist_bus,650,1.029871,1.029871,1.029871,DISABLED,1.030027,1.0,1.0,True,1.0,1.05,1.0,,,,0,0,0,0,False,1.05625,1.0375,1.05625
4.055,1,787,NEXT_STEP,True,1.030027,-2.089832,650,1.029871,1.029845,1.029903,1.029865,1.029871,dist_bus,650,1.029871,1.029871,1.029871,DISABLED,1.030027,1.0,1.0,True,1.0,1.05,1.0,,,,0,0,0,0,False,1.05625,1.0375,1.05625
4.075,1,789,ITERATING,True,1.030026,-2.088775,650,1.02987,1.029844,1.029902,1.029864,1.02987,dist_bus,650,1.02987,1.02987,1.02987,DISABLED,1.030026,1.0,1.0,True,1.0,1.05,1.0,,,,0,0,0,0,False,1.05625,1.0375,1.05625
4.08,1,790,NEXT_STEP,True,1.030026,-2.08851,650,1.02987,1.029844,1.029902,1.029864,1.02987,dist_bus,650,1.02987,1.02987,1.02987,DISABLED,1.030026,1.0,1.0,True,1.0,1.05,1.0,,,,0,0,0,0,False,1.05625,1.0375,1.05625
4.1,1,792,ITERATING,True,1.030024,-2.087449,650,1.029868,1.029842,1.0299,1.029862,1.029868,dist_bus,650,1.029868,1.029868,1.029868,DISABLED,1.030024,1.0,1.0,True,1.0,1.05,1.0,,,,0,0,0,0,False,1.05625,1.0375,1.05625
4.105,1,793,NEXT_STEP,True,1.030024,-2.087183,650,1.029868,1.029842,1.0299,1.029862,1.029868,dist_bus,650,1.029868,1.029868,1.029868,DISABLED,1.030024,1.0,1.0,True,1.0,1.05,1.0,,,,0,0,0,0,False,1.05625,1.0375,1.05625
4.125,1,795,ITERATING,True,1.030023,-2.086119,650,1.029867,1.029841,1.029899,1.029861,1.029867,dist_bus,650,1.029867,1.029867,1.029867,DISABLED,1.030023,1.0,1.0,True,1.0,1.05,1.0,,,,0,0,0,0,False,1.05625,1.0375,1.05625
4.13,1,796,NEXT_STEP,True,1.030023,-2.085852,650,1.029867,1.029841,1.029899,1.029861,1.029867,dist_bus,650,1.029867,1.029867,1.029867,DISABLED,1.030023,1.0,1.0,True,1.0,1.05,1.0,,,,0,0,0,0,False,1.05625,1.0375,1.05625
4.15,1,798,ITERATING,True,1.030021,-2.084786,650,1.029865,1.029839,1.029897,1.029859,1.029865,dist_bus,650,1.029865,1.029865,1.029865,DISABLED,1.030021,1.0,1.0,True,1.0,1.05,1.0,,,,0,0,0,0,False,1.05625,1.0375,1.05625
4.155,1,799,NEXT_STEP,True,1.030021,-2.08452,650,1.029865,1.029839,1.029897,1.029859,1.029865,dist_bus,650,1.029865,1.029865,1.029865,DISABLED,1.030021,1.0,1.0,True,1.0,1.05,1.0,,,,0,0,0,0,False,1.05625,1.0375,1.05625
4.175,1,801,ITERATING,True,1.03002,-2.083455,650,1.029864,1.029838,1.029896,1.029858,1.029864,dist_bus,650,1.029864,1.029864,1.029864,DISABLED,1.03002,1.0,1.0,True,1.0,1.05,1.0,,,,0,0,0,0,False,1.05625,1.0375,1.05625
4.18,1,802,NEXT_STEP,True,1.03002,-2.083189,650,1.029864,1.029838,1.029896,1.029858,1.029864,dist_bus,650,1.029864,1.029864,1.029864,DISABLED,1.03002,1.0,1.0,True,1.0,1.05,1.0,,,,0,0,0,0,False,1.05625,1.0375,1.05625
4.2,1,804,ITERATING,True,1.030018,-2.082126,650,1.029862,1.029836,1.029894,1.029856,1.029862,dist_bus,650,1.029862,1.029862,1.029862,DISABLED,1.030018,1.0,1.0,True,1.0,1.05,1.0,,,,0,0,0,0,False,1.05625,1.0375,1.05625
4.205,1,805,NEXT_STEP,True,1.030018,-2.08186,650,1.029862,1.029836,1.029894,1.029856,1.029862,dist_bus,650,1.029862,1.029862,1.029862,DISABLED,1.030018,1.0,1.0,True,1.0,1.05,1.0,,,,0,0,0,0,False,1.05625,1.0375,1.05625
4.225,1,807,ITERATING,True,1.030017,-2.080802,650,1.029861,1.029835,1.029893,1.029855,1.029861,dist_bus,650,1.029861,1.029861,1.029861,DISABLED,1.030017,1.0,1.0,True,1.0,1.05,1.0,,,,0,0,0,0,False,1.05625,1.0375,1.05625
4.23,1,808,NEXT_STEP,True,1.030017,-2.080538,650,1.029861,1.029835,1.029893,1.029855,1.029861,dist_bus,650,1.029861,1.029861,1.029861,DISABLED,1.030017,1.0,1.0,True,1.0,1.05,1.0,,,,0,0,0,0,False,1.05625,1.0375,1.05625
4.25,1,810,ITERATING,True,1.030016,-2.079485,650,1.02986,1.029834,1.029892,1.029854,1.02986,dist_bus,650,1.02986,1.02986,1.02986,DISABLED,1.030016,1.0,1.0,True,1.0,1.05,1.0,,,,0,0,0,0,False,1.05625,1.0375,1.05625
4.255,1,811,NEXT_STEP,True,1.030016,-2.079222,650,1.02986,1.029834,1.029892,1.029854,1.02986,dist_bus,650,1.02986,1.02986,1.02986,DISABLED,1.030016,1.0,1.0,True,1.0,1.05,1.0,,,,0,0,0,0,False,1.05625,1.0375,1.05625
4.275,1,813,ITERATING,True,1.030015,-2.078177,650,1.029859,1.029833,1.029891,1.029853,1.029859,dist_bus,650,1.029859,1.029859,1.029859,DISABLED,1.030015,1.0,1.0,True,1.0,1.05,1.0,,,,0,0,0,0,False,1.05625,1.0375,1.05625
4.28,1,814,NEXT_STEP,True,1.030014,-2.077916,650,1.029858,1.029832,1.02989,1.029852,1.029858,dist_bus,650,1.029858,1.029858,1.029858,DISABLED,1.030014,1.0,1.0,True,1.0,1.05,1.0,,,,0,0,0,0,False,1.05625,1.0375,1.05625
4.3,1,816,ITERATING,True,1.030014,-2.076879,650,1.029858,1.029832,1.02989,1.029852,1.029858,dist_bus,650,1.029858,1.029858,1.029858,DISABLED,1.030014,1.0,1.0,True,1.0,1.05,1.0,,,,0,0,0,0,False,1.05625,1.0375,1.05625
4.305,1,817,NEXT_STEP,True,1.030013,-2.076621,650,1.029857,1.029831,1.029889,1.029851,1.029857,dist_bus,650,1.029857,1.029857,1.029857,DISABLED,1.030013,1.0,1.0,True,1.0,1.05,1.0,,,,0,0,0,0,False,1.05625,1.0375,1.05625
4.325,1,819,ITERATING,True,1.030013,-2.075593,650,1.029857,1.029831,1.029889,1.029851,1.029857,dist_bus,650,1.029857,1.029857,1.029857,DISABLED,1.030013,1.0,1.0,True,1.0,1.05,1.0,,,,0,0,0,0,False,1.05625,1.0375,1.05625
4.33,1,820,NEXT_STEP,True,1.030013,-2.075337,650,1.029857,1.029831,1.029889,1.029851,1.029857,dist_bus,650,1.029857,1.029857,1.029857,DISABLED,1.030013,1.0,1.0,True,1.0,1.05,1.0,,,,0,0,0,0,False,1.05625,1.0375,1.05625
4.35,1,822,ITERATING,True,1.030012,-2.07432,650,1.029856,1.02983,1.029888,1.02985,1.029856,dist_bus,650,1.029856,1.029856,1.029856,DISABLED,1.030012,1.0,1.0,True,1.0,1.05,1.0,,,,0,0,0,0,False,1.05625,1.0375,1.05625
4.355,1,823,NEXT_STEP,True,1.030012,-2.074067,650,1.029856,1.02983,1.029888,1.02985,1.029856,dist_bus,650,1.029856,1.029856,1.029856,DISABLED,1.030012,1.0,1.0,True,1.0,1.05,1.0,,,,0,0,0,0,False,1.05625,1.0375,1.05625
4.375,1,825,ITERATING,True,1.030012,-2.073061,650,1.029856,1.02983,1.029888,1.02985,1.029856,dist_bus,650,1.029856,1.029856,1.029856,DISABLED,1.030012,1.0,1.0,True,1.0,1.05,1.0,,,,0,0,0,0,False,1.05625,1.0375,1.05625
4.38,1,826,NEXT_STEP,True,1.030011,-2.072811,650,1.029855,1.029829,1.029887,1.029849,1.029855,dist_bus,650,1.029855,1.029855,1.029855,DISABLED,1.030011,1.0,1.0,True,1.0,1.05,1.0,,,,0,0,0,0,False,1.05625,1.0375,1.05625
4.4,1,828,ITERATING,True,1.030011,-2.071817,650,1.029855,1.029829,1.029887,1.029849,1.029855,dist_bus,650,1.029855,1.029855,1.029855,DISABLED,1.030011,1.0,1.0,True,1.0,1.05,1.0,,,,0,0,0,0,False,1.05625,1.0375,1.05625
4.405,1,829,NEXT_STEP,True,1.030011,-2.07157,650,1.029855,1.029829,1.029887,1.029849,1.029855,dist_bus,650,1.029855,1.029855,1.029855,DISABLED,1.030011,1.0,1.0,True,1.0,1.05,1.0,,,,0,0,0,0,False,1.05625,1.0375,1.05625
4.425,1,831,ITERATING,True,1.030011,-2.070588,650,1.029855,1.029829,1.029887,1.029849,1.029855,dist_bus,650,1.029855,1.029855,1.029855,DISABLED,1.030011,1.0,1.0,True,1.0,1.05,1.0,,,,0,0,0,0,False,1.05625,1.0375,1.05625
4.43,1,832,NEXT_STEP,True,1.030011,-2.070344,650,1.029855,1.029829,1.029887,1.029849,1.029855,dist_bus,650,1.029855,1.029855,1.029855,DISABLED,1.030011,1.0,1.0,True,1.0,1.05,1.0,,,,0,0,0,0,False,1.05625,1.0375,1.05625
4.45,1,834,ITERATING,True,1.030011,-2.069374,650,1.029855,1.029829,1.029887,1.029849,1.029855,dist_bus,650,1.029855,1.029855,1.029855,DISABLED,1.030011,1.0,1.0,True,1.0,1.05,1.0,,,,0,0,0,0,False,1.05625,1.0375,1.05625
4.455,1,835,NEXT_STEP,True,1.030011,-2.069133,650,1.029855,1.029829,1.029887,1.029849,1.029855,dist_bus,650,1.029855,1.029855,1.029855,DISABLED,1.030011,1.0,1.0,True,1.0,1.05,1.0,,,,0,0,0,0,False,1.05625,1.0375,1.05625
4.475,1,837,ITERATING,True,1.03001,-2.068176,650,1.029854,1.029828,1.029886,1.029848,1.029854,dist_bus,650,1.029854,1.029854,1.029854,DISABLED,1.03001,1.0,1.0,True,1.0,1.05,1.0,,,,0,0,0,0,False,1.05625,1.0375,1.05625
4.48,1,838,NEXT_STEP,True,1.03001,-2.067938,650,1.029854,1.029828,1.029886,1.029848,1.029854,dist_bus,650,1.029854,1.029854,1.029854,DISABLED,1.03001,1.0,1.0,True,1.0,1.05,1.0,,,,0,0,0,0,False,1.05625,1.0375,1.05625
4.5,1,840,ITERATING,True,1.03001,-2.066992,650,1.029854,1.029828,1.029886,1.029848,1.029854,dist_bus,650,1.029854,1.029854,1.029854,DISABLED,1.03001,1.0,1.0,True,1.0,1.05,1.0,,,,0,0,0,0,False,1.05625,1.0375,1.05625
4.505,1,841,NEXT_STEP,True,1.03001,-2.066757,650,1.029854,1.029828,1.029886,1.029848,1.029854,dist_bus,650,1.029854,1.029854,1.029854,DISABLED,1.03001,1.0,1.0,True,1.0,1.05,1.0,,,,0,0,0,0,False,1.05625,1.0375,1.05625
4.525,1,843,ITERATING,True,1.030011,-2.065823,650,1.029855,1.029829,1.029887,1.029849,1.029855,dist_bus,650,1.029855,1.029855,1.029855,DISABLED,1.030011,1.0,1.0,True,1.0,1.05,1.0,,,,0,0,0,0,False,1.05625,1.0375,1.05625
4.53,1,844,NEXT_STEP,True,1.030011,-2.065592,650,1.029855,1.029829,1.029887,1.029849,1.029855,dist_bus,650,1.029855,1.029855,1.029855,DISABLED,1.030011,1.0,1.0,True,1.0,1.05,1.0,,,,0,0,0,0,False,1.05625,1.0375,1.05625
4.55,1,846,ITERATING,True,1.030011,-2.064669,650,1.029855,1.029829,1.029887,1.029849,1.029855,dist_bus,650,1.029855,1.029855,1.029855,DISABLED,1.030011,1.0,1.0,True,1.0,1.05,1.0,,,,0,0,0,0,False,1.05625,1.0375,1.05625
4.555,1,847,NEXT_STEP,True,1.030011,-2.06444,650,1.029855,1.029829,1.029887,1.029849,1.029855,dist_bus,650,1.029855,1.029855,1.029855,DISABLED,1.030011,1.0,1.0,True,1.0,1.05,1.0,,,,0,0,0,0,False,1.05625,1.0375,1.05625
4.575,1,849,ITERATING,True,1.030011,-2.063528,650,1.029855,1.029829,1.029887,1.029849,1.029855,dist_bus,650,1.029855,1.029855,1.029855,DISABLED,1.030011,1.0,1.0,True,1.0,1.05,1.0,,,,0,0,0,0,False,1.05625,1.0375,1.05625
4.58,1,850,NEXT_STEP,True,1.030011,-2.063302,650,1.029855,1.029829,1.029887,1.029849,1.029855,dist_bus,650,1.029855,1.029855,1.029855,DISABLED,1.030011,1.0,1.0,True,1.0,1.05,1.0,,,,0,0,0,0,False,1.05625,1.0375,1.05625
4.6,1,852,ITERATING,True,1.030011,-2.062401,650,1.029855,1.029829,1.029887,1.029849,1.029855,dist_bus,650,1.029855,1.029855,1.029855,DISABLED,1.030011,1.0,1.0,True,1.0,1.05,1.0,,,,0,0,0,0,False,1.05625,1.0375,1.05625
4.605,1,853,NEXT_STEP,True,1.030011,-2.062177,650,1.029855,1.029829,1.029887,1.029849,1.029855,dist_bus,650,1.029855,1.029855,1.029855,DISABLED,1.030011,1.0,1.0,True,1.0,1.05,1.0,,,,0,0,0,0,False,1.05625,1.0375,1.05625
4.625,1,855,ITERATING,True,1.030011,-2.061285,650,1.029855,1.029829,1.029887,1.029849,1.029855,dist_bus,650,1.029855,1.029855,1.029855,DISABLED,1.030011,1.0,1.0,True,1.0,1.05,1.0,,,,0,0,0,0,False,1.05625,1.0375,1.05625
4.63,1,856,NEXT_STEP,True,1.030011,-2.061064,650,1.029855,1.029829,1.029887,1.029849,1.029855,dist_bus,650,1.029855,1.029855,1.029855,DISABLED,1.030011,1.0,1.0,True,1.0,1.05,1.0,,,,0,0,0,0,False,1.05625,1.0375,1.05625
4.65,1,858,ITERATING,True,1.030011,-2.060182,650,1.029855,1.029829,1.029887,1.029849,1.029855,dist_bus,650,1.029855,1.029855,1.029855,DISABLED,1.030011,1.0,1.0,True,1.0,1.05,1.0,,,,0,0,0,0,False,1.05625,1.0375,1.05625
4.655,1,859,NEXT_STEP,True,1.030011,-2.059963,650,1.029855,1.029829,1.029887,1.029849,1.029855,dist_bus,650,1.029855,1.029855,1.029855,DISABLED,1.030011,1.0,1.0,True,1.0,1.05,1.0,,,,0,0,0,0,False,1.05625,1.0375,1.05625
4.675,1,861,ITERATING,True,1.030011,-2.059089,650,1.029855,1.029829,1.029887,1.029849,1.029855,dist_bus,650,1.029855,1.029855,1.029855,DISABLED,1.030011,1.0,1.0,True,1.0,1.05,1.0,,,,0,0,0,0,False,1.05625,1.0375,1.05625
4.68,1,862,NEXT_STEP,True,1.030011,-2.058872,650,1.029855,1.029829,1.029887,1.029849,1.029855,dist_bus,650,1.029855,1.029855,1.029855,DISABLED,1.030011,1.0,1.0,True,1.0,1.05,1.0,,,,0,0,0,0,False,1.05625,1.0375,1.05625
4.7,1,864,ITERATING,True,1.030011,-2.058008,650,1.029855,1.029829,1.029887,1.029849,1.029855,dist_bus,650,1.029855,1.029855,1.029855,DISABLED,1.030011,1.0,1.0,True,1.0,1.05,1.0,,,,0,0,0,0,False,1.05625,1.0375,1.05625
4.705,1,865,NEXT_STEP,True,1.030011,-2.057792,650,1.029855,1.029829,1.029887,1.029849,1.029855,dist_bus,650,1.029855,1.029855,1.029855,DISABLED,1.030011,1.0,1.0,True,1.0,1.05,1.0,,,,0,0,0,0,False,1.05625,1.0375,1.05625
4.725,1,867,ITERATING,True,1.030011,-2.056936,650,1.029855,1.029829,1.029887,1.029849,1.029855,dist_bus,650,1.029855,1.029855,1.029855,DISABLED,1.030011,1.0,1.0,True,1.0,1.05,1.0,,,,0,0,0,0,False,1.05625,1.0375,1.05625
4.73,1,868,NEXT_STEP,True,1.030011,-2.056722,650,1.029855,1.029829,1.029887,1.029849,1.029855,dist_bus,650,1.029855,1.029855,1.029855,DISABLED,1.030011,1.0,1.0,True,1.0,1.05,1.0,,,,0,0,0,0,False,1.05625,1.0375,1.05625
4.75,1,870,ITERATING,True,1.030011,-2.055873,650,1.029855,1.029829,1.029887,1.029849,1.029855,dist_bus,650,1.029855,1.029855,1.029855,DISABLED,1.030011,1.0,1.0,True,1.0,1.05,1.0,,,,0,0,0,0,False,1.05625,1.0375,1.05625
4.755,1,871,NEXT_STEP,True,1.030011,-2.055662,650,1.029855,1.029829,1.029887,1.029849,1.029855,dist_bus,650,1.029855,1.029855,1.029855,DISABLED,1.030011,1.0,1.0,True,1.0,1.05,1.0,,,,0,0,0,0,False,1.05625,1.0375,1.05625
4.775,1,873,ITERATING,True,1.030011,-2.054819,650,1.029855,1.029829,1.029887,1.029849,1.029855,dist_bus,650,1.029855,1.029855,1.029855,DISABLED,1.030011,1.0,1.0,True,1.0,1.05,1.0,,,,0,0,0,0,False,1.05625,1.0375,1.05625
4.78,1,874,NEXT_STEP,True,1.030011,-2.05461,650,1.029855,1.029829,1.029887,1.029849,1.029855,dist_bus,650,1.029855,1.029855,1.029855,DISABLED,1.030011,1.0,1.0,True,1.0,1.05,1.0,,,,0,0,0,0,False,1.05625,1.0375,1.05625
4.8,1,876,ITERATING,True,1.030011,-2.053775,650,1.029855,1.029829,1.029887,1.029849,1.029855,dist_bus,650,1.029855,1.029855,1.029855,DISABLED,1.030011,1.0,1.0,True,1.0,1.05,1.0,,,,0,0,0,0,False,1.05625,1.0375,1.05625
4.805,1,877,NEXT_STEP,True,1.030011,-2.053567,650,1.029855,1.029829,1.029887,1.029849,1.029855,dist_bus,650,1.029855,1.029855,1.029855,DISABLED,1.030011,1.0,1.0,True,1.0,1.05,1.0,,,,0,0,0,0,False,1.05625,1.0375,1.05625
4.825,1,879,ITERATING,True,1.030011,-2.052739,650,1.029855,1.029829,1.029887,1.029849,1.029855,dist_bus,650,1.029855,1.029855,1.029855,DISABLED,1.030011,1.0,1.0,True,1.0,1.05,1.0,,,,0,0,0,0,False,1.05625,1.0375,1.05625
4.83,1,880,NEXT_STEP,True,1.030011,-2.052533,650,1.029855,1.029829,1.029887,1.029849,1.029855,dist_bus,650,1.029855,1.029855,1.029855,DISABLED,1.030011,1.0,1.0,True,1.0,1.05,1.0,,,,0,0,0,0,False,1.05625,1.0375,1.05625
4.85,1,882,ITERATING,True,1.030011,-2.051712,650,1.029855,1.029829,1.029887,1.029849,1.029855,dist_bus,650,1.029855,1.029855,1.029855,DISABLED,1.030011,1.0,1.0,True,1.0,1.05,1.0,,,,0,0,0,0,False,1.05625,1.0375,1.05625
4.855,1,883,NEXT_STEP,True,1.03001,-2.051507,650,1.029854,1.029828,1.029886,1.029848,1.029854,dist_bus,650,1.029854,1.029854,1.029854,DISABLED,1.03001,1.0,1.0,True,1.0,1.05,1.0,,,,0,0,0,0,False,1.05625,1.0375,1.05625
4.875,1,885,ITERATING,True,1.03001,-2.050693,650,1.029854,1.029828,1.029886,1.029848,1.029854,dist_bus,650,1.029854,1.029854,1.029854,DISABLED,1.03001,1.0,1.0,True,1.0,1.05,1.0,,,,0,0,0,0,False,1.05625,1.0375,1.05625
4.88,1,886,NEXT_STEP,True,1.03001,-2.05049,650,1.029854,1.029828,1.029886,1.029848,1.029854,dist_bus,650,1.029854,1.029854,1.029854,DISABLED,1.03001,1.0,1.0,True,1.0,1.05,1.0,,,,0,0,0,0,False,1.05625,1.0375,1.05625
4.9,1,888,ITERATING,True,1.03001,-2.049683,650,1.029854,1.029828,1.029886,1.029848,1.029854,dist_bus,650,1.029854,1.029854,1.029854,DISABLED,1.03001,1.0,1.0,True,1.0,1.05,1.0,,,,0,0,0,0,False,1.05625,1.0375,1.05625
4.905,1,889,NEXT_STEP,True,1.03001,-2.049482,650,1.029854,1.029828,1.029886,1.029848,1.029854,dist_bus,650,1.029854,1.029854,1.029854,DISABLED,1.03001,1.0,1.0,True,1.0,1.05,1.0,,,,0,0,0,0,False,1.05625,1.0375,1.05625
4.925,1,891,ITERATING,True,1.030009,-2.048683,650,1.029853,1.029827,1.029885,1.029847,1.029853,dist_bus,650,1.029853,1.029853,1.029853,DISABLED,1.030009,1.0,1.0,True,1.0,1.05,1.0,,,,0,0,0,0,False,1.05625,1.0375,1.05625
4.93,1,892,NEXT_STEP,True,1.030009,-2.048483,650,1.029853,1.029827,1.029885,1.029847,1.029853,dist_bus,650,1.029853,1.029853,1.029853,DISABLED,1.030009,1.0,1.0,True,1.0,1.05,1.0,,,,0,0,0,0,False,1.05625,1.0375,1.05625
4.95,1,894,ITERATING,True,1.030009,-2.047691,650,1.029853,1.029827,1.029885,1.029847,1.029853,dist_bus,650,1.029853,1.029853,1.029853,DISABLED,1.030009,1.0,1.0,True,1.0,1.05,1.0,,,,0,0,0,0,False,1.05625,1.0375,1.05625
4.955,1,895,NEXT_STEP,True,1.030009,-2.047494,650,1.029853,1.029827,1.029885,1.029847,1.029853,dist_bus,650,1.029853,1.029853,1.029853,DISABLED,1.030009,1.0,1.0,True,1.0,1.05,1.0,,,,0,0,0,0,False,1.05625,1.0375,1.05625
4.975,1,897,ITERATING,True,1.030008,-2.04671,650,1.029852,1.029826,1.029884,1.029846,1.029852,dist_bus,650,1.029852,1.029852,1.029852,DISABLED,1.030008,1.0,1.0,True,1.0,1.05,1.0,,,,0,0,0,0,False,1.05625,1.0375,1.05625
4.98,1,898,NEXT_STEP,True,1.030008,-2.046515,650,1.029852,1.029826,1.029884,1.029846,1.029852,dist_bus,650,1.029852,1.029852,1.029852,DISABLED,1.030008,1.0,1.0,True,1.0,1.05,1.0,,,,0,0,0,0,False,1.05625,1.0375,1.05625
5.0,1,900,ITERATING,True,1.030007,-2.045738,650,1.029851,1.029825,1.029883,1.029845,1.029851,dist_bus,650,1.029851,1.029851,1.029851,DISABLED,1.030007,1.0,1.0,True,1.0,1.05,1.0,,,,0,0,0,0,False,1.05625,1.0375,1.05625
5.005,1,901,NEXT_STEP,True,1.030007,-2.045545,650,1.029851,1.029825,1.029883,1.029845,1.029851,dist_bus,650,1.029851,1.029851,1.029851,DISABLED,1.030007,1.0,1.0,True,1.0,1.05,1.0,,,,0,0,0,0,False,1.05625,1.0375,1.05625
5.025,1,903,ITERATING,True,1.030007,-2.044778,650,1.029851,1.029825,1.029883,1.029845,1.029851,dist_bus,650,1.029851,1.029851,1.029851,DISABLED,1.030007,1.0,1.0,True,1.0,1.05,1.0,,,,0,0,0,0,False,1.05625,1.0375,1.05625
5.03,1,904,NEXT_STEP,True,1.030007,-2.044587,650,1.029851,1.029825,1.029883,1.029845,1.029851,dist_bus,650,1.029851,1.029851,1.029851,DISABLED,1.030007,1.0,1.0,True,1.0,1.05,1.0,,,,0,0,0,0,False,1.05625,1.0375,1.05625
5.05,1,906,ITERATING,True,1.030006,-2.043829,650,1.02985,1.029824,1.029882,1.029844,1.02985,dist_bus,650,1.02985,1.02985,1.02985,DISABLED,1.030006,1.0,1.0,True,1.0,1.05,1.0,,,,0,0,0,0,False,1.05625,1.0375,1.05625
5.055,1,907,NEXT_STEP,True,1.030006,-2.04364,650,1.02985,1.029824,1.029882,1.029844,1.02985,dist_bus,650,1.02985,1.02985,1.02985,DISABLED,1.030006,1.0,1.0,True,1.0,1.05,1.0,,,,0,0,0,0,False,1.05625,1.0375,1.05625
5.075,1,909,ITERATING,True,1.030006,-2.042892,650,1.02985,1.029824,1.029882,1.029844,1.02985,dist_bus,650,1.02985,1.02985,1.02985,DISABLED,1.030006,1.0,1.0,True,1.0,1.05,1.0,,,,0,0,0,0,False,1.05625,1.0375,1.05625
5.08,1,910,NEXT_STEP,True,1.030005,-2.042706,650,1.029849,1.029823,1.029881,1.029843,1.029849,dist_bus,650,1.029849,1.029849,1.029849,DISABLED,1.030005,1.0,1.0,True,1.0,1.05,1.0,,,,0,0,0,0,False,1.05625,1.0375,1.05625
5.1,1,912,ITERATING,True,1.030005,-2.041967,650,1.029849,1.029823,1.029881,1.029843,1.029849,dist_bus,650,1.029849,1.029849,1.029849,DISABLED,1.030005,1.0,1.0,True,1.0,1.05,1.0,,,,0,0,0,0,False,1.05625,1.0375,1.05625
5.105,1,913,NEXT_STEP,True,1.030005,-2.041783,650,1.029849,1.029823,1.029881,1.029843,1.029849,dist_bus,650,1.029849,1.029849,1.029849,DISABLED,1.030005,1.0,1.0,True,1.0,1.05,1.0,,,,0,0,0,0,False,1.05625,1.0375,1.05625
5.125,1,915,ITERATING,True,1.030004,-2.041055,650,1.029848,1.029822,1.02988,1.029842,1.029848,dist_bus,650,1.029848,1.029848,1.029848,DISABLED,1.030004,1.0,1.0,True,1.0,1.05,1.0,,,,0,0,0,0,False,1.05625,1.0375,1.05625
5.13,1,916,NEXT_STEP,True,1.030004,-2.040874,650,1.029848,1.029822,1.02988,1.029842,1.029848,dist_bus,650,1.029848,1.029848,1.029848,DISABLED,1.030004,1.0,1.0,True,1.0,1.05,1.0,,,,0,0,0,0,False,1.05625,1.0375,1.05625
5.15,1,918,ITERATING,True,1.030004,-2.040156,650,1.029848,1.029822,1.02988,1.029842,1.029848,dist_bus,650,1.029848,1.029848,1.029848,DISABLED,1.030004,1.0,1.0,True,1.0,1.05,1.0,,,,0,0,0,0,False,1.05625,1.0375,1.05625
5.155,1,919,NEXT_STEP,True,1.030004,-2.039978,650,1.029848,1.029822,1.02988,1.029842,1.029848,dist_bus,650,1.029848,1.029848,1.029848,DISABLED,1.030004,1.0,1.0,True,1.0,1.05,1.0,,,,0,0,0,0,False,1.05625,1.0375,1.05625
5.175,1,921,ITERATING,True,1.030003,-2.039272,650,1.029847,1.029821,1.029879,1.029841,1.029847,dist_bus,650,1.029847,1.029847,1.029847,DISABLED,1.030003,1.0,1.0,True,1.0,1.05,1.0,,,,0,0,0,0,False,1.05625,1.0375,1.05625
5.18,1,922,NEXT_STEP,True,1.030003,-2.039096,650,1.029847,1.029821,1.029879,1.029841,1.029847,dist_bus,650,1.029847,1.029847,1.029847,DISABLED,1.030003,1.0,1.0,True,1.0,1.05,1.0,,,,0,0,0,0,False,1.05625,1.0375,1.05625
5.2,1,924,ITERATING,True,1.030003,-2.038402,650,1.029847,1.029821,1.029879,1.029841,1.029847,dist_bus,650,1.029847,1.029847,1.029847,DISABLED,1.030003,1.0,1.0,True,1.0,1.05,1.0,,,,0,0,0,0,False,1.05625,1.0375,1.05625
5.205,1,925,NEXT_STEP,True,1.030003,-2.038229,650,1.029847,1.029821,1.029879,1.029841,1.029847,dist_bus,650,1.029847,1.029847,1.029847,DISABLED,1.030003,1.0,1.0,True,1.0,1.05,1.0,,,,0,0,0,0,False,1.05625,1.0375,1.05625
5.225,1,927,ITERATING,True,1.030002,-2.037546,650,1.029846,1.02982,1.029878,1.02984,1.029846,dist_bus,650,1.029846,1.029846,1.029846,DISABLED,1.030002,1.0,1.0,True,1.0,1.05,1.0,,,,0,0,0,0,False,1.05625,1.0375,1.05625
5.23,1,928,NEXT_STEP,True,1.030002,-2.037377,650,1.029846,1.02982,1.029878,1.02984,1.029846,dist_bus,650,1.029846,1.029846,1.029846,DISABLED,1.030002,1.0,1.0,True,1.0,1.05,1.0,,,,0,0,0,0,False,1.05625,1.0375,1.05625
5.25,1,930,ITERATING,True,1.030002,-2.036706,650,1.029846,1.02982,1.029878,1.02984,1.029846,dist_bus,650,1.029846,1.029846,1.029846,DISABLED,1.030002,1.0,1.0,True,1.0,1.05,1.0,,,,0,0,0,0,False,1.05625,1.0375,1.05625
5.255,1,931,NEXT_STEP,True,1.030002,-2.036539,650,1.029846,1.02982,1.029878,1.02984,1.029846,dist_bus,650,1.029846,1.029846,1.029846,DISABLED,1.030002,1.0,1.0,True,1.0,1.05,1.0,,,,0,0,0,0,False,1.05625,1.0375,1.05625
5.275,1,933,ITERATING,True,1.030002,-2.035881,650,1.029846,1.02982,1.029878,1.02984,1.029846,dist_bus,650,1.029846,1.029846,1.029846,DISABLED,1.030002,1.0,1.0,True,1.0,1.05,1.0,,,,0,0,0,0,False,1.05625,1.0375,1.05625
5.28,1,934,NEXT_STEP,True,1.030002,-2.035718,650,1.029846,1.02982,1.029878,1.02984,1.029846,dist_bus,650,1.029846,1.029846,1.029846,DISABLED,1.030002,1.0,1.0,True,1.0,1.05,1.0,,,,0,0,0,0,False,1.05625,1.0375,1.05625
5.3,1,936,ITERATING,True,1.030001,-2.035071,650,1.029845,1.029819,1.029877,1.029839,1.029845,dist_bus,650,1.029845,1.029845,1.029845,DISABLED,1.030001,1.0,1.0,True,1.0,1.05,1.0,,,,0,0,0,0,False,1.05625,1.0375,1.05625
5.305,1,937,NEXT_STEP,True,1.030001,-2.034911,650,1.029845,1.029819,1.029877,1.029839,1.029845,dist_bus,650,1.029845,1.029845,1.029845,DISABLED,1.030001,1.0,1.0,True,1.0,1.05,1.0,,,,0,0,0,0,False,1.05625,1.0375,1.05625
5.325,1,939,ITERATING,True,1.030001,-2.034277,650,1.029845,1.029819,1.029877,1.029839,1.029845,dist_bus,650,1.029845,1.029845,1.029845,DISABLED,1.030001,1.0,1.0,True,1.0,1.05,1.0,,,,0,0,0,0,False,1.05625,1.0375,1.05625
5.33,1,940,NEXT_STEP,True,1.030001,-2.03412,650,1.029845,1.029819,1.029877,1.029839,1.029845,dist_bus,650,1.029845,1.029845,1.029845,DISABLED,1.030001,1.0,1.0,True,1.0,1.05,1.0,,,,0,0,0,0,False,1.05625,1.0375,1.05625
5.35,1,942,ITERATING,True,1.030001,-2.033499,650,1.029845,1.029819,1.029877,1.029839,1.029845,dist_bus,650,1.029845,1.029845,1.029845,DISABLED,1.030001,1.0,1.0,True,1.0,1.05,1.0,,,,0,0,0,0,False,1.05625,1.0375,1.05625
5.355,1,943,NEXT_STEP,True,1.030001,-2.033345,650,1.029845,1.029819,1.029877,1.029839,1.029845,dist_bus,650,1.029845,1.029845,1.029845,DISABLED,1.030001,1.0,1.0,True,1.0,1.05,1.0,,,,0,0,0,0,False,1.05625,1.0375,1.05625
5.375,1,945,ITERATING,True,1.030001,-2.032736,650,1.029845,1.029819,1.029877,1.029839,1.029845,dist_bus,650,1.029845,1.029845,1.029845,DISABLED,1.030001,1.0,1.0,True,1.0,1.05,1.0,,,,0,0,0,0,False,1.05625,1.0375,1.05625
5.38,1,946,NEXT_STEP,True,1.030001,-2.032586,650,1.029845,1.029819,1.029877,1.029839,1.029845,dist_bus,650,1.029845,1.029845,1.029845,DISABLED,1.030001,1.0,1.0,True,1.0,1.05,1.0,,,,0,0,0,0,False,1.05625,1.0375,1.05625
5.4,1,948,ITERATING,True,1.03,-2.031989,650,1.029844,1.029818,1.029876,1.029838,1.029844,dist_bus,650,1.029844,1.029844,1.029844,DISABLED,1.03,1.0,1.0,True,1.0,1.05,1.0,,,,0,0,0,0,False,1.05625,1.0375,1.05625
5.405,1,949,NEXT_STEP,True,1.03,-2.031842,650,1.029844,1.029818,1.029876,1.029838,1.029844,dist_bus,650,1.029844,1.029844,1.029844,DISABLED,1.03,1.0,1.0,True,1.0,1.05,1.0,,,,0,0,0,0,False,1.05625,1.0375,1.05625
5.425,1,951,ITERATING,True,1.03,-2.031258,650,1.029844,1.029818,1.029876,1.029838,1.029844,dist_bus,650,1.029844,1.029844,1.029844,DISABLED,1.03,1.0,1.0,True,1.0,1.05,1.0,,,,0,0,0,0,False,1.05625,1.0375,1.05625
5.43,1,952,NEXT_STEP,True,1.03,-2.031114,650,1.029844,1.029818,1.029876,1.029838,1.029844,dist_bus,650,1.029844,1.029844,1.029844,DISABLED,1.03,1.0,1.0,True,1.0,1.05,1.0,,,,0,0,0,0,False,1.05625,1.0375,1.05625
5.45,1,954,ITERATING,True,1.03,-2.030542,650,1.029844,1.029818,1.029876,1.029838,1.029844,dist_bus,650,1.029844,1.029844,1.029844,DISABLED,1.03,1.0,1.0,True,1.0,1.05,1.0,,,,0,0,0,0,False,1.05625,1.0375,1.05625
5.455,1,955,NEXT_STEP,True,1.03,-2.030401,650,1.029844,1.029818,1.029876,1.029838,1.029844,dist_bus,650,1.029844,1.029844,1.029844,DISABLED,1.03,1.0,1.0,True,1.0,1.05,1.0,,,,0,0,0,0,False,1.05625,1.0375,1.05625
5.475,1,957,ITERATING,True,1.03,-2.029841,650,1.029844,1.029818,1.029876,1.029838,1.029844,dist_bus,650,1.029844,1.029844,1.029844,DISABLED,1.03,1.0,1.0,True,1.0,1.05,1.0,,,,0,0,0,0,False,1.05625,1.0375,1.05625
5.48,1,958,NEXT_STEP,True,1.03,-2.029703,650,1.029844,1.029818,1.029876,1.029838,1.029844,dist_bus,650,1.029844,1.029844,1.029844,DISABLED,1.03,1.0,1.0,True,1.0,1.05,1.0,,,,0,0,0,0,False,1.05625,1.0375,1.05625
5.5,1,960,ITERATING,True,1.03,-2.029155,650,1.029844,1.029818,1.029876,1.029838,1.029844,dist_bus,650,1.029844,1.029844,1.029844,DISABLED,1.03,1.0,1.0,True,1.0,1.05,1.0,,,,0,0,0,0,False,1.05625,1.0375,1.05625
5.505,1,961,NEXT_STEP,True,1.03,-2.02902,650,1.029844,1.029818,1.029876,1.029838,1.029844,dist_bus,650,1.029844,1.029844,1.029844,DISABLED,1.03,1.0,1.0,True,1.0,1.05,1.0,,,,0,0,0,0,False,1.05625,1.0375,1.05625
5.525,1,963,ITERATING,True,1.03,-2.028484,650,1.029844,1.029818,1.029876,1.029838,1.029844,dist_bus,650,1.029844,1.029844,1.029844,DISABLED,1.03,1.0,1.0,True,1.0,1.05,1.0,,,,0,0,0,0,False,1.05625,1.0375,1.05625
5.53,1,964,NEXT_STEP,True,1.03,-2.028351,650,1.029844,1.029818,1.029876,1.029838,1.029844,dist_bus,650,1.029844,1.029844,1.029844,DISABLED,1.03,1.0,1.0,True,1.0,1.05,1.0,,,,0,0,0,0,False,1.05625,1.0375,1.05625
5.55,1,966,ITERATING,True,1.03,-2.027827,650,1.029844,1.029818,1.029876,1.029838,1.029844,dist_bus,650,1.029844,1.029844,1.029844,DISABLED,1.03,1.0,1.0,True,1.0,1.05,1.0,,,,0,0,0,0,False,1.05625,1.0375,1.05625
5.555,1,967,NEXT_STEP,True,1.03,-2.027698,650,1.029844,1.029818,1.029876,1.029838,1.029844,dist_bus,650,1.029844,1.029844,1.029844,DISABLED,1.03,1.0,1.0,True,1.0,1.05,1.0,,,,0,0,0,0,False,1.05625,1.0375,1.05625
5.575,1,969,ITERATING,True,1.03,-2.027184,650,1.029844,1.029818,1.029876,1.029838,1.029844,dist_bus,650,1.029844,1.029844,1.029844,DISABLED,1.03,1.0,1.0,True,1.0,1.05,1.0,,,,0,0,0,0,False,1.05625,1.0375,1.05625
5.58,1,970,NEXT_STEP,True,1.03,-2.027058,650,1.029844,1.029818,1.029876,1.029838,1.029844,dist_bus,650,1.029844,1.029844,1.029844,DISABLED,1.03,1.0,1.0,True,1.0,1.05,1.0,,,,0,0,0,0,False,1.05625,1.0375,1.05625
5.6,1,972,ITERATING,True,1.03,-2.026556,650,1.029844,1.029818,1.029876,1.029838,1.029844,dist_bus,650,1.029844,1.029844,1.029844,DISABLED,1.03,1.0,1.0,True,1.0,1.05,1.0,,,,0,0,0,0,False,1.05625,1.0375,1.05625
5.605,1,973,NEXT_STEP,True,1.03,-2.026431,650,1.029844,1.029818,1.029876,1.029838,1.029844,dist_bus,650,1.029844,1.029844,1.029844,DISABLED,1.03,1.0,1.0,True,1.0,1.05,1.0,,,,0,0,0,0,False,1.05625,1.0375,1.05625
5.625,1,975,ITERATING,True,1.03,-2.02594,650,1.029844,1.029818,1.029876,1.029838,1.029844,dist_bus,650,1.029844,1.029844,1.029844,DISABLED,1.03,1.0,1.0,True,1.0,1.05,1.0,,,,0,0,0,0,False,1.05625,1.0375,1.05625
5.63,1,976,NEXT_STEP,True,1.03,-2.025819,650,1.029844,1.029818,1.029876,1.029838,1.029844,dist_bus,650,1.029844,1.029844,1.029844,DISABLED,1.03,1.0,1.0,True,1.0,1.05,1.0,,,,0,0,0,0,False,1.05625,1.0375,1.05625
5.65,1,978,ITERATING,True,1.029999,-2.025338,650,1.029843,1.029817,1.029875,1.029837,1.029843,dist_bus,650,1.029843,1.029843,1.029843,DISABLED,1.029999,1.0,1.0,True,1.0,1.05,1.0,,,,0,0,0,0,False,1.05625,1.0375,1.05625
5.655,1,979,NEXT_STEP,True,1.029999,-2.025219,650,1.029843,1.029817,1.029875,1.029837,1.029843,dist_bus,650,1.029843,1.029843,1.029843,DISABLED,1.029999,1.0,1.0,True,1.0,1.05,1.0,,,,0,0,0,0,False,1.05625,1.0375,1.05625
5.675,1,981,ITERATING,True,1.029999,-2.024749,650,1.029843,1.029817,1.029875,1.029837,1.029843,dist_bus,650,1.029843,1.029843,1.029843,DISABLED,1.029999,1.0,1.0,True,1.0,1.05,1.0,,,,0,0,0,0,False,1.05625,1.0375,1.05625
5.68,1,982,NEXT_STEP,True,1.029999,-2.024633,650,1.029843,1.029817,1.029875,1.029837,1.029843,dist_bus,650,1.029843,1.029843,1.029843,DISABLED,1.029999,1.0,1.0,True,1.0,1.05,1.0,,,,0,0,0,0,False,1.05625,1.0375,1.05625
5.7,1,984,ITERATING,True,1.029999,-2.024172,650,1.029843,1.029817,1.029875,1.029837,1.029843,dist_bus,650,1.029843,1.029843,1.029843,DISABLED,1.029999,1.0,1.0,True,1.0,1.05,1.0,,,,0,0,0,0,False,1.05625,1.0375,1.05625
5.705,1,985,NEXT_STEP,True,1.029999,-2.024059,650,1.029843,1.029817,1.029875,1.029837,1.029843,dist_bus,650,1.029843,1.029843,1.029843,DISABLED,1.029999,1.0,1.0,True,1.0,1.05,1.0,,,,0,0,0,0,False,1.05625,1.0375,1.05625
5.725,1,987,ITERATING,True,1.029999,-2.023608,650,1.029843,1.029817,1.029875,1.029837,1.029843,dist_bus,650,1.029843,1.029843,1.029843,DISABLED,1.029999,1.0,1.0,True,1.0,1.05,1.0,,,,0,0,0,0,False,1.05625,1.0375,1.05625
5.73,1,988,NEXT_STEP,True,1.029999,-2.023497,650,1.029843,1.029817,1.029875,1.029837,1.029843,dist_bus,650,1.029843,1.029843,1.029843,DISABLED,1.029999,1.0,1.0,True,1.0,1.05,1.0,,,,0,0,0,0,False,1.05625,1.0375,1.05625
5.75,1,990,ITERATING,True,1.029999,-2.023057,650,1.029843,1.029817,1.029875,1.029837,1.029843,dist_bus,650,1.029843,1.029843,1.029843,DISABLED,1.029999,1.0,1.0,True,1.0,1.05,1.0,,,,0,0,0,0,False,1.05625,1.0375,1.05625
5.755,1,991,NEXT_STEP,True,1.029999,-2.022948,650,1.029843,1.029817,1.029875,1.029837,1.029843,dist_bus,650,1.029843,1.029843,1.029843,DISABLED,1.029999,1.0,1.0,True,1.0,1.05,1.0,,,,0,0,0,0,False,1.05625,1.0375,1.05625
5.775,1,993,ITERATING,True,1.029999,-2.022517,650,1.029843,1.029817,1.029875,1.029837,1.029843,dist_bus,650,1.029843,1.029843,1.029843,DISABLED,1.029999,1.0,1.0,True,1.0,1.05,1.0,,,,0,0,0,0,False,1.05625,1.0375,1.05625
5.78,1,994,NEXT_STEP,True,1.029999,-2.02241,650,1.029843,1.029817,1.029875,1.029837,1.029843,dist_bus,650,1.029843,1.029843,1.029843,DISABLED,1.029999,1.0,1.0,True,1.0,1.05,1.0,,,,0,0,0,0,False,1.05625,1.0375,1.05625
5.8,1,996,ITERATING,True,1.029999,-2.021989,650,1.029843,1.029817,1.029875,1.029837,1.029843,dist_bus,650,1.029843,1.029843,1.029843,DISABLED,1.029999,1.0,1.0,True,1.0,1.05,1.0,,,,0,0,0,0,False,1.05625,1.0375,1.05625
5.805,1,997,NEXT_STEP,True,1.029999,-2.021885,650,1.029843,1.029817,1.029875,1.029837,1.029843,dist_bus,650,1.029843,1.029843,1.029843,DISABLED,1.029999,1.0,1.0,True,1.0,1.05,1.0,,,,0,0,0,0,False,1.05625,1.0375,1.05625
5.825,1,999,ITERATING,True,1.029998,-2.021473,650,1.029842,1.029816,1.029874,1.029836,1.029842,dist_bus,650,1.029842,1.029842,1.029842,DISABLED,1.029998,1.0,1.0,True,1.0,1.05,1.0,,,,0,0,0,0,False,1.05625,1.0375,1.05625
5.83,1,1000,NEXT_STEP,True,1.029998,-2.021371,650,1.029842,1.029816,1.029874,1.029836,1.029842,dist_bus,650,1.029842,1.029842,1.029842,DISABLED,1.029998,1.0,1.0,True,1.0,1.05,1.0,,,,0,0,0,0,False,1.05625,1.0375,1.05625
5.85,1,1002,ITERATING,True,1.029998,-2.020968,650,1.029842,1.029816,1.029874,1.029836,1.029842,dist_bus,650,1.029842,1.029842,1.029842,DISABLED,1.029998,1.0,1.0,True,1.0,1.05,1.0,,,,0,0,0,0,False,1.05625,1.0375,1.05625
5.855,1,1003,NEXT_STEP,True,1.029998,-2.020869,650,1.029842,1.029816,1.029874,1.029836,1.029842,dist_bus,650,1.029842,1.029842,1.029842,DISABLED,1.029998,1.0,1.0,True,1.0,1.05,1.0,,,,0,0,0,0,False,1.05625,1.0375,1.05625
5.875,1,1005,ITERATING,True,1.029998,-2.020475,650,1.029842,1.029816,1.029874,1.029836,1.029842,dist_bus,650,1.029842,1.029842,1.029842,DISABLED,1.029998,1.0,1.0,True,1.0,1.05,1.0,,,,0,0,0,0,False,1.05625,1.0375,1.05625
5.88,1,1006,NEXT_STEP,True,1.029998,-2.020378,650,1.029842,1.029816,1.029874,1.029836,1.029842,dist_bus,650,1.029842,1.029842,1.029842,DISABLED,1.029998,1.0,1.0,True,1.0,1.05,1.0,,,,0,0,0,0,False,1.05625,1.0375,1.05625
5.9,1,1008,ITERATING,True,1.029998,-2.019993,650,1.029842,1.029816,1.029874,1.029836,1.029842,dist_bus,650,1.029842,1.029842,1.029842,DISABLED,1.029998,1.0,1.0,True,1.0,1.05,1.0,,,,0,0,0,0,False,1.05625,1.0375,1.05625
5.905,1,1009,NEXT_STEP,True,1.029998,-2.019898,650,1.029842,1.029816,1.029874,1.029836,1.029842,dist_bus,650,1.029842,1.029842,1.029842,DISABLED,1.029998,1.0,1.0,True,1.0,1.05,1.0,,,,0,0,0,0,False,1.05625,1.0375,1.05625
5.925,1,1011,ITERATING,True,1.029998,-2.019522,650,1.029842,1.029816,1.029874,1.029836,1.029842,dist_bus,650,1.029842,1.029842,1.029842,DISABLED,1.029998,1.0,1.0,True,1.0,1.05,1.0,,,,0,0,0,0,False,1.05625,1.0375,1.05625
5.93,1,1012,NEXT_STEP,True,1.029998,-2.01943,650,1.029842,1.029816,1.029874,1.029836,1.029842,dist_bus,650,1.029842,1.029842,1.029842,DISABLED,1.029998,1.0,1.0,True,1.0,1.05,1.0,,,,0,0,0,0,False,1.05625,1.0375,1.05625
5.95,1,1014,ITERATING,True,1.029997,-2.019063,650,1.029841,1.029815,1.029873,1.029835,1.029841,dist_bus,650,1.029841,1.029841,1.029841,DISABLED,1.029997,1.0,1.0,True,1.0,1.05,1.0,,,,0,0,0,0,False,1.05625,1.0375,1.05625
5.955,1,1015,NEXT_STEP,True,1.029997,-2.018973,650,1.029841,1.029815,1.029873,1.029835,1.029841,dist_bus,650,1.029841,1.029841,1.029841,DISABLED,1.029997,1.0,1.0,True,1.0,1.05,1.0,,,,0,0,0,0,False,1.05625,1.0375,1.05625
5.975,1,1017,ITERATING,True,1.029997,-2.018616,650,1.029841,1.029815,1.029873,1.029835,1.029841,dist_bus,650,1.029841,1.029841,1.029841,DISABLED,1.029997,1.0,1.0,True,1.0,1.05,1.0,,,,0,0,0,0,False,1.05625,1.0375,1.05625
5.98,1,1018,NEXT_STEP,True,1.029997,-2.018528,650,1.029841,1.029815,1.029873,1.029835,1.029841,dist_bus,650,1.029841,1.029841,1.029841,DISABLED,1.029997,1.0,1.0,True,1.0,1.05,1.0,,,,0,0,0,0,False,1.05625,1.0375,1.05625
6.0,1,1020,ITERATING,True,1.029997,-2.01818,650,1.029841,1.029815,1.029873,1.029835,1.029841,dist_bus,650,1.029841,1.029841,1.029841,DISABLED,1.029997,1.0,1.0,True,1.0,1.05,1.0,,,,0,0,0,0,False,1.05625,1.0375,1.05625
6.005,1,1021,NEXT_STEP,True,1.029997,-2.018094,650,1.029841,1.029815,1.029873,1.029835,1.029841,dist_bus,650,1.029841,1.029841,1.029841,DISABLED,1.029997,1.0,1.0,True,1.0,1.05,1.0,,,,0,0,0,0,False,1.05625,1.0375,1.05625
6.025,1,1023,ITERATING,True,1.029997,-2.017754,650,1.029841,1.029815,1.029873,1.029835,1.029841,dist_bus,650,1.029841,1.029841,1.029841,DISABLED,1.029997,1.0,1.0,True,1.0,1.05,1.0,,,,0,0,0,0,False,1.05625,1.0375,1.05625
6.03,1,1024,NEXT_STEP,True,1.029997,-2.017671,650,1.029841,1.029815,1.029873,1.029835,1.029841,dist_bus,650,1.029841,1.029841,1.029841,DISABLED,1.029997,1.0,1.0,True,1.0,1.05,1.0,,,,0,0,0,0,False,1.05625,1.0375,1.05625
6.05,1,1026,ITERATING,True,1.029997,-2.01734,650,1.029841,1.029815,1.029873,1.029835,1.029841,dist_bus,650,1.029841,1.029841,1.029841,DISABLED,1.029997,1.0,1.0,True,1.0,1.05,1.0,,,,0,0,0,0,False,1.05625,1.0375,1.05625
6.055,1,1027,NEXT_STEP,True,1.029997,-2.017259,650,1.029841,1.029815,1.029873,1.029835,1.029841,dist_bus,650,1.029841,1.029841,1.029841,DISABLED,1.029997,1.0,1.0,True,1.0,1.05,1.0,,,,0,0,0,0,False,1.05625,1.0375,1.05625
6.075,1,1029,ITERATING,True,1.029996,-2.016937,650,1.02984,1.029814,1.029872,1.029834,1.02984,dist_bus,650,1.02984,1.02984,1.02984,DISABLED,1.029996,1.0,1.0,True,1.0,1.05,1.0,,,,0,0,0,0,False,1.05625,1.0375,1.05625
6.08,1,1030,NEXT_STEP,True,1.029996,-2.016858,650,1.02984,1.029814,1.029872,1.029834,1.02984,dist_bus,650,1.02984,1.02984,1.02984,DISABLED,1.029996,1.0,1.0,True,1.0,1.05,1.0,,,,0,0,0,0,False,1.05625,1.0375,1.05625
6.1,1,1032,ITERATING,True,1.029996,-2.016545,650,1.02984,1.029814,1.029872,1.029834,1.02984,dist_bus,650,1.02984,1.02984,1.02984,DISABLED,1.029996,1.0,1.0,True,1.0,1.05,1.0,,,,0,0,0,0,False,1.05625,1.0375,1.05625
6.105,1,1033,NEXT_STEP,True,1.029996,-2.016468,650,1.02984,1.029814,1.029872,1.029834,1.02984,dist_bus,650,1.02984,1.02984,1.02984,DISABLED,1.029996,1.0,1.0,True,1.0,1.05,1.0,,,,0,0,0,0,False,1.05625,1.0375,1.05625
6.125,1,1035,ITERATING,True,1.029996,-2.016164,650,1.02984,1.029814,1.029872,1.029834,1.02984,dist_bus,650,1.02984,1.02984,1.02984,DISABLED,1.029996,1.0,1.0,True,1.0,1.05,1.0,,,,0,0,0,0,False,1.05625,1.0375,1.05625
6.13,1,1036,NEXT_STEP,True,1.029996,-2.01609,650,1.02984,1.029814,1.029872,1.029834,1.02984,dist_bus,650,1.02984,1.02984,1.02984,DISABLED,1.029996,1.0,1.0,True,1.0,1.05,1.0,,,,0,0,0,0,False,1.05625,1.0375,1.05625
6.15,1,1038,ITERATING,True,1.029996,-2.015795,650,1.02984,1.029814,1.029872,1.029834,1.02984,dist_bus,650,1.02984,1.02984,1.02984,DISABLED,1.029996,1.0,1.0,True,1.0,1.05,1.0,,,,0,0,0,0,False,1.05625,1.0375,1.05625
6.155,1,1039,NEXT_STEP,True,1.029996,-2.015722,650,1.02984,1.029814,1.029872,1.029834,1.02984,dist_bus,650,1.02984,1.02984,1.02984,DISABLED,1.029996,1.0,1.0,True,1.0,1.05,1.0,,,,0,0,0,0,False,1.05625,1.0375,1.05625
6.175,1,1041,ITERATING,True,1.029996,-2.015436,650,1.02984,1.029814,1.029872,1.029834,1.02984,dist_bus,650,1.02984,1.02984,1.02984,DISABLED,1.029996,1.0,1.0,True,1.0,1.05,1.0,,,,0,0,0,0,False,1.05625,1.0375,1.05625
6.18,1,1042,NEXT_STEP,True,1.029996,-2.015365,650,1.02984,1.029814,1.029872,1.029834,1.02984,dist_bus,650,1.02984,1.02984,1.02984,DISABLED,1.029996,1.0,1.0,True,1.0,1.05,1.0,,,,0,0,0,0,False,1.05625,1.0375,1.05625
6.2,1,1044,ITERATING,True,1.029995,-2.015088,650,1.029839,1.029813,1.029871,1.029833,1.029839,dist_bus,650,1.029839,1.029839,1.029839,DISABLED,1.029995,1.0,1.0,True,1.0,1.05,1.0,,,,0,0,0,0,False,1.05625,1.0375,1.05625
6.205,1,1045,NEXT_STEP,True,1.029995,-2.015019,650,1.029839,1.029813,1.029871,1.029833,1.029839,dist_bus,650,1.029839,1.029839,1.029839,DISABLED,1.029995,1.0,1.0,True,1.0,1.05,1.0,,,,0,0,0,0,False,1.05625,1.0375,1.05625
6.225,1,1047,ITERATING,True,1.029995,-2.014751,650,1.029839,1.029813,1.029871,1.029833,1.029839,dist_bus,650,1.029839,1.029839,1.029839,DISABLED,1.029995,1.0,1.0,True,1.0,1.05,1.0,,,,0,0,0,0,False,1.05625,1.0375,1.05625
6.23,1,1048,NEXT_STEP,True,1.029995,-2.014685,650,1.029839,1.029813,1.029871,1.029833,1.029839,dist_bus,650,1.029839,1.029839,1.029839,DISABLED,1.029995,1.0,1.0,True,1.0,1.05,1.0,,,,0,0,0,0,False,1.05625,1.0375,1.05625
6.25,1,1050,ITERATING,True,1.029995,-2.014424,650,1.029839,1.029813,1.029871,1.029833,1.029839,dist_bus,650,1.029839,1.029839,1.029839,DISABLED,1.029995,1.0,1.0,True,1.0,1.05,1.0,,,,0,0,0,0,False,1.05625,1.0375,1.05625
6.255,1,1051,NEXT_STEP,True,1.029995,-2.01436,650,1.029839,1.029813,1.029871,1.029833,1.029839,dist_bus,650,1.029839,1.029839,1.029839,DISABLED,1.029995,1.0,1.0,True,1.0,1.05,1.0,,,,0,0,0,0,False,1.05625,1.0375,1.05625
6.275,1,1053,ITERATING,True,1.029995,-2.014109,650,1.029839,1.029813,1.029871,1.029833,1.029839,dist_bus,650,1.029839,1.029839,1.029839,DISABLED,1.029995,1.0,1.0,True,1.0,1.05,1.0,,,,0,0,0,0,False,1.05625,1.0375,1.05625
6.28,1,1054,NEXT_STEP,True,1.029995,-2.014047,650,1.029839,1.029813,1.029871,1.029833,1.029839,dist_bus,650,1.029839,1.029839,1.029839,DISABLED,1.029995,1.0,1.0,True,1.0,1.05,1.0,,,,0,0,0,0,False,1.05625,1.0375,1.05625
6.3,1,1056,ITERATING,True,1.029995,-2.013804,650,1.029839,1.029813,1.029871,1.029833,1.029839,dist_bus,650,1.029839,1.029839,1.029839,DISABLED,1.029995,1.0,1.0,True,1.0,1.05,1.0,,,,0,0,0,0,False,1.05625,1.0375,1.05625
6.305,1,1057,NEXT_STEP,True,1.029995,-2.013744,650,1.029839,1.029813,1.029871,1.029833,1.029839,dist_bus,650,1.029839,1.029839,1.029839,DISABLED,1.029995,1.0,1.0,True,1.0,1.05,1.0,,,,0,0,0,0,False,1.05625,1.0375,1.05625
6.325,1,1059,ITERATING,True,1.029995,-2.01351,650,1.029839,1.029813,1.029871,1.029833,1.029839,dist_bus,650,1.029839,1.029839,1.029839,DISABLED,1.029995,1.0,1.0,True,1.0,1.05,1.0,,,,0,0,0,0,False,1.05625,1.0375,1.05625
6.33,1,1060,NEXT_STEP,True,1.029995,-2.013452,650,1.029839,1.029813,1.029871,1.029833,1.029839,dist_bus,650,1.029839,1.029839,1.029839,DISABLED,1.029995,1.0,1.0,True,1.0,1.05,1.0,,,,0,0,0,0,False,1.05625,1.0375,1.05625
6.35,1,1062,ITERATING,True,1.029995,-2.013226,650,1.029839,1.029813,1.029871,1.029833,1.029839,dist_bus,650,1.029839,1.029839,1.029839,DISABLED,1.029995,1.0,1.0,True,1.0,1.05,1.0,,,,0,0,0,0,False,1.05625,1.0375,1.05625
6.355,1,1063,NEXT_STEP,True,1.029995,-2.01317,650,1.029839,1.029813,1.029871,1.029833,1.029839,dist_bus,650,1.029839,1.029839,1.029839,DISABLED,1.029995,1.0,1.0,True,1.0,1.05,1.0,,,,0,0,0,0,False,1.05625,1.0375,1.05625
6.375,1,1065,ITERATING,True,1.029995,-2.012952,650,1.029839,1.029813,1.029871,1.029833,1.029839,dist_bus,650,1.029839,1.029839,1.029839,DISABLED,1.029995,1.0,1.0,True,1.0,1.05,1.0,,,,0,0,0,0,False,1.05625,1.0375,1.05625
6.38,1,1066,NEXT_STEP,True,1.029995,-2.012899,650,1.029839,1.029813,1.029871,1.029833,1.029839,dist_bus,650,1.029839,1.029839,1.029839,DISABLED,1.029995,1.0,1.0,True,1.0,1.05,1.0,,,,0,0,0,0,False,1.05625,1.0375,1.05625
6.4,1,1068,ITERATING,True,1.029994,-2.012688,650,1.029838,1.029812,1.02987,1.029832,1.029838,dist_bus,650,1.029838,1.029838,1.029838,DISABLED,1.029994,1.0,1.0,True,1.0,1.05,1.0,,,,0,0,0,0,False,1.05625,1.0375,1.05625
6.405,1,1069,NEXT_STEP,True,1.029994,-2.012637,650,1.029838,1.029812,1.02987,1.029832,1.029838,dist_bus,650,1.029838,1.029838,1.029838,DISABLED,1.029994,1.0,1.0,True,1.0,1.05,1.0,,,,0,0,0,0,False,1.05625,1.0375,1.05625
6.425,1,1071,ITERATING,True,1.029994,-2.012435,650,1.029838,1.029812,1.02987,1.029832,1.029838,dist_bus,650,1.029838,1.029838,1.029838,DISABLED,1.029994,1.0,1.0,True,1.0,1.05,1.0,,,,0,0,0,0,False,1.05625,1.0375,1.05625
6.43,1,1072,NEXT_STEP,True,1.029994,-2.012385,650,1.029838,1.029812,1.02987,1.029832,1.029838,dist_bus,650,1.029838,1.029838,1.029838,DISABLED,1.029994,1.0,1.0,True,1.0,1.05,1.0,,,,0,0,0,0,False,1.05625,1.0375,1.05625
6.45,1,1074,ITERATING,True,1.029994,-2.012191,650,1.029838,1.029812,1.02987,1.029832,1.029838,dist_bus,650,1.029838,1.029838,1.029838,DISABLED,1.029994,1.0,1.0,True,1.0,1.05,1.0,,,,0,0,0,0,False,1.05625,1.0375,1.05625
6.455,1,1075,NEXT_STEP,True,1.029994,-2.012143,650,1.029838,1.029812,1.02987,1.029832,1.029838,dist_bus,650,1.029838,1.029838,1.029838,DISABLED,1.029994,1.0,1.0,True,1.0,1.05,1.0,,,,0,0,0,0,False,1.05625,1.0375,1.05625
6.475,1,1077,ITERATING,True,1.029994,-2.011957,650,1.029838,1.029812,1.02987,1.029832,1.029838,dist_bus,650,1.029838,1.029838,1.029838,DISABLED,1.029994,1.0,1.0,True,1.0,1.05,1.0,,,,0,0,0,0,False,1.05625,1.0375,1.05625
6.48,1,1078,NEXT_STEP,True,1.029994,-2.011911,650,1.029838,1.029812,1.02987,1.029832,1.029838,dist_bus,650,1.029838,1.029838,1.029838,DISABLED,1.029994,1.0,1.0,True,1.0,1.05,1.0,,,,0,0,0,0,False,1.05625,1.0375,1.05625
6.5,1,1080,ITERATING,True,1.029994,-2.011732,650,1.029838,1.029812,1.02987,1.029832,1.029838,dist_bus,650,1.029838,1.029838,1.029838,DISABLED,1.029994,1.0,1.0,True,1.0,1.05,1.0,,,,0,0,0,0,False,1.05625,1.0375,1.05625
6.505,1,1081,NEXT_STEP,True,1.029994,-2.011688,650,1.029838,1.029812,1.02987,1.029832,1.029838,dist_bus,650,1.029838,1.029838,1.029838,DISABLED,1.029994,1.0,1.0,True,1.0,1.05,1.0,,,,0,0,0,0,False,1.05625,1.0375,1.05625
6.525,1,1083,ITERATING,True,1.029994,-2.011516,650,1.029838,1.029812,1.02987,1.029832,1.029838,dist_bus,650,1.029838,1.029838,1.029838,DISABLED,1.029994,1.0,1.0,True,1.0,1.05,1.0,,,,0,0,0,0,False,1.05625,1.0375,1.05625
6.53,1,1084,NEXT_STEP,True,1.029994,-2.011474,650,1.029838,1.029812,1.02987,1.029832,1.029838,dist_bus,650,1.029838,1.029838,1.029838,DISABLED,1.029994,1.0,1.0,True,1.0,1.05,1.0,,,,0,0,0,0,False,1.05625,1.0375,1.05625
6.55,1,1086,ITERATING,True,1.029994,-2.01131,650,1.029838,1.029812,1.02987,1.029832,1.029838,dist_bus,650,1.029838,1.029838,1.029838,DISABLED,1.029994,1.0,1.0,True,1.0,1.05,1.0,,,,0,0,0,0,False,1.05625,1.0375,1.05625
6.555,1,1087,NEXT_STEP,True,1.029994,-2.011269,650,1.029838,1.029812,1.02987,1.029832,1.029838,dist_bus,650,1.029838,1.029838,1.029838,DISABLED,1.029994,1.0,1.0,True,1.0,1.05,1.0,,,,0,0,0,0,False,1.05625,1.0375,1.05625
6.575,1,1089,ITERATING,True,1.029994,-2.011112,650,1.029838,1.029812,1.02987,1.029832,1.029838,dist_bus,650,1.029838,1.029838,1.029838,DISABLED,1.029994,1.0,1.0,True,1.0,1.05,1.0,,,,0,0,0,0,False,1.05625,1.0375,1.05625
6.58,1,1090,NEXT_STEP,True,1.029994,-2.011073,650,1.029838,1.029812,1.02987,1.029832,1.029838,dist_bus,650,1.029838,1.029838,1.029838,DISABLED,1.029994,1.0,1.0,True,1.0,1.05,1.0,,,,0,0,0,0,False,1.05625,1.0375,1.05625
6.6,1,1092,ITERATING,True,1.029994,-2.010923,650,1.029838,1.029812,1.02987,1.029832,1.029838,dist_bus,650,1.029838,1.029838,1.029838,DISABLED,1.029994,1.0,1.0,True,1.0,1.05,1.0,,,,0,0,0,0,False,1.05625,1.0375,1.05625
6.605,1,1093,NEXT_STEP,True,1.029994,-2.010886,650,1.029838,1.029812,1.02987,1.029832,1.029838,dist_bus,650,1.029838,1.029838,1.029838,DISABLED,1.029994,1.0,1.0,True,1.0,1.05,1.0,,,,0,0,0,0,False,1.05625,1.0375,1.05625
6.625,1,1095,ITERATING,True,1.029994,-2.010742,650,1.029838,1.029812,1.02987,1.029832,1.029838,dist_bus,650,1.029838,1.029838,1.029838,DISABLED,1.029994,1.0,1.0,True,1.0,1.05,1.0,,,,0,0,0,0,False,1.05625,1.0375,1.05625
6.63,1,1096,NEXT_STEP,True,1.029994,-2.010707,650,1.029838,1.029812,1.02987,1.029832,1.029838,dist_bus,650,1.029838,1.029838,1.029838,DISABLED,1.029994,1.0,1.0,True,1.0,1.05,1.0,,,,0,0,0,0,False,1.05625,1.0375,1.05625
6.65,1,1098,ITERATING,True,1.029994,-2.01057,650,1.029838,1.029812,1.02987,1.029832,1.029838,dist_bus,650,1.029838,1.029838,1.029838,DISABLED,1.029994,1.0,1.0,True,1.0,1.05,1.0,,,,0,0,0,0,False,1.05625,1.0375,1.05625
6.655,1,1099,NEXT_STEP,True,1.029994,-2.010536,650,1.029838,1.029812,1.02987,1.029832,1.029838,dist_bus,650,1.029838,1.029838,1.029838,DISABLED,1.029994,1.0,1.0,True,1.0,1.05,1.0,,,,0,0,0,0,False,1.05625,1.0375,1.05625
6.675,1,1101,ITERATING,True,1.029994,-2.010406,650,1.029838,1.029812,1.02987,1.029832,1.029838,dist_bus,650,1.029838,1.029838,1.029838,DISABLED,1.029994,1.0,1.0,True,1.0,1.05,1.0,,,,0,0,0,0,False,1.05625,1.0375,1.05625
6.68,1,1102,NEXT_STEP,True,1.029994,-2.010374,650,1.029838,1.029812,1.02987,1.029832,1.029838,dist_bus,650,1.029838,1.029838,1.029838,DISABLED,1.029994,1.0,1.0,True,1.0,1.05,1.0,,,,0,0,0,0,False,1.05625,1.0375,1.05625
6.7,1,1104,ITERATING,True,1.029994,-2.010249,650,1.029838,1.029812,1.02987,1.029832,1.029838,dist_bus,650,1.029838,1.029838,1.029838,DISABLED,1.029994,1.0,1.0,True,1.0,1.05,1.0,,,,0,0,0,0,False,1.05625,1.0375,1.05625
6.705,1,1105,NEXT_STEP,True,1.029994,-2.010219,650,1.029838,1.029812,1.02987,1.029832,1.029838,dist_bus,650,1.029838,1.029838,1.029838,DISABLED,1.029994,1.0,1.0,True,1.0,1.05,1.0,,,,0,0,0,0,False,1.05625,1.0375,1.05625
6.725,1,1107,ITERATING,True,1.029994,-2.010101,650,1.029838,1.029812,1.02987,1.029832,1.029838,dist_bus,650,1.029838,1.029838,1.029838,DISABLED,1.029994,1.0,1.0,True,1.0,1.05,1.0,,,,0,0,0,0,False,1.05625,1.0375,1.05625
6.73,1,1108,NEXT_STEP,True,1.029994,-2.010072,650,1.029838,1.029812,1.02987,1.029832,1.029838,dist_bus,650,1.029838,1.029838,1.029838,DISABLED,1.029994,1.0,1.0,True,1.0,1.05,1.0,,,,0,0,0,0,False,1.05625,1.0375,1.05625
6.75,1,1110,ITERATING,True,1.029994,-2.009959,650,1.029838,1.029812,1.02987,1.029832,1.029838,dist_bus,650,1.029838,1.029838,1.029838,DISABLED,1.029994,1.0,1.0,True,1.0,1.05,1.0,,,,0,0,0,0,False,1.05625,1.0375,1.05625
6.755,1,1111,NEXT_STEP,True,1.029994,-2.009932,650,1.029838,1.029812,1.02987,1.029832,1.029838,dist_bus,650,1.029838,1.029838,1.029838,DISABLED,1.029994,1.0,1.0,True,1.0,1.05,1.0,,,,0,0,0,0,False,1.05625,1.0375,1.05625
6.775,1,1113,ITERATING,True,1.029993,-2.009826,650,1.029837,1.029811,1.029869,1.029831,1.029837,dist_bus,650,1.029837,1.029837,1.029837,DISABLED,1.029993,1.0,1.0,True,1.0,1.05,1.0,,,,0,0,0,0,False,1.05625,1.0375,1.05625
6.78,1,1114,NEXT_STEP,True,1.029993,-2.0098,650,1.029837,1.029811,1.029869,1.029831,1.029837,dist_bus,650,1.029837,1.029837,1.029837,DISABLED,1.029993,1.0,1.0,True,1.0,1.05,1.0,,,,0,0,0,0,False,1.05625,1.0375,1.05625
6.8,1,1116,ITERATING,True,1.029993,-2.009699,650,1.029837,1.029811,1.029869,1.029831,1.029837,dist_bus,650,1.029837,1.029837,1.029837,DISABLED,1.029993,1.0,1.0,True,1.0,1.05,1.0,,,,0,0,0,0,False,1.05625,1.0375,1.05625
6.805,1,1117,NEXT_STEP,True,1.029993,-2.009674,650,1.029837,1.029811,1.029869,1.029831,1.029837,dist_bus,650,1.029837,1.029837,1.029837,DISABLED,1.029993,1.0,1.0,True,1.0,1.05,1.0,,,,0,0,0,0,False,1.05625,1.0375,1.05625
6.825,1,1119,ITERATING,True,1.029993,-2.009579,650,1.029837,1.029811,1.029869,1.029831,1.029837,dist_bus,650,1.029837,1.029837,1.029837,DISABLED,1.029993,1.0,1.0,True,1.0,1.05,1.0,,,,0,0,0,0,False,1.05625,1.0375,1.05625
6.83,1,1120,NEXT_STEP,True,1.029993,-2.009556,650,1.029837,1.029811,1.029869,1.029831,1.029837,dist_bus,650,1.029837,1.029837,1.029837,DISABLED,1.029993,1.0,1.0,True,1.0,1.05,1.0,,,,0,0,0,0,False,1.05625,1.0375,1.05625
6.85,1,1122,ITERATING,True,1.029993,-2.009467,650,1.029837,1.029811,1.029869,1.029831,1.029837,dist_bus,650,1.029837,1.029837,1.029837,DISABLED,1.029993,1.0,1.0,True,1.0,1.05,1.0,,,,0,0,0,0,False,1.05625,1.0375,1.05625
6.855,1,1123,NEXT_STEP,True,1.029993,-2.009445,650,1.029837,1.029811,1.029869,1.029831,1.029837,dist_bus,650,1.029837,1.029837,1.029837,DISABLED,1.029993,1.0,1.0,True,1.0,1.05,1.0,,,,0,0,0,0,False,1.05625,1.0375,1.05625
6.875,1,1125,ITERATING,True,1.029993,-2.009361,650,1.029837,1.029811,1.029869,1.029831,1.029837,dist_bus,650,1.029837,1.029837,1.029837,DISABLED,1.029993,1.0,1.0,True,1.0,1.05,1.0,,,,0,0,0,0,False,1.05625,1.0375,1.05625
6.88,1,1126,NEXT_STEP,True,1.029993,-2.00934,650,1.029837,1.029811,1.029869,1.029831,1.029837,dist_bus,650,1.029837,1.029837,1.029837,DISABLED,1.029993,1.0,1.0,True,1.0,1.05,1.0,,,,0,0,0,0,False,1.05625,1.0375,1.05625
6.9,1,1128,ITERATING,True,1.029993,-2.009261,650,1.029837,1.029811,1.029869,1.029831,1.029837,dist_bus,650,1.029837,1.029837,1.029837,DISABLED,1.029993,1.0,1.0,True,1.0,1.05,1.0,,,,0,0,0,0,False,1.05625,1.0375,1.05625
6.905,1,1129,NEXT_STEP,True,1.029993,-2.009242,650,1.029837,1.029811,1.029869,1.029831,1.029837,dist_bus,650,1.029837,1.029837,1.029837,DISABLED,1.029993,1.0,1.0,True,1.0,1.05,1.0,,,,0,0,0,0,False,1.05625,1.0375,1.05625
6.925,1,1131,ITERATING,True,1.029993,-2.009169,650,1.029837,1.029811,1.029869,1.029831,1.029837,dist_bus,650,1.029837,1.029837,1.029837,DISABLED,1.029993,1.0,1.0,True,1.0,1.05,1.0,,,,0,0,0,0,False,1.05625,1.0375,1.05625
6.93,1,1132,NEXT_STEP,True,1.029993,-2.009151,650,1.029837,1.029811,1.029869,1.029831,1.029837,dist_bus,650,1.029837,1.029837,1.029837,DISABLED,1.029993,1.0,1.0,True,1.0,1.05,1.0,,,,0,0,0,0,False,1.05625,1.0375,1.05625
6.95,1,1134,ITERATING,True,1.029993,-2.009082,650,1.029837,1.029811,1.029869,1.029831,1.029837,dist_bus,650,1.029837,1.029837,1.029837,DISABLED,1.029993,1.0,1.0,True,1.0,1.05,1.0,,,,0,0,0,0,False,1.05625,1.0375,1.05625
6.955,1,1135,NEXT_STEP,True,1.029993,-2.009065,650,1.029837,1.029811,1.029869,1.029831,1.029837,dist_bus,650,1.029837,1.029837,1.029837,DISABLED,1.029993,1.0,1.0,True,1.0,1.05,1.0,,,,0,0,0,0,False,1.05625,1.0375,1.05625
6.975,1,1137,ITERATING,True,1.029993,-2.009002,650,1.029837,1.029811,1.029869,1.029831,1.029837,dist_bus,650,1.029837,1.029837,1.029837,DISABLED,1.029993,1.0,1.0,True,1.0,1.05,1.0,,,,0,0,0,0,False,1.05625,1.0375,1.05625
6.98,1,1138,NEXT_STEP,True,1.029993,-2.008986,650,1.029837,1.029811,1.029869,1.029831,1.029837,dist_bus,650,1.029837,1.029837,1.029837,DISABLED,1.029993,1.0,1.0,True,1.0,1.05,1.0,,,,0,0,0,0,False,1.05625,1.0375,1.05625
7.0,1,1140,ITERATING,True,1.029993,-2.008928,650,1.029837,1.029811,1.029869,1.029831,1.029837,dist_bus,650,1.029837,1.029837,1.029837,DISABLED,1.029993,1.0,1.0,True,1.0,1.05,1.0,,,,0,0,0,0,False,1.05625,1.0375,1.05625
7.005,1,1141,NEXT_STEP,True,1.029993,-2.008914,650,1.029837,1.029811,1.029869,1.029831,1.029837,dist_bus,650,1.029837,1.029837,1.029837,DISABLED,1.029993,1.0,1.0,True,1.0,1.05,1.0,,,,0,0,0,0,False,1.05625,1.0375,1.05625
7.025,1,1143,ITERATING,True,1.029993,-2.008859,650,1.029837,1.029811,1.029869,1.029831,1.029837,dist_bus,650,1.029837,1.029837,1.029837,DISABLED,1.029993,1.0,1.0,True,1.0,1.05,1.0,,,,0,0,0,0,False,1.05625,1.0375,1.05625
7.03,1,1144,NEXT_STEP,True,1.029993,-2.008847,650,1.029837,1.029811,1.029869,1.029831,1.029837,dist_bus,650,1.029837,1.029837,1.029837,DISABLED,1.029993,1.0,1.0,True,1.0,1.05,1.0,,,,0,0,0,0,False,1.05625,1.0375,1.05625
7.05,1,1146,ITERATING,True,1.029993,-2.008797,650,1.029837,1.029811,1.029869,1.029831,1.029837,dist_bus,650,1.029837,1.029837,1.029837,DISABLED,1.029993,1.0,1.0,True,1.0,1.05,1.0,,,,0,0,0,0,False,1.05625,1.0375,1.05625
7.055,1,1147,NEXT_STEP,True,1.029993,-2.008785,650,1.029837,1.029811,1.029869,1.029831,1.029837,dist_bus,650,1.029837,1.029837,1.029837,DISABLED,1.029993,1.0,1.0,True,1.0,1.05,1.0,,,,0,0,0,0,False,1.05625,1.0375,1.05625
7.075,1,1149,ITERATING,True,1.029993,-2.008741,650,1.029837,1.029811,1.029869,1.029831,1.029837,dist_bus,650,1.029837,1.029837,1.029837,DISABLED,1.029993,1.0,1.0,True,1.0,1.05,1.0,,,,0,0,0,0,False,1.05625,1.0375,1.05625
7.08,1,1150,NEXT_STEP,True,1.029993,-2.00873,650,1.029837,1.029811,1.029869,1.029831,1.029837,dist_bus,650,1.029837,1.029837,1.029837,DISABLED,1.029993,1.0,1.0,True,1.0,1.05,1.0,,,,0,0,0,0,False,1.05625,1.0375,1.05625
7.1,1,1152,ITERATING,True,1.029993,-2.00869,650,1.029837,1.029811,1.029869,1.029831,1.029837,dist_bus,650,1.029837,1.029837,1.029837,DISABLED,1.029993,1.0,1.0,True,1.0,1.05,1.0,,,,0,0,0,0,False,1.05625,1.0375,1.05625
7.105,1,1153,NEXT_STEP,True,1.029993,-2.008681,650,1.029837,1.029811,1.029869,1.029831,1.029837,dist_bus,650,1.029837,1.029837,1.029837,DISABLED,1.029993,1.0,1.0,True,1.0,1.05,1.0,,,,0,0,0,0,False,1.05625,1.0375,1.05625
7.125,1,1155,ITERATING,True,1.029993,-2.008645,650,1.029837,1.029811,1.029869,1.029831,1.029837,dist_bus,650,1.029837,1.029837,1.029837,DISABLED,1.029993,1.0,1.0,True,1.0,1.05,1.0,,,,0,0,0,0,False,1.05625,1.0375,1.05625
7.13,1,1156,NEXT_STEP,True,1.029993,-2.008636,650,1.029837,1.029811,1.029869,1.029831,1.029837,dist_bus,650,1.029837,1.029837,1.029837,DISABLED,1.029993,1.0,1.0,True,1.0,1.05,1.0,,,,0,0,0,0,False,1.05625,1.0375,1.05625
7.15,1,1158,ITERATING,True,1.029992,-2.008605,650,1.029836,1.02981,1.029868,1.02983,1.029836,dist_bus,650,1.029836,1.029836,1.029836,DISABLED,1.029992,1.0,1.0,True,1.0,1.05,1.0,,,,0,0,0,0,False,1.05625,1.0375,1.05625
7.155,1,1159,NEXT_STEP,True,1.029992,-2.008598,650,1.029836,1.02981,1.029868,1.02983,1.029836,dist_bus,650,1.029836,1.029836,1.029836,DISABLED,1.029992,1.0,1.0,True,1.0,1.05,1.0,,,,0,0,0,0,False,1.05625,1.0375,1.05625
7.175,1,1161,ITERATING,True,1.029992,-2.008571,650,1.029836,1.02981,1.029868,1.02983,1.029836,dist_bus,650,1.029836,1.029836,1.029836,DISABLED,1.029992,1.0,1.0,True,1.0,1.05,1.0,,,,0,0,0,0,False,1.05625,1.0375,1.05625
7.18,1,1162,NEXT_STEP,True,1.029992,-2.008564,650,1.029836,1.02981,1.029868,1.02983,1.029836,dist_bus,650,1.029836,1.029836,1.029836,DISABLED,1.029992,1.0,1.0,True,1.0,1.05,1.0,,,,0,0,0,0,False,1.05625,1.0375,1.05625
7.2,1,1164,ITERATING,True,1.029992,-2.008542,650,1.029836,1.02981,1.029868,1.02983,1.029836,dist_bus,650,1.029836,1.029836,1.029836,DISABLED,1.029992,1.0,1.0,True,1.0,1.05,1.0,,,,0,0,0,0,False,1.05625,1.0375,1.05625
7.205,1,1165,NEXT_STEP,True,1.029992,-2.008536,650,1.029836,1.02981,1.029868,1.02983,1.029836,dist_bus,650,1.029836,1.029836,1.029836,DISABLED,1.029992,1.0,1.0,True,1.0,1.05,1.0,,,,0,0,0,0,False,1.05625,1.0375,1.05625
7.225,1,1167,ITERATING,True,1.029992,-2.008518,650,1.029836,1.02981,1.029868,1.02983,1.029836,dist_bus,650,1.029836,1.029836,1.029836,DISABLED,1.029992,1.0,1.0,True,1.0,1.05,1.0,,,,0,0,0,0,False,1.05625,1.0375,1.05625
7.23,1,1168,NEXT_STEP,True,1.029992,-2.008514,650,1.029836,1.02981,1.029868,1.02983,1.029836,dist_bus,650,1.029836,1.029836,1.029836,DISABLED,1.029992,1.0,1.0,True,1.0,1.05,1.0,,,,0,0,0,0,False,1.05625,1.0375,1.05625
7.25,1,1170,ITERATING,True,1.029992,-2.008499,650,1.029836,1.02981,1.029868,1.02983,1.029836,dist_bus,650,1.029836,1.029836,1.029836,DISABLED,1.029992,1.0,1.0,True,1.0,1.05,1.0,,,,0,0,0,0,False,1.05625,1.0375,1.05625
7.255,1,1171,NEXT_STEP,True,1.029992,-2.008496,650,1.029836,1.02981,1.029868,1.02983,1.029836,dist_bus,650,1.029836,1.029836,1.029836,DISABLED,1.029992,1.0,1.0,True,1.0,1.05,1.0,,,,0,0,0,0,False,1.05625,1.0375,1.05625
7.275,1,1173,ITERATING,True,1.029992,-2.008485,650,1.029836,1.02981,1.029868,1.02983,1.029836,dist_bus,650,1.029836,1.029836,1.029836,DISABLED,1.029992,1.0,1.0,True,1.0,1.05,1.0,,,,0,0,0,0,False,1.05625,1.0375,1.05625
7.28,1,1174,NEXT_STEP,True,1.029992,-2.008483,650,1.029836,1.02981,1.029868,1.02983,1.029836,dist_bus,650,1.029836,1.029836,1.029836,DISABLED,1.029992,1.0,1.0,True,1.0,1.05,1.0,,,,0,0,0,0,False,1.05625,1.0375,1.05625
7.3,1,1176,ITERATING,True,1.029992,-2.008476,650,1.029836,1.02981,1.029868,1.02983,1.029836,dist_bus,650,1.029836,1.029836,1.029836,DISABLED,1.029992,1.0,1.0,True,1.0,1.05,1.0,,,,0,0,0,0,False,1.05625,1.0375,1.05625
7.305,1,1177,NEXT_STEP,True,1.029992,-2.008475,650,1.029836,1.02981,1.029868,1.02983,1.029836,dist_bus,650,1.029836,1.029836,1.029836,DISABLED,1.029992,1.0,1.0,True,1.0,1.05,1.0,,,,0,0,0,0,False,1.05625,1.0375,1.05625
7.325,1,1179,ITERATING,True,1.029992,-2.008471,650,1.029836,1.02981,1.029868,1.02983,1.029836,dist_bus,650,1.029836,1.029836,1.029836,DISABLED,1.029992,1.0,1.0,True,1.0,1.05,1.0,,,,0,0,0,0,False,1.05625,1.0375,1.05625
7.33,1,1180,NEXT_STEP,True,1.029992,-2.008471,650,1.029836,1.02981,1.029868,1.02983,1.029836,dist_bus,650,1.029836,1.029836,1.029836,DISABLED,1.029992,1.0,1.0,True,1.0,1.05,1.0,,,,0,0,0,0,False,1.05625,1.0375,1.05625
7.35,1,1182,ITERATING,True,1.029992,-2.008472,650,1.029836,1.02981,1.029868,1.02983,1.029836,dist_bus,650,1.029836,1.029836,1.029836,DISABLED,1.029992,1.0,1.0,True,1.0,1.05,1.0,,,,0,0,0,0,False,1.05625,1.0375,1.05625
7.355,1,1183,NEXT_STEP,True,1.029992,-2.008472,650,1.029836,1.02981,1.029868,1.02983,1.029836,dist_bus,650,1.029836,1.029836,1.029836,DISABLED,1.029992,1.0,1.0,True,1.0,1.05,1.0,,,,0,0,0,0,False,1.05625,1.0375,1.05625
7.375,1,1185,ITERATING,True,1.029992,-2.008476,650,1.029836,1.02981,1.029868,1.02983,1.029836,dist_bus,650,1.029836,1.029836,1.029836,DISABLED,1.029992,1.0,1.0,True,1.0,1.05,1.0,,,,0,0,0,0,False,1.05625,1.0375,1.05625
7.38,1,1186,NEXT_STEP,True,1.029992,-2.008478,650,1.029836,1.02981,1.029868,1.02983,1.029836,dist_bus,650,1.029836,1.029836,1.029836,DISABLED,1.029992,1.0,1.0,True,1.0,1.05,1.0,,,,0,0,0,0,False,1.05625,1.0375,1.05625
7.4,1,1188,ITERATING,True,1.029992,-2.008485,650,1.029836,1.02981,1.029868,1.02983,1.029836,dist_bus,650,1.029836,1.029836,1.029836,DISABLED,1.029992,1.0,1.0,True,1.0,1.05,1.0,,,,0,0,0,0,False,1.05625,1.0375,1.05625
7.405,1,1189,NEXT_STEP,True,1.029992,-2.008487,650,1.029836,1.02981,1.029868,1.02983,1.029836,dist_bus,650,1.029836,1.029836,1.029836,DISABLED,1.029992,1.0,1.0,True,1.0,1.05,1.0,,,,0,0,0,0,False,1.05625,1.0375,1.05625
7.425,1,1191,ITERATING,True,1.029992,-2.008498,650,1.029836,1.02981,1.029868,1.02983,1.029836,dist_bus,650,1.029836,1.029836,1.029836,DISABLED,1.029992,1.0,1.0,True,1.0,1.05,1.0,,,,0,0,0,0,False,1.05625,1.0375,1.05625
7.43,1,1192,NEXT_STEP,True,1.029992,-2.008501,650,1.029836,1.02981,1.029868,1.02983,1.029836,dist_bus,650,1.029836,1.029836,1.029836,DISABLED,1.029992,1.0,1.0,True,1.0,1.05,1.0,,,,0,0,0,0,False,1.05625,1.0375,1.05625
7.45,1,1194,ITERATING,True,1.029992,-2.008515,650,1.029836,1.02981,1.029868,1.02983,1.029836,dist_bus,650,1.029836,1.029836,1.029836,DISABLED,1.029992,1.0,1.0,True,1.0,1.05,1.0,,,,0,0,0,0,False,1.05625,1.0375,1.05625
7.455,1,1195,NEXT_STEP,True,1.029992,-2.008519,650,1.029836,1.02981,1.029868,1.02983,1.029836,dist_bus,650,1.029836,1.029836,1.029836,DISABLED,1.029992,1.0,1.0,True,1.0,1.05,1.0,,,,0,0,0,0,False,1.05625,1.0375,1.05625
7.475,1,1197,ITERATING,True,1.029992,-2.008536,650,1.029836,1.02981,1.029868,1.02983,1.029836,dist_bus,650,1.029836,1.029836,1.029836,DISABLED,1.029992,1.0,1.0,True,1.0,1.05,1.0,,,,0,0,0,0,False,1.05625,1.0375,1.05625
7.48,1,1198,NEXT_STEP,True,1.029992,-2.008541,650,1.029836,1.02981,1.029868,1.02983,1.029836,dist_bus,650,1.029836,1.029836,1.029836,DISABLED,1.029992,1.0,1.0,True,1.0,1.05,1.0,,,,0,0,0,0,False,1.05625,1.0375,1.05625
7.5,1,1200,ITERATING,True,1.029992,-2.008561,650,1.029836,1.02981,1.029868,1.02983,1.029836,dist_bus,650,1.029836,1.029836,1.029836,DISABLED,1.029992,1.0,1.0,True,1.0,1.05,1.0,,,,0,0,0,0,False,1.05625,1.0375,1.05625
7.505,1,1201,NEXT_STEP,True,1.029992,-2.008566,650,1.029836,1.02981,1.029868,1.02983,1.029836,dist_bus,650,1.029836,1.029836,1.029836,DISABLED,1.029992,1.0,1.0,True,1.0,1.05,1.0,,,,0,0,0,0,False,1.05625,1.0375,1.05625
7.525,1,1203,ITERATING,True,1.029992,-2.008589,650,1.029836,1.02981,1.029868,1.02983,1.029836,dist_bus,650,1.029836,1.029836,1.029836,DISABLED,1.029992,1.0,1.0,True,1.0,1.05,1.0,,,,0,0,0,0,False,1.05625,1.0375,1.05625
7.53,1,1204,NEXT_STEP,True,1.029992,-2.008595,650,1.029836,1.02981,1.029868,1.02983,1.029836,dist_bus,650,1.029836,1.029836,1.029836,DISABLED,1.029992,1.0,1.0,True,1.0,1.05,1.0,,,,0,0,0,0,False,1.05625,1.0375,1.05625
7.55,1,1206,ITERATING,True,1.029992,-2.008621,650,1.029836,1.02981,1.029868,1.02983,1.029836,dist_bus,650,1.029836,1.029836,1.029836,DISABLED,1.029992,1.0,1.0,True,1.0,1.05,1.0,,,,0,0,0,0,False,1.05625,1.0375,1.05625
7.555,1,1207,NEXT_STEP,True,1.029992,-2.008628,650,1.029836,1.02981,1.029868,1.02983,1.029836,dist_bus,650,1.029836,1.029836,1.029836,DISABLED,1.029992,1.0,1.0,True,1.0,1.05,1.0,,,,0,0,0,0,False,1.05625,1.0375,1.05625
7.575,1,1209,ITERATING,True,1.029992,-2.008656,650,1.029836,1.02981,1.029868,1.02983,1.029836,dist_bus,650,1.029836,1.029836,1.029836,DISABLED,1.029992,1.0,1.0,True,1.0,1.05,1.0,,,,0,0,0,0,False,1.05625,1.0375,1.05625
7.58,1,1210,NEXT_STEP,True,1.029992,-2.008664,650,1.029836,1.02981,1.029868,1.02983,1.029836,dist_bus,650,1.029836,1.029836,1.029836,DISABLED,1.029992,1.0,1.0,True,1.0,1.05,1.0,,,,0,0,0,0,False,1.05625,1.0375,1.05625
7.6,1,1212,ITERATING,True,1.029992,-2.008695,650,1.029836,1.02981,1.029868,1.02983,1.029836,dist_bus,650,1.029836,1.029836,1.029836,DISABLED,1.029992,1.0,1.0,True,1.0,1.05,1.0,,,,0,0,0,0,False,1.05625,1.0375,1.05625
7.605,1,1213,NEXT_STEP,True,1.029992,-2.008703,650,1.029836,1.02981,1.029868,1.02983,1.029836,dist_bus,650,1.029836,1.029836,1.029836,DISABLED,1.029992,1.0,1.0,True,1.0,1.05,1.0,,,,0,0,0,0,False,1.05625,1.0375,1.05625
7.625,1,1215,ITERATING,True,1.029992,-2.008736,650,1.029836,1.02981,1.029868,1.02983,1.029836,dist_bus,650,1.029836,1.029836,1.029836,DISABLED,1.029992,1.0,1.0,True,1.0,1.05,1.0,,,,0,0,0,0,False,1.05625,1.0375,1.05625
7.63,1,1216,NEXT_STEP,True,1.029992,-2.008745,650,1.029836,1.02981,1.029868,1.02983,1.029836,dist_bus,650,1.029836,1.029836,1.029836,DISABLED,1.029992,1.0,1.0,True,1.0,1.05,1.0,,,,0,0,0,0,False,1.05625,1.0375,1.05625
7.65,1,1218,ITERATING,True,1.029992,-2.008781,650,1.029836,1.02981,1.029868,1.02983,1.029836,dist_bus,650,1.029836,1.029836,1.029836,DISABLED,1.029992,1.0,1.0,True,1.0,1.05,1.0,,,,0,0,0,0,False,1.05625,1.0375,1.05625
7.655,1,1219,NEXT_STEP,True,1.029992,-2.00879,650,1.029836,1.02981,1.029868,1.02983,1.029836,dist_bus,650,1.029836,1.029836,1.029836,DISABLED,1.029992,1.0,1.0,True,1.0,1.05,1.0,,,,0,0,0,0,False,1.05625,1.0375,1.05625
7.675,1,1221,ITERATING,True,1.029992,-2.008828,650,1.029836,1.02981,1.029868,1.02983,1.029836,dist_bus,650,1.029836,1.029836,1.029836,DISABLED,1.029992,1.0,1.0,True,1.0,1.05,1.0,,,,0,0,0,0,False,1.05625,1.0375,1.05625
7.68,1,1222,NEXT_STEP,True,1.029992,-2.008838,650,1.029836,1.02981,1.029868,1.02983,1.029836,dist_bus,650,1.029836,1.029836,1.029836,DISABLED,1.029992,1.0,1.0,True,1.0,1.05,1.0,,,,0,0,0,0,False,1.05625,1.0375,1.05625
7.7,1,1224,ITERATING,True,1.029992,-2.008878,650,1.029836,1.02981,1.029868,1.02983,1.029836,dist_bus,650,1.029836,1.029836,1.029836,DISABLED,1.029992,1.0,1.0,True,1.0,1.05,1.0,,,,0,0,0,0,False,1.05625,1.0375,1.05625
7.705,1,1225,NEXT_STEP,True,1.029992,-2.008888,650,1.029836,1.02981,1.029868,1.02983,1.029836,dist_bus,650,1.029836,1.029836,1.029836,DISABLED,1.029992,1.0,1.0,True,1.0,1.05,1.0,,,,0,0,0,0,False,1.05625,1.0375,1.05625
7.725,1,1227,ITERATING,True,1.029992,-2.008929,650,1.029836,1.02981,1.029868,1.02983,1.029836,dist_bus,650,1.029836,1.029836,1.029836,DISABLED,1.029992,1.0,1.0,True,1.0,1.05,1.0,,,,0,0,0,0,False,1.05625,1.0375,1.05625
7.73,1,1228,NEXT_STEP,True,1.029992,-2.00894,650,1.029836,1.02981,1.029868,1.02983,1.029836,dist_bus,650,1.029836,1.029836,1.029836,DISABLED,1.029992,1.0,1.0,True,1.0,1.05,1.0,,,,0,0,0,0,False,1.05625,1.0375,1.05625
7.75,1,1230,ITERATING,True,1.029992,-2.008983,650,1.029836,1.02981,1.029868,1.02983,1.029836,dist_bus,650,1.029836,1.029836,1.029836,DISABLED,1.029992,1.0,1.0,True,1.0,1.05,1.0,,,,0,0,0,0,False,1.05625,1.0375,1.05625
7.755,1,1231,NEXT_STEP,True,1.029992,-2.008994,650,1.029836,1.02981,1.029868,1.02983,1.029836,dist_bus,650,1.029836,1.029836,1.029836,DISABLED,1.029992,1.0,1.0,True,1.0,1.05,1.0,,,,0,0,0,0,False,1.05625,1.0375,1.05625
7.775,1,1233,ITERATING,True,1.029992,-2.00904,650,1.029836,1.02981,1.029868,1.02983,1.029836,dist_bus,650,1.029836,1.029836,1.029836,DISABLED,1.029992,1.0,1.0,True,1.0,1.05,1.0,,,,0,0,0,0,False,1.05625,1.0375,1.05625
7.78,1,1234,NEXT_STEP,True,1.029992,-2.009051,650,1.029836,1.02981,1.029868,1.02983,1.029836,dist_bus,650,1.029836,1.029836,1.029836,DISABLED,1.029992,1.0,1.0,True,1.0,1.05,1.0,,,,0,0,0,0,False,1.05625,1.0375,1.05625
7.8,1,1236,ITERATING,True,1.029992,-2.009098,650,1.029836,1.02981,1.029868,1.02983,1.029836,dist_bus,650,1.029836,1.029836,1.029836,DISABLED,1.029992,1.0,1.0,True,1.0,1.05,1.0,,,,0,0,0,0,False,1.05625,1.0375,1.05625
7.805,1,1237,NEXT_STEP,True,1.029992,-2.00911,650,1.029836,1.02981,1.029868,1.02983,1.029836,dist_bus,650,1.029836,1.029836,1.029836,DISABLED,1.029992,1.0,1.0,True,1.0,1.05,1.0,,,,0,0,0,0,False,1.05625,1.0375,1.05625
7.825,1,1239,ITERATING,True,1.029992,-2.009158,650,1.029836,1.02981,1.029868,1.02983,1.029836,dist_bus,650,1.029836,1.029836,1.029836,DISABLED,1.029992,1.0,1.0,True,1.0,1.05,1.0,,,,0,0,0,0,False,1.05625,1.0375,1.05625
7.83,1,1240,NEXT_STEP,True,1.029992,-2.00917,650,1.029836,1.02981,1.029868,1.02983,1.029836,dist_bus,650,1.029836,1.029836,1.029836,DISABLED,1.029992,1.0,1.0,True,1.0,1.05,1.0,,,,0,0,0,0,False,1.05625,1.0375,1.05625
7.85,1,1242,ITERATING,True,1.029992,-2.00922,650,1.029836,1.02981,1.029868,1.02983,1.029836,dist_bus,650,1.029836,1.029836,1.029836,DISABLED,1.029992,1.0,1.0,True,1.0,1.05,1.0,,,,0,0,0,0,False,1.05625,1.0375,1.05625
7.855,1,1243,NEXT_STEP,True,1.029992,-2.009232,650,1.029836,1.02981,1.029868,1.02983,1.029836,dist_bus,650,1.029836,1.029836,1.029836,DISABLED,1.029992,1.0,1.0,True,1.0,1.05,1.0,,,,0,0,0,0,False,1.05625,1.0375,1.05625
7.875,1,1245,ITERATING,True,1.029992,-2.009284,650,1.029836,1.02981,1.029868,1.02983,1.029836,dist_bus,650,1.029836,1.029836,1.029836,DISABLED,1.029992,1.0,1.0,True,1.0,1.05,1.0,,,,0,0,0,0,False,1.05625,1.0375,1.05625
7.88,1,1246,NEXT_STEP,True,1.029992,-2.009297,650,1.029836,1.02981,1.029868,1.02983,1.029836,dist_bus,650,1.029836,1.029836,1.029836,DISABLED,1.029992,1.0,1.0,True,1.0,1.05,1.0,,,,0,0,0,0,False,1.05625,1.0375,1.05625
7.9,1,1248,ITERATING,True,1.029992,-2.009349,650,1.029836,1.02981,1.029868,1.02983,1.029836,dist_bus,650,1.029836,1.029836,1.029836,DISABLED,1.029992,1.0,1.0,True,1.0,1.05,1.0,,,,0,0,0,0,False,1.05625,1.0375,1.05625
7.905,1,1249,NEXT_STEP,True,1.029992,-2.009362,650,1.029836,1.02981,1.029868,1.02983,1.029836,dist_bus,650,1.029836,1.029836,1.029836,DISABLED,1.029992,1.0,1.0,True,1.0,1.05,1.0,,,,0,0,0,0,False,1.05625,1.0375,1.05625
7.925,1,1251,ITERATING,True,1.029992,-2.009416,650,1.029836,1.02981,1.029868,1.02983,1.029836,dist_bus,650,1.029836,1.029836,1.029836,DISABLED,1.029992,1.0,1.0,True,1.0,1.05,1.0,,,,0,0,0,0,False,1.05625,1.0375,1.05625
7.93,1,1252,NEXT_STEP,True,1.029992,-2.00943,650,1.029836,1.02981,1.029868,1.02983,1.029836,dist_bus,650,1.029836,1.029836,1.029836,DISABLED,1.029992,1.0,1.0,True,1.0,1.05,1.0,,,,0,0,0,0,False,1.05625,1.0375,1.05625
7.95,1,1254,ITERATING,True,1.029992,-2.009484,650,1.029836,1.02981,1.029868,1.02983,1.029836,dist_bus,650,1.029836,1.029836,1.029836,DISABLED,1.029992,1.0,1.0,True,1.0,1.05,1.0,,,,0,0,0,0,False,1.05625,1.0375,1.05625
7.955,1,1255,NEXT_STEP,True,1.029992,-2.009498,650,1.029836,1.02981,1.029868,1.02983,1.029836,dist_bus,650,1.029836,1.029836,1.029836,DISABLED,1.029992,1.0,1.0,True,1.0,1.05,1.0,,,,0,0,0,0,False,1.05625,1.0375,1.05625
7.975,1,1257,ITERATING,True,1.029992,-2.009554,650,1.029836,1.02981,1.029868,1.02983,1.029836,dist_bus,650,1.029836,1.029836,1.029836,DISABLED,1.029992,1.0,1.0,True,1.0,1.05,1.0,,,,0,0,0,0,False,1.05625,1.0375,1.05625
7.98,1,1258,NEXT_STEP,True,1.029992,-2.009569,650,1.029836,1.02981,1.029868,1.02983,1.029836,dist_bus,650,1.029836,1.029836,1.029836,DISABLED,1.029992,1.0,1.0,True,1.0,1.05,1.0,,,,0,0,0,0,False,1.05625,1.0375,1.05625
8.0,1,1260,ITERATING,True,1.029992,-2.009626,650,1.029836,1.02981,1.029868,1.02983,1.029836,dist_bus,650,1.029836,1.029836,1.029836,DISABLED,1.029992,1.0,1.0,True,1.0,1.05,1.0,,,,0,0,0,0,False,1.05625,1.0375,1.05625
8.005,1,1261,NEXT_STEP,True,1.029992,-2.00964,650,1.029836,1.02981,1.029868,1.02983,1.029836,dist_bus,650,1.029836,1.029836,1.029836,DISABLED,1.029992,1.0,1.0,True,1.0,1.05,1.0,,,,0,0,0,0,False,1.05625,1.0375,1.05625
8.025,1,1263,ITERATING,True,1.029992,-2.009699,650,1.029836,1.02981,1.029868,1.02983,1.029836,dist_bus,650,1.029836,1.029836,1.029836,DISABLED,1.029992,1.0,1.0,True,1.0,1.05,1.0,,,,0,0,0,0,False,1.05625,1.0375,1.05625
8.03,1,1264,NEXT_STEP,True,1.029992,-2.009713,650,1.029836,1.02981,1.029868,1.02983,1.029836,dist_bus,650,1.029836,1.029836,1.029836,DISABLED,1.029992,1.0,1.0,True,1.0,1.05,1.0,,,,0,0,0,0,False,1.05625,1.0375,1.05625
8.05,1,1266,ITERATING,True,1.029992,-2.009773,650,1.029836,1.02981,1.029868,1.02983,1.029836,dist_bus,650,1.029836,1.029836,1.029836,DISABLED,1.029992,1.0,1.0,True,1.0,1.05,1.0,,,,0,0,0,0,False,1.05625,1.0375,1.05625
8.055,1,1267,NEXT_STEP,True,1.029992,-2.009787,650,1.029836,1.02981,1.029868,1.02983,1.029836,dist_bus,650,1.029836,1.029836,1.029836,DISABLED,1.029992,1.0,1.0,True,1.0,1.05,1.0,,,,0,0,0,0,False,1.05625,1.0375,1.05625
8.075,1,1269,ITERATING,True,1.029992,-2.009848,650,1.029836,1.02981,1.029868,1.02983,1.029836,dist_bus,650,1.029836,1.029836,1.029836,DISABLED,1.029992,1.0,1.0,True,1.0,1.05,1.0,,,,0,0,0,0,False,1.05625,1.0375,1.05625
8.08,1,1270,NEXT_STEP,True,1.029992,-2.009863,650,1.029836,1.02981,1.029868,1.02983,1.029836,dist_bus,650,1.029836,1.029836,1.029836,DISABLED,1.029992,1.0,1.0,True,1.0,1.05,1.0,,,,0,0,0,0,False,1.05625,1.0375,1.05625
8.1,1,1272,ITERATING,True,1.029992,-2.009924,650,1.029836,1.02981,1.029868,1.02983,1.029836,dist_bus,650,1.029836,1.029836,1.029836,DISABLED,1.029992,1.0,1.0,True,1.0,1.05,1.0,,,,0,0,0,0,False,1.05625,1.0375,1.05625
8.105,1,1273,NEXT_STEP,True,1.029992,-2.009939,650,1.029836,1.02981,1.029868,1.02983,1.029836,dist_bus,650,1.029836,1.029836,1.029836,DISABLED,1.029992,1.0,1.0,True,1.0,1.05,1.0,,,,0,0,0,0,False,1.05625,1.0375,1.05625
8.125,1,1275,ITERATING,True,1.029992,-2.010001,650,1.029836,1.02981,1.029868,1.02983,1.029836,dist_bus,650,1.029836,1.029836,1.029836,DISABLED,1.029992,1.0,1.0,True,1.0,1.05,1.0,,,,0,0,0,0,False,1.05625,1.0375,1.05625
8.13,1,1276,NEXT_STEP,True,1.029992,-2.010017,650,1.029836,1.02981,1.029868,1.02983,1.029836,dist_bus,650,1.029836,1.029836,1.029836,DISABLED,1.029992,1.0,1.0,True,1.0,1.05,1.0,,,,0,0,0,0,False,1.05625,1.0375,1.05625
8.15,1,1278,ITERATING,True,1.029992,-2.010079,650,1.029836,1.02981,1.029868,1.02983,1.029836,dist_bus,650,1.029836,1.029836,1.029836,DISABLED,1.029992,1.0,1.0,True,1.0,1.05,1.0,,,,0,0,0,0,False,1.05625,1.0375,1.05625
8.155,1,1279,NEXT_STEP,True,1.029992,-2.010095,650,1.029836,1.02981,1.029868,1.02983,1.029836,dist_bus,650,1.029836,1.029836,1.029836,DISABLED,1.029992,1.0,1.0,True,1.0,1.05,1.0,,,,0,0,0,0,False,1.05625,1.0375,1.05625
8.175,1,1281,ITERATING,True,1.029992,-2.010158,650,1.029836,1.02981,1.029868,1.02983,1.029836,dist_bus,650,1.029836,1.029836,1.029836,DISABLED,1.029992,1.0,1.0,True,1.0,1.05,1.0,,,,0,0,0,0,False,1.05625,1.0375,1.05625
8.18,1,1282,NEXT_STEP,True,1.029992,-2.010174,650,1.029836,1.02981,1.029868,1.02983,1.029836,dist_bus,650,1.029836,1.029836,1.029836,DISABLED,1.029992,1.0,1.0,True,1.0,1.05,1.0,,,,0,0,0,0,False,1.05625,1.0375,1.05625
8.2,1,1284,ITERATING,True,1.029992,-2.010238,650,1.029836,1.02981,1.029868,1.02983,1.029836,dist_bus,650,1.029836,1.029836,1.029836,DISABLED,1.029992,1.0,1.0,True,1.0,1.05,1.0,,,,0,0,0,0,False,1.05625,1.0375,1.05625
8.205,1,1285,NEXT_STEP,True,1.029992,-2.010254,650,1.029836,1.02981,1.029868,1.02983,1.029836,dist_bus,650,1.029836,1.029836,1.029836,DISABLED,1.029992,1.0,1.0,True,1.0,1.05,1.0,,,,0,0,0,0,False,1.05625,1.0375,1.05625
8.225,1,1287,ITERATING,True,1.029992,-2.010319,650,1.029836,1.02981,1.029868,1.02983,1.029836,dist_bus,650,1.029836,1.029836,1.029836,DISABLED,1.029992,1.0,1.0,True,1.0,1.05,1.0,,,,0,0,0,0,False,1.05625,1.0375,1.05625
8.23,1,1288,NEXT_STEP,True,1.029992,-2.010335,650,1.029836,1.02981,1.029868,1.02983,1.029836,dist_bus,650,1.029836,1.029836,1.029836,DISABLED,1.029992,1.0,1.0,True,1.0,1.05,1.0,,,,0,0,0,0,False,1.05625,1.0375,1.05625
8.25,1,1290,ITERATING,True,1.029992,-2.0104,650,1.029836,1.02981,1.029868,1.02983,1.029836,dist_bus,650,1.029836,1.029836,1.029836,DISABLED,1.029992,1.0,1.0,True,1.0,1.05,1.0,,,,0,0,0,0,False,1.05625,1.0375,1.05625
8.255,1,1291,NEXT_STEP,True,1.029992,-2.010416,650,1.029836,1.02981,1.029868,1.02983,1.029836,dist_bus,650,1.029836,1.029836,1.029836,DISABLED,1.029992,1.0,1.0,True,1.0,1.05,1.0,,,,0,0,0,0,False,1.05625,1.0375,1.05625
8.275,1,1293,ITERATING,True,1.029992,-2.010482,650,1.029836,1.02981,1.029868,1.02983,1.029836,dist_bus,650,1.029836,1.029836,1.029836,DISABLED,1.029992,1.0,1.0,True,1.0,1.05,1.0,,,,0,0,0,0,False,1.05625,1.0375,1.05625
8.28,1,1294,NEXT_STEP,True,1.029992,-2.010498,650,1.029836,1.02981,1.029868,1.02983,1.029836,dist_bus,650,1.029836,1.029836,1.029836,DISABLED,1.029992,1.0,1.0,True,1.0,1.05,1.0,,,,0,0,0,0,False,1.05625,1.0375,1.05625
8.3,1,1296,ITERATING,True,1.029992,-2.010564,650,1.029836,1.02981,1.029868,1.02983,1.029836,dist_bus,650,1.029836,1.029836,1.029836,DISABLED,1.029992,1.0,1.0,True,1.0,1.05,1.0,,,,0,0,0,0,False,1.05625,1.0375,1.05625
8.305,1,1297,NEXT_STEP,True,1.029992,-2.01058,650,1.029836,1.02981,1.029868,1.02983,1.029836,dist_bus,650,1.029836,1.029836,1.029836,DISABLED,1.029992,1.0,1.0,True,1.0,1.05,1.0,,,,0,0,0,0,False,1.05625,1.0375,1.05625
8.325,1,1299,ITERATING,True,1.029992,-2.010646,650,1.029836,1.02981,1.029868,1.02983,1.029836,dist_bus,650,1.029836,1.029836,1.029836,DISABLED,1.029992,1.0,1.0,True,1.0,1.05,1.0,,,,0,0,0,0,False,1.05625,1.0375,1.05625
8.33,1,1300,NEXT_STEP,True,1.029992,-2.010663,650,1.029836,1.02981,1.029868,1.02983,1.029836,dist_bus,650,1.029836,1.029836,1.029836,DISABLED,1.029992,1.0,1.0,True,1.0,1.05,1.0,,,,0,0,0,0,False,1.05625,1.0375,1.05625
8.35,1,1302,ITERATING,True,1.029992,-2.010729,650,1.029836,1.02981,1.029868,1.02983,1.029836,dist_bus,650,1.029836,1.029836,1.029836,DISABLED,1.029992,1.0,1.0,True,1.0,1.05,1.0,,,,0,0,0,0,False,1.05625,1.0375,1.05625
8.355,1,1303,NEXT_STEP,True,1.029992,-2.010745,650,1.029836,1.02981,1.029868,1.02983,1.029836,dist_bus,650,1.029836,1.029836,1.029836,DISABLED,1.029992,1.0,1.0,True,1.0,1.05,1.0,,,,0,0,0,0,False,1.05625,1.0375,1.05625
8.375,1,1305,ITERATING,True,1.029992,-2.010811,650,1.029836,1.02981,1.029868,1.02983,1.029836,dist_bus,650,1.029836,1.029836,1.029836,DISABLED,1.029992,1.0,1.0,True,1.0,1.05,1.0,,,,0,0,0,0,False,1.05625,1.0375,1.05625
8.38,1,1306,NEXT_STEP,True,1.029992,-2.010828,650,1.029836,1.02981,1.029868,1.02983,1.029836,dist_bus,650,1.029836,1.029836,1.029836,DISABLED,1.029992,1.0,1.0,True,1.0,1.05,1.0,,,,0,0,0,0,False,1.05625,1.0375,1.05625
8.4,1,1308,ITERATING,True,1.029992,-2.010894,650,1.029836,1.02981,1.029868,1.02983,1.029836,dist_bus,650,1.029836,1.029836,1.029836,DISABLED,1.029992,1.0,1.0,True,1.0,1.05,1.0,,,,0,0,0,0,False,1.05625,1.0375,1.05625
8.405,1,1309,NEXT_STEP,True,1.029992,-2.010911,650,1.029836,1.02981,1.029868,1.02983,1.029836,dist_bus,650,1.029836,1.029836,1.029836,DISABLED,1.029992,1.0,1.0,True,1.0,1.05,1.0,,,,0,0,0,0,False,1.05625,1.0375,1.05625
8.425,1,1311,ITERATING,True,1.029992,-2.010977,650,1.029836,1.02981,1.029868,1.02983,1.029836,dist_bus,650,1.029836,1.029836,1.029836,DISABLED,1.029992,1.0,1.0,True,1.0,1.05,1.0,,,,0,0,0,0,False,1.05625,1.0375,1.05625
8.43,1,1312,NEXT_STEP,True,1.029992,-2.010993,650,1.029836,1.02981,1.029868,1.02983,1.029836,dist_bus,650,1.029836,1.029836,1.029836,DISABLED,1.029992,1.0,1.0,True,1.0,1.05,1.0,,,,0,0,0,0,False,1.05625,1.0375,1.05625
8.45,1,1314,ITERATING,True,1.029992,-2.011059,650,1.029836,1.02981,1.029868,1.02983,1.029836,dist_bus,650,1.029836,1.029836,1.029836,DISABLED,1.029992,1.0,1.0,True,1.0,1.05,1.0,,,,0,0,0,0,False,1.05625,1.0375,1.05625
8.455,1,1315,NEXT_STEP,True,1.029992,-2.011075,650,1.029836,1.02981,1.029868,1.02983,1.029836,dist_bus,650,1.029836,1.029836,1.029836,DISABLED,1.029992,1.0,1.0,True,1.0,1.05,1.0,,,,0,0,0,0,False,1.05625,1.0375,1.05625
8.475,1,1317,ITERATING,True,1.029992,-2.011141,650,1.029836,1.02981,1.029868,1.02983,1.029836,dist_bus,650,1.029836,1.029836,1.029836,DISABLED,1.029992,1.0,1.0,True,1.0,1.05,1.0,,,,0,0,0,0,False,1.05625,1.0375,1.05625
8.48,1,1318,NEXT_STEP,True,1.029992,-2.011157,650,1.029836,1.02981,1.029868,1.02983,1.029836,dist_bus,650,1.029836,1.029836,1.029836,DISABLED,1.029992,1.0,1.0,True,1.0,1.05,1.0,,,,0,0,0,0,False,1.05625,1.0375,1.05625
8.5,1,1320,ITERATING,True,1.029992,-2.011222,650,1.029836,1.02981,1.029868,1.02983,1.029836,dist_bus,650,1.029836,1.029836,1.029836,DISABLED,1.029992,1.0,1.0,True,1.0,1.05,1.0,,,,0,0,0,0,False,1.05625,1.0375,1.05625
8.505,1,1321,NEXT_STEP,True,1.029992,-2.011238,650,1.029836,1.02981,1.029868,1.02983,1.029836,dist_bus,650,1.029836,1.029836,1.029836,DISABLED,1.029992,1.0,1.0,True,1.0,1.05,1.0,,,,0,0,0,0,False,1.05625,1.0375,1.05625
8.525,1,1323,ITERATING,True,1.029992,-2.011303,650,1.029836,1.02981,1.029868,1.02983,1.029836,dist_bus,650,1.029836,1.029836,1.029836,DISABLED,1.029992,1.0,1.0,True,1.0,1.05,1.0,,,,0,0,0,0,False,1.05625,1.0375,1.05625
8.53,1,1324,NEXT_STEP,True,1.029992,-2.011319,650,1.029836,1.02981,1.029868,1.02983,1.029836,dist_bus,650,1.029836,1.029836,1.029836,DISABLED,1.029992,1.0,1.0,True,1.0,1.05,1.0,,,,0,0,0,0,False,1.05625,1.0375,1.05625
8.55,1,1326,ITERATING,True,1.029992,-2.011384,650,1.029836,1.02981,1.029868,1.02983,1.029836,dist_bus,650,1.029836,1.029836,1.029836,DISABLED,1.029992,1.0,1.0,True,1.0,1.05,1.0,,,,0,0,0,0,False,1.05625,1.0375,1.05625
8.555,1,1327,NEXT_STEP,True,1.029992,-2.0114,650,1.029836,1.02981,1.029868,1.02983,1.029836,dist_bus,650,1.029836,1.029836,1.029836,DISABLED,1.029992,1.0,1.0,True,1.0,1.05,1.0,,,,0,0,0,0,False,1.05625,1.0375,1.05625
8.575,1,1329,ITERATING,True,1.029992,-2.011464,650,1.029836,1.02981,1.029868,1.02983,1.029836,dist_bus,650,1.029836,1.029836,1.029836,DISABLED,1.029992,1.0,1.0,True,1.0,1.05,1.0,,,,0,0,0,0,False,1.05625,1.0375,1.05625
8.58,1,1330,NEXT_STEP,True,1.029992,-2.01148,650,1.029836,1.02981,1.029868,1.02983,1.029836,dist_bus,650,1.029836,1.029836,1.029836,DISABLED,1.029992,1.0,1.0,True,1.0,1.05,1.0,,,,0,0,0,0,False,1.05625,1.0375,1.05625
8.6,1,1332,ITERATING,True,1.029992,-2.011543,650,1.029836,1.02981,1.029868,1.02983,1.029836,dist_bus,650,1.029836,1.029836,1.029836,DISABLED,1.029992,1.0,1.0,True,1.0,1.05,1.0,,,,0,0,0,0,False,1.05625,1.0375,1.05625
8.605,1,1333,NEXT_STEP,True,1.029992,-2.011559,650,1.029836,1.02981,1.029868,1.02983,1.029836,dist_bus,650,1.029836,1.029836,1.029836,DISABLED,1.029992,1.0,1.0,True,1.0,1.05,1.0,,,,0,0,0,0,False,1.05625,1.0375,1.05625
8.625,1,1335,ITERATING,True,1.029992,-2.011622,650,1.029836,1.02981,1.029868,1.02983,1.029836,dist_bus,650,1.029836,1.029836,1.029836,DISABLED,1.029992,1.0,1.0,True,1.0,1.05,1.0,,,,0,0,0,0,False,1.05625,1.0375,1.05625
8.63,1,1336,NEXT_STEP,True,1.029992,-2.011638,650,1.029836,1.02981,1.029868,1.02983,1.029836,dist_bus,650,1.029836,1.029836,1.029836,DISABLED,1.029992,1.0,1.0,True,1.0,1.05,1.0,,,,0,0,0,0,False,1.05625,1.0375,1.05625
8.65,1,1338,ITERATING,True,1.029992,-2.0117,650,1.029836,1.02981,1.029868,1.02983,1.029836,dist_bus,650,1.029836,1.029836,1.029836,DISABLED,1.029992,1.0,1.0,True,1.0,1.05,1.0,,,,0,0,0,0,False,1.05625,1.0375,1.05625
8.655,1,1339,NEXT_STEP,True,1.029992,-2.011716,650,1.029836,1.02981,1.029868,1.02983,1.029836,dist_bus,650,1.029836,1.029836,1.029836,DISABLED,1.029992,1.0,1.0,True,1.0,1.05,1.0,,,,0,0,0,0,False,1.05625,1.0375,1.05625
8.675,1,1341,ITERATING,True,1.029992,-2.011778,650,1.029836,1.02981,1.029868,1.02983,1.029836,dist_bus,650,1.029836,1.029836,1.029836,DISABLED,1.029992,1.0,1.0,True,1.0,1.05,1.0,,,,0,0,0,0,False,1.05625,1.0375,1.05625
8.68,1,1342,NEXT_STEP,True,1.029992,-2.011794,650,1.029836,1.02981,1.029868,1.02983,1.029836,dist_bus,650,1.029836,1.029836,1.029836,DISABLED,1.029992,1.0,1.0,True,1.0,1.05,1.0,,,,0,0,0,0,False,1.05625,1.0375,1.05625
8.7,1,1344,ITERATING,True,1.029992,-2.011855,650,1.029836,1.02981,1.029868,1.02983,1.029836,dist_bus,650,1.029836,1.029836,1.029836,DISABLED,1.029992,1.0,1.0,True,1.0,1.05,1.0,,,,0,0,0,0,False,1.05625,1.0375,1.05625
8.705,1,1345,NEXT_STEP,True,1.029992,-2.01187,650,1.029836,1.02981,1.029868,1.02983,1.029836,dist_bus,650,1.029836,1.029836,1.029836,DISABLED,1.029992,1.0,1.0,True,1.0,1.05,1.0,,,,0,0,0,0,False,1.05625,1.0375,1.05625
8.725,1,1347,ITERATING,True,1.029992,-2.011931,650,1.029836,1.02981,1.029868,1.02983,1.029836,dist_bus,650,1.029836,1.029836,1.029836,DISABLED,1.029992,1.0,1.0,True,1.0,1.05,1.0,,,,0,0,0,0,False,1.05625,1.0375,1.05625
8.73,1,1348,NEXT_STEP,True,1.029992,-2.011947,650,1.029836,1.02981,1.029868,1.02983,1.029836,dist_bus,650,1.029836,1.029836,1.029836,DISABLED,1.029992,1.0,1.0,True,1.0,1.05,1.0,,,,0,0,0,0,False,1.05625,1.0375,1.05625
8.75,1,1350,ITERATING,True,1.029992,-2.012007,650,1.029836,1.02981,1.029868,1.02983,1.029836,dist_bus,650,1.029836,1.029836,1.029836,DISABLED,1.029992,1.0,1.0,True,1.0,1.05,1.0,,,,0,0,0,0,False,1.05625,1.0375,1.05625
8.755,1,1351,NEXT_STEP,True,1.029992,-2.012022,650,1.029836,1.02981,1.029868,1.02983,1.029836,dist_bus,650,1.029836,1.029836,1.029836,DISABLED,1.029992,1.0,1.0,True,1.0,1.05,1.0,,,,0,0,0,0,False,1.05625,1.0375,1.05625
8.775,1,1353,ITERATING,True,1.029992,-2.012082,650,1.029836,1.02981,1.029868,1.02983,1.029836,dist_bus,650,1.029836,1.029836,1.029836,DISABLED,1.029992,1.0,1.0,True,1.0,1.05,1.0,,,,0,0,0,0,False,1.05625,1.0375,1.05625
8.78,1,1354,NEXT_STEP,True,1.029992,-2.012097,650,1.029836,1.02981,1.029868,1.02983,1.029836,dist_bus,650,1.029836,1.029836,1.029836,DISABLED,1.029992,1.0,1.0,True,1.0,1.05,1.0,,,,0,0,0,0,False,1.05625,1.0375,1.05625
8.8,1,1356,ITERATING,True,1.029992,-2.012156,650,1.029836,1.02981,1.029868,1.02983,1.029836,dist_bus,650,1.029836,1.029836,1.029836,DISABLED,1.029992,1.0,1.0,True,1.0,1.05,1.0,,,,0,0,0,0,False,1.05625,1.0375,1.05625
8.805,1,1357,NEXT_STEP,True,1.029992,-2.012171,650,1.029836,1.02981,1.029868,1.02983,1.029836,dist_bus,650,1.029836,1.029836,1.029836,DISABLED,1.029992,1.0,1.0,True,1.0,1.05,1.0,,,,0,0,0,0,False,1.05625,1.0375,1.05625
8.825,1,1359,ITERATING,True,1.029992,-2.01223,650,1.029836,1.02981,1.029868,1.02983,1.029836,dist_bus,650,1.029836,1.029836,1.029836,DISABLED,1.029992,1.0,1.0,True,1.0,1.05,1.0,,,,0,0,0,0,False,1.05625,1.0375,1.05625
8.83,1,1360,NEXT_STEP,True,1.029992,-2.012244,650,1.029836,1.02981,1.029868,1.02983,1.029836,dist_bus,650,1.029836,1.029836,1.029836,DISABLED,1.029992,1.0,1.0,True,1.0,1.05,1.0,,,,0,0,0,0,False,1.05625,1.0375,1.05625
8.85,1,1362,ITERATING,True,1.029992,-2.012303,650,1.029836,1.02981,1.029868,1.02983,1.029836,dist_bus,650,1.029836,1.029836,1.029836,DISABLED,1.029992,1.0,1.0,True,1.0,1.05,1.0,,,,0,0,0,0,False,1.05625,1.0375,1.05625
8.855,1,1363,NEXT_STEP,True,1.029992,-2.012318,650,1.029836,1.02981,1.029868,1.02983,1.029836,dist_bus,650,1.029836,1.029836,1.029836,DISABLED,1.029992,1.0,1.0,True,1.0,1.05,1.0,,,,0,0,0,0,False,1.05625,1.0375,1.05625
8.875,1,1365,ITERATING,True,1.029992,-2.012376,650,1.029836,1.02981,1.029868,1.02983,1.029836,dist_bus,650,1.029836,1.029836,1.029836,DISABLED,1.029992,1.0,1.0,True,1.0,1.05,1.0,,,,0,0,0,0,False,1.05625,1.0375,1.05625
8.88,1,1366,NEXT_STEP,True,1.029992,-2.01239,650,1.029836,1.02981,1.029868,1.02983,1.029836,dist_bus,650,1.029836,1.029836,1.029836,DISABLED,1.029992,1.0,1.0,True,1.0,1.05,1.0,,,,0,0,0,0,False,1.05625,1.0375,1.05625
8.9,1,1368,ITERATING,True,1.029992,-2.012448,650,1.029836,1.02981,1.029868,1.02983,1.029836,dist_bus,650,1.029836,1.029836,1.029836,DISABLED,1.029992,1.0,1.0,True,1.0,1.05,1.0,,,,0,0,0,0,False,1.05625,1.0375,1.05625
8.905,1,1369,NEXT_STEP,True,1.029992,-2.012462,650,1.029836,1.02981,1.029868,1.02983,1.029836,dist_bus,650,1.029836,1.029836,1.029836,DISABLED,1.029992,1.0,1.0,True,1.0,1.05,1.0,,,,0,0,0,0,False,1.05625,1.0375,1.05625
8.925,1,1371,ITERATING,True,1.029992,-2.01252,650,1.029836,1.02981,1.029868,1.02983,1.029836,dist_bus,650,1.029836,1.029836,1.029836,DISABLED,1.029992,1.0,1.0,True,1.0,1.05,1.0,,,,0,0,0,0,False,1.05625,1.0375,1.05625
8.93,1,1372,NEXT_STEP,True,1.029992,-2.012534,650,1.029836,1.02981,1.029868,1.02983,1.029836,dist_bus,650,1.029836,1.029836,1.029836,DISABLED,1.029992,1.0,1.0,True,1.0,1.05,1.0,,,,0,0,0,0,False,1.05625,1.0375,1.05625
8.95,1,1374,ITERATING,True,1.029992,-2.012592,650,1.029836,1.02981,1.029868,1.02983,1.029836,dist_bus,650,1.029836,1.029836,1.029836,DISABLED,1.029992,1.0,1.0,True,1.0,1.05,1.0,,,,0,0,0,0,False,1.05625,1.0375,1.05625
8.955,1,1375,NEXT_STEP,True,1.029992,-2.012606,650,1.029836,1.02981,1.029868,1.02983,1.029836,dist_bus,650,1.029836,1.029836,1.029836,DISABLED,1.029992,1.0,1.0,True,1.0,1.05,1.0,,,,0,0,0,0,False,1.05625,1.0375,1.05625
8.975,1,1377,ITERATING,True,1.029992,-2.012663,650,1.029836,1.02981,1.029868,1.02983,1.029836,dist_bus,650,1.029836,1.029836,1.029836,DISABLED,1.029992,1.0,1.0,True,1.0,1.05,1.0,,,,0,0,0,0,False,1.05625,1.0375,1.05625
8.98,1,1378,NEXT_STEP,True,1.029992,-2.012677,650,1.029836,1.02981,1.029868,1.02983,1.029836,dist_bus,650,1.029836,1.029836,1.029836,DISABLED,1.029992,1.0,1.0,True,1.0,1.05,1.0,,,,0,0,0,0,False,1.05625,1.0375,1.05625
9.0,1,1380,ITERATING,True,1.029992,-2.012734,650,1.029836,1.02981,1.029868,1.02983,1.029836,dist_bus,650,1.029836,1.029836,1.029836,DISABLED,1.029992,1.0,1.0,True,1.0,1.05,1.0,,,,0,0,0,0,False,1.05625,1.0375,1.05625
9.005,1,1381,NEXT_STEP,True,1.029992,-2.012748,650,1.029836,1.02981,1.029868,1.02983,1.029836,dist_bus,650,1.029836,1.029836,1.029836,DISABLED,1.029992,1.0,1.0,True,1.0,1.05,1.0,,,,0,0,0,0,False,1.05625,1.0375,1.05625
9.025,1,1383,ITERATING,True,1.029992,-2.012805,650,1.029836,1.02981,1.029868,1.02983,1.029836,dist_bus,650,1.029836,1.029836,1.029836,DISABLED,1.029992,1.0,1.0,True,1.0,1.05,1.0,,,,0,0,0,0,False,1.05625,1.0375,1.05625
9.03,1,1384,NEXT_STEP,True,1.029992,-2.012819,650,1.029836,1.02981,1.029868,1.02983,1.029836,dist_bus,650,1.029836,1.029836,1.029836,DISABLED,1.029992,1.0,1.0,True,1.0,1.05,1.0,,,,0,0,0,0,False,1.05625,1.0375,1.05625
9.05,1,1386,ITERATING,True,1.029992,-2.012875,650,1.029836,1.02981,1.029868,1.02983,1.029836,dist_bus,650,1.029836,1.029836,1.029836,DISABLED,1.029992,1.0,1.0,True,1.0,1.05,1.0,,,,0,0,0,0,False,1.05625,1.0375,1.05625
9.055,1,1387,NEXT_STEP,True,1.029992,-2.012889,650,1.029836,1.02981,1.029868,1.02983,1.029836,dist_bus,650,1.029836,1.029836,1.029836,DISABLED,1.029992,1.0,1.0,True,1.0,1.05,1.0,,,,0,0,0,0,False,1.05625,1.0375,1.05625
9.075,1,1389,ITERATING,True,1.029992,-2.012945,650,1.029836,1.02981,1.029868,1.02983,1.029836,dist_bus,650,1.029836,1.029836,1.029836,DISABLED,1.029992,1.0,1.0,True,1.0,1.05,1.0,,,,0,0,0,0,False,1.05625,1.0375,1.05625
9.08,1,1390,NEXT_STEP,True,1.029992,-2.012959,650,1.029836,1.02981,1.029868,1.02983,1.029836,dist_bus,650,1.029836,1.029836,1.029836,DISABLED,1.029992,1.0,1.0,True,1.0,1.05,1.0,,,,0,0,0,0,False,1.05625,1.0375,1.05625
9.1,1,1392,ITERATING,True,1.029992,-2.013014,650,1.029836,1.02981,1.029868,1.02983,1.029836,dist_bus,650,1.029836,1.029836,1.029836,DISABLED,1.029992,1.0,1.0,True,1.0,1.05,1.0,,,,0,0,0,0,False,1.05625,1.0375,1.05625
9.105,1,1393,NEXT_STEP,True,1.029992,-2.013028,650,1.029836,1.02981,1.029868,1.02983,1.029836,dist_bus,650,1.029836,1.029836,1.029836,DISABLED,1.029992,1.0,1.0,True,1.0,1.05,1.0,,,,0,0,0,0,False,1.05625,1.0375,1.05625
9.125,1,1395,ITERATING,True,1.029992,-2.013084,650,1.029836,1.02981,1.029868,1.02983,1.029836,dist_bus,650,1.029836,1.029836,1.029836,DISABLED,1.029992,1.0,1.0,True,1.0,1.05,1.0,,,,0,0,0,0,False,1.05625,1.0375,1.05625
9.13,1,1396,NEXT_STEP,True,1.029992,-2.013098,650,1.029836,1.02981,1.029868,1.02983,1.029836,dist_bus,650,1.029836,1.029836,1.029836,DISABLED,1.029992,1.0,1.0,True,1.0,1.05,1.0,,,,0,0,0,0,False,1.05625,1.0375,1.05625
9.15,1,1398,ITERATING,True,1.029992,-2.013153,650,1.029836,1.02981,1.029868,1.02983,1.029836,dist_bus,650,1.029836,1.029836,1.029836,DISABLED,1.029992,1.0,1.0,True,1.0,1.05,1.0,,,,0,0,0,0,False,1.05625,1.0375,1.05625
9.155,1,1399,NEXT_STEP,True,1.029992,-2.013166,650,1.029836,1.02981,1.029868,1.02983,1.029836,dist_bus,650,1.029836,1.029836,1.029836,DISABLED,1.029992,1.0,1.0,True,1.0,1.05,1.0,,,,0,0,0,0,False,1.05625,1.0375,1.05625
9.175,1,1401,ITERATING,True,1.029992,-2.013221,650,1.029836,1.02981,1.029868,1.02983,1.029836,dist_bus,650,1.029836,1.029836,1.029836,DISABLED,1.029992,1.0,1.0,True,1.0,1.05,1.0,,,,0,0,0,0,False,1.05625,1.0375,1.05625
9.18,1,1402,NEXT_STEP,True,1.029992,-2.013234,650,1.029836,1.02981,1.029868,1.02983,1.029836,dist_bus,650,1.029836,1.029836,1.029836,DISABLED,1.029992,1.0,1.0,True,1.0,1.05,1.0,,,,0,0,0,0,False,1.05625,1.0375,1.05625
9.2,1,1404,ITERATING,True,1.029992,-2.013289,650,1.029836,1.02981,1.029868,1.02983,1.029836,dist_bus,650,1.029836,1.029836,1.029836,DISABLED,1.029992,1.0,1.0,True,1.0,1.05,1.0,,,,0,0,0,0,False,1.05625,1.0375,1.05625
9.205,1,1405,NEXT_STEP,True,1.029992,-2.013302,650,1.029836,1.02981,1.029868,1.02983,1.029836,dist_bus,650,1.029836,1.029836,1.029836,DISABLED,1.029992,1.0,1.0,True,1.0,1.05,1.0,,,,0,0,0,0,False,1.05625,1.0375,1.05625
9.225,1,1407,ITERATING,True,1.029992,-2.013356,650,1.029836,1.02981,1.029868,1.02983,1.029836,dist_bus,650,1.029836,1.029836,1.029836,DISABLED,1.029992,1.0,1.0,True,1.0,1.05,1.0,,,,0,0,0,0,False,1.05625,1.0375,1.05625
9.23,1,1408,NEXT_STEP,True,1.029992,-2.013369,650,1.029836,1.02981,1.029868,1.02983,1.029836,dist_bus,650,1.029836,1.029836,1.029836,DISABLED,1.029992,1.0,1.0,True,1.0,1.05,1.0,,,,0,0,0,0,False,1.05625,1.0375,1.05625
9.25,1,1410,ITERATING,True,1.029993,-2.013423,650,1.029837,1.029811,1.029869,1.029831,1.029837,dist_bus,650,1.029837,1.029837,1.029837,DISABLED,1.029993,1.0,1.0,True,1.0,1.05,1.0,,,,0,0,0,0,False,1.05625,1.0375,1.05625
9.255,1,1411,NEXT_STEP,True,1.029993,-2.013436,650,1.029837,1.029811,1.029869,1.029831,1.029837,dist_bus,650,1.029837,1.029837,1.029837,DISABLED,1.029993,1.0,1.0,True,1.0,1.05,1.0,,,,0,0,0,0,False,1.05625,1.0375,1.05625
9.275,1,1413,ITERATING,True,1.029993,-2.01349,650,1.029837,1.029811,1.029869,1.029831,1.029837,dist_bus,650,1.029837,1.029837,1.029837,DISABLED,1.029993,1.0,1.0,True,1.0,1.05,1.0,,,,0,0,0,0,False,1.05625,1.0375,1.05625
9.28,1,1414,NEXT_STEP,True,1.029993,-2.013503,650,1.029837,1.029811,1.029869,1.029831,1.029837,dist_bus,650,1.029837,1.029837,1.029837,DISABLED,1.029993,1.0,1.0,True,1.0,1.05,1.0,,,,0,0,0,0,False,1.05625,1.0375,1.05625
9.3,1,1416,ITERATING,True,1.029993,-2.013556,650,1.029837,1.029811,1.029869,1.029831,1.029837,dist_bus,650,1.029837,1.029837,1.029837,DISABLED,1.029993,1.0,1.0,True,1.0,1.05,1.0,,,,0,0,0,0,False,1.05625,1.0375,1.05625
9.305,1,1417,NEXT_STEP,True,1.029993,-2.01357,650,1.029837,1.029811,1.029869,1.029831,1.029837,dist_bus,650,1.029837,1.029837,1.029837,DISABLED,1.029993,1.0,1.0,True,1.0,1.05,1.0,,,,0,0,0,0,False,1.05625,1.0375,1.05625
9.325,1,1419,ITERATING,True,1.029993,-2.013622,650,1.029837,1.029811,1.029869,1.029831,1.029837,dist_bus,650,1.029837,1.029837,1.029837,DISABLED,1.029993,1.0,1.0,True,1.0,1.05,1.0,,,,0,0,0,0,False,1.05625,1.0375,1.05625
9.33,1,1420,NEXT_STEP,True,1.029993,-2.013636,650,1.029837,1.029811,1.029869,1.029831,1.029837,dist_bus,650,1.029837,1.029837,1.029837,DISABLED,1.029993,1.0,1.0,True,1.0,1.05,1.0,,,,0,0,0,0,False,1.05625,1.0375,1.05625
9.35,1,1422,ITERATING,True,1.029993,-2.013688,650,1.029837,1.029811,1.029869,1.029831,1.029837,dist_bus,650,1.029837,1.029837,1.029837,DISABLED,1.029993,1.0,1.0,True,1.0,1.05,1.0,,,,0,0,0,0,False,1.05625,1.0375,1.05625
9.355,1,1423,NEXT_STEP,True,1.029993,-2.013701,650,1.029837,1.029811,1.029869,1.029831,1.029837,dist_bus,650,1.029837,1.029837,1.029837,DISABLED,1.029993,1.0,1.0,True,1.0,1.05,1.0,,,,0,0,0,0,False,1.05625,1.0375,1.05625
9.375,1,1425,ITERATING,True,1.029993,-2.013753,650,1.029837,1.029811,1.029869,1.029831,1.029837,dist_bus,650,1.029837,1.029837,1.029837,DISABLED,1.029993,1.0,1.0,True,1.0,1.05,1.0,,,,0,0,0,0,False,1.05625,1.0375,1.05625
9.38,1,1426,NEXT_STEP,True,1.029993,-2.013766,650,1.029837,1.029811,1.029869,1.029831,1.029837,dist_bus,650,1.029837,1.029837,1.029837,DISABLED,1.029993,1.0,1.0,True,1.0,1.05,1.0,,,,0,0,0,0,False,1.05625,1.0375,1.05625
9.4,1,1428,ITERATING,True,1.029993,-2.013818,650,1.029837,1.029811,1.029869,1.029831,1.029837,dist_bus,650,1.029837,1.029837,1.029837,DISABLED,1.029993,1.0,1.0,True,1.0,1.05,1.0,,,,0,0,0,0,False,1.05625,1.0375,1.05625
9.405,1,1429,NEXT_STEP,True,1.029993,-2.013831,650,1.029837,1.029811,1.029869,1.029831,1.029837,dist_bus,650,1.029837,1.029837,1.029837,DISABLED,1.029993,1.0,1.0,True,1.0,1.05,1.0,,,,0,0,0,0,False,1.05625,1.0375,1.05625
9.425,1,1431,ITERATING,True,1.029993,-2.013883,650,1.029837,1.029811,1.029869,1.029831,1.029837,dist_bus,650,1.029837,1.029837,1.029837,DISABLED,1.029993,1.0,1.0,True,1.0,1.05,1.0,,,,0,0,0,0,False,1.05625,1.0375,1.05625
9.43,1,1432,NEXT_STEP,True,1.029993,-2.013895,650,1.029837,1.029811,1.029869,1.029831,1.029837,dist_bus,650,1.029837,1.029837,1.029837,DISABLED,1.029993,1.0,1.0,True,1.0,1.05,1.0,,,,0,0,0,0,False,1.05625,1.0375,1.05625
9.45,1,1434,ITERATING,True,1.029993,-2.013946,650,1.029837,1.029811,1.029869,1.029831,1.029837,dist_bus,650,1.029837,1.029837,1.029837,DISABLED,1.029993,1.0,1.0,True,1.0,1.05,1.0,,,,0,0,0,0,False,1.05625,1.0375,1.05625
9.455,1,1435,NEXT_STEP,True,1.029993,-2.013959,650,1.029837,1.029811,1.029869,1.029831,1.029837,dist_bus,650,1.029837,1.029837,1.029837,DISABLED,1.029993,1.0,1.0,True,1.0,1.05,1.0,,,,0,0,0,0,False,1.05625,1.0375,1.05625
9.475,1,1437,ITERATING,True,1.029993,-2.01401,650,1.029837,1.029811,1.029869,1.029831,1.029837,dist_bus,650,1.029837,1.029837,1.029837,DISABLED,1.029993,1.0,1.0,True,1.0,1.05,1.0,,,,0,0,0,0,False,1.05625,1.0375,1.05625
9.48,1,1438,NEXT_STEP,True,1.029993,-2.014022,650,1.029837,1.029811,1.029869,1.029831,1.029837,dist_bus,650,1.029837,1.029837,1.029837,DISABLED,1.029993,1.0,1.0,True,1.0,1.05,1.0,,,,0,0,0,0,False,1.05625,1.0375,1.05625
9.5,1,1440,ITERATING,True,1.029993,-2.014072,650,1.029837,1.029811,1.029869,1.029831,1.029837,dist_bus,650,1.029837,1.029837,1.029837,DISABLED,1.029993,1.0,1.0,True,1.0,1.05,1.0,,,,0,0,0,0,False,1.05625,1.0375,1.05625
9.505,1,1441,NEXT_STEP,True,1.029993,-2.014085,650,1.029837,1.029811,1.029869,1.029831,1.029837,dist_bus,650,1.029837,1.029837,1.029837,DISABLED,1.029993,1.0,1.0,True,1.0,1.05,1.0,,,,0,0,0,0,False,1.05625,1.0375,1.05625
9.525,1,1443,ITERATING,True,1.029993,-2.014134,650,1.029837,1.029811,1.029869,1.029831,1.029837,dist_bus,650,1.029837,1.029837,1.029837,DISABLED,1.029993,1.0,1.0,True,1.0,1.05,1.0,,,,0,0,0,0,False,1.05625,1.0375,1.05625
9.53,1,1444,NEXT_STEP,True,1.029993,-2.014147,650,1.029837,1.029811,1.029869,1.029831,1.029837,dist_bus,650,1.029837,1.029837,1.029837,DISABLED,1.029993,1.0,1.0,True,1.0,1.05,1.0,,,,0,0,0,0,False,1.05625,1.0375,1.05625
9.55,1,1446,ITERATING,True,1.029993,-2.014196,650,1.029837,1.029811,1.029869,1.029831,1.029837,dist_bus,650,1.029837,1.029837,1.029837,DISABLED,1.029993,1.0,1.0,True,1.0,1.05,1.0,,,,0,0,0,0,False,1.05625,1.0375,1.05625
9.555,1,1447,NEXT_STEP,True,1.029993,-2.014208,650,1.029837,1.029811,1.029869,1.029831,1.029837,dist_bus,650,1.029837,1.029837,1.029837,DISABLED,1.029993,1.0,1.0,True,1.0,1.05,1.0,,,,0,0,0,0,False,1.05625,1.0375,1.05625
9.575,1,1449,ITERATING,True,1.029993,-2.014257,650,1.029837,1.029811,1.029869,1.029831,1.029837,dist_bus,650,1.029837,1.029837,1.029837,DISABLED,1.029993,1.0,1.0,True,1.0,1.05,1.0,,,,0,0,0,0,False,1.05625,1.0375,1.05625
9.58,1,1450,NEXT_STEP,True,1.029993,-2.014269,650,1.029837,1.029811,1.029869,1.029831,1.029837,dist_bus,650,1.029837,1.029837,1.029837,DISABLED,1.029993,1.0,1.0,True,1.0,1.05,1.0,,,,0,0,0,0,False,1.05625,1.0375,1.05625
9.6,1,1452,ITERATING,True,1.029993,-2.014318,650,1.029837,1.029811,1.029869,1.029831,1.029837,dist_bus,650,1.029837,1.029837,1.029837,DISABLED,1.029993,1.0,1.0,True,1.0,1.05,1.0,,,,0,0,0,0,False,1.05625,1.0375,1.05625
9.605,1,1453,NEXT_STEP,True,1.029993,-2.01433,650,1.029837,1.029811,1.029869,1.029831,1.029837,dist_bus,650,1.029837,1.029837,1.029837,DISABLED,1.029993,1.0,1.0,True,1.0,1.05,1.0,,,,0,0,0,0,False,1.05625,1.0375,1.05625
9.625,1,1455,ITERATING,True,1.029993,-2.014378,650,1.029837,1.029811,1.029869,1.029831,1.029837,dist_bus,650,1.029837,1.029837,1.029837,DISABLED,1.029993,1.0,1.0,True,1.0,1.05,1.0,,,,0,0,0,0,False,1.05625,1.0375,1.05625
9.63,1,1456,NEXT_STEP,True,1.029993,-2.01439,650,1.029837,1.029811,1.029869,1.029831,1.029837,dist_bus,650,1.029837,1.029837,1.029837,DISABLED,1.029993,1.0,1.0,True,1.0,1.05,1.0,,,,0,0,0,0,False,1.05625,1.0375,1.05625
9.65,1,1458,ITERATING,True,1.029993,-2.014438,650,1.029837,1.029811,1.029869,1.029831,1.029837,dist_bus,650,1.029837,1.029837,1.029837,DISABLED,1.029993,1.0,1.0,True,1.0,1.05,1.0,,,,0,0,0,0,False,1.05625,1.0375,1.05625
9.655,1,1459,NEXT_STEP,True,1.029993,-2.01445,650,1.029837,1.029811,1.029869,1.029831,1.029837,dist_bus,650,1.029837,1.029837,1.029837,DISABLED,1.029993,1.0,1.0,True,1.0,1.05,1.0,,,,0,0,0,0,False,1.05625,1.0375,1.05625
9.675,1,1461,ITERATING,True,1.029993,-2.014498,650,1.029837,1.029811,1.029869,1.029831,1.029837,dist_bus,650,1.029837,1.029837,1.029837,DISABLED,1.029993,1.0,1.0,True,1.0,1.05,1.0,,,,0,0,0,0,False,1.05625,1.0375,1.05625
9.68,1,1462,NEXT_STEP,True,1.029993,-2.014509,650,1.029837,1.029811,1.029869,1.029831,1.029837,dist_bus,650,1.029837,1.029837,1.029837,DISABLED,1.029993,1.0,1.0,True,1.0,1.05,1.0,,,,0,0,0,0,False,1.05625,1.0375,1.05625
9.7,1,1464,ITERATING,True,1.029993,-2.014556,650,1.029837,1.029811,1.029869,1.029831,1.029837,dist_bus,650,1.029837,1.029837,1.029837,DISABLED,1.029993,1.0,1.0,True,1.0,1.05,1.0,,,,0,0,0,0,False,1.05625,1.0375,1.05625
9.705,1,1465,NEXT_STEP,True,1.029993,-2.014568,650,1.029837,1.029811,1.029869,1.029831,1.029837,dist_bus,650,1.029837,1.029837,1.029837,DISABLED,1.029993,1.0,1.0,True,1.0,1.05,1.0,,,,0,0,0,0,False,1.05625,1.0375,1.05625
9.725,1,1467,ITERATING,True,1.029993,-2.014615,650,1.029837,1.029811,1.029869,1.029831,1.029837,dist_bus,650,1.029837,1.029837,1.029837,DISABLED,1.029993,1.0,1.0,True,1.0,1.05,1.0,,,,0,0,0,0,False,1.05625,1.0375,1.05625
9.73,1,1468,NEXT_STEP,True,1.029993,-2.014626,650,1.029837,1.029811,1.029869,1.029831,1.029837,dist_bus,650,1.029837,1.029837,1.029837,DISABLED,1.029993,1.0,1.0,True,1.0,1.05,1.0,,,,0,0,0,0,False,1.05625,1.0375,1.05625
9.75,1,1470,ITERATING,True,1.029993,-2.014673,650,1.029837,1.029811,1.029869,1.029831,1.029837,dist_bus,650,1.029837,1.029837,1.029837,DISABLED,1.029993,1.0,1.0,True,1.0,1.05,1.0,,,,0,0,0,0,False,1.05625,1.0375,1.05625
9.755,1,1471,NEXT_STEP,True,1.029993,-2.014684,650,1.029837,1.029811,1.029869,1.029831,1.029837,dist_bus,650,1.029837,1.029837,1.029837,DISABLED,1.029993,1.0,1.0,True,1.0,1.05,1.0,,,,0,0,0,0,False,1.05625,1.0375,1.05625
9.775,1,1473,ITERATING,True,1.029993,-2.01473,650,1.029837,1.029811,1.029869,1.029831,1.029837,dist_bus,650,1.029837,1.029837,1.029837,DISABLED,1.029993,1.0,1.0,True,1.0,1.05,1.0,,,,0,0,0,0,False,1.05625,1.0375,1.05625
9.78,1,1474,NEXT_STEP,True,1.029993,-2.014741,650,1.029837,1.029811,1.029869,1.029831,1.029837,dist_bus,650,1.029837,1.029837,1.029837,DISABLED,1.029993,1.0,1.0,True,1.0,1.05,1.0,,,,0,0,0,0,False,1.05625,1.0375,1.05625
9.8,1,1476,ITERATING,True,1.029993,-2.014787,650,1.029837,1.029811,1.029869,1.029831,1.029837,dist_bus,650,1.029837,1.029837,1.029837,DISABLED,1.029993,1.0,1.0,True,1.0,1.05,1.0,,,,0,0,0,0,False,1.05625,1.0375,1.05625
9.805,1,1477,NEXT_STEP,True,1.029993,-2.014798,650,1.029837,1.029811,1.029869,1.029831,1.029837,dist_bus,650,1.029837,1.029837,1.029837,DISABLED,1.029993,1.0,1.0,True,1.0,1.05,1.0,,,,0,0,0,0,False,1.05625,1.0375,1.05625
9.825,1,1479,ITERATING,True,1.029993,-2.014843,650,1.029837,1.029811,1.029869,1.029831,1.029837,dist_bus,650,1.029837,1.029837,1.029837,DISABLED,1.029993,1.0,1.0,True,1.0,1.05,1.0,,,,0,0,0,0,False,1.05625,1.0375,1.05625
9.83,1,1480,NEXT_STEP,True,1.029993,-2.014854,650,1.029837,1.029811,1.029869,1.029831,1.029837,dist_bus,650,1.029837,1.029837,1.029837,DISABLED,1.029993,1.0,1.0,True,1.0,1.05,1.0,,,,0,0,0,0,False,1.05625,1.0375,1.05625
9.85,1,1482,ITERATING,True,1.029993,-2.014899,650,1.029837,1.029811,1.029869,1.029831,1.029837,dist_bus,650,1.029837,1.029837,1.029837,DISABLED,1.029993,1.0,1.0,True,1.0,1.05,1.0,,,,0,0,0,0,False,1.05625,1.0375,1.05625
9.855,1,1483,NEXT_STEP,True,1.029993,-2.01491,650,1.029837,1.029811,1.029869,1.029831,1.029837,dist_bus,650,1.029837,1.029837,1.029837,DISABLED,1.029993,1.0,1.0,True,1.0,1.05,1.0,,,,0,0,0,0,False,1.05625,1.0375,1.05625
9.875,1,1485,ITERATING,True,1.029993,-2.014955,650,1.029837,1.029811,1.029869,1.029831,1.029837,dist_bus,650,1.029837,1.029837,1.029837,DISABLED,1.029993,1.0,1.0,True,1.0,1.05,1.0,,,,0,0,0,0,False,1.05625,1.0375,1.05625
9.88,1,1486,NEXT_STEP,True,1.029993,-2.014966,650,1.029837,1.029811,1.029869,1.029831,1.029837,dist_bus,650,1.029837,1.029837,1.029837,DISABLED,1.029993,1.0,1.0,True,1.0,1.05,1.0,,,,0,0,0,0,False,1.05625,1.0375,1.05625
9.9,1,1488,ITERATING,True,1.029993,-2.01501,650,1.029837,1.029811,1.029869,1.029831,1.029837,dist_bus,650,1.029837,1.029837,1.029837,DISABLED,1.029993,1.0,1.0,True,1.0,1.05,1.0,,,,0,0,0,0,False,1.05625,1.0375,1.05625
9.905,1,1489,NEXT_STEP,True,1.029993,-2.015021,650,1.029837,1.029811,1.029869,1.029831,1.029837,dist_bus,650,1.029837,1.029837,1.029837,DISABLED,1.029993,1.0,1.0,True,1.0,1.05,1.0,,,,0,0,0,0,False,1.05625,1.0375,1.05625
9.925,1,1491,ITERATING,True,1.029993,-2.015065,650,1.029837,1.029811,1.029869,1.029831,1.029837,dist_bus,650,1.029837,1.029837,1.029837,DISABLED,1.029993,1.0,1.0,True,1.0,1.05,1.0,,,,0,0,0,0,False,1.05625,1.0375,1.05625
9.93,1,1492,NEXT_STEP,True,1.029993,-2.015076,650,1.029837,1.029811,1.029869,1.029831,1.029837,dist_bus,650,1.029837,1.029837,1.029837,DISABLED,1.029993,1.0,1.0,True,1.0,1.05,1.0,,,,0,0,0,0,False,1.05625,1.0375,1.05625
9.95,1,1494,ITERATING,True,1.029993,-2.015119,650,1.029837,1.029811,1.029869,1.029831,1.029837,dist_bus,650,1.029837,1.029837,1.029837,DISABLED,1.029993,1.0,1.0,True,1.0,1.05,1.0,,,,0,0,0,0,False,1.05625,1.0375,1.05625
9.955,1,1495,NEXT_STEP,True,1.029993,-2.01513,650,1.029837,1.029811,1.029869,1.029831,1.029837,dist_bus,650,1.029837,1.029837,1.029837,DISABLED,1.029993,1.0,1.0,True,1.0,1.05,1.0,,,,0,0,0,0,False,1.05625,1.0375,1.05625
9.975,1,1497,ITERATING,True,1.029993,-2.015174,650,1.029837,1.029811,1.029869,1.029831,1.029837,dist_bus,650,1.029837,1.029837,1.029837,DISABLED,1.029993,1.0,1.0,True,1.0,1.05,1.0,,,,0,0,0,0,False,1.05625,1.0375,1.05625
9.98,1,1498,NEXT_STEP,True,1.029993,-2.015185,650,1.029837,1.029811,1.029869,1.029831,1.029837,dist_bus,650,1.029837,1.029837,1.029837,DISABLED,1.029993,1.0,1.0,True,1.0,1.05,1.0,,,,0,0,0,0,False,1.05625,1.0375,1.05625
10.0,1,1499,NEXT_STEP,False,1.029993,-2.015185,650,1.029837,1.029811,1.029869,1.029831,1.029837,dist_bus,650,1.029837,1.029837,1.029837,DISABLED,1.029993,1.0,1.0,True,1.0,1.05,1.0,,,,0,0,0,0,False,1.05625,1.0375,1.05625
