iter,outer_iter,t_granted,cosim_dt,tx_tds_step,state,updated,P_total,Q_total,Vmag,Vang_rad,fault_idx,fault_bus,fault_active,fault_rf,fault_xf,fault_bus_vmag,fault_bus_vang_rad,event_line_idx,event_bus1,event_bus2,event_line_status,event_bus1_vmag,event_bus1_vang_rad,event_bus2_vmag,event_bus2_vang_rad,event_bus_angle_diff_deg,postfault_line_idx,postfault_bus1,postfault_bus2,postfault_line_status,delta_min_deg,delta_max_deg,delta_spread_deg,delta_min_idx,delta_min_bus,delta_max_idx,delta_max_bus,omega_min_pu,omega_max_pu,omega_max_dev,omega_min_idx,omega_min_bus,omega_max_idx,omega_max_bus,vf_min_pu,vf_max_pu,vf_min_idx,vf_min_bus,vf_max_idx,vf_max_bus
0,0,0.0,0.0,0.001,INITIALIZED,1,0.0360273339883278,0.016981920895916,1.03,-0.0326624075222781,,,,,,,,Line_3,2,3,1.0,1.03,-0.0326624075222781,1.01,-0.0634056691422442,1.7614591392905936,Line_3,2,3,1.0,11.664097904458096,63.50034463342252,51.836246728964426,GENROU_4,6,GENROU_1,1,1.0,1.0,0.0,GENROU_1,1,GENROU_1,1,1.47135509938404,2.033928865595403,GENROU_5,8,GENROU_2,2
1,1,0.005,0.005,0.001,NEXT_STEP,0,0.0360273339883278,0.016981920895916,1.03,-0.0326624075222781,,,,,,,,Line_3,2,3,1.0,1.03,-0.0326624075222781,1.01,-0.0634056691422442,1.7614591392905936,Line_3,2,3,1.0,11.664097904458096,63.50034463342252,51.836246728964426,GENROU_4,6,GENROU_1,1,1.0,1.0,0.0,GENROU_1,1,GENROU_1,1,1.47135509938404,2.033928865595403,GENROU_5,8,GENROU_2,2
3,2,0.01,0.005,0.001,NEXT_STEP,1,0.0360271933825834,0.0169817966353493,1.03000001406883,-0.032662394854486,,,,,,,,Line_3,2,3,1.0,1.03000001406883,-0.032662394854486,1.0100000096398265,-0.0634056589565609,1.7614592815049548,Line_3,2,3,1.0,11.664097904458096,63.50034463342252,51.836246728964426,GENROU_4,6,GENROU_1,1,1.0,1.0,0.0,GENROU_1,1,GENROU_1,1,1.4713551036421664,2.033928865483952,GENROU_5,8,GENROU_2,2
5,2,0.015,0.005,0.001,NEXT_STEP,1,0.0360271933806459,0.0169817966335518,1.0300000152454991,-0.0326623937513669,,,,,,,,Line_3,2,3,1.0,1.0300000152454991,-0.0326623937513669,1.0100000106571838,-0.0634056578568526,1.761459281700354,Line_3,2,3,1.0,11.664097904458096,63.50034463342252,51.836246728964426,GENROU_4,6,GENROU_1,1,1.0,1.0,0.0,GENROU_1,1,GENROU_1,1,1.4713551012042765,2.0339288618915767,GENROU_5,8,GENROU_2,2
7,2,0.02,0.005,0.001,NEXT_STEP,1,0.0360271933819342,0.0169817966346775,1.0300000163313436,-0.032662392747792,,,,,,,,Line_3,2,3,1.0,1.0300000163313436,-0.032662392747792,1.0100000116086187,-0.0634056568508294,1.761459281560093,Line_3,2,3,1.0,11.664097904458096,63.50034463342252,51.836246728964426,GENROU_4,6,GENROU_1,1,1.0,1.0,0.0,GENROU_1,1,GENROU_1,1,1.471355098043324,2.033928847966952,GENROU_5,8,GENROU_2,2
8,1,0.025,0.005,0.001,NEXT_STEP,0,0.0360271933819342,0.0169817966346775,1.0300000173325352,-0.0326623918221621,,,,,,,,Line_3,2,3,1.0,1.0300000173325352,-0.0326623918221621,1.0100000124957051,-0.0634056559189196,1.761459281200274,Line_3,2,3,1.0,11.664097904458096,63.50034463342252,51.836246728964426,GENROU_4,6,GENROU_1,1,1.0,1.0,0.0,GENROU_1,1,GENROU_1,1,1.4713550944465792,2.0339288225446297,GENROU_5,8,GENROU_2,2
9,1,0.03,0.005,0.001,NEXT_STEP,0,0.0360271933819342,0.0169817966346775,1.0300000182589253,-0.032662390969425,,,,,,,,Line_3,2,3,1.0,1.0300000182589253,-0.032662390969425,1.010000013324979,-0.0634056550566987,1.7614592806569078,Line_3,2,3,1.0,11.664097904458096,63.50034463342252,51.836246728964426,GENROU_4,6,GENROU_1,1,1.0,1.0,0.0,GENROU_1,1,GENROU_1,1,1.47135509070114,2.0339287866896867,GENROU_5,8,GENROU_2,2
10,1,0.035,0.005,0.001,NEXT_STEP,0,0.0360271933819342,0.0169817966346775,1.0300000191257186,-0.0326623902012946,,,,,,,,Line_3,2,3,1.0,1.0300000191257186,-0.0326623902012946,1.0100000141124306,-0.0634056542888918,1.7614592806754388,Line_3,2,3,1.0,11.664097904458096,63.50034463342252,51.836246728964426,GENROU_4,6,GENROU_1,1,1.0,1.0,0.0,GENROU_1,1,GENROU_1,1,1.471355087047372,2.033928742509833,GENROU_5,8,GENROU_2,2
11,1,0.04,0.005,0.001,NEXT_STEP,0,0.0360271933819342,0.0169817966346775,1.0300000199433357,-0.0326623895187966,,,,,,,,Line_3,2,3,1.0,1.0300000199433357,-0.0326623895187966,1.0100000148676982,-0.0634056536240131,1.7614592816849497,Line_3,2,3,1.0,11.664097904458096,63.50034463342252,51.836246728964426,GENROU_4,6,GENROU_1,1,1.0,1.0,0.0,GENROU_1,1,GENROU_1,1,1.4713550833818263,2.0339286924669384,GENROU_5,8,GENROU_2,2
12,1,0.045,0.005,0.001,NEXT_STEP,0,0.0360271933819342,0.0169817966346775,1.0300000206342763,-0.0326623888652087,,,,,,,,Line_3,2,3,1.0,1.0300000206342763,-0.0326623888652087,1.0100000155204245,-0.0634056529949573,1.7614592830905167,Line_3,2,3,1.0,11.664097904458096,63.50034463342252,51.836246728964426,GENROU_4,6,GENROU_1,1,1.0,1.0,0.0,GENROU_1,1,GENROU_1,1,1.4713550799970303,2.033928638948547,GENROU_5,8,GENROU_2,2
13,1,0.05,0.005,0.001,NEXT_STEP,0,0.0360271933819342,0.0169817966346775,1.0300000213332683,-0.0326623883712855,,,,,,,,Line_3,2,3,1.0,1.0300000213332683,-0.0326623883712855,1.010000016182652,-0.0634056525987447,1.7614592886889398,Line_3,2,3,1.0,11.664097904458096,63.50034463342252,51.836246728964426,GENROU_4,6,GENROU_1,1,1.0,1.0,0.0,GENROU_1,1,GENROU_1,1,1.4713550767583214,2.0339285840549173,GENROU_5,8,GENROU_2,2
14,1,0.055,0.005,0.001,NEXT_STEP,0,0.0360271933819342,0.0169817966346775,1.0300000220167962,-0.0326623879317607,,,,,,,,Line_3,2,3,1.0,1.0300000220167962,-0.0326623879317607,1.010000016827198,-0.0634056520479632,1.761459282314405,Line_3,2,3,1.0,11.664097904458096,63.50034463342252,51.836246728964426,GENROU_4,6,GENROU_1,1,1.0,1.0,0.0,GENROU_1,1,GENROU_1,1,1.4713550735985232,2.0339285294984446,GENROU_5,8,GENROU_2,2
15,1,0.06,0.005,0.001,NEXT_STEP,0,0.0360271933819342,0.0169817966346775,1.0300000226371957,-0.0326623876030008,,,,,,,,Line_3,2,3,1.0,1.0300000226371957,-0.0326623876030008,1.0100000174186734,-0.0634056517058883,1.7614592815515095,Line_3,2,3,1.0,11.664097904458096,63.50034463342252,51.836246728964426,GENROU_4,6,GENROU_1,1,1.0,1.0,0.0,GENROU_1,1,GENROU_1,1,1.4713550706160594,2.0339284765840504,GENROU_5,8,GENROU_2,2
16,1,0.065,0.005,0.001,NEXT_STEP,0,0.0360271933819342,0.0169817966346775,1.0300000232122533,-0.0326623871309195,,,,,,,,Line_3,2,3,1.0,1.0300000232122533,-0.0326623871309195,1.0100000179679611,-0.0634056512284991,1.7614592812473688,Line_3,2,3,1.0,11.664097904458096,63.50034463342252,51.836246728964426,GENROU_4,6,GENROU_1,1,1.0,1.0,0.0,GENROU_1,1,GENROU_1,1,1.4713550677725566,2.0339284262211623,GENROU_5,8,GENROU_2,2
17,1,0.07,0.005,0.001,NEXT_STEP,0,0.0360271933819342,0.0169817966346775,1.0300000236459057,-0.0326623868660821,,,,,,,,Line_3,2,3,1.0,1.0300000236459057,-0.0326623868660821,1.010000018388416,-0.0634056509639491,1.7614592812638534,Line_3,2,3,1.0,11.664097904458096,63.50034463342252,51.836246728964426,GENROU_4,6,GENROU_1,1,1.0,1.0,0.0,GENROU_1,1,GENROU_1,1,1.4713550651848248,2.0339283789278406,GENROU_5,8,GENROU_2,2
18,1,0.075,0.005,0.001,NEXT_STEP,0,0.0360271933819342,0.0169817966346775,1.0300000242503795,-0.0326623864756821,,,,,,,,Line_3,2,3,1.0,1.0300000242503795,-0.0326623864756821,1.010000018971161,-0.0634056505571835,1.7614592803261644,Line_3,2,3,1.0,11.664097904458096,63.50034463342252,51.836246728964426,GENROU_4,6,GENROU_1,1,1.0,1.0,0.0,GENROU_1,1,GENROU_1,1,1.4713550625484266,2.0339283349757604,GENROU_5,8,GENROU_2,2
19,1,0.08,0.005,0.001,NEXT_STEP,0,0.0360271933819342,0.0169817966346775,1.0300000247070158,-0.0326623862116953,,,,,,,,Line_3,2,3,1.0,1.0300000247070158,-0.0326623862116953,1.0100000194140917,-0.0634056502855356,1.7614592798872195,Line_3,2,3,1.0,11.664097904458096,63.50034463342252,51.836246728964426,GENROU_4,6,GENROU_1,1,1.0,1.0,0.0,GENROU_1,1,GENROU_1,1,1.4713550603004326,2.0339282944318997,GENROU_5,8,GENROU_2,2
20,1,0.085,0.005,0.001,NEXT_STEP,0,0.0360271933819342,0.0169817966346775,1.0300000250529155,-0.0326623858927065,,,,,,,,Line_3,2,3,1.0,1.0300000250529155,-0.0326623858927065,1.0100000197502228,-0.0634056499478556,1.7614592788162895,Line_3,2,3,1.0,11.664097904458096,63.50034463342252,51.836246728964426,GENROU_4,6,GENROU_1,1,1.0,1.0,0.0,GENROU_1,1,GENROU_1,1,1.4713550580380474,2.033928258134439,GENROU_5,8,GENROU_2,2
21,1,0.09,0.005,0.001,NEXT_STEP,0,0.0360271933819342,0.0169817966346775,1.030000025499264,-0.0326623857358909,,,,,,,,Line_3,2,3,1.0,1.030000025499264,-0.0326623857358909,1.0100000201896528,-0.0634056497944019,1.7614592790089034,Line_3,2,3,1.0,11.664097904458096,63.50034463342252,51.836246728964426,GENROU_4,6,GENROU_1,1,1.0,1.0,0.0,GENROU_1,1,GENROU_1,1,1.4713550562214912,2.033928226599117,GENROU_5,8,GENROU_2,2
22,1,0.095,0.005,0.001,NEXT_STEP,0,0.0360271933819342,0.0169817966346775,1.0300000257775557,-0.0326623856313583,,,,,,,,Line_3,2,3,1.0,1.0300000257775557,-0.0326623856313583,1.010000020476398,-0.0634056496919285,1.7614592791269104,Line_3,2,3,1.0,11.664097904458096,63.50034463342252,51.836246728964426,GENROU_4,6,GENROU_1,1,1.0,1.0,0.0,GENROU_1,1,GENROU_1,1,1.4713550546343013,2.0339281989872777,GENROU_5,8,GENROU_2,2
23,1,0.1,0.005,0.001,NEXT_STEP,0,0.0360271933819342,0.0169817966346775,1.030000025912931,-0.0326623855201808,,,,,,,,Line_3,2,3,1.0,1.030000025912931,-0.0326623855201808,1.0100000206210886,-0.0634056495442938,1.7614592770380568,Line_3,2,3,1.0,11.664097904458096,63.50034463342252,51.836246728964426,GENROU_4,6,GENROU_1,1,1.0,1.0,0.0,GENROU_1,1,GENROU_1,1,1.4713550545453278,2.0339281753630365,GENROU_5,8,GENROU_2,2
24,1,0.105,0.005,0.001,NEXT_STEP,0,0.0360271933819342,0.0169817966346775,1.030000026019014,-0.0326623855201808,,,,,,,,Line_3,2,3,1.0,1.030000026019014,-0.0326623855201808,1.0100000207322193,-0.0634056495442938,1.7614592770380568,Line_3,2,3,1.0,11.664097904458096,63.50034463342252,51.836246728964426,GENROU_4,6,GENROU_1,1,1.0,1.0,0.0,GENROU_1,1,GENROU_1,1,1.47135505411789,2.033928156564951,GENROU_5,8,GENROU_2,2
25,1,0.11,0.005,0.001,NEXT_STEP,0,0.0360271933819342,0.0169817966346775,1.030000026019014,-0.0326623855201808,,,,,,,,Line_3,2,3,1.0,1.030000026019014,-0.0326623855201808,1.0100000207322193,-0.0634056495442938,1.7614592770380568,Line_3,2,3,1.0,11.664097904458096,63.50034463342252,51.836246728964426,GENROU_4,6,GENROU_1,1,1.0,1.0,0.0,GENROU_1,1,GENROU_1,1,1.4713550528510386,2.033928142039924,GENROU_5,8,GENROU_2,2
26,1,0.115,0.005,0.001,NEXT_STEP,0,0.0360271933819342,0.0169817966346775,1.0300000259120667,-0.0326623855201808,,,,,,,,Line_3,2,3,1.0,1.0300000259120667,-0.0326623855201808,1.0100000207322193,-0.0634056495442938,1.7614592770380568,Line_3,2,3,1.0,11.664097904458096,63.50034463342252,51.836246728964426,GENROU_4,6,GENROU_1,1,1.0,1.0,0.0,GENROU_1,1,GENROU_1,1,1.4713550528510386,2.0339281308329675,GENROU_5,8,GENROU_2,2
27,1,0.12,0.005,0.001,NEXT_STEP,0,0.0360271933819342,0.0169817966346775,1.0300000259120667,-0.0326623855201808,,,,,,,,Line_3,2,3,1.0,1.0300000259120667,-0.0326623855201808,1.010000020629563,-0.0634056495442938,1.7614592770380568,Line_3,2,3,1.0,11.664097904458096,63.50034463342252,51.836246728964426,GENROU_4,6,GENROU_1,1,1.0,1.0,0.0,GENROU_1,1,GENROU_1,1,1.4713550528510386,2.033928122184488,GENROU_5,8,GENROU_2,2
28,1,0.125,0.005,0.001,NEXT_STEP,0,0.0360271933819342,0.0169817966346775,1.0300000258055078,-0.0326623855201808,,,,,,,,Line_3,2,3,1.0,1.0300000258055078,-0.0326623855201808,1.010000020629563,-0.0634056495442938,1.7614592770380568,Line_3,2,3,1.0,11.664097904458096,63.50034463342252,51.836246728964426,GENROU_4,6,GENROU_1,1,1.0,1.0,0.0,GENROU_1,1,GENROU_1,1,1.4713550528510386,2.033928115503064,GENROU_5,8,GENROU_2,2
29,1,0.13,0.005,0.001,NEXT_STEP,0,0.0360271933819342,0.0169817966346775,1.0300000258055078,-0.0326623855201808,,,,,,,,Line_3,2,3,1.0,1.0300000258055078,-0.0326623855201808,1.010000020523986,-0.0634056495442938,1.7614592770380568,Line_3,2,3,1.0,11.664097904458096,63.50034463342252,51.836246728964426,GENROU_4,6,GENROU_1,1,1.0,1.0,0.0,GENROU_1,1,GENROU_1,1,1.4713550528510386,2.0339281103413107,GENROU_5,8,GENROU_2,2
30,1,0.135,0.005,0.001,NEXT_STEP,0,0.0360271933819342,0.0169817966346775,1.0300000256976616,-0.0326623855201808,,,,,,,,Line_3,2,3,1.0,1.0300000256976616,-0.0326623855201808,1.010000020523986,-0.0634056495442938,1.7614592770380568,Line_3,2,3,1.0,11.664097904458096,63.50034463342252,51.836246728964426,GENROU_4,6,GENROU_1,1,1.0,1.0,0.0,GENROU_1,1,GENROU_1,1,1.4713550528510386,2.033928106361081,GENROU_5,8,GENROU_2,2
31,1,0.14,0.005,0.001,NEXT_STEP,0,0.0360271933819342,0.0169817966346775,1.0300000256976616,-0.0326623855201808,,,,,,,,Line_3,2,3,1.0,1.0300000256976616,-0.0326623855201808,1.010000020523986,-0.0634056495442938,1.7614592770380568,Line_3,2,3,1.0,11.664097904458096,63.50034463342252,51.836246728964426,GENROU_4,6,GENROU_1,1,1.0,1.0,0.0,GENROU_1,1,GENROU_1,1,1.4713550528510386,2.033928103282543,GENROU_5,8,GENROU_2,2
32,1,0.145,0.005,0.001,NEXT_STEP,0,0.0360271933819342,0.0169817966346775,1.0300000255888695,-0.0326623855201808,,,,,,,,Line_3,2,3,1.0,1.0300000255888695,-0.0326623855201808,1.0100000204174795,-0.0634056495442938,1.7614592770380568,Line_3,2,3,1.0,11.664097904458096,63.50034463342252,51.836246728964426,GENROU_4,6,GENROU_1,1,1.0,1.0,0.0,GENROU_1,1,GENROU_1,1,1.471355052840809,2.033928100900358,GENROU_5,8,GENROU_2,2
33,1,0.15,0.005,0.001,NEXT_STEP,0,0.0360271933819342,0.0169817966346775,1.0300000255888695,-0.0326623856208899,,,,,,,,Line_3,2,3,1.0,1.0300000255888695,-0.0326623856208899,1.0100000204174795,-0.0634056495442938,1.761459271267853,Line_3,2,3,1.0,11.664097904458096,63.50034463342252,51.836246728964426,GENROU_4,6,GENROU_1,1,1.0,1.0,0.0,GENROU_1,1,GENROU_1,1,1.471355052840809,2.0339280990560504,GENROU_5,8,GENROU_2,2
34,1,0.155,0.005,0.001,NEXT_STEP,0,0.0360271933819342,0.0169817966346775,1.0300000254801114,-0.0326623856208899,,,,,,,,Line_3,2,3,1.0,1.0300000254801114,-0.0326623856208899,1.0100000204174795,-0.0634056496473726,1.761459277173827,Line_3,2,3,1.0,11.664097904458096,63.50034463342252,51.836246728964426,GENROU_4,6,GENROU_1,1,1.0,1.0,0.0,GENROU_1,1,GENROU_1,1,1.471355052840809,2.033928097627119,GENROU_5,8,GENROU_2,2
35,1,0.16,0.005,0.001,NEXT_STEP,0,0.0360271933819342,0.0169817966346775,1.0300000254801114,-0.0326623856208899,,,,,,,,Line_3,2,3,1.0,1.0300000254801114,-0.0326623856208899,1.010000020310647,-0.0634056496473726,1.761459277173827,Line_3,2,3,1.0,11.664097904458096,63.50034463342252,51.836246728964426,GENROU_4,6,GENROU_1,1,1.0,1.0,0.0,GENROU_1,1,GENROU_1,1,1.471355052840809,2.033928096519064,GENROU_5,8,GENROU_2,2
36,1,0.165,0.005,0.001,NEXT_STEP,0,0.0360271933819342,0.0169817966346775,1.0300000253713104,-0.0326623856208899,,,,,,,,Line_3,2,3,1.0,1.0300000253713104,-0.0326623856208899,1.010000020310647,-0.0634056496473726,1.761459277173827,Line_3,2,3,1.0,11.664097904458096,63.50034463342252,51.836246728964426,GENROU_4,6,GENROU_1,1,1.0,1.0,0.0,GENROU_1,1,GENROU_1,1,1.471355052840809,2.0339280956587933,GENROU_5,8,GENROU_2,2
37,1,0.17,0.005,0.001,NEXT_STEP,0,0.0360271933819342,0.0169817966346775,1.0300000253713104,-0.0326623856208899,,,,,,,,Line_3,2,3,1.0,1.0300000253713104,-0.0326623856208899,1.010000020310647,-0.0634056496473726,1.761459277173827,Line_3,2,3,1.0,11.664097904458096,63.50034463342252,51.836246728964426,GENROU_4,6,GENROU_1,1,1.0,1.0,0.0,GENROU_1,1,GENROU_1,1,1.471355052840809,2.0339280949899683,GENROU_5,8,GENROU_2,2
38,1,0.175,0.005,0.001,NEXT_STEP,0,0.0360271933819342,0.0169817966346775,1.030000025263044,-0.0326623856208899,,,,,,,,Line_3,2,3,1.0,1.030000025263044,-0.0326623856208899,1.0100000202042454,-0.0634056496473726,1.761459277173827,Line_3,2,3,1.0,11.664097904458096,63.50034463342252,51.836246728964426,GENROU_4,6,GENROU_1,1,1.0,1.0,0.0,GENROU_1,1,GENROU_1,1,1.471355052840809,2.0339280945543345,GENROU_5,8,GENROU_2,2
39,1,0.18,0.005,0.001,NEXT_STEP,0,0.0360271933819342,0.0169817966346775,1.030000025263044,-0.0326623857231583,,,,,,,,Line_3,2,3,1.0,1.030000025263044,-0.0326623857231583,1.0100000202042454,-0.0634056496473726,1.761459271314294,Line_3,2,3,1.0,11.664097904458096,63.50034463342252,51.836246728964426,GENROU_4,6,GENROU_1,1,1.0,1.0,0.0,GENROU_1,1,GENROU_1,1,1.471355052840809,2.0339280945543345,GENROU_5,8,GENROU_2,2
40,1,0.185,0.005,0.001,NEXT_STEP,0,0.0360271933819342,0.0169817966346775,1.0300000251550432,-0.0326623857231583,,,,,,,,Line_3,2,3,1.0,1.0300000251550432,-0.0326623857231583,1.0100000202042454,-0.0634056497493695,1.7614592771582809,Line_3,2,3,1.0,11.664097904458096,63.50034463342252,51.836246728964426,GENROU_4,6,GENROU_1,1,1.0,1.0,0.0,GENROU_1,1,GENROU_1,1,1.471355052840809,2.0339280945543345,GENROU_5,8,GENROU_2,2
41,1,0.19,0.005,0.001,NEXT_STEP,0,0.0360271933819342,0.0169817966346775,1.0300000251550432,-0.0326623857231583,,,,,,,,Line_3,2,3,1.0,1.0300000251550432,-0.0326623857231583,1.0100000200983432,-0.0634056497493695,1.7614592771582809,Line_3,2,3,1.0,11.664097904458096,63.50034463342252,51.836246728964426,GENROU_4,6,GENROU_1,1,1.0,1.0,0.0,GENROU_1,1,GENROU_1,1,1.4713550526846897,2.0339280944541973,GENROU_5,8,GENROU_2,2
42,1,0.195,0.005,0.001,NEXT_STEP,0,0.0360271933819342,0.0169817966346775,1.0300000250478267,-0.0326623857231583,,,,,,,,Line_3,2,3,1.0,1.0300000250478267,-0.0326623857231583,1.0100000200983432,-0.0634056497493695,1.7614592771582809,Line_3,2,3,1.0,11.664097904458096,63.50034463342252,51.836246728964426,GENROU_4,6,GENROU_1,1,1.0,1.0,0.0,GENROU_1,1,GENROU_1,1,1.4713550526846897,2.0339280944541973,GENROU_5,8,GENROU_2,2
43,1,0.2,0.005,0.001,NEXT_STEP,0,0.0360271933819342,0.0169817966346775,1.0300000250478267,-0.0326623857231583,,,,,,,,Line_3,2,3,1.0,1.0300000250478267,-0.0326623857231583,1.0100000199934294,-0.0634056497493695,1.7614592771582809,Line_3,2,3,1.0,11.664097904458096,63.50034463342252,51.836246728964426,GENROU_4,6,GENROU_1,1,1.0,1.0,0.0,GENROU_1,1,GENROU_1,1,1.4713550526846897,2.0339280944541973,GENROU_5,8,GENROU_2,2
44,1,0.205,0.005,0.001,NEXT_STEP,0,0.0360271933819342,0.0169817966346775,1.0300000249410175,-0.0326623858241123,,,,,,,,Line_3,2,3,1.0,1.0300000249410175,-0.0326623858241123,1.0100000199934294,-0.0634056497493695,1.7614592713740365,Line_3,2,3,1.0,11.664097904458096,63.50034463342252,51.836246728964426,GENROU_4,6,GENROU_1,1,1.0,1.0,0.0,GENROU_1,1,GENROU_1,1,1.4713550526846897,2.0339280943532385,GENROU_5,8,GENROU_2,2
45,1,0.21,0.005,0.001,NEXT_STEP,0,0.0360271933819342,0.0169817966346775,1.0300000249410175,-0.0326623858241123,,,,,,,,Line_3,2,3,1.0,1.0300000249410175,-0.0326623858241123,1.0100000199934294,-0.0634056498499099,1.761459277134577,Line_3,2,3,1.0,11.664097904458096,63.50034463342252,51.836246728964426,GENROU_4,6,GENROU_1,1,1.0,1.0,0.0,GENROU_1,1,GENROU_1,1,1.4713550526846897,2.0339280943532385,GENROU_5,8,GENROU_2,2
46,1,0.215,0.005,0.001,NEXT_STEP,0,0.0360271933819342,0.0169817966346775,1.0300000248350003,-0.0326623858241123,,,,,,,,Line_3,2,3,1.0,1.0300000248350003,-0.0326623858241123,1.0100000198892711,-0.0634056498499099,1.761459277134577,Line_3,2,3,1.0,11.664097904458096,63.50034463342252,51.836246728964426,GENROU_4,6,GENROU_1,1,1.0,1.0,0.0,GENROU_1,1,GENROU_1,1,1.4713550526846897,2.0339280943532385,GENROU_5,8,GENROU_2,2
47,1,0.22,0.005,0.001,NEXT_STEP,0,0.0360271933819342,0.0169817966346775,1.0300000248350003,-0.0326623858241123,,,,,,,,Line_3,2,3,1.0,1.0300000248350003,-0.0326623858241123,1.0100000198892711,-0.0634056498499099,1.761459277134577,Line_3,2,3,1.0,11.664097904458096,63.50034463342252,51.836246728964426,GENROU_4,6,GENROU_1,1,1.0,1.0,0.0,GENROU_1,1,GENROU_1,1,1.4713550526846897,2.0339280943532385,GENROU_5,8,GENROU_2,2
48,1,0.225,0.005,0.001,NEXT_STEP,0,0.0360271933819342,0.0169817966346775,1.0300000247339254,-0.0326623858241123,,,,,,,,Line_3,2,3,1.0,1.0300000247339254,-0.0326623858241123,1.0100000198892711,-0.0634056498499099,1.761459277134577,Line_3,2,3,1.0,11.664097904458096,63.50034463342252,51.836246728964426,GENROU_4,6,GENROU_1,1,1.0,1.0,0.0,GENROU_1,1,GENROU_1,1,1.4713550526846897,2.0339280942510283,GENROU_5,8,GENROU_2,2
49,1,0.23,0.005,0.001,NEXT_STEP,0,0.0360271933819342,0.0169817966346775,1.0300000247339254,-0.0326623858241123,,,,,,,,Line_3,2,3,1.0,1.0300000247339254,-0.0326623858241123,1.0100000197880792,-0.0634056498499099,1.761459277134577,Line_3,2,3,1.0,11.664097904458096,63.50034463342252,51.836246728964426,GENROU_4,6,GENROU_1,1,1.0,1.0,0.0,GENROU_1,1,GENROU_1,1,1.4713550526846897,2.0339280930830577,GENROU_5,8,GENROU_2,2
50,1,0.235,0.005,0.001,NEXT_STEP,0,0.0360271933819342,0.0169817966346775,1.030000024628916,-0.0326623858241123,,,,,,,,Line_3,2,3,1.0,1.030000024628916,-0.0326623858241123,1.0100000197880792,-0.0634056498499099,1.761459277134577,Line_3,2,3,1.0,11.664097904458096,63.50034463342252,51.836246728964426,GENROU_4,6,GENROU_1,1,1.0,1.0,0.0,GENROU_1,1,GENROU_1,1,1.4713550525394308,2.0339280917837925,GENROU_5,8,GENROU_2,2
51,1,0.24,0.005,0.001,NEXT_STEP,0,0.0360271933819342,0.0169817966346775,1.030000024628916,-0.0326623859242988,,,,,,,,Line_3,2,3,1.0,1.030000024628916,-0.0326623859242988,1.0100000197880792,-0.0634056499502438,1.7614592771430182,Line_3,2,3,1.0,11.664097904458096,63.50034463342252,51.836246728964426,GENROU_4,6,GENROU_1,1,1.0,1.0,0.0,GENROU_1,1,GENROU_1,1,1.4713550525394308,2.0339280907761315,GENROU_5,8,GENROU_2,2
52,1,0.245,0.005,0.001,NEXT_STEP,0,0.0360271933819342,0.0169817966346775,1.0300000245241523,-0.0326623859242988,,,,,,,,Line_3,2,3,1.0,1.0300000245241523,-0.0326623859242988,1.0100000196851342,-0.0634056499502438,1.7614592771430182,Line_3,2,3,1.0,11.664097904458096,63.50034463342252,51.836246728964426,GENROU_4,6,GENROU_1,1,1.0,1.0,0.0,GENROU_1,1,GENROU_1,1,1.4713550525394308,2.0339280899937893,GENROU_5,8,GENROU_2,2
53,1,0.25,0.005,0.001,NEXT_STEP,0,0.0360271933819342,0.0169817966346775,1.0300000245241523,-0.0326623859242988,,,,,,,,Line_3,2,3,1.0,1.0300000245241523,-0.0326623859242988,1.0100000196851342,-0.0634056499502438,1.7614592771430182,Line_3,2,3,1.0,11.664097904458096,63.50034463342252,51.836246728964426,GENROU_4,6,GENROU_1,1,1.0,1.0,0.0,GENROU_1,1,GENROU_1,1,1.4713550525394308,2.033928089371381,GENROU_5,8,GENROU_2,2
54,1,0.255,0.005,0.001,NEXT_STEP,0,0.0360271933819342,0.0169817966346775,1.030000024419662,-0.0326623859242988,,,,,,,,Line_3,2,3,1.0,1.030000024419662,-0.0326623859242988,1.010000019582583,-0.0634056499502438,1.7614592771430182,Line_3,2,3,1.0,11.664097904458096,63.50034463342252,51.836246728964426,GENROU_4,6,GENROU_1,1,1.0,1.0,0.0,GENROU_1,1,GENROU_1,1,1.4713550525394308,2.0339280878864354,GENROU_5,8,GENROU_2,2
55,1,0.26,0.005,0.001,NEXT_STEP,0,0.0360271933819342,0.0169817966346775,1.030000024419662,-0.0326623859242988,,,,,,,,Line_3,2,3,1.0,1.030000024419662,-0.0326623859242988,1.010000019582583,-0.0634056499502438,1.7614592771430182,Line_3,2,3,1.0,11.664097904458096,63.50034463342252,51.836246728964426,GENROU_4,6,GENROU_1,1,1.0,1.0,0.0,GENROU_1,1,GENROU_1,1,1.4713550525394308,2.033928086630671,GENROU_5,8,GENROU_2,2
56,1,0.265,0.005,0.001,NEXT_STEP,0,0.0360271933819342,0.0169817966346775,1.0300000243154952,-0.0326623860344504,,,,,,,,Line_3,2,3,1.0,1.0300000243154952,-0.0326623860344504,1.0100000194770709,-0.0634056500610169,1.7614592771786306,Line_3,2,3,1.0,11.664097904458096,63.50034463342252,51.836246728964426,GENROU_4,6,GENROU_1,1,1.0,1.0,0.0,GENROU_1,1,GENROU_1,1,1.4713550525394308,2.0339280856568203,GENROU_5,8,GENROU_2,2
57,1,0.27,0.005,0.001,NEXT_STEP,0,0.0360271933819342,0.0169817966346775,1.030000024206701,-0.0326623860344504,,,,,,,,Line_3,2,3,1.0,1.030000024206701,-0.0326623860344504,1.0100000194770709,-0.0634056500610169,1.7614592771786306,Line_3,2,3,1.0,11.664097904458096,63.50034463342252,51.836246728964426,GENROU_4,6,GENROU_1,1,1.0,1.0,0.0,GENROU_1,1,GENROU_1,1,1.4713550523677523,2.0339280849008894,GENROU_5,8,GENROU_2,2
58,1,0.275,0.005,0.001,NEXT_STEP,0,0.0360271933819342,0.0169817966346775,1.0300000240977485,-0.0326623860344504,,,,,,,,Line_3,2,3,1.0,1.0300000240977485,-0.0326623860344504,1.0100000193624683,-0.0634056500610169,1.7614592771786306,Line_3,2,3,1.0,11.664097904458096,63.50034463342252,51.836246728964426,GENROU_4,6,GENROU_1,1,1.0,1.0,0.0,GENROU_1,1,GENROU_1,1,1.4713550523677523,2.033928084304379,GENROU_5,8,GENROU_2,2
59,1,0.28,0.005,0.001,NEXT_STEP,0,0.0360271933819342,0.0169817966346775,1.0300000239653622,-0.0326623861375226,,,,,,,,Line_3,2,3,1.0,1.0300000239653622,-0.0326623861375226,1.0100000193624683,-0.0634056501639235,1.7614592771691375,Line_3,2,3,1.0,11.664097904458096,63.50034463342252,51.836246728964426,GENROU_4,6,GENROU_1,1,1.0,1.0,0.0,GENROU_1,1,GENROU_1,1,1.4713550523677523,2.0339280830392577,GENROU_5,8,GENROU_2,2
60,1,0.285,0.005,0.001,NEXT_STEP,0,0.0360271933819342,0.0169817966346775,1.0300000238439926,-0.0326623861375226,,,,,,,,Line_3,2,3,1.0,1.0300000238439926,-0.0326623861375226,1.0100000192555043,-0.0634056501639235,1.7614592771691375,Line_3,2,3,1.0,11.664097904458096,63.50034463342252,51.836246728964426,GENROU_4,6,GENROU_1,1,1.0,1.0,0.0,GENROU_1,1,GENROU_1,1,1.4713550523677523,2.033928081749731,GENROU_5,8,GENROU_2,2
61,1,0.29,0.005,0.001,NEXT_STEP,0,0.0360271933819342,0.0169817966346775,1.0300000237356426,-0.0326623861375226,,,,,,,,Line_3,2,3,1.0,1.0300000237356426,-0.0326623861375226,1.0100000191396097,-0.0634056501639235,1.7614592771691375,Line_3,2,3,1.0,11.664097904458096,63.50034463342252,51.836246728964426,GENROU_4,6,GENROU_1,1,1.0,1.0,0.0,GENROU_1,1,GENROU_1,1,1.4713550523677523,2.0339280807501745,GENROU_5,8,GENROU_2,2
62,1,0.295,0.005,0.001,NEXT_STEP,0,0.0360271933819342,0.0169817966346775,1.0300000237356426,-0.0326623862483744,,,,,,,,Line_3,2,3,1.0,1.0300000237356426,-0.0326623862483744,1.0100000191396097,-0.0634056502664571,1.761459276692534,Line_3,2,3,1.0,11.664097904458096,63.50034463342252,51.836246728964426,GENROU_4,6,GENROU_1,1,1.0,1.0,0.0,GENROU_1,1,GENROU_1,1,1.471355052212859,2.0339280799744768,GENROU_5,8,GENROU_2,2
63,1,0.3,0.005,0.001,NEXT_STEP,0,0.0360271933819342,0.0169817966346775,1.0300000236273443,-0.0326623862483744,,,,,,,,Line_3,2,3,1.0,1.0300000236273443,-0.0326623862483744,1.0100000190253615,-0.0634056502664571,1.761459276692534,Line_3,2,3,1.0,11.664097904458096,63.50034463342252,51.836246728964426,GENROU_4,6,GENROU_1,1,1.0,1.0,0.0,GENROU_1,1,GENROU_1,1,1.471355052212859,2.0339280793716865,GENROU_5,8,GENROU_2,2
64,1,0.305,0.005,0.001,NEXT_STEP,0,0.0360271933819342,0.0169817966346775,1.0300000235271556,-0.0326623862483744,,,,,,,,Line_3,2,3,1.0,1.0300000235271556,-0.0326623862483744,1.0100000189236178,-0.0634056502664571,1.761459276692534,Line_3,2,3,1.0,11.664097904458096,63.50034463342252,51.836246728964426,GENROU_4,6,GENROU_1,1,1.0,1.0,0.0,GENROU_1,1,GENROU_1,1,1.471355052099363,2.0339280791668104,GENROU_5,8,GENROU_2,2
65,1,0.31,0.005,0.001,NEXT_STEP,0,0.0360271933819342,0.0169817966346775,1.0300000233951296,-0.0326623863493405,,,,,,,,Line_3,2,3,1.0,1.0300000233951296,-0.0326623863493405,1.0100000189236178,-0.0634056502664571,1.7614592709076078,Line_3,2,3,1.0,11.664097904458096,63.50034463342252,51.836246728964426,GENROU_4,6,GENROU_1,1,1.0,1.0,0.0,GENROU_1,1,GENROU_1,1,1.471355052099363,2.033928077728487,GENROU_5,8,GENROU_2,2
66,1,0.315,0.005,0.001,NEXT_STEP,0,0.0360271933819342,0.0169817966346775,1.0300000232641615,-0.0326623863493405,,,,,,,,Line_3,2,3,1.0,1.0300000232641615,-0.0326623863493405,1.010000018801082,-0.0634056503675048,1.7614592766972237,Line_3,2,3,1.0,11.664097904458096,63.50034463342252,51.836246728964426,GENROU_4,6,GENROU_1,1,1.0,1.0,0.0,GENROU_1,1,GENROU_1,1,1.471355052099363,2.0339280765071672,GENROU_5,8,GENROU_2,2
67,1,0.32,0.005,0.001,NEXT_STEP,0,0.0360271933819342,0.0169817966346775,1.0300000231562856,-0.0326623863493405,,,,,,,,Line_3,2,3,1.0,1.0300000231562856,-0.0326623863493405,1.010000018801082,-0.0634056503675048,1.7614592766972237,Line_3,2,3,1.0,11.664097904458096,63.50034463342252,51.836246728964426,GENROU_4,6,GENROU_1,1,1.0,1.0,0.0,GENROU_1,1,GENROU_1,1,1.471355052099363,2.033928075560317,GENROU_5,8,GENROU_2,2
68,1,0.325,0.005,0.001,NEXT_STEP,0,0.0360271933819342,0.0169817966346775,1.0300000230484965,-0.032662386451705,,,,,,,,Line_3,2,3,1.0,1.0300000230484965,-0.032662386451705,1.0100000186873683,-0.0634056503675048,1.7614592708321766,Line_3,2,3,1.0,11.664097904458096,63.50034463342252,51.836246728964426,GENROU_4,6,GENROU_1,1,1.0,1.0,0.0,GENROU_1,1,GENROU_1,1,1.471355052099363,2.0339280748254795,GENROU_5,8,GENROU_2,2
69,1,0.33,0.005,0.001,NEXT_STEP,0,0.0360271933819342,0.0169817966346775,1.0300000230484965,-0.032662386451705,,,,,,,,Line_3,2,3,1.0,1.0300000230484965,-0.032662386451705,1.0100000185813354,-0.0634056504697276,1.761459276689095,Line_3,2,3,1.0,11.664097904458096,63.50034463342252,51.836246728964426,GENROU_4,6,GENROU_1,1,1.0,1.0,0.0,GENROU_1,1,GENROU_1,1,1.4713550519416692,2.033928074254338,GENROU_5,8,GENROU_2,2
70,1,0.335,0.005,0.001,NEXT_STEP,0,0.0360271933819342,0.0169817966346775,1.0300000229404185,-0.032662386451705,,,,,,,,Line_3,2,3,1.0,1.0300000229404185,-0.032662386451705,1.0100000185813354,-0.0634056504697276,1.761459276689095,Line_3,2,3,1.0,11.664097904458096,63.50034463342252,51.836246728964426,GENROU_4,6,GENROU_1,1,1.0,1.0,0.0,GENROU_1,1,GENROU_1,1,1.4713550519416692,2.0339280739400074,GENROU_5,8,GENROU_2,2
71,1,0.34,0.005,0.001,NEXT_STEP,0,0.0360271933819342,0.0169817966346775,1.0300000228090311,-0.032662386558606,,,,,,,,Line_3,2,3,1.0,1.0300000228090311,-0.032662386558606,1.0100000184585216,-0.0634056505728918,1.7614592764749943,Line_3,2,3,1.0,11.664097904458096,63.50034463342252,51.836246728964426,GENROU_4,6,GENROU_1,1,1.0,1.0,0.0,GENROU_1,1,GENROU_1,1,1.4713550519416692,2.0339280724468525,GENROU_5,8,GENROU_2,2
72,1,0.345,0.005,0.001,NEXT_STEP,0,0.0360271933819342,0.0169817966346775,1.0300000227018045,-0.032662386558606,,,,,,,,Line_3,2,3,1.0,1.0300000227018045,-0.032662386558606,1.0100000184585216,-0.0634056505728918,1.7614592764749943,Line_3,2,3,1.0,11.664097904458096,63.50034463342252,51.836246728964426,GENROU_4,6,GENROU_1,1,1.0,1.0,0.0,GENROU_1,1,GENROU_1,1,1.4713550519416692,2.033928071287357,GENROU_5,8,GENROU_2,2
73,1,0.35,0.005,0.001,NEXT_STEP,0,0.0360271933819342,0.0169817966346775,1.0300000225706214,-0.032662386558606,,,,,,,,Line_3,2,3,1.0,1.0300000225706214,-0.032662386558606,1.010000018352639,-0.0634056505728918,1.7614592764749943,Line_3,2,3,1.0,11.664097904458096,63.50034463342252,51.836246728964426,GENROU_4,6,GENROU_1,1,1.0,1.0,0.0,GENROU_1,1,GENROU_1,1,1.4713550519416692,2.033928070388283,GENROU_5,8,GENROU_2,2
74,1,0.355,0.005,0.001,NEXT_STEP,0,0.0360271933819342,0.0169817966346775,1.0300000224398578,-0.0326623866641571,,,,,,,,Line_3,2,3,1.0,1.0300000224398578,-0.0326623866641571,1.0100000182465323,-0.0634056506783124,1.7614592764675194,Line_3,2,3,1.0,11.664097904458096,63.50034463342252,51.836246728964426,GENROU_4,6,GENROU_1,1,1.0,1.0,0.0,GENROU_1,1,GENROU_1,1,1.4713550517785552,2.033928069690512,GENROU_5,8,GENROU_2,2
75,1,0.36,0.005,0.001,NEXT_STEP,0,0.0360271933819342,0.0169817966346775,1.0300000224398578,-0.0326623866641571,,,,,,,,Line_3,2,3,1.0,1.0300000224398578,-0.0326623866641571,1.0100000182465323,-0.0634056506783124,1.7614592764675194,Line_3,2,3,1.0,11.664097904458096,63.50034463342252,51.836246728964426,GENROU_4,6,GENROU_1,1,1.0,1.0,0.0,GENROU_1,1,GENROU_1,1,1.4713550517785552,2.0339280692460187,GENROU_5,8,GENROU_2,2
76,1,0.365,0.005,0.001,NEXT_STEP,0,0.0360271933819342,0.0169817966346775,1.0300000223325227,-0.0326623866641571,,,,,,,,Line_3,2,3,1.0,1.0300000223325227,-0.0326623866641571,1.0100000181408944,-0.0634056506783124,1.7614592764675194,Line_3,2,3,1.0,11.664097904458096,63.50034463342252,51.836246728964426,GENROU_4,6,GENROU_1,1,1.0,1.0,0.0,GENROU_1,1,GENROU_1,1,1.4713550517785552,2.033928068378553,GENROU_5,8,GENROU_2,2
77,1,0.37,0.005,0.001,NEXT_STEP,0,0.0360271933819342,0.0169817966346775,1.0300000222119654,-0.0326623866641571,,,,,,,,Line_3,2,3,1.0,1.0300000222119654,-0.0326623866641571,1.010000018035198,-0.0634056506783124,1.7614592764675194,Line_3,2,3,1.0,11.664097904458096,63.50034463342252,51.836246728964426,GENROU_4,6,GENROU_1,1,1.0,1.0,0.0,GENROU_1,1,GENROU_1,1,1.4713550517785552,2.033928067009972,GENROU_5,8,GENROU_2,2
78,1,0.375,0.005,0.001,NEXT_STEP,0,0.0360271933819342,0.0169817966346775,1.0300000221050511,-0.0326623867694209,,,,,,,,Line_3,2,3,1.0,1.0300000221050511,-0.0326623867694209,1.010000018035198,-0.0634056507834664,1.7614592764612382,Line_3,2,3,1.0,11.664097904458096,63.50034463342252,51.836246728964426,GENROU_4,6,GENROU_1,1,1.0,1.0,0.0,GENROU_1,1,GENROU_1,1,1.4713550517785552,2.033928065949492,GENROU_5,8,GENROU_2,2
79,1,0.38,0.005,0.001,NEXT_STEP,0,0.0360271933819342,0.0169817966346775,1.0300000219980725,-0.0326623867694209,,,,,,,,Line_3,2,3,1.0,1.0300000219980725,-0.0326623867694209,1.0100000179203747,-0.0634056507834664,1.7614592764612382,Line_3,2,3,1.0,11.664097904458096,63.50034463342252,51.836246728964426,GENROU_4,6,GENROU_1,1,1.0,1.0,0.0,GENROU_1,1,GENROU_1,1,1.471355051617473,2.033928065126977,GENROU_5,8,GENROU_2,2
80,1,0.385,0.005,0.001,NEXT_STEP,0,0.0360271933819342,0.0169817966346775,1.0300000218912322,-0.0326623867694209,,,,,,,,Line_3,2,3,1.0,1.0300000218912322,-0.0326623867694209,1.0100000179203747,-0.0634056507834664,1.7614592764612382,Line_3,2,3,1.0,11.664097904458096,63.50034463342252,51.836246728964426,GENROU_4,6,GENROU_1,1,1.0,1.0,0.0,GENROU_1,1,GENROU_1,1,1.471355051617473,2.033928064496604,GENROU_5,8,GENROU_2,2
81,1,0.39,0.005,0.001,NEXT_STEP,0,0.0360271933819342,0.0169817966346775,1.0300000217840928,-0.0326623868709551,,,,,,,,Line_3,2,3,1.0,1.0300000217840928,-0.0326623868709551,1.0100000178077744,-0.0634056508848956,1.7614592764552128,Line_3,2,3,1.0,11.664097904458096,63.50034463342252,51.836246728964426,GENROU_4,6,GENROU_1,1,1.0,1.0,0.0,GENROU_1,1,GENROU_1,1,1.471355051617473,2.0339280643896003,GENROU_5,8,GENROU_2,2
82,1,0.395,0.005,0.001,NEXT_STEP,0,0.0360271933819342,0.0169817966346775,1.0300000217840928,-0.0326623868709551,,,,,,,,Line_3,2,3,1.0,1.0300000217840928,-0.0326623868709551,1.0100000177027977,-0.0634056508848956,1.7614592764552128,Line_3,2,3,1.0,11.664097904458096,63.50034463342252,51.836246728964426,GENROU_4,6,GENROU_1,1,1.0,1.0,0.0,GENROU_1,1,GENROU_1,1,1.471355051617473,2.0339280643896003,GENROU_5,8,GENROU_2,2
83,1,0.4,0.005,0.001,NEXT_STEP,0,0.0360271933819342,0.0169817966346775,1.0300000216539362,-0.0326623868709551,,,,,,,,Line_3,2,3,1.0,1.0300000216539362,-0.0326623868709551,1.0100000177027977,-0.0634056508848956,1.7614592764552128,Line_3,2,3,1.0,11.664097904458096,63.50034463342252,51.836246728964426,GENROU_4,6,GENROU_1,1,1.0,1.0,0.0,GENROU_1,1,GENROU_1,1,1.471355051617473,2.0339280643896003,GENROU_5,8,GENROU_2,2
84,1,0.405,0.005,0.001,NEXT_STEP,0,0.0360271933819342,0.0169817966346775,1.0300000215339646,-0.0326623869720187,,,,,,,,Line_3,2,3,1.0,1.0300000215339646,-0.0326623869720187,1.010000017588093,-0.0634056509858904,1.7614592764512622,Line_3,2,3,1.0,11.664097904458096,63.50034463342252,51.836246728964426,GENROU_4,6,GENROU_1,1,1.0,1.0,0.0,GENROU_1,1,GENROU_1,1,1.471355051455863,2.0339280643896003,GENROU_5,8,GENROU_2,2
85,1,0.41,0.005,0.001,NEXT_STEP,0,0.0360271933819342,0.0169817966346775,1.0300000215339646,-0.0326623869720187,,,,,,,,Line_3,2,3,1.0,1.0300000215339646,-0.0326623869720187,1.010000017588093,-0.0634056509858904,1.7614592764512622,Line_3,2,3,1.0,11.664097904458096,63.50034463342252,51.836246728964426,GENROU_4,6,GENROU_1,1,1.0,1.0,0.0,GENROU_1,1,GENROU_1,1,1.471355051455863,2.0339280643896003,GENROU_5,8,GENROU_2,2
86,1,0.415,0.005,0.001,NEXT_STEP,0,0.0360271933819342,0.0169817966346775,1.0300000215339646,-0.0326623869720187,,,,,,,,Line_3,2,3,1.0,1.0300000215339646,-0.0326623869720187,1.010000017588093,-0.0634056509858904,1.7614592764512622,Line_3,2,3,1.0,11.664097904458096,63.50034463342252,51.836246728964426,GENROU_4,6,GENROU_1,1,1.0,1.0,0.0,GENROU_1,1,GENROU_1,1,1.471355051455863,2.0339280643896003,GENROU_5,8,GENROU_2,2
87,1,0.42,0.005,0.001,NEXT_STEP,0,0.0360271933819342,0.0169817966346775,1.0300000215339646,-0.0326623869720187,,,,,,,,Line_3,2,3,1.0,1.0300000215339646,-0.0326623869720187,1.010000017588093,-0.0634056509858904,1.7614592764512622,Line_3,2,3,1.0,11.664097904458096,63.50034463342252,51.836246728964426,GENROU_4,6,GENROU_1,1,1.0,1.0,0.0,GENROU_1,1,GENROU_1,1,1.471355051455863,2.0339280643896003,GENROU_5,8,GENROU_2,2
88,1,0.425,0.005,0.001,NEXT_STEP,0,0.0360271933819342,0.0169817966346775,1.0300000215339646,-0.0326623869720187,,,,,,,,Line_3,2,3,1.0,1.0300000215339646,-0.0326623869720187,1.010000017588093,-0.0634056509858904,1.7614592764512622,Line_3,2,3,1.0,11.664097904458096,63.50034463342252,51.836246728964426,GENROU_4,6,GENROU_1,1,1.0,1.0,0.0,GENROU_1,1,GENROU_1,1,1.471355051455863,2.0339280643896003,GENROU_5,8,GENROU_2,2
89,1,0.43,0.005,0.001,NEXT_STEP,0,0.0360271933819342,0.0169817966346775,1.0300000215339646,-0.0326623869720187,,,,,,,,Line_3,2,3,1.0,1.0300000215339646,-0.0326623869720187,1.010000017588093,-0.0634056509858904,1.7614592764512622,Line_3,2,3,1.0,11.664097904458096,63.50034463342252,51.836246728964426,GENROU_4,6,GENROU_1,1,1.0,1.0,0.0,GENROU_1,1,GENROU_1,1,1.471355051455863,2.0339280643896003,GENROU_5,8,GENROU_2,2
90,1,0.435,0.005,0.001,NEXT_STEP,0,0.0360271933819342,0.0169817966346775,1.0300000215339646,-0.0326623869720187,,,,,,,,Line_3,2,3,1.0,1.0300000215339646,-0.0326623869720187,1.010000017588093,-0.0634056509858904,1.7614592764512622,Line_3,2,3,1.0,11.664097904458096,63.50034463342252,51.836246728964426,GENROU_4,6,GENROU_1,1,1.0,1.0,0.0,GENROU_1,1,GENROU_1,1,1.471355051455863,2.0339280643896003,GENROU_5,8,GENROU_2,2
91,1,0.44,0.005,0.001,NEXT_STEP,0,0.0360271933819342,0.0169817966346775,1.0300000215339646,-0.0326623869720187,,,,,,,,Line_3,2,3,1.0,1.0300000215339646,-0.0326623869720187,1.010000017588093,-0.0634056509858904,1.7614592764512622,Line_3,2,3,1.0,11.664097904458096,63.50034463342252,51.836246728964426,GENROU_4,6,GENROU_1,1,1.0,1.0,0.0,GENROU_1,1,GENROU_1,1,1.471355051455863,2.0339280643896003,GENROU_5,8,GENROU_2,2
92,1,0.445,0.005,0.001,NEXT_STEP,0,0.0360271933819342,0.0169817966346775,1.0300000215339646,-0.0326623869720187,,,,,,,,Line_3,2,3,1.0,1.0300000215339646,-0.0326623869720187,1.010000017588093,-0.0634056509858904,1.7614592764512622,Line_3,2,3,1.0,11.664097904458096,63.50034463342252,51.836246728964426,GENROU_4,6,GENROU_1,1,1.0,1.0,0.0,GENROU_1,1,GENROU_1,1,1.471355051455863,2.0339280643896003,GENROU_5,8,GENROU_2,2
93,1,0.45,0.005,0.001,NEXT_STEP,0,0.0360271933819342,0.0169817966346775,1.0300000215339646,-0.0326623869720187,,,,,,,,Line_3,2,3,1.0,1.0300000215339646,-0.0326623869720187,1.010000017588093,-0.0634056509858904,1.7614592764512622,Line_3,2,3,1.0,11.664097904458096,63.50034463342252,51.836246728964426,GENROU_4,6,GENROU_1,1,1.0,1.0,0.0,GENROU_1,1,GENROU_1,1,1.471355051455863,2.0339280643896003,GENROU_5,8,GENROU_2,2
94,1,0.455,0.005,0.001,NEXT_STEP,0,0.0360271933819342,0.0169817966346775,1.0300000215339646,-0.0326623869720187,,,,,,,,Line_3,2,3,1.0,1.0300000215339646,-0.0326623869720187,1.010000017588093,-0.0634056509858904,1.7614592764512622,Line_3,2,3,1.0,11.664097904458096,63.50034463342252,51.836246728964426,GENROU_4,6,GENROU_1,1,1.0,1.0,0.0,GENROU_1,1,GENROU_1,1,1.471355051455863,2.0339280643896003,GENROU_5,8,GENROU_2,2
95,1,0.46,0.005,0.001,NEXT_STEP,0,0.0360271933819342,0.0169817966346775,1.0300000215339646,-0.0326623869720187,,,,,,,,Line_3,2,3,1.0,1.0300000215339646,-0.0326623869720187,1.010000017588093,-0.0634056509858904,1.7614592764512622,Line_3,2,3,1.0,11.664097904458096,63.50034463342252,51.836246728964426,GENROU_4,6,GENROU_1,1,1.0,1.0,0.0,GENROU_1,1,GENROU_1,1,1.471355051455863,2.0339280643896003,GENROU_5,8,GENROU_2,2
96,1,0.465,0.005,0.001,NEXT_STEP,0,0.0360271933819342,0.0169817966346775,1.0300000215339646,-0.0326623869720187,,,,,,,,Line_3,2,3,1.0,1.0300000215339646,-0.0326623869720187,1.010000017588093,-0.0634056509858904,1.7614592764512622,Line_3,2,3,1.0,11.664097904458096,63.50034463342252,51.836246728964426,GENROU_4,6,GENROU_1,1,1.0,1.0,0.0,GENROU_1,1,GENROU_1,1,1.471355051455863,2.0339280643896003,GENROU_5,8,GENROU_2,2
97,1,0.47,0.005,0.001,NEXT_STEP,0,0.0360271933819342,0.0169817966346775,1.0300000215339646,-0.0326623869720187,,,,,,,,Line_3,2,3,1.0,1.0300000215339646,-0.0326623869720187,1.010000017588093,-0.0634056509858904,1.7614592764512622,Line_3,2,3,1.0,11.664097904458096,63.50034463342252,51.836246728964426,GENROU_4,6,GENROU_1,1,1.0,1.0,0.0,GENROU_1,1,GENROU_1,1,1.471355051455863,2.0339280642895505,GENROU_5,8,GENROU_2,2
98,1,0.475,0.005,0.001,NEXT_STEP,0,0.0360271933819342,0.0169817966346775,1.0300000215339646,-0.0326623869720187,,,,,,,,Line_3,2,3,1.0,1.0300000215339646,-0.0326623869720187,1.010000017588093,-0.0634056509858904,1.7614592764512622,Line_3,2,3,1.0,11.664097904458096,63.50034463342252,51.836246728964426,GENROU_4,6,GENROU_1,1,1.0,1.0,0.0,GENROU_1,1,GENROU_1,1,1.471355051455863,2.0339280642895505,GENROU_5,8,GENROU_2,2
99,1,0.48,0.005,0.001,NEXT_STEP,0,0.0360271933819342,0.0169817966346775,1.0300000215339646,-0.0326623869720187,,,,,,,,Line_3,2,3,1.0,1.0300000215339646,-0.0326623869720187,1.010000017588093,-0.0634056509858904,1.7614592764512622,Line_3,2,3,1.0,11.664097904458096,63.50034463342252,51.836246728964426,GENROU_4,6,GENROU_1,1,1.0,1.0,0.0,GENROU_1,1,GENROU_1,1,1.471355051455863,2.0339280642895505,GENROU_5,8,GENROU_2,2
100,1,0.485,0.005,0.001,NEXT_STEP,0,0.0360271933819342,0.0169817966346775,1.0300000215339646,-0.0326623869720187,,,,,,,,Line_3,2,3,1.0,1.0300000215339646,-0.0326623869720187,1.010000017588093,-0.0634056509858904,1.7614592764512622,Line_3,2,3,1.0,11.664097904458096,63.50034463342252,51.836246728964426,GENROU_4,6,GENROU_1,1,1.0,1.0,0.0,GENROU_1,1,GENROU_1,1,1.471355051455863,2.0339280641894484,GENROU_5,8,GENROU_2,2
101,1,0.49,0.005,0.001,NEXT_STEP,0,0.0360271933819342,0.0169817966346775,1.0300000215339646,-0.0326623869720187,,,,,,,,Line_3,2,3,1.0,1.0300000215339646,-0.0326623869720187,1.010000017588093,-0.0634056509858904,1.7614592764512622,Line_3,2,3,1.0,11.664097904458096,63.50034463342252,51.836246728964426,GENROU_4,6,GENROU_1,1,1.0,1.0,0.0,GENROU_1,1,GENROU_1,1,1.471355051455863,2.0339280630297725,GENROU_5,8,GENROU_2,2
102,1,0.495,0.005,0.001,NEXT_STEP,0,0.0360271933819342,0.0169817966346775,1.0300000215339646,-0.0326623869720187,,,,,,,,Line_3,2,3,1.0,1.0300000215339646,-0.0326623869720187,1.010000017588093,-0.0634056509858904,1.7614592764512622,Line_3,2,3,1.0,11.664097904458096,63.50034463342252,51.836246728964426,GENROU_4,6,GENROU_1,1,1.0,1.0,0.0,GENROU_1,1,GENROU_1,1,1.471355051455863,2.033928061739466,GENROU_5,8,GENROU_2,2
103,1,0.5,0.005,0.001,NEXT_STEP,0,0.0360271933819342,0.0169817966346775,1.030000021428032,-0.0326623869720187,,,,,,,,Line_3,2,3,1.0,1.030000021428032,-0.0326623869720187,1.010000017588093,-0.0634056509858904,1.7614592764512622,Line_3,2,3,1.0,11.664097904458096,63.50034463342252,51.836246728964426,GENROU_4,6,GENROU_1,1,1.0,1.0,0.0,GENROU_1,1,GENROU_1,1,1.471355051455863,2.033928060739553,GENROU_5,8,GENROU_2,2
104,1,0.505,0.005,0.001,NEXT_STEP,0,0.0360271933819342,0.0169817966346775,1.030000021428032,-0.0326623869720187,,,,,,,,Line_3,2,3,1.0,1.030000021428032,-0.0326623869720187,1.010000017469492,-0.0634056509858904,1.7614592764512622,Line_3,2,3,1.0,11.664097904458096,63.50034463342252,51.836246728964426,GENROU_4,6,GENROU_1,1,1.0,1.0,0.0,GENROU_1,1,GENROU_1,1,1.471355051455863,2.033928059963528,GENROU_5,8,GENROU_2,2
105,1,0.51,0.005,0.001,NEXT_STEP,0,0.0360271933819342,0.0169817966346775,1.0300000213218128,-0.0326623869720187,,,,,,,,Line_3,2,3,1.0,1.0300000213218128,-0.0326623869720187,1.010000017469492,-0.0634056509858904,1.7614592764512622,Line_3,2,3,1.0,11.664097904458096,63.50034463342252,51.836246728964426,GENROU_4,6,GENROU_1,1,1.0,1.0,0.0,GENROU_1,1,GENROU_1,1,1.471355051455863,2.033928059360689,GENROU_5,8,GENROU_2,2
106,1,0.515,0.005,0.001,NEXT_STEP,0,0.0360271933819342,0.0169817966346775,1.0300000213218128,-0.0326623869720187,,,,,,,,Line_3,2,3,1.0,1.0300000213218128,-0.0326623869720187,1.010000017469492,-0.0634056509858904,1.7614592764512622,Line_3,2,3,1.0,11.664097904458096,63.50034463342252,51.836246728964426,GENROU_4,6,GENROU_1,1,1.0,1.0,0.0,GENROU_1,1,GENROU_1,1,1.471355051455863,2.0339280592573283,GENROU_5,8,GENROU_2,2
107,1,0.52,0.005,0.001,NEXT_STEP,0,0.0360271933819342,0.0169817966346775,1.0300000213218128,-0.0326623869720187,,,,,,,,Line_3,2,3,1.0,1.0300000213218128,-0.0326623869720187,1.010000017469492,-0.0634056509858904,1.7614592764512622,Line_3,2,3,1.0,11.664097904458096,63.50034463342252,51.836246728964426,GENROU_4,6,GENROU_1,1,1.0,1.0,0.0,GENROU_1,1,GENROU_1,1,1.471355051455863,2.0339280592573283,GENROU_5,8,GENROU_2,2
108,1,0.525,0.005,0.001,NEXT_STEP,0,0.0360271933819342,0.0169817966346775,1.0300000213218128,-0.0326623869720187,,,,,,,,Line_3,2,3,1.0,1.0300000213218128,-0.0326623869720187,1.010000017469492,-0.0634056509858904,1.7614592764512622,Line_3,2,3,1.0,11.664097904458096,63.50034463342252,51.836246728964426,GENROU_4,6,GENROU_1,1,1.0,1.0,0.0,GENROU_1,1,GENROU_1,1,1.471355051455863,2.0339280592573283,GENROU_5,8,GENROU_2,2
109,1,0.53,0.005,0.001,NEXT_STEP,0,0.0360271933819342,0.0169817966346775,1.0300000213218128,-0.0326623869720187,,,,,,,,Line_3,2,3,1.0,1.0300000213218128,-0.0326623869720187,1.010000017469492,-0.0634056509858904,1.7614592764512622,Line_3,2,3,1.0,11.664097904458096,63.50034463342252,51.836246728964426,GENROU_4,6,GENROU_1,1,1.0,1.0,0.0,GENROU_1,1,GENROU_1,1,1.471355051455863,2.0339280592573283,GENROU_5,8,GENROU_2,2
110,1,0.535,0.005,0.001,NEXT_STEP,0,0.0360271933819342,0.0169817966346775,1.0300000213218128,-0.0326623869720187,,,,,,,,Line_3,2,3,1.0,1.0300000213218128,-0.0326623869720187,1.010000017469492,-0.0634056509858904,1.7614592764512622,Line_3,2,3,1.0,11.664097904458096,63.50034463342252,51.836246728964426,GENROU_4,6,GENROU_1,1,1.0,1.0,0.0,GENROU_1,1,GENROU_1,1,1.471355051455863,2.0339280592573283,GENROU_5,8,GENROU_2,2
111,1,0.54,0.005,0.001,NEXT_STEP,0,0.0360271933819342,0.0169817966346775,1.0300000213218128,-0.0326623869720187,,,,,,,,Line_3,2,3,1.0,1.0300000213218128,-0.0326623869720187,1.010000017469492,-0.0634056509858904,1.7614592764512622,Line_3,2,3,1.0,11.664097904458096,63.50034463342252,51.836246728964426,GENROU_4,6,GENROU_1,1,1.0,1.0,0.0,GENROU_1,1,GENROU_1,1,1.471355051455863,2.0339280592573283,GENROU_5,8,GENROU_2,2
112,1,0.545,0.005,0.001,NEXT_STEP,0,0.0360271933819342,0.0169817966346775,1.0300000213218128,-0.0326623869720187,,,,,,,,Line_3,2,3,1.0,1.0300000213218128,-0.0326623869720187,1.010000017469492,-0.0634056509858904,1.7614592764512622,Line_3,2,3,1.0,11.664097904458096,63.50034463342252,51.836246728964426,GENROU_4,6,GENROU_1,1,1.0,1.0,0.0,GENROU_1,1,GENROU_1,1,1.471355051455863,2.0339280592573283,GENROU_5,8,GENROU_2,2
113,1,0.55,0.005,0.001,NEXT_STEP,0,0.0360271933819342,0.0169817966346775,1.0300000213218128,-0.0326623869720187,,,,,,,,Line_3,2,3,1.0,1.0300000213218128,-0.0326623869720187,1.010000017469492,-0.0634056509858904,1.7614592764512622,Line_3,2,3,1.0,11.664097904458096,63.50034463342252,51.836246728964426,GENROU_4,6,GENROU_1,1,1.0,1.0,0.0,GENROU_1,1,GENROU_1,1,1.471355051455863,2.0339280592573283,GENROU_5,8,GENROU_2,2
114,1,0.555,0.005,0.001,NEXT_STEP,0,0.0360271933819342,0.0169817966346775,1.0300000213218128,-0.0326623869720187,,,,,,,,Line_3,2,3,1.0,1.0300000213218128,-0.0326623869720187,1.010000017469492,-0.0634056509858904,1.7614592764512622,Line_3,2,3,1.0,11.664097904458096,63.50034463342252,51.836246728964426,GENROU_4,6,GENROU_1,1,1.0,1.0,0.0,GENROU_1,1,GENROU_1,1,1.471355051455863,2.033928058606327,GENROU_5,8,GENROU_2,2
115,1,0.56,0.005,0.001,NEXT_STEP,0,0.0360271933819342,0.0169817966346775,1.0300000213218128,-0.0326623870727897,,,,,,,,Line_3,2,3,1.0,1.0300000213218128,-0.0326623870727897,1.010000017469492,-0.0634056510865554,1.7614592764452084,Line_3,2,3,1.0,11.664097904458096,63.50034463342252,51.836246728964426,GENROU_4,6,GENROU_1,1,1.0,1.0,0.0,GENROU_1,1,GENROU_1,1,1.471355051455863,2.033928057166543,GENROU_5,8,GENROU_2,2
116,1,0.5650000000000001,0.005,0.001,NEXT_STEP,0,0.0360271933819342,0.0169817966346775,1.030000021192049,-0.0326623870727897,,,,,,,,Line_3,2,3,1.0,1.030000021192049,-0.0326623870727897,1.0100000173483643,-0.0634056510865554,1.7614592764452084,Line_3,2,3,1.0,11.664097904458096,63.50034463342252,51.836246728964426,GENROU_4,6,GENROU_1,1,1.0,1.0,0.0,GENROU_1,1,GENROU_1,1,1.471355051455863,2.033928056062394,GENROU_5,8,GENROU_2,2
117,1,0.5700000000000001,0.005,0.001,NEXT_STEP,0,0.0360271933819342,0.0169817966346775,1.030000021192049,-0.0326623870727897,,,,,,,,Line_3,2,3,1.0,1.030000021192049,-0.0326623870727897,1.0100000173483643,-0.0634056510865554,1.7614592764452084,Line_3,2,3,1.0,11.664097904458096,63.50034463342252,51.836246728964426,GENROU_4,6,GENROU_1,1,1.0,1.0,0.0,GENROU_1,1,GENROU_1,1,1.471355051299167,2.033928055221691,GENROU_5,8,GENROU_2,2
118,1,0.5750000000000001,0.005,0.001,NEXT_STEP,0,0.0360271933819342,0.0169817966346775,1.0300000210861404,-0.0326623870727897,,,,,,,,Line_3,2,3,1.0,1.0300000210861404,-0.0326623870727897,1.0100000173483643,-0.0634056510865554,1.7614592764452084,Line_3,2,3,1.0,11.664097904458096,63.50034463342252,51.836246728964426,GENROU_4,6,GENROU_1,1,1.0,1.0,0.0,GENROU_1,1,GENROU_1,1,1.471355051299167,2.03392805459038,GENROU_5,8,GENROU_2,2
119,1,0.5800000000000001,0.005,0.001,NEXT_STEP,0,0.0360271933819342,0.0169817966346775,1.0300000210861404,-0.0326623870727897,,,,,,,,Line_3,2,3,1.0,1.0300000210861404,-0.0326623870727897,1.0100000172438244,-0.0634056510865554,1.7614592764452084,Line_3,2,3,1.0,11.664097904458096,63.50034463342252,51.836246728964426,GENROU_4,6,GENROU_1,1,1.0,1.0,0.0,GENROU_1,1,GENROU_1,1,1.471355051299167,2.033928054379285,GENROU_5,8,GENROU_2,2
120,1,0.5850000000000001,0.005,0.001,NEXT_STEP,0,0.0360271933819342,0.0169817966346775,1.0300000210861404,-0.0326623870727897,,,,,,,,Line_3,2,3,1.0,1.0300000210861404,-0.0326623870727897,1.0100000172438244,-0.0634056510865554,1.7614592764452084,Line_3,2,3,1.0,11.664097904458096,63.50034463342252,51.836246728964426,GENROU_4,6,GENROU_1,1,1.0,1.0,0.0,GENROU_1,1,GENROU_1,1,1.471355051299167,2.033928054379285,GENROU_5,8,GENROU_2,2
121,1,0.5900000000000001,0.005,0.001,NEXT_STEP,0,0.0360271933819342,0.0169817966346775,1.0300000210861404,-0.0326623870727897,,,,,,,,Line_3,2,3,1.0,1.0300000210861404,-0.0326623870727897,1.0100000172438244,-0.0634056510865554,1.7614592764452084,Line_3,2,3,1.0,11.664097904458096,63.50034463342252,51.836246728964426,GENROU_4,6,GENROU_1,1,1.0,1.0,0.0,GENROU_1,1,GENROU_1,1,1.471355051299167,2.033928054379285,GENROU_5,8,GENROU_2,2
122,1,0.5950000000000001,0.005,0.001,NEXT_STEP,0,0.0360271933819342,0.0169817966346775,1.0300000210861404,-0.0326623870727897,,,,,,,,Line_3,2,3,1.0,1.0300000210861404,-0.0326623870727897,1.0100000172438244,-0.0634056510865554,1.7614592764452084,Line_3,2,3,1.0,11.664097904458096,63.50034463342252,51.836246728964426,GENROU_4,6,GENROU_1,1,1.0,1.0,0.0,GENROU_1,1,GENROU_1,1,1.471355051299167,2.0339280542785123,GENROU_5,8,GENROU_2,2
123,1,0.6000000000000001,0.005,0.001,NEXT_STEP,0,0.0360271933819342,0.0169817966346775,1.0300000210861404,-0.0326623870727897,,,,,,,,Line_3,2,3,1.0,1.0300000210861404,-0.0326623870727897,1.0100000172438244,-0.0634056510865554,1.7614592764452084,Line_3,2,3,1.0,11.664097904458096,63.50034463342252,51.836246728964426,GENROU_4,6,GENROU_1,1,1.0,1.0,0.0,GENROU_1,1,GENROU_1,1,1.471355051299167,2.0339280542785123,GENROU_5,8,GENROU_2,2
124,1,0.605,0.005,0.001,NEXT_STEP,0,0.0360271933819342,0.0169817966346775,1.0300000210861404,-0.0326623870727897,,,,,,,,Line_3,2,3,1.0,1.0300000210861404,-0.0326623870727897,1.0100000172438244,-0.0634056510865554,1.7614592764452084,Line_3,2,3,1.0,11.664097904458096,63.50034463342252,51.836246728964426,GENROU_4,6,GENROU_1,1,1.0,1.0,0.0,GENROU_1,1,GENROU_1,1,1.471355051299167,2.0339280542785123,GENROU_5,8,GENROU_2,2
125,1,0.61,0.005,0.001,NEXT_STEP,0,0.0360271933819342,0.0169817966346775,1.0300000210861404,-0.0326623870727897,,,,,,,,Line_3,2,3,1.0,1.0300000210861404,-0.0326623870727897,1.0100000172438244,-0.0634056510865554,1.7614592764452084,Line_3,2,3,1.0,11.664097904458096,63.50034463342252,51.836246728964426,GENROU_4,6,GENROU_1,1,1.0,1.0,0.0,GENROU_1,1,GENROU_1,1,1.471355051299167,2.0339280542785123,GENROU_5,8,GENROU_2,2
126,1,0.615,0.005,0.001,NEXT_STEP,0,0.0360271933819342,0.0169817966346775,1.0300000210861404,-0.0326623870727897,,,,,,,,Line_3,2,3,1.0,1.0300000210861404,-0.0326623870727897,1.0100000172438244,-0.0634056510865554,1.7614592764452084,Line_3,2,3,1.0,11.664097904458096,63.50034463342252,51.836246728964426,GENROU_4,6,GENROU_1,1,1.0,1.0,0.0,GENROU_1,1,GENROU_1,1,1.471355051299167,2.033928054176696,GENROU_5,8,GENROU_2,2
127,1,0.62,0.005,0.001,NEXT_STEP,0,0.0360271933819342,0.0169817966346775,1.0300000210861404,-0.0326623870727897,,,,,,,,Line_3,2,3,1.0,1.0300000210861404,-0.0326623870727897,1.0100000172438244,-0.0634056510865554,1.7614592764452084,Line_3,2,3,1.0,11.664097904458096,63.50034463342252,51.836246728964426,GENROU_4,6,GENROU_1,1,1.0,1.0,0.0,GENROU_1,1,GENROU_1,1,1.471355051299167,2.033928054176696,GENROU_5,8,GENROU_2,2
128,1,0.625,0.005,0.001,NEXT_STEP,0,0.0360271933819342,0.0169817966346775,1.0300000210861404,-0.0326623870727897,,,,,,,,Line_3,2,3,1.0,1.0300000210861404,-0.0326623870727897,1.0100000172438244,-0.0634056510865554,1.7614592764452084,Line_3,2,3,1.0,11.664097904458096,63.50034463342252,51.836246728964426,GENROU_4,6,GENROU_1,1,1.0,1.0,0.0,GENROU_1,1,GENROU_1,1,1.471355051299167,2.033928054176696,GENROU_5,8,GENROU_2,2
129,1,0.63,0.005,0.001,NEXT_STEP,0,0.0360271933819342,0.0169817966346775,1.0300000210861404,-0.0326623870727897,,,,,,,,Line_3,2,3,1.0,1.0300000210861404,-0.0326623870727897,1.0100000172438244,-0.0634056510865554,1.7614592764452084,Line_3,2,3,1.0,11.664097904458096,63.50034463342252,51.836246728964426,GENROU_4,6,GENROU_1,1,1.0,1.0,0.0,GENROU_1,1,GENROU_1,1,1.471355051299167,2.033928053013352,GENROU_5,8,GENROU_2,2
130,1,0.635,0.005,0.001,NEXT_STEP,0,0.0360271933819342,0.0169817966346775,1.0300000209796798,-0.0326623871736952,,,,,,,,Line_3,2,3,1.0,1.0300000209796798,-0.0326623871736952,1.0100000172438244,-0.0634056511873377,1.7614592764381314,Line_3,2,3,1.0,11.664097904458096,63.50034463342252,51.836246728964426,GENROU_4,6,GENROU_1,1,1.0,1.0,0.0,GENROU_1,1,GENROU_1,1,1.471355051299167,2.033928051729033,GENROU_5,8,GENROU_2,2
131,1,0.64,0.005,0.001,NEXT_STEP,0,0.0360271933819342,0.0169817966346775,1.0300000209796798,-0.0326623871736952,,,,,,,,Line_3,2,3,1.0,1.0300000209796798,-0.0326623871736952,1.0100000171389043,-0.0634056511873377,1.7614592764381314,Line_3,2,3,1.0,11.664097904458096,63.50034463342252,51.836246728964426,GENROU_4,6,GENROU_1,1,1.0,1.0,0.0,GENROU_1,1,GENROU_1,1,1.471355051299167,2.033928050757881,GENROU_5,8,GENROU_2,2
132,1,0.645,0.005,0.001,NEXT_STEP,0,0.0360271933819342,0.0169817966346775,1.0300000208732891,-0.0326623871736952,,,,,,,,Line_3,2,3,1.0,1.0300000208732891,-0.0326623871736952,1.0100000171389043,-0.0634056511873377,1.7614592764381314,Line_3,2,3,1.0,11.664097904458096,63.50034463342252,51.836246728964426,GENROU_4,6,GENROU_1,1,1.0,1.0,0.0,GENROU_1,1,GENROU_1,1,1.471355051299167,2.033928050013793,GENROU_5,8,GENROU_2,2
133,1,0.65,0.005,0.001,NEXT_STEP,0,0.0360271933819342,0.0169817966346775,1.0300000208732891,-0.0326623871736952,,,,,,,,Line_3,2,3,1.0,1.0300000208732891,-0.0326623871736952,1.0100000171389043,-0.0634056511873377,1.7614592764381314,Line_3,2,3,1.0,11.664097904458096,63.50034463342252,51.836246728964426,GENROU_4,6,GENROU_1,1,1.0,1.0,0.0,GENROU_1,1,GENROU_1,1,1.471355051299167,2.033928049443646,GENROU_5,8,GENROU_2,2
134,1,0.655,0.005,0.001,NEXT_STEP,0,0.0360271933819342,0.0169817966346775,1.0300000208732891,-0.0326623871736952,,,,,,,,Line_3,2,3,1.0,1.0300000208732891,-0.0326623871736952,1.0100000171389043,-0.0634056511873377,1.7614592764381314,Line_3,2,3,1.0,11.664097904458096,63.50034463342252,51.836246728964426,GENROU_4,6,GENROU_1,1,1.0,1.0,0.0,GENROU_1,1,GENROU_1,1,1.471355051299167,2.033928049443646,GENROU_5,8,GENROU_2,2
135,1,0.66,0.005,0.001,NEXT_STEP,0,0.0360271933819342,0.0169817966346775,1.0300000208732891,-0.0326623871736952,,,,,,,,Line_3,2,3,1.0,1.0300000208732891,-0.0326623871736952,1.0100000171389043,-0.0634056511873377,1.7614592764381314,Line_3,2,3,1.0,11.664097904458096,63.50034463342252,51.836246728964426,GENROU_4,6,GENROU_1,1,1.0,1.0,0.0,GENROU_1,1,GENROU_1,1,1.471355051299167,2.033928049443646,GENROU_5,8,GENROU_2,2
136,1,0.665,0.005,0.001,NEXT_STEP,0,0.0360271933819342,0.0169817966346775,1.0300000208732891,-0.0326623871736952,,,,,,,,Line_3,2,3,1.0,1.0300000208732891,-0.0326623871736952,1.0100000171389043,-0.0634056511873377,1.7614592764381314,Line_3,2,3,1.0,11.664097904458096,63.50034463342252,51.836246728964426,GENROU_4,6,GENROU_1,1,1.0,1.0,0.0,GENROU_1,1,GENROU_1,1,1.471355051299167,2.033928049443646,GENROU_5,8,GENROU_2,2
137,1,0.67,0.005,0.001,NEXT_STEP,0,0.0360271933819342,0.0169817966346775,1.0300000208732891,-0.0326623871736952,,,,,,,,Line_3,2,3,1.0,1.0300000208732891,-0.0326623871736952,1.0100000171389043,-0.0634056511873377,1.7614592764381314,Line_3,2,3,1.0,11.664097904458096,63.50034463342252,51.836246728964426,GENROU_4,6,GENROU_1,1,1.0,1.0,0.0,GENROU_1,1,GENROU_1,1,1.471355051299167,2.033928049443646,GENROU_5,8,GENROU_2,2
138,1,0.675,0.005,0.001,NEXT_STEP,0,0.0360271933819342,0.0169817966346775,1.0300000208732891,-0.0326623871736952,,,,,,,,Line_3,2,3,1.0,1.0300000208732891,-0.0326623871736952,1.0100000171389043,-0.0634056511873377,1.7614592764381314,Line_3,2,3,1.0,11.664097904458096,63.50034463342252,51.836246728964426,GENROU_4,6,GENROU_1,1,1.0,1.0,0.0,GENROU_1,1,GENROU_1,1,1.471355051299167,2.033928049443646,GENROU_5,8,GENROU_2,2
139,1,0.68,0.005,0.001,NEXT_STEP,0,0.0360271933819342,0.0169817966346775,1.0300000208732891,-0.0326623871736952,,,,,,,,Line_3,2,3,1.0,1.0300000208732891,-0.0326623871736952,1.0100000171389043,-0.0634056511873377,1.7614592764381314,Line_3,2,3,1.0,11.664097904458096,63.50034463342252,51.836246728964426,GENROU_4,6,GENROU_1,1,1.0,1.0,0.0,GENROU_1,1,GENROU_1,1,1.471355051299167,2.033928049443646,GENROU_5,8,GENROU_2,2
140,1,0.685,0.005,0.001,NEXT_STEP,0,0.0360271933819342,0.0169817966346775,1.0300000208732891,-0.0326623871736952,,,,,,,,Line_3,2,3,1.0,1.0300000208732891,-0.0326623871736952,1.0100000171389043,-0.0634056511873377,1.7614592764381314,Line_3,2,3,1.0,11.664097904458096,63.50034463342252,51.836246728964426,GENROU_4,6,GENROU_1,1,1.0,1.0,0.0,GENROU_1,1,GENROU_1,1,1.471355051299167,2.033928049443646,GENROU_5,8,GENROU_2,2
141,1,0.6900000000000001,0.005,0.001,NEXT_STEP,0,0.0360271933819342,0.0169817966346775,1.0300000208732891,-0.0326623871736952,,,,,,,,Line_3,2,3,1.0,1.0300000208732891,-0.0326623871736952,1.0100000171389043,-0.0634056511873377,1.7614592764381314,Line_3,2,3,1.0,11.664097904458096,63.50034463342252,51.836246728964426,GENROU_4,6,GENROU_1,1,1.0,1.0,0.0,GENROU_1,1,GENROU_1,1,1.471355051299167,2.0339280492398832,GENROU_5,8,GENROU_2,2
142,1,0.6950000000000001,0.005,0.001,NEXT_STEP,0,0.0360271933819342,0.0169817966346775,1.030000020763438,-0.0326623871736952,,,,,,,,Line_3,2,3,1.0,1.030000020763438,-0.0326623871736952,1.0100000171389043,-0.0634056511873377,1.7614592764381314,Line_3,2,3,1.0,11.664097904458096,63.50034463342252,51.836246728964426,GENROU_4,6,GENROU_1,1,1.0,1.0,0.0,GENROU_1,1,GENROU_1,1,1.471355051299167,2.0339280492398832,GENROU_5,8,GENROU_2,2
143,1,0.7000000000000001,0.005,0.001,NEXT_STEP,0,0.0360271933819342,0.0169817966346775,1.030000020763438,-0.0326623871736952,,,,,,,,Line_3,2,3,1.0,1.030000020763438,-0.0326623871736952,1.0100000171389043,-0.0634056511873377,1.7614592764381314,Line_3,2,3,1.0,11.664097904458096,63.50034463342252,51.836246728964426,GENROU_4,6,GENROU_1,1,1.0,1.0,0.0,GENROU_1,1,GENROU_1,1,1.471355051299167,2.0339280492398832,GENROU_5,8,GENROU_2,2
144,1,0.7050000000000001,0.005,0.001,NEXT_STEP,0,0.0360271933819342,0.0169817966346775,1.030000020763438,-0.0326623871736952,,,,,,,,Line_3,2,3,1.0,1.030000020763438,-0.0326623871736952,1.0100000171389043,-0.0634056511873377,1.7614592764381314,Line_3,2,3,1.0,11.664097904458096,63.50034463342252,51.836246728964426,GENROU_4,6,GENROU_1,1,1.0,1.0,0.0,GENROU_1,1,GENROU_1,1,1.471355051299167,2.0339280492398832,GENROU_5,8,GENROU_2,2
145,1,0.7100000000000001,0.005,0.001,NEXT_STEP,0,0.0360271933819342,0.0169817966346775,1.030000020763438,-0.0326623871736952,,,,,,,,Line_3,2,3,1.0,1.030000020763438,-0.0326623871736952,1.0100000171389043,-0.0634056511873377,1.7614592764381314,Line_3,2,3,1.0,11.664097904458096,63.50034463342252,51.836246728964426,GENROU_4,6,GENROU_1,1,1.0,1.0,0.0,GENROU_1,1,GENROU_1,1,1.471355051299167,2.0339280492398832,GENROU_5,8,GENROU_2,2
146,1,0.7150000000000001,0.005,0.001,NEXT_STEP,0,0.0360271933819342,0.0169817966346775,1.030000020763438,-0.0326623871736952,,,,,,,,Line_3,2,3,1.0,1.030000020763438,-0.0326623871736952,1.0100000171389043,-0.0634056511873377,1.7614592764381314,Line_3,2,3,1.0,11.664097904458096,63.50034463342252,51.836246728964426,GENROU_4,6,GENROU_1,1,1.0,1.0,0.0,GENROU_1,1,GENROU_1,1,1.471355051299167,2.0339280492398832,GENROU_5,8,GENROU_2,2
147,1,0.7200000000000001,0.005,0.001,NEXT_STEP,0,0.0360271933819342,0.0169817966346775,1.030000020763438,-0.0326623871736952,,,,,,,,Line_3,2,3,1.0,1.030000020763438,-0.0326623871736952,1.0100000171389043,-0.0634056511873377,1.7614592764381314,Line_3,2,3,1.0,11.664097904458096,63.50034463342252,51.836246728964426,GENROU_4,6,GENROU_1,1,1.0,1.0,0.0,GENROU_1,1,GENROU_1,1,1.471355051299167,2.0339280491398206,GENROU_5,8,GENROU_2,2
148,1,0.7250000000000001,0.005,0.001,NEXT_STEP,0,0.0360271933819342,0.0169817966346775,1.030000020763438,-0.0326623871736952,,,,,,,,Line_3,2,3,1.0,1.030000020763438,-0.0326623871736952,1.0100000171389043,-0.0634056511873377,1.7614592764381314,Line_3,2,3,1.0,11.664097904458096,63.50034463342252,51.836246728964426,GENROU_4,6,GENROU_1,1,1.0,1.0,0.0,GENROU_1,1,GENROU_1,1,1.471355051299167,2.0339280491398206,GENROU_5,8,GENROU_2,2
149,1,0.7300000000000001,0.005,0.001,NEXT_STEP,0,0.0360271933819342,0.0169817966346775,1.030000020763438,-0.0326623871736952,,,,,,,,Line_3,2,3,1.0,1.030000020763438,-0.0326623871736952,1.0100000171389043,-0.0634056511873377,1.7614592764381314,Line_3,2,3,1.0,11.664097904458096,63.50034463342252,51.836246728964426,GENROU_4,6,GENROU_1,1,1.0,1.0,0.0,GENROU_1,1,GENROU_1,1,1.471355051299167,2.033928048924014,GENROU_5,8,GENROU_2,2
150,1,0.7350000000000001,0.005,0.001,NEXT_STEP,0,0.0360271933819342,0.0169817966346775,1.030000020763438,-0.0326623871736952,,,,,,,,Line_3,2,3,1.0,1.030000020763438,-0.0326623871736952,1.0100000170342178,-0.0634056511873377,1.7614592764381314,Line_3,2,3,1.0,11.664097904458096,63.50034463342252,51.836246728964426,GENROU_4,6,GENROU_1,1,1.0,1.0,0.0,GENROU_1,1,GENROU_1,1,1.471355051299167,2.0339280474289096,GENROU_5,8,GENROU_2,2
151,1,0.74,0.005,0.001,NEXT_STEP,0,0.0360271933819342,0.0169817966346775,1.0300000206574609,-0.0326623872745308,,,,,,,,Line_3,2,3,1.0,1.0300000206574609,-0.0326623872745308,1.0100000170342178,-0.0634056512880516,1.761459276431168,Line_3,2,3,1.0,11.664097904458096,63.50034463342252,51.836246728964426,GENROU_4,6,GENROU_1,1,1.0,1.0,0.0,GENROU_1,1,GENROU_1,1,1.471355051299167,2.03392804627666,GENROU_5,8,GENROU_2,2
152,1,0.745,0.005,0.001,NEXT_STEP,0,0.0360271933819342,0.0169817966346775,1.0300000206574609,-0.0326623872745308,,,,,,,,Line_3,2,3,1.0,1.0300000206574609,-0.0326623872745308,1.0100000169201515,-0.0634056512880516,1.761459276431168,Line_3,2,3,1.0,11.664097904458096,63.50034463342252,51.836246728964426,GENROU_4,6,GENROU_1,1,1.0,1.0,0.0,GENROU_1,1,GENROU_1,1,1.4713550511518123,2.033928045394453,GENROU_5,8,GENROU_2,2
153,1,0.75,0.005,0.001,NEXT_STEP,0,0.0360271933819342,0.0169817966346775,1.0300000206574609,-0.0326623872745308,,,,,,,,Line_3,2,3,1.0,1.0300000206574609,-0.0326623872745308,1.0100000169201515,-0.0634056512880516,1.761459276431168,Line_3,2,3,1.0,11.664097904458096,63.50034463342252,51.836246728964426,GENROU_4,6,GENROU_1,1,1.0,1.0,0.0,GENROU_1,1,GENROU_1,1,1.4713550511518123,2.0339280447102666,GENROU_5,8,GENROU_2,2
154,1,0.755,0.005,0.001,NEXT_STEP,0,0.0360271933819342,0.0169817966346775,1.0300000205516224,-0.0326623872745308,,,,,,,,Line_3,2,3,1.0,1.0300000205516224,-0.0326623872745308,1.0100000169201515,-0.0634056512880516,1.761459276431168,Line_3,2,3,1.0,11.664097904458096,63.50034463342252,51.836246728964426,GENROU_4,6,GENROU_1,1,1.0,1.0,0.0,GENROU_1,1,GENROU_1,1,1.4713550511518123,2.033928044375651,GENROU_5,8,GENROU_2,2
155,1,0.76,0.005,0.001,NEXT_STEP,0,0.0360271933819342,0.0169817966346775,1.0300000205516224,-0.0326623872745308,,,,,,,,Line_3,2,3,1.0,1.0300000205516224,-0.0326623872745308,1.0100000169201515,-0.0634056512880516,1.761459276431168,Line_3,2,3,1.0,11.664097904458096,63.50034463342252,51.836246728964426,GENROU_4,6,GENROU_1,1,1.0,1.0,0.0,GENROU_1,1,GENROU_1,1,1.4713550511518123,2.033928044375651,GENROU_5,8,GENROU_2,2
156,1,0.765,0.005,0.001,NEXT_STEP,0,0.0360271933819342,0.0169817966346775,1.0300000205516224,-0.0326623872745308,,,,,,,,Line_3,2,3,1.0,1.0300000205516224,-0.0326623872745308,1.0100000169201515,-0.0634056512880516,1.761459276431168,Line_3,2,3,1.0,11.664097904458096,63.50034463342252,51.836246728964426,GENROU_4,6,GENROU_1,1,1.0,1.0,0.0,GENROU_1,1,GENROU_1,1,1.4713550511518123,2.033928044375651,GENROU_5,8,GENROU_2,2
157,1,0.77,0.005,0.001,NEXT_STEP,0,0.0360271933819342,0.0169817966346775,1.0300000205516224,-0.0326623872745308,,,,,,,,Line_3,2,3,1.0,1.0300000205516224,-0.0326623872745308,1.0100000169201515,-0.0634056512880516,1.761459276431168,Line_3,2,3,1.0,11.664097904458096,63.50034463342252,51.836246728964426,GENROU_4,6,GENROU_1,1,1.0,1.0,0.0,GENROU_1,1,GENROU_1,1,1.4713550511518123,2.033928044375651,GENROU_5,8,GENROU_2,2
158,1,0.775,0.005,0.001,NEXT_STEP,0,0.0360271933819342,0.0169817966346775,1.0300000205516224,-0.0326623872745308,,,,,,,,Line_3,2,3,1.0,1.0300000205516224,-0.0326623872745308,1.0100000169201515,-0.0634056512880516,1.761459276431168,Line_3,2,3,1.0,11.664097904458096,63.50034463342252,51.836246728964426,GENROU_4,6,GENROU_1,1,1.0,1.0,0.0,GENROU_1,1,GENROU_1,1,1.4713550511518123,2.033928044375651,GENROU_5,8,GENROU_2,2
159,1,0.78,0.005,0.001,NEXT_STEP,0,0.0360271933819342,0.0169817966346775,1.0300000205516224,-0.0326623872745308,,,,,,,,Line_3,2,3,1.0,1.0300000205516224,-0.0326623872745308,1.0100000169201515,-0.0634056512880516,1.761459276431168,Line_3,2,3,1.0,11.664097904458096,63.50034463342252,51.836246728964426,GENROU_4,6,GENROU_1,1,1.0,1.0,0.0,GENROU_1,1,GENROU_1,1,1.4713550511518123,2.033928044375651,GENROU_5,8,GENROU_2,2
160,1,0.785,0.005,0.001,NEXT_STEP,0,0.0360271933819342,0.0169817966346775,1.0300000205516224,-0.0326623872745308,,,,,,,,Line_3,2,3,1.0,1.0300000205516224,-0.0326623872745308,1.0100000169201515,-0.0634056512880516,1.761459276431168,Line_3,2,3,1.0,11.664097904458096,63.50034463342252,51.836246728964426,GENROU_4,6,GENROU_1,1,1.0,1.0,0.0,GENROU_1,1,GENROU_1,1,1.4713550511518123,2.033928044375651,GENROU_5,8,GENROU_2,2
161,1,0.79,0.005,0.001,NEXT_STEP,0,0.0360271933819342,0.0169817966346775,1.0300000205516224,-0.0326623872745308,,,,,,,,Line_3,2,3,1.0,1.0300000205516224,-0.0326623872745308,1.0100000169201515,-0.0634056512880516,1.761459276431168,Line_3,2,3,1.0,11.664097904458096,63.50034463342252,51.836246728964426,GENROU_4,6,GENROU_1,1,1.0,1.0,0.0,GENROU_1,1,GENROU_1,1,1.4713550511518123,2.033928044375651,GENROU_5,8,GENROU_2,2
162,1,0.795,0.005,0.001,NEXT_STEP,0,0.0360271933819342,0.0169817966346775,1.0300000205516224,-0.0326623872745308,,,,,,,,Line_3,2,3,1.0,1.0300000205516224,-0.0326623872745308,1.0100000169201515,-0.0634056512880516,1.761459276431168,Line_3,2,3,1.0,11.664097904458096,63.50034463342252,51.836246728964426,GENROU_4,6,GENROU_1,1,1.0,1.0,0.0,GENROU_1,1,GENROU_1,1,1.4713550511518123,2.033928044375651,GENROU_5,8,GENROU_2,2
163,1,0.8,0.005,0.001,NEXT_STEP,0,0.0360271933819342,0.0169817966346775,1.0300000205516224,-0.0326623872745308,,,,,,,,Line_3,2,3,1.0,1.0300000205516224,-0.0326623872745308,1.0100000169201515,-0.0634056512880516,1.761459276431168,Line_3,2,3,1.0,11.664097904458096,63.50034463342252,51.836246728964426,GENROU_4,6,GENROU_1,1,1.0,1.0,0.0,GENROU_1,1,GENROU_1,1,1.4713550511518123,2.033928044375651,GENROU_5,8,GENROU_2,2
164,1,0.805,0.005,0.001,NEXT_STEP,0,0.0360271933819342,0.0169817966346775,1.0300000205516224,-0.0326623872745308,,,,,,,,Line_3,2,3,1.0,1.0300000205516224,-0.0326623872745308,1.0100000169201515,-0.0634056512880516,1.761459276431168,Line_3,2,3,1.0,11.664097904458096,63.50034463342252,51.836246728964426,GENROU_4,6,GENROU_1,1,1.0,1.0,0.0,GENROU_1,1,GENROU_1,1,1.4713550511518123,2.03392804427251,GENROU_5,8,GENROU_2,2
165,1,0.81,0.005,0.001,NEXT_STEP,0,0.0360271933819342,0.0169817966346775,1.0300000205516224,-0.0326623872745308,,,,,,,,Line_3,2,3,1.0,1.0300000205516224,-0.0326623872745308,1.0100000169201515,-0.0634056512880516,1.761459276431168,Line_3,2,3,1.0,11.664097904458096,63.50034463342252,51.836246728964426,GENROU_4,6,GENROU_1,1,1.0,1.0,0.0,GENROU_1,1,GENROU_1,1,1.4713550511518123,2.033928044171794,GENROU_5,8,GENROU_2,2
166,1,0.8150000000000001,0.005,0.001,NEXT_STEP,0,0.0360271933819342,0.0169817966346775,1.0300000205516224,-0.0326623872745308,,,,,,,,Line_3,2,3,1.0,1.0300000205516224,-0.0326623872745308,1.0100000169201515,-0.0634056512880516,1.761459276431168,Line_3,2,3,1.0,11.664097904458096,63.50034463342252,51.836246728964426,GENROU_4,6,GENROU_1,1,1.0,1.0,0.0,GENROU_1,1,GENROU_1,1,1.4713550511518123,2.033928044171794,GENROU_5,8,GENROU_2,2
167,1,0.8200000000000001,0.005,0.001,NEXT_STEP,0,0.0360271933819342,0.0169817966346775,1.0300000205516224,-0.0326623872745308,,,,,,,,Line_3,2,3,1.0,1.0300000205516224,-0.0326623872745308,1.0100000169201515,-0.0634056512880516,1.761459276431168,Line_3,2,3,1.0,11.664097904458096,63.50034463342252,51.836246728964426,GENROU_4,6,GENROU_1,1,1.0,1.0,0.0,GENROU_1,1,GENROU_1,1,1.4713550511518123,2.033928044171794,GENROU_5,8,GENROU_2,2
168,1,0.8250000000000001,0.005,0.001,NEXT_STEP,0,0.0360271933819342,0.0169817966346775,1.0300000205516224,-0.0326623872745308,,,,,,,,Line_3,2,3,1.0,1.0300000205516224,-0.0326623872745308,1.0100000169201515,-0.0634056512880516,1.761459276431168,Line_3,2,3,1.0,11.664097904458096,63.50034463342252,51.836246728964426,GENROU_4,6,GENROU_1,1,1.0,1.0,0.0,GENROU_1,1,GENROU_1,1,1.4713550511518123,2.033928044171794,GENROU_5,8,GENROU_2,2
169,1,0.8300000000000001,0.005,0.001,NEXT_STEP,0,0.0360271933819342,0.0169817966346775,1.0300000205516224,-0.0326623872745308,,,,,,,,Line_3,2,3,1.0,1.0300000205516224,-0.0326623872745308,1.0100000169201515,-0.0634056512880516,1.761459276431168,Line_3,2,3,1.0,11.664097904458096,63.50034463342252,51.836246728964426,GENROU_4,6,GENROU_1,1,1.0,1.0,0.0,GENROU_1,1,GENROU_1,1,1.4713550511518123,2.033928044171794,GENROU_5,8,GENROU_2,2
170,1,0.8350000000000001,0.005,0.001,NEXT_STEP,0,0.0360271933819342,0.0169817966346775,1.0300000205516224,-0.0326623872745308,,,,,,,,Line_3,2,3,1.0,1.0300000205516224,-0.0326623872745308,1.0100000169201515,-0.0634056512880516,1.761459276431168,Line_3,2,3,1.0,11.664097904458096,63.50034463342252,51.836246728964426,GENROU_4,6,GENROU_1,1,1.0,1.0,0.0,GENROU_1,1,GENROU_1,1,1.4713550511518123,2.0339280429942885,GENROU_5,8,GENROU_2,2
171,1,0.8400000000000001,0.005,0.001,NEXT_STEP,0,0.0360271933819342,0.0169817966346775,1.03000002042208,-0.0326623873752707,,,,,,,,Line_3,2,3,1.0,1.03000002042208,-0.0326623873752707,1.0100000168086218,-0.0634056513886833,1.761459276424972,Line_3,2,3,1.0,11.664097904458096,63.50034463342252,51.836246728964426,GENROU_4,6,GENROU_1,1,1.0,1.0,0.0,GENROU_1,1,GENROU_1,1,1.4713550511518123,2.033928041686261,GENROU_5,8,GENROU_2,2
172,1,0.8450000000000001,0.005,0.001,NEXT_STEP,0,0.0360271933819342,0.0169817966346775,1.03000002042208,-0.0326623873752707,,,,,,,,Line_3,2,3,1.0,1.03000002042208,-0.0326623873752707,1.0100000168086218,-0.0634056513886833,1.761459276424972,Line_3,2,3,1.0,11.664097904458096,63.50034463342252,51.836246728964426,GENROU_4,6,GENROU_1,1,1.0,1.0,0.0,GENROU_1,1,GENROU_1,1,1.4713550511518123,2.033928040708573,GENROU_5,8,GENROU_2,2
173,1,0.8500000000000001,0.005,0.001,NEXT_STEP,0,0.0360271933819342,0.0169817966346775,1.030000020315722,-0.0326623873752707,,,,,,,,Line_3,2,3,1.0,1.030000020315722,-0.0326623873752707,1.0100000168086218,-0.0634056513886833,1.761459276424972,Line_3,2,3,1.0,11.664097904458096,63.50034463342252,51.836246728964426,GENROU_4,6,GENROU_1,1,1.0,1.0,0.0,GENROU_1,1,GENROU_1,1,1.4713550511518123,2.0339280399676727,GENROU_5,8,GENROU_2,2
174,1,0.8550000000000001,0.005,0.001,NEXT_STEP,0,0.0360271933819342,0.0169817966346775,1.030000020315722,-0.0326623873752707,,,,,,,,Line_3,2,3,1.0,1.030000020315722,-0.0326623873752707,1.0100000167038703,-0.0634056513886833,1.761459276424972,Line_3,2,3,1.0,11.664097904458096,63.50034463342252,51.836246728964426,GENROU_4,6,GENROU_1,1,1.0,1.0,0.0,GENROU_1,1,GENROU_1,1,1.4713550511518123,2.033928039393072,GENROU_5,8,GENROU_2,2
175,1,0.8600000000000001,0.005,0.001,NEXT_STEP,0,0.0360271933819342,0.0169817966346775,1.030000020315722,-0.0326623873752707,,,,,,,,Line_3,2,3,1.0,1.030000020315722,-0.0326623873752707,1.0100000167038703,-0.0634056513886833,1.761459276424972,Line_3,2,3,1.0,11.664097904458096,63.50034463342252,51.836246728964426,GENROU_4,6,GENROU_1,1,1.0,1.0,0.0,GENROU_1,1,GENROU_1,1,1.4713550511518123,2.033928039393072,GENROU_5,8,GENROU_2,2
176,1,0.8650000000000001,0.005,0.001,NEXT_STEP,0,0.0360271933819342,0.0169817966346775,1.030000020315722,-0.0326623873752707,,,,,,,,Line_3,2,3,1.0,1.030000020315722,-0.0326623873752707,1.0100000167038703,-0.0634056513886833,1.761459276424972,Line_3,2,3,1.0,11.664097904458096,63.50034463342252,51.836246728964426,GENROU_4,6,GENROU_1,1,1.0,1.0,0.0,GENROU_1,1,GENROU_1,1,1.4713550511518123,2.033928039393072,GENROU_5,8,GENROU_2,2
177,1,0.8700000000000001,0.005,0.001,NEXT_STEP,0,0.0360271933819342,0.0169817966346775,1.030000020315722,-0.0326623873752707,,,,,,,,Line_3,2,3,1.0,1.030000020315722,-0.0326623873752707,1.0100000167038703,-0.0634056513886833,1.761459276424972,Line_3,2,3,1.0,11.664097904458096,63.50034463342252,51.836246728964426,GENROU_4,6,GENROU_1,1,1.0,1.0,0.0,GENROU_1,1,GENROU_1,1,1.4713550511518123,2.033928039393072,GENROU_5,8,GENROU_2,2
178,1,0.875,0.005,0.001,NEXT_STEP,0,0.0360271933819342,0.0169817966346775,1.030000020315722,-0.0326623873752707,,,,,,,,Line_3,2,3,1.0,1.030000020315722,-0.0326623873752707,1.0100000167038703,-0.0634056513886833,1.761459276424972,Line_3,2,3,1.0,11.664097904458096,63.50034463342252,51.836246728964426,GENROU_4,6,GENROU_1,1,1.0,1.0,0.0,GENROU_1,1,GENROU_1,1,1.4713550511518123,2.033928039393072,GENROU_5,8,GENROU_2,2
179,1,0.88,0.005,0.001,NEXT_STEP,0,0.0360271933819342,0.0169817966346775,1.030000020315722,-0.0326623873752707,,,,,,,,Line_3,2,3,1.0,1.030000020315722,-0.0326623873752707,1.0100000167038703,-0.0634056513886833,1.761459276424972,Line_3,2,3,1.0,11.664097904458096,63.50034463342252,51.836246728964426,GENROU_4,6,GENROU_1,1,1.0,1.0,0.0,GENROU_1,1,GENROU_1,1,1.4713550511518123,2.0339280392918155,GENROU_5,8,GENROU_2,2
180,1,0.885,0.005,0.001,NEXT_STEP,0,0.0360271933819342,0.0169817966346775,1.030000020315722,-0.0326623873752707,,,,,,,,Line_3,2,3,1.0,1.030000020315722,-0.0326623873752707,1.0100000167038703,-0.0634056513886833,1.761459276424972,Line_3,2,3,1.0,11.664097904458096,63.50034463342252,51.836246728964426,GENROU_4,6,GENROU_1,1,1.0,1.0,0.0,GENROU_1,1,GENROU_1,1,1.4713550511518123,2.0339280392918155,GENROU_5,8,GENROU_2,2
181,1,0.89,0.005,0.001,NEXT_STEP,0,0.0360271933819342,0.0169817966346775,1.030000020315722,-0.0326623873752707,,,,,,,,Line_3,2,3,1.0,1.030000020315722,-0.0326623873752707,1.0100000167038703,-0.0634056513886833,1.761459276424972,Line_3,2,3,1.0,11.664097904458096,63.50034463342252,51.836246728964426,GENROU_4,6,GENROU_1,1,1.0,1.0,0.0,GENROU_1,1,GENROU_1,1,1.4713550511518123,2.0339280392918155,GENROU_5,8,GENROU_2,2
182,1,0.895,0.005,0.001,NEXT_STEP,0,0.0360271933819342,0.0169817966346775,1.030000020315722,-0.0326623873752707,,,,,,,,Line_3,2,3,1.0,1.030000020315722,-0.0326623873752707,1.0100000167038703,-0.0634056513886833,1.761459276424972,Line_3,2,3,1.0,11.664097904458096,63.50034463342252,51.836246728964426,GENROU_4,6,GENROU_1,1,1.0,1.0,0.0,GENROU_1,1,GENROU_1,1,1.4713550511518123,2.0339280392918155,GENROU_5,8,GENROU_2,2
183,1,0.9,0.005,0.001,NEXT_STEP,0,0.0360271933819342,0.0169817966346775,1.030000020315722,-0.0326623873752707,,,,,,,,Line_3,2,3,1.0,1.030000020315722,-0.0326623873752707,1.0100000167038703,-0.0634056513886833,1.761459276424972,Line_3,2,3,1.0,11.664097904458096,63.50034463342252,51.836246728964426,GENROU_4,6,GENROU_1,1,1.0,1.0,0.0,GENROU_1,1,GENROU_1,1,1.4713550511518123,2.0339280392918155,GENROU_5,8,GENROU_2,2
184,1,0.905,0.005,0.001,NEXT_STEP,0,0.0360271933819342,0.0169817966346775,1.030000020315722,-0.0326623873752707,,,,,,,,Line_3,2,3,1.0,1.030000020315722,-0.0326623873752707,1.0100000167038703,-0.0634056513886833,1.761459276424972,Line_3,2,3,1.0,11.664097904458096,63.50034463342252,51.836246728964426,GENROU_4,6,GENROU_1,1,1.0,1.0,0.0,GENROU_1,1,GENROU_1,1,1.4713550511518123,2.033928039189531,GENROU_5,8,GENROU_2,2
185,1,0.91,0.005,0.001,NEXT_STEP,0,0.0360271933819342,0.0169817966346775,1.030000020315722,-0.0326623873752707,,,,,,,,Line_3,2,3,1.0,1.030000020315722,-0.0326623873752707,1.0100000167038703,-0.0634056513886833,1.761459276424972,Line_3,2,3,1.0,11.664097904458096,63.50034463342252,51.836246728964426,GENROU_4,6,GENROU_1,1,1.0,1.0,0.0,GENROU_1,1,GENROU_1,1,1.4713550511518123,2.033928039189531,GENROU_5,8,GENROU_2,2
186,1,0.915,0.005,0.001,NEXT_STEP,0,0.0360271933819342,0.0169817966346775,1.030000020315722,-0.0326623873752707,,,,,,,,Line_3,2,3,1.0,1.030000020315722,-0.0326623873752707,1.0100000167038703,-0.0634056513886833,1.761459276424972,Line_3,2,3,1.0,11.664097904458096,63.50034463342252,51.836246728964426,GENROU_4,6,GENROU_1,1,1.0,1.0,0.0,GENROU_1,1,GENROU_1,1,1.4713550511518123,2.033928039189531,GENROU_5,8,GENROU_2,2
187,1,0.92,0.005,0.001,NEXT_STEP,0,0.0360271933819342,0.0169817966346775,1.030000020315722,-0.0326623873752707,,,,,,,,Line_3,2,3,1.0,1.030000020315722,-0.0326623873752707,1.0100000167038703,-0.0634056513886833,1.761459276424972,Line_3,2,3,1.0,11.664097904458096,63.50034463342252,51.836246728964426,GENROU_4,6,GENROU_1,1,1.0,1.0,0.0,GENROU_1,1,GENROU_1,1,1.4713550511518123,2.033928039189531,GENROU_5,8,GENROU_2,2
188,1,0.925,0.005,0.001,NEXT_STEP,0,0.0360271933819342,0.0169817966346775,1.030000020315722,-0.0326623873752707,,,,,,,,Line_3,2,3,1.0,1.030000020315722,-0.0326623873752707,1.0100000167038703,-0.0634056513886833,1.761459276424972,Line_3,2,3,1.0,11.664097904458096,63.50034463342252,51.836246728964426,GENROU_4,6,GENROU_1,1,1.0,1.0,0.0,GENROU_1,1,GENROU_1,1,1.4713550511518123,2.033928039189531,GENROU_5,8,GENROU_2,2
189,1,0.93,0.005,0.001,NEXT_STEP,0,0.0360271933819342,0.0169817966346775,1.030000020315722,-0.0326623873752707,,,,,,,,Line_3,2,3,1.0,1.030000020315722,-0.0326623873752707,1.0100000167038703,-0.0634056513886833,1.761459276424972,Line_3,2,3,1.0,11.664097904458096,63.50034463342252,51.836246728964426,GENROU_4,6,GENROU_1,1,1.0,1.0,0.0,GENROU_1,1,GENROU_1,1,1.4713550511518123,2.0339280390894414,GENROU_5,8,GENROU_2,2
190,1,0.935,0.005,0.001,NEXT_STEP,0,0.0360271933819342,0.0169817966346775,1.030000020315722,-0.0326623873752707,,,,,,,,Line_3,2,3,1.0,1.030000020315722,-0.0326623873752707,1.0100000167038703,-0.0634056513886833,1.761459276424972,Line_3,2,3,1.0,11.664097904458096,63.50034463342252,51.836246728964426,GENROU_4,6,GENROU_1,1,1.0,1.0,0.0,GENROU_1,1,GENROU_1,1,1.4713550511518123,2.0339280379063283,GENROU_5,8,GENROU_2,2
191,1,0.94,0.005,0.001,NEXT_STEP,0,0.0360271933819342,0.0169817966346775,1.030000020209712,-0.0326623873752707,,,,,,,,Line_3,2,3,1.0,1.030000020209712,-0.0326623873752707,1.0100000165990624,-0.0634056513886833,1.761459276424972,Line_3,2,3,1.0,11.664097904458096,63.50034463342252,51.836246728964426,GENROU_4,6,GENROU_1,1,1.0,1.0,0.0,GENROU_1,1,GENROU_1,1,1.471355050994691,2.033928036600415,GENROU_5,8,GENROU_2,2
192,1,0.945,0.005,0.001,NEXT_STEP,0,0.0360271933819342,0.0169817966346775,1.0300000201033277,-0.0326623874760055,,,,,,,,Line_3,2,3,1.0,1.0300000201033277,-0.0326623874760055,1.0100000165990624,-0.0634056514893681,1.7614592764221015,Line_3,2,3,1.0,11.664097904458096,63.50034463342252,51.836246728964426,GENROU_4,6,GENROU_1,1,1.0,1.0,0.0,GENROU_1,1,GENROU_1,1,1.471355050994691,2.033928035629019,GENROU_5,8,GENROU_2,2
193,1,0.95,0.005,0.001,NEXT_STEP,0,0.0360271933819342,0.0169817966346775,1.0300000201033277,-0.0326623874760055,,,,,,,,Line_3,2,3,1.0,1.0300000201033277,-0.0326623874760055,1.0100000165990624,-0.0634056514893681,1.7614592764221015,Line_3,2,3,1.0,11.664097904458096,63.50034463342252,51.836246728964426,GENROU_4,6,GENROU_1,1,1.0,1.0,0.0,GENROU_1,1,GENROU_1,1,1.471355050994691,2.033928034881687,GENROU_5,8,GENROU_2,2
194,1,0.955,0.005,0.001,NEXT_STEP,0,0.0360271933819342,0.0169817966346775,1.030000019993308,-0.0326623874760055,,,,,,,,Line_3,2,3,1.0,1.030000019993308,-0.0326623874760055,1.0100000165990624,-0.0634056514893681,1.7614592764221015,Line_3,2,3,1.0,11.664097904458096,63.50034463342252,51.836246728964426,GENROU_4,6,GENROU_1,1,1.0,1.0,0.0,GENROU_1,1,GENROU_1,1,1.471355050994691,2.0339280343050645,GENROU_5,8,GENROU_2,2
195,1,0.96,0.005,0.001,NEXT_STEP,0,0.0360271933819342,0.0169817966346775,1.030000019993308,-0.0326623874760055,,,,,,,,Line_3,2,3,1.0,1.030000019993308,-0.0326623874760055,1.0100000165990624,-0.0634056514893681,1.7614592764221015,Line_3,2,3,1.0,11.664097904458096,63.50034463342252,51.836246728964426,GENROU_4,6,GENROU_1,1,1.0,1.0,0.0,GENROU_1,1,GENROU_1,1,1.471355050994691,2.0339280343050645,GENROU_5,8,GENROU_2,2
196,1,0.965,0.005,0.001,NEXT_STEP,0,0.0360271933819342,0.0169817966346775,1.030000019993308,-0.0326623874760055,,,,,,,,Line_3,2,3,1.0,1.030000019993308,-0.0326623874760055,1.0100000165990624,-0.0634056514893681,1.7614592764221015,Line_3,2,3,1.0,11.664097904458096,63.50034463342252,51.836246728964426,GENROU_4,6,GENROU_1,1,1.0,1.0,0.0,GENROU_1,1,GENROU_1,1,1.471355050994691,2.0339280343050645,GENROU_5,8,GENROU_2,2
197,1,0.97,0.005,0.001,NEXT_STEP,0,0.0360271933819342,0.0169817966346775,1.030000019993308,-0.0326623874760055,,,,,,,,Line_3,2,3,1.0,1.030000019993308,-0.0326623874760055,1.0100000165990624,-0.0634056514893681,1.7614592764221015,Line_3,2,3,1.0,11.664097904458096,63.50034463342252,51.836246728964426,GENROU_4,6,GENROU_1,1,1.0,1.0,0.0,GENROU_1,1,GENROU_1,1,1.471355050994691,2.0339280343050645,GENROU_5,8,GENROU_2,2
198,1,0.975,0.005,0.001,NEXT_STEP,0,0.0360271933819342,0.0169817966346775,1.030000019993308,-0.0326623874760055,,,,,,,,Line_3,2,3,1.0,1.030000019993308,-0.0326623874760055,1.0100000165990624,-0.0634056514893681,1.7614592764221015,Line_3,2,3,1.0,11.664097904458096,63.50034463342252,51.836246728964426,GENROU_4,6,GENROU_1,1,1.0,1.0,0.0,GENROU_1,1,GENROU_1,1,1.471355050994691,2.0339280343050645,GENROU_5,8,GENROU_2,2
199,1,0.98,0.005,0.001,NEXT_STEP,0,0.0360271933819342,0.0169817966346775,1.030000019993308,-0.0326623874760055,,,,,,,,Line_3,2,3,1.0,1.030000019993308,-0.0326623874760055,1.0100000165990624,-0.0634056514893681,1.7614592764221015,Line_3,2,3,1.0,11.664097904458096,63.50034463342252,51.836246728964426,GENROU_4,6,GENROU_1,1,1.0,1.0,0.0,GENROU_1,1,GENROU_1,1,1.471355050994691,2.0339280343050645,GENROU_5,8,GENROU_2,2
200,1,0.985,0.005,0.001,NEXT_STEP,0,0.0360271933819342,0.0169817966346775,1.030000019993308,-0.0326623874760055,,,,,,,,Line_3,2,3,1.0,1.030000019993308,-0.0326623874760055,1.0100000165990624,-0.0634056514893681,1.7614592764221015,Line_3,2,3,1.0,11.664097904458096,63.50034463342252,51.836246728964426,GENROU_4,6,GENROU_1,1,1.0,1.0,0.0,GENROU_1,1,GENROU_1,1,1.471355050994691,2.0339280343050645,GENROU_5,8,GENROU_2,2
201,1,0.99,0.005,0.001,NEXT_STEP,0,0.0360271933819342,0.0169817966346775,1.030000019993308,-0.0326623874760055,,,,,,,,Line_3,2,3,1.0,1.030000019993308,-0.0326623874760055,1.0100000165990624,-0.0634056514893681,1.7614592764221015,Line_3,2,3,1.0,11.664097904458096,63.50034463342252,51.836246728964426,GENROU_4,6,GENROU_1,1,1.0,1.0,0.0,GENROU_1,1,GENROU_1,1,1.471355050994691,2.0339280343050645,GENROU_5,8,GENROU_2,2
202,1,0.995,0.005,0.001,NEXT_STEP,0,0.0360271933819342,0.0169817966346775,1.030000019993308,-0.0326623874760055,,,,,,,,Line_3,2,3,1.0,1.030000019993308,-0.0326623874760055,1.0100000165990624,-0.0634056514893681,1.7614592764221015,Line_3,2,3,1.0,11.664097904458096,63.50034463342252,51.836246728964426,GENROU_4,6,GENROU_1,1,1.0,1.0,0.0,GENROU_1,1,GENROU_1,1,1.471355050994691,2.0339280343050645,GENROU_5,8,GENROU_2,2
203,1,1.0,0.005,0.001,NEXT_STEP,0,0.0360271933819342,0.0169817966346775,1.030000019993308,-0.0326623874760055,,,,,,,,Line_3,2,3,0.0,1.030000019993308,-0.0326623874760055,1.0100000165990624,-0.0634056514893681,1.7614592764221015,Line_3,2,3,0.0,11.664097904458096,63.50034463342252,51.836246728964426,GENROU_4,6,GENROU_1,1,1.0,1.0,0.0,GENROU_1,1,GENROU_1,1,1.4713550511804183,2.0339280343050645,GENROU_5,8,GENROU_2,2
204,1,1.005,0.005,0.001,NEXT_STEP,0,0.0360271933819342,0.0169817966346775,1.031668668009299,-0.024812644660413,,,,,,,,Line_3,2,3,0.0,1.031668668009299,-0.024812644660413,0.9906027335504688,-0.0836508252307737,3.371179420910323,Line_3,2,3,0.0,11.664086949603975,63.5010542213366,51.83696727173262,GENROU_4,6,GENROU_1,1,0.9999747248937908,1.000013121408497,2.527510620919937e-05,GENROU_3,3,GENROU_1,1,1.4701746604047716,2.0337382057384388,GENROU_5,8,GENROU_2,2
206,2,1.01,0.005,0.001,NEXT_STEP,0,0.0360558748907524,0.0169673034410253,1.031505228494467,-0.0245076795762968,,,,,,,,Line_3,2,3,0.0,1.031505228494467,-0.0245076795762968,0.9899318969653332,-0.0841457767354102,3.417011265408348,Line_3,2,3,0.0,11.664060048940796,63.50314476444294,51.83908471550215,GENROU_4,6,GENROU_1,1,0.9999509568339374,1.0000254489080582,4.904316606257897e-05,GENROU_3,3,GENROU_1,1,1.4712107901377378,2.0326957379878188,GENROU_5,8,GENROU_2,2
208,2,1.015,0.005,0.001,NEXT_STEP,1,0.0360504301161663,0.0169666483610634,1.0313469550315046,-0.0242490445940944,,,,,,,,Line_3,2,3,0.0,1.0313469550315046,-0.0242490445940944,0.989314924950373,-0.0845910104073847,3.45733996862424,Line_3,2,3,0.0,11.664024625239804,63.50651958202139,51.84249495678159,GENROU_4,6,GENROU_1,1,0.9999287565447412,1.0000369149674582,7.124345525866271e-05,GENROU_3,3,GENROU_1,1,1.4724357428255066,2.030568891424948,GENROU_5,8,GENROU_2,2
210,2,1.02,0.005,0.001,NEXT_STEP,1,0.0360479079708893,0.0169681742386772,1.031193393996445,-0.024030929665388,,,,,,,,Line_3,2,3,0.0,1.031193393996445,-0.024030929665388,0.9887476662610016,-0.0849962499168832,3.493055547074107,Line_3,2,3,0.0,11.663985597302444,63.51108905835818,51.84710346105574,GENROU_4,6,GENROU_1,1,0.9999079517578376,1.0000475818277472,9.2048242162468e-05,GENROU_3,3,GENROU_1,1,1.4737374019903746,2.027525371634748,GENROU_5,8,GENROU_2,2
212,2,1.025,0.005,0.001,NEXT_STEP,1,0.0360454372935738,0.0169696518369052,1.03104404643236,-0.0238457565020828,,,,,,,,Line_3,2,3,0.0,1.03104404643236,-0.0238457565020828,0.9882258217160168,-0.085368365632696,3.524985847817163,Line_3,2,3,0.0,11.663945893133242,63.51677005551089,51.85282416237765,GENROU_4,6,GENROU_1,1,0.9998883981036352,1.000057507654704,0.0001116018963649,GENROU_3,3,GENROU_1,1,1.4750483745815777,2.02390945506387,GENROU_5,8,GENROU_2,2
214,2,1.03,0.005,0.001,NEXT_STEP,1,0.0360430548735842,0.016971087630715,1.0308984007099589,-0.0236875619461393,,,,,,,,Line_3,2,3,0.0,1.0308984007099589,-0.0236875619461393,0.9877453081215232,-0.0857131396604462,3.55380382489048,Line_3,2,3,0.0,11.663906965862468,63.5234854825529,51.85957851669043,GENROU_4,6,GENROU_1,1,0.9998699745141908,1.0000667461500212,0.000130025485809,GENROU_3,3,GENROU_1,1,1.4763297518716467,2.020105911945842,GENROU_5,8,GENROU_2,2
216,2,1.035,0.005,0.001,NEXT_STEP,1,0.0360407066610589,0.0169724836726436,1.0307561353464938,-0.0235514745310293,,,,,,,,Line_3,2,3,0.0,1.0307561353464938,-0.0235514745310293,0.987302369013036,-0.0860353224686138,3.580060774560792,Line_3,2,3,0.0,11.66386917518894,63.5311637905024,51.867294615313455,GENROU_4,6,GENROU_1,1,0.999852579349506,1.0000753462199985,0.0001474206504941,GENROU_3,3,GENROU_1,1,1.4775606018639005,2.016463994586962,GENROU_5,8,GENROU_2,2
218,2,1.04,0.005,0.001,NEXT_STEP,1,0.0360384306359085,0.0169738475151299,1.0306170696896708,-0.0234335210400048,,,,,,,,Line_3,2,3,0.0,1.0306170696896708,-0.0234335210400048,0.9868935678823418,-0.086338815892893,3.604207904096512,Line_3,2,3,0.0,11.663832079631582,63.539738450953,51.87590637132141,GENROU_4,6,GENROU_1,1,0.9998361271817922,1.0000833519450358,0.0001638728182078,GENROU_3,3,GENROU_1,1,1.4787310980981268,2.0132612454011345,GENROU_5,8,GENROU_2,2
220,2,1.045,0.005,0.001,NEXT_STEP,1,0.036036196163973,0.0169751773629146,1.0304811295011034,-0.0233304438404351,,,,,,,,Line_3,2,3,0.0,1.0304811295011034,-0.0233304438404351,0.9865157747732444,-0.0866268132377724,3.626614824968442,Line_3,2,3,0.0,11.6637946632711,63.54914744301964,51.885352779748544,GENROU_4,6,GENROU_1,1,0.9998205461233486,1.0000908027558175,0.0001794538766514,GENROU_3,3,GENROU_1,1,1.479838101183215,2.010692405540328,GENROU_5,8,GENROU_2,2
222,2,1.05,0.005,0.001,NEXT_STEP,1,0.0360340105041156,0.0169764788957757,1.030348312666954,-0.0232395765569296,,,,,,,,Line_3,2,3,0.0,1.030348312666954,-0.0232395765569296,0.986166147083271,-0.086901926617644,3.64758397236335,Line_3,2,3,0.0,11.663755508781122,63.55933276539035,51.89557725660923,GENROU_4,6,GENROU_1,1,0.999805775594059,1.0000977337088732,0.0001942244059409,GENROU_3,3,GENROU_1,1,1.4808823432857088,2.008873052234172,GENROU_5,8,GENROU_2,2
224,2,1.055,0.005,0.001,NEXT_STEP,1,0.0360318736888783,0.0169777521481077,1.0302186661650548,-0.0231587314922409,,,,,,,,Line_3,2,3,0.0,1.0302186661650548,-0.0231587314922409,0.9858421096409558,-0.0871662871953883,3.6673627987388784,Line_3,2,3,0.0,11.663712929707582,63.57023998212893,51.90652705242135,GENROU_4,6,GENROU_1,1,0.9997917644593411,1.0001041758316007,0.0002082355406588,GENROU_3,3,GENROU_1,1,1.4818666605518993,2.007850901238004,GENROU_5,8,GENROU_2,2
226,2,1.06,0.005,0.001,NEXT_STEP,1,0.0360298091944169,0.016978993350871,1.0300922659073029,-0.0230861153266306,,,,,,,,Line_3,2,3,0.0,1.0300922659073029,-0.0230861153266306,0.9855413334410426,-0.0874216314420727,3.6861535462107327,Line_3,2,3,0.0,11.663665071339414,63.58181780742553,51.918152736086114,GENROU_4,6,GENROU_1,1,0.9997784694726902,1.000110156492923,0.0002215305273097,GENROU_3,3,GENROU_1,1,1.4827949023781528,2.007620163863119,GENROU_5,8,GENROU_2,2
228,2,1.065,0.005,0.001,NEXT_STEP,1,0.03602776288711,0.0169802044465742,1.0299692021362492,-0.0230202490545582,,,,,,,,Line_3,2,3,0.0,1.0299692021362492,-0.0230202490545582,0.9852617142136594,-0.087669367248033,3.704121621728518,Line_3,2,3,0.0,11.663609987435944,63.59401773166922,51.93040774423328,GENROU_4,6,GENROU_1,1,0.9997658539774458,1.0001156997967369,0.0002341460225542,GENROU_3,3,GENROU_1,1,1.483671276584147,2.0081361195505125,GENROU_5,8,GENROU_2,2
230,2,1.07,0.005,0.001,NEXT_STEP,1,0.0360257961368229,0.0169813891685339,1.029849565906491,-0.0229599286830531,,,,,,,,Line_3,2,3,0.0,1.029849565906491,-0.0229599286830531,0.9850013522401444,-0.0879106403287042,3.721401653667016,Line_3,2,3,0.0,11.663545698109978,63.60679368824289,51.94324799013291,GENROU_4,6,GENROU_1,1,0.9997538868106096,1.000120826936349,0.0002461131893904,GENROU_3,3,GENROU_1,1,1.484499970225103,2.0093283052689523,GENROU_5,8,GENROU_2,2
232,2,1.075,0.005,0.001,NEXT_STEP,1,0.0360238944934808,0.0169825362211468,1.0297334455700105,-0.0229041613144584,,,,,,,,Line_3,2,3,0.0,1.0297334455700105,-0.0229041613144584,0.984758534636537,-0.0881463739315187,3.738103429052728,Line_3,2,3,0.0,11.663470232828768,63.62010175884813,51.956631526019365,GENROU_4,6,GENROU_1,1,0.999742541391806,1.0001255565579217,0.0002574586081941,GENROU_3,3,GENROU_1,1,1.4852849471820269,2.0111115600040974,GENROU_5,8,GENROU_2,2
234,2,1.08,0.005,0.001,NEXT_STEP,1,0.0360220110378154,0.0169836531742942,1.0296209172280475,-0.0228521306928892,,,,,,,,Line_3,2,3,0.0,1.0296209172280475,-0.0228521306928892,0.9845317158841936,-0.0883773104831674,3.754316253818871,Line_3,2,3,0.0,11.6633816624935,63.63389991682292,51.97051825432942,GENROU_4,6,GENROU_1,1,0.9997317949575524,1.000129905096609,0.0002682050424475,GENROU_3,3,GENROU_1,1,1.48602984870749,2.013394699365355,GENROU_5,8,GENROU_2,2
236,2,1.085,0.005,0.001,NEXT_STEP,1,0.0360202305726566,0.016984739976218,1.0295120417727623,-0.0228031816454685,,,,,,,,Line_3,2,3,0.0,1.0295120417727623,-0.0228031816454685,0.9843195031904208,-0.0886040507734521,3.770112089326119,Line_3,2,3,0.0,11.663278122420603,63.64814780387351,51.984869681452906,GENROU_4,6,GENROU_1,1,0.9997216279095316,1.0001338870570844,0.0002783720904684,GENROU_3,3,GENROU_1,1,1.4867379600786668,2.0160869200500486,GENROU_5,8,GENROU_2,2
238,2,1.09,0.005,0.001,NEXT_STEP,1,0.03601848450797,0.0169857872296205,1.0294068671612449,-0.0227567684326869,,,,,,,,Line_3,2,3,0.0,1.0294068671612449,-0.0227567684326869,0.9841206416337456,-0.0888270687307809,3.785549358242719,Line_3,2,3,0.0,11.663157828369238,63.662806537599145,51.99964870922991,GENROU_4,6,GENROU_1,1,0.9997120232794542,1.000137515309725,0.0002879767205458,GENROU_3,3,GENROU_1,1,1.4874122146787827,2.019102207520574,GENROU_5,8,GENROU_2,2
240,2,1.095,0.005,0.001,NEXT_STEP,1,0.0360168107282034,0.0169868024527304,1.0293054215375883,-0.0227124573762701,,,,,,,,Line_3,2,3,0.0,1.0293054215375883,-0.0227124573762701,0.9839339996219972,-0.089046744427297,3.800674685033158,Line_3,2,3,0.0,11.663019087581864,63.67783854790853,52.01481946032666,GENROU_4,6,GENROU_1,1,0.9997029662675688,1.0001408013217812,0.000297033732431,GENROU_3,3,GENROU_1,1,1.4880552144925987,2.0223620932711626,GENROU_5,8,GENROU_2,2
242,2,1.1,0.005,0.001,NEXT_STEP,1,0.0360151785473011,0.016987783767709,1.029207718525893,-0.0226698937812182,,,,,,,,Line_3,2,3,0.0,1.029207718525893,-0.0226698937812182,0.9837585581633904,-0.0892633743922993,3.815525382101214,Line_3,2,3,0.0,11.662860305702102,63.69320744416037,52.03034713845827,GENROU_4,6,GENROU_1,1,0.9996944438628752,1.0001437553838128,0.0003055561371249,GENROU_3,3,GENROU_1,1,1.4886715196717306,2.025797130785583,GENROU_5,8,GENROU_2,2
244,2,1.105,0.005,0.001,NEXT_STEP,1,0.036013642068693,0.016988729254022,1.0291137466082034,-0.022628798980794,,,,,,,,Line_3,2,3,0.0,1.0291137466082034,-0.022628798980794,0.9835933777540083,-0.0894771989869695,3.8301311875561614,Line_3,2,3,0.0,11.662680039532024,63.70887728312359,52.04619724359157,GENROU_4,6,GENROU_1,1,0.9996864433776708,1.0001463874861398,0.0003135566223292,GENROU_3,3,GENROU_1,1,1.4892563825715266,2.0293472169579263,GENROU_5,8,GENROU_2,2
246,2,1.11,0.005,0.001,NEXT_STEP,1,0.0360121399319556,0.0169896351510382,1.0290235066625693,-0.0225889511885899,,,,,,,,Line_3,2,3,0.0,1.0290235066625693,-0.0225889511885899,0.9834376751952892,-0.0896883819435446,3.844514189989212,Line_3,2,3,0.0,11.662476801246465,63.72481494321705,52.062338141970585,GENROU_4,6,GENROU_1,1,0.9996789567302736,1.000148704722028,0.0003210432697262,GENROU_3,3,GENROU_1,1,1.4898184379263142,2.0329621573240617,GENROU_5,8,GENROU_2,2
248,2,1.115,0.005,0.001,NEXT_STEP,1,0.0360107100152262,0.0169905089854478,1.0289369597377052,-0.0225501777705463,,,,,,,,Line_3,2,3,0.0,1.0289369597377052,-0.0225501777705463,0.9832906835183836,-0.0898970651696506,3.858692411311466,Line_3,2,3,0.0,11.662249350023044,63.74098625733596,52.07873690731291,GENROU_4,6,GENROU_1,1,0.9996719733621152,1.0001507156177385,0.0003280266378846,GENROU_3,3,GENROU_1,1,1.4903563000467108,2.0365998609838805,GENROU_5,8,GENROU_2,2
250,2,1.12,0.005,0.001,NEXT_STEP,1,0.0360093216387495,0.0169913488742636,1.0288540659634646,-0.0225123438343017,,,,,,,,Line_3,2,3,0.0,1.0288540659634646,-0.0225123438343017,0.983151733414208,-0.0901033453497315,3.8726791198964743,Line_3,2,3,0.0,11.661996497623662,63.757358538196456,52.0953620405728,GENROU_4,6,GENROU_1,1,0.9996654846301628,1.0001524274575526,0.0003345153698371,GENROU_3,3,GENROU_1,1,1.4908706373617908,2.0402263819842883,GENROU_5,8,GENROU_2,2
252,2,1.125,0.005,0.001,NEXT_STEP,1,0.0360080054565268,0.0169921566885204,1.0287747724707346,-0.0224753557681525,,,,,,,,Line_3,2,3,0.0,1.0287747724707346,-0.0224753557681525,0.9830202181209852,-0.0903072947431168,3.886483819454412,Line_3,2,3,0.0,11.661717152556244,63.77389986125131,52.112182708695066,GENROU_4,6,GENROU_1,1,0.9996594824874028,1.0001538470978055,0.0003405175125971,GENROU_3,3,GENROU_1,1,1.4913650323599308,2.0438146867399625,GENROU_5,8,GENROU_2,2
254,2,1.13,0.005,0.001,NEXT_STEP,1,0.0360067542248796,0.0169929267521689,1.028699021069355,-0.0224391441720259,,,,,,,,Line_3,2,3,0.0,1.028699021069355,-0.0224391441720259,0.9828955949258192,-0.0905089586454962,3.900113081568378,Line_3,2,3,0.0,11.661410315929526,63.79057902389621,52.12916870796669,GENROU_4,6,GENROU_1,1,0.9996539593498182,1.000154981066116,0.0003460406501818,GENROU_3,3,GENROU_1,1,1.4918403806552218,2.047343656242,GENROU_5,8,GENROU_2,2
256,2,1.135,0.005,0.001,NEXT_STEP,1,0.036005544486235,0.0169936628373202,1.028626746241333,-0.0224036617743529,,,,,,,,Line_3,2,3,0.0,1.028626746241333,-0.0224036617743529,0.9827773751260204,-0.0907083624442706,3.913571069290697,Line_3,2,3,0.0,11.661075077063323,63.80736551477053,52.1462904377072,GENROU_4,6,GENROU_1,1,0.9996489079788164,1.0001558356481148,0.0003510920211836,GENROU_3,3,GENROU_1,1,1.4922975579785318,2.050797130601256,GENROU_5,8,GENROU_2,2
258,2,1.14,0.005,0.001,NEXT_STEP,1,0.0360044068965611,0.0169943668223998,1.028557876720034,-0.022368886035045,,,,,,,,Line_3,2,3,0.0,1.028557876720034,-0.022368886035045,0.9826651193915272,-0.0909055181018193,3.926859759467135,Line_3,2,3,0.0,11.660710608644656,63.82422949111013,52.16351888246547,GENROU_4,6,GENROU_1,1,0.9996443213807124,1.0001564169491526,0.0003556786192876,GENROU_3,3,GENROU_1,1,1.4927374063148642,2.0541630348042945,GENROU_5,8,GENROU_2,2
260,2,1.145,0.005,0.001,NEXT_STEP,1,0.0360033107777119,0.0169950368142791,1.0284923385480236,-0.0223348051519782,,,,,,,,Line_3,2,3,0.0,1.0284923385480236,-0.0223348051519782,0.9825584329974208,-0.0911004222894676,3.939979637590625,Line_3,2,3,0.0,11.660316161621424,63.84114176297551,52.18082560135409,GENROU_4,6,GENROU_1,1,0.9996401927276094,1.000156730962817,0.0003598072723905,GENROU_3,3,GENROU_1,1,1.4931607273770269,2.057432605995967,GENROU_5,8,GENROU_2,2
262,2,1.15,0.005,0.001,NEXT_STEP,1,0.0360022633447958,0.0169956784742246,1.0284300536996445,-0.0223014242048717,,,,,,,,Line_3,2,3,0.0,1.0284300536996445,-0.0223014242048717,0.982456961018918,-0.0912930631011818,3.9529297304491706,Line_3,2,3,0.0,11.659891060137248,63.85807378376266,52.198182723625415,GENROU_4,6,GENROU_1,1,0.9996365152870188,1.0001567836158936,0.0003634847129813,GENROU_3,3,GENROU_1,1,1.4935682789575364,2.060599728634481,GENROU_5,8,GENROU_2,2
264,2,1.155,0.005,0.001,NEXT_STEP,1,0.0360012880248899,0.0169962880142492,1.0283709431363142,-0.0222687610108047,,,,,,,,Line_3,2,3,0.0,1.0283709431363142,-0.0222687610108047,0.9823603853205376,-0.0914834210526362,3.965707900829728,Line_3,2,3,0.0,11.65943469622706,63.87499764509246,52.21556294886541,GENROU_4,6,GENROU_1,1,0.9996332823635672,1.0001565808063528,0.0003667176364328,GENROU_3,3,GENROU_1,1,1.4939607753763375,2.063660375628539,GENROU_5,8,GENROU_2,2
266,2,1.16,0.005,0.001,NEXT_STEP,1,0.0360003541411933,0.0169968635365761,1.0283149275069698,-0.0222368374679029,,,,,,,,Line_3,2,3,0.0,1.0283149275069698,-0.0222368374679029,0.9822684203988276,-0.0916714679136928,3.978311276594326,Line_3,2,3,0.0,11.658946524655326,63.89188607601363,52.2329395513583,GENROU_4,6,GENROU_1,1,0.9996304872541618,1.0001561284461522,0.0003695127458381,GENROU_3,3,GENROU_1,1,1.4943388882486992,2.066612147352324,GENROU_5,8,GENROU_2,2
268,2,1.165,0.005,0.001,NEXT_STEP,1,0.0359994689104481,0.0169974107057778,1.0282619260281407,-0.0222056861951699,,,,,,,,Line_3,2,3,0.0,1.0282619260281407,-0.0222056861951699,0.982180809969578,-0.0918571719813326,3.990736172362574,Line_3,2,3,0.0,11.658426057961735,63.90871244585854,52.25028638789681,GENROU_4,6,GENROU_1,1,0.9996281232069948,1.0001554324838684,0.0003718767930052,GENROU_3,3,GENROU_1,1,1.4947032480850486,2.069453897562323,GENROU_5,8,GENROU_2,2
270,2,1.17,0.005,0.001,NEXT_STEP,1,0.0359986323275747,0.0169979295195671,1.0282118590819946,-0.0221753450747764,,,,,,,,Line_3,2,3,0.0,1.0282118590819946,-0.0221753450747764,0.982097324730646,-0.0920404972279515,4.002978353416268,Line_3,2,3,0.0,11.657872861493098,63.92545076942368,52.26757790793058,GENROU_4,6,GENROU_1,1,0.9996261833896128,1.0001544989271791,0.0003738166103871,GENROU_3,3,GENROU_1,1,1.4950544469628924,2.072185434642553,GENROU_5,8,GENROU_2,2
272,2,1.175,0.005,0.001,NEXT_STEP,1,0.0359978443843614,0.016998419972693,1.0281646481007,-0.0221458566390541,,,,,,,,Line_3,2,3,0.0,1.0281646481007,-0.0221458566390541,0.9820177594970416,-0.0922214046423513,4.015033147655345,Line_3,2,3,0.0,11.657286548630264,63.94207571433184,52.28478916570157,GENROU_4,6,GENROU_1,1,0.999624660862924,1.000153333860178,0.0003753391370761,GENROU_3,3,GENROU_1,1,1.4953930406289753,2.0748072859016182,GENROU_5,8,GENROU_2,2
274,2,1.18,0.005,0.001,NEXT_STEP,1,0.0359971050698025,0.0169988820572448,1.028120216003235,-0.0221172670112882,,,,,,,,Line_3,2,3,0.0,1.028120216003235,-0.0221172670112882,0.9819419308455956,-0.0923998530404763,4.026895552737614,Line_3,2,3,0.0,11.656666776196786,63.95856261001809,52.301895833821305,GENROU_4,6,GENROU_1,1,0.9996235485603868,1.000151943456311,0.0003764514396132,GENROU_3,3,GENROU_1,1,1.4957195507342411,2.077320513558372,GENROU_5,8,GENROU_2,2
276,2,1.185,0.005,0.001,NEXT_STEP,1,0.0359963909508023,0.0169993195560213,1.0280784874561752,-0.0220896227492767,,,,,,,,Line_3,2,3,0.0,1.0280784874561752,-0.0220896227492767,0.9818696747394712,-0.0925757987715813,4.038560400094269,Line_3,2,3,0.0,11.656013240134568,63.97488745810214,52.31887421796757,GENROU_4,6,GENROU_1,1,0.9996228392729068,1.0001503339915474,0.0003771607270931,GENROU_3,3,GENROU_1,1,1.496034466934362,2.0797265723921576,GENROU_5,8,GENROU_2,2
278,2,1.19,0.005,0.001,NEXT_STEP,1,0.0359957326805016,0.0169997343579335,1.028039388678626,-0.0220629773283292,,,,,,,,Line_3,2,3,0.0,1.028039388678626,-0.0220629773283292,0.9818008449776624,-0.0927491995160592,4.050022201080935,Line_3,2,3,0.0,11.65532567132031,63.99102694341394,52.33570127209363,GENROU_4,6,GENROU_1,1,0.9996225256337128,1.0001485118419124,0.0003774743662871,GENROU_3,3,GENROU_1,1,1.4963382487608627,2.0820272004819835,GENROU_5,8,GENROU_2,2
280,2,1.195,0.005,0.001,NEXT_STEP,1,0.0359951645100968,0.0170001544372506,1.0280028453262748,-0.0220373861263003,,,,,,,,Line_3,2,3,0.0,1.0280028453262748,-0.0220373861263003,0.9817353098708246,-0.0929200134147055,4.061275384424448,Line_3,2,3,0.0,11.65460383132035,64.00695844491375,52.3523546135934,GENROU_4,6,GENROU_1,1,0.9996226001082368,1.0001477662930502,0.0003773998917631,GENROU_3,3,GENROU_2,2,1.4966313270616325,2.084224336176939,GENROU_5,8,GENROU_2,2
282,2,1.2,0.005,0.001,NEXT_STEP,1,0.035994716748189,0.0170006040234837,1.0279687857390922,-0.0220129051143073,,,,,,,,Line_3,2,3,1.0,1.0279687857390922,-0.0220129051143073,0.981672952136652,-0.0930881986350426,4.072314346391664,Line_3,2,3,1.0,11.653847508349363,64.02266005062849,52.36881254227912,GENROU_4,6,GENROU_1,1,0.9996230549893544,1.0001473302052502,0.0003769450106455,GENROU_3,3,GENROU_2,2,1.4969148183792875,2.0863200556804604,GENROU_5,8,GENROU_2,2
284,2,1.205,0.005,0.001,NEXT_STEP,1,0.0359942923368206,0.0170010269203015,1.025506308755126,-0.031543868812722,,,,,,,,Line_3,2,3,1.0,1.025506308755126,-0.031543868812722,1.0028378865819878,-0.0687381537795489,2.1310755506060843,Line_3,2,3,1.0,11.653056690591644,64.03725323447831,52.384196543886674,GENROU_4,6,GENROU_1,1,0.999655016077998,1.000133471187017,0.0003449839220019,GENROU_3,3,GENROU_2,2,1.4984332803584832,2.0885913635642046,GENROU_5,8,GENROU_2,2
286,2,1.21,0.005,0.001,NEXT_STEP,1,0.0359604136421803,0.017029149111288,1.0256934571175054,-0.0317845477513969,,,,,,,,Line_3,2,3,1.0,1.0256934571175054,-0.0317845477513969,1.0033123734944085,-0.0685591425068572,2.1070290727918177,Line_3,2,3,1.0,11.652225293164337,64.04992116790164,52.39769587473731,GENROU_4,6,GENROU_1,1,0.9996851184158432,1.0001206808246916,0.0003148815841569,GENROU_3,3,GENROU_2,2,1.4976212938681075,2.092004101042752,GENROU_5,8,GENROU_2,2
288,2,1.215,0.005,0.001,NEXT_STEP,1,0.0359665813318614,0.0170298836326208,1.025876864871537,-0.0319838639494164,,,,,,,,Line_3,2,3,1.0,1.025876864871537,-0.0319838639494164,1.003750905531131,-0.0684056863724849,2.086816707016766,Line_3,2,3,1.0,11.65134646907744,64.0607797477071,52.40943327862966,GENROU_4,6,GENROU_1,1,0.999713367349356,1.00010886376339,0.0002866326506438,GENROU_3,3,GENROU_2,2,1.4966139902176148,2.096907541167896,GENROU_5,8,GENROU_2,2
290,2,1.22,0.005,0.001,NEXT_STEP,1,0.0359689289372066,0.0170276352213567,1.0260556742627256,-0.0321470037065268,,,,,,,,Line_3,2,3,1.0,1.0260556742627256,-0.0321470037065268,1.0041557530714262,-0.0682707751440663,2.0697396434662494,Line_3,2,3,1.0,11.65041609046784,64.06993238323292,52.41951629276508,GENROU_4,6,GENROU_1,1,0.9997400370909256,1.000097837268803,0.0002599629090742,GENROU_3,3,GENROU_2,2,1.495525349816698,2.1030743875062368,GENROU_5,8,GENROU_2,2
292,2,1.225,0.005,0.001,NEXT_STEP,1,0.0359711967034421,0.0170254350958343,1.0262301524669146,-0.0322812108420614,,,,,,,,Line_3,2,3,1.0,1.0262301524669146,-0.0322812108420614,1.0045300464988591,-0.0681506689850725,2.0551685650156912,Line_3,2,3,1.0,11.64943218086509,64.07747173165615,52.428039550791055,GENROU_4,6,GENROU_1,1,0.9997653508653236,1.000087458032031,0.0002346491346763,GENROU_3,3,GENROU_2,2,1.4944234512570689,2.1100199077562243,GENROU_5,8,GENROU_2,2
294,2,1.23,0.005,0.001,NEXT_STEP,1,0.0359734008982084,0.0170232962273681,1.0264007202880665,-0.0323920545495696,,,,,,,,Line_3,2,3,1.0,1.0264007202880665,-0.0323920545495696,1.0048768397381354,-0.0680421567552472,2.042600395595344,Line_3,2,3,1.0,11.648394351149516,64.08348102831309,52.43508667716357,GENROU_4,6,GENROU_1,1,0.9997894901609456,1.000077613485144,0.0002105098390543,GENROU_3,3,GENROU_2,2,1.4933470881245876,2.1171976914584576,GENROU_5,8,GENROU_2,2
296,2,1.235,0.005,0.001,NEXT_STEP,1,0.0359755820349156,0.017021205944361,1.02656766590311,-0.0324840261542596,,,,,,,,Line_3,2,3,1.0,1.02656766590311,-0.0324840261542596,1.0051988985444156,-0.0679426644583361,2.0316303221044905,Line_3,2,3,1.0,11.647303382673638,64.08803534807056,52.44073196539692,GENROU_4,6,GENROU_1,1,0.9998126023660604,1.0000682152404528,0.0001873976339397,GENROU_3,3,GENROU_2,2,1.492316674099639,2.12410958561484,GENROU_5,8,GENROU_2,2
298,2,1.24,0.005,0.001,NEXT_STEP,1,0.0359777048868011,0.0170191588200558,1.0267311726412491,-0.0325607536241462,,,,,,,,Line_3,2,3,1.0,1.0267311726412491,-0.0325607536241462,1.0054987098747272,-0.0678501355395194,2.0219326453761823,Line_3,2,3,1.0,11.64616090966591,64.09120275654901,52.4450418468831,GENROU_4,6,GENROU_1,1,0.9998348069763336,1.000059193943616,0.0001651930236664,GENROU_3,3,GENROU_2,2,1.4913413726836473,2.130358503342245,GENROU_5,8,GENROU_2,2
300,2,1.245,0.005,0.001,NEXT_STEP,1,0.035979776790267,0.0170171606141627,1.0268913434724618,-0.0326251858396886,,,,,,,,Line_3,2,3,1.0,1.0268913434724618,-0.0326251858396886,1.0057784991096346,-0.0677629420004949,2.013245129574017,Line_3,2,3,1.0,11.64496917675499,64.09304534479108,52.44807616803609,GENROU_4,6,GENROU_1,1,0.9998562006556092,1.000050495238581,0.0001437993443909,GENROU_3,3,GENROU_2,2,1.4904236661844554,2.1356650620241324,GENROU_5,8,GENROU_2,2
302,2,1.25,0.005,0.001,NEXT_STEP,1,0.0359818180029528,0.0170152049870128,1.0270482262101073,-0.032679726786742,,,,,,,,Line_3,2,3,1.0,1.0270482262101073,-0.032679726786742,1.0060402533958015,-0.0676798026849047,2.005356631602268,Line_3,2,3,1.0,11.643730853251984,64.09362014701567,52.44988929376369,GENROU_4,6,GENROU_1,1,0.9998768613727232,1.0000420766080989,0.0001231386272768,GENROU_3,3,GENROU_2,2,1.489562249916638,2.1398628815386296,GENROU_5,8,GENROU_2,2
304,2,1.255,0.005,0.001,NEXT_STEP,1,0.0359838210605681,0.0170132860808979,1.0272018318146918,-0.0327263394630632,,,,,,,,Line_3,2,3,1.0,1.0272018318146918,-0.0327263394630632,1.0062857438891195,-0.0675997148184196,1.9980972252374445,Line_3,2,3,1.0,11.642448890940518,64.09297994694059,52.45053105600008,GENROU_4,6,GENROU_1,1,0.9998968517893028,1.000033904898879,0.0001031482106973,GENROU_3,3,GENROU_2,2,1.4887538339816104,2.1428826909807173,GENROU_5,8,GENROU_2,2
306,2,1.26,0.005,0.001,NEXT_STEP,1,0.0359857859129949,0.0170114038563779,1.027352148559986,-0.032766633461182,,,,,,,,Line_3,2,3,1.0,1.027352148559986,-0.032766633461182,1.006516547667233,-0.0675219014737671,1.9913301729671675,Line_3,2,3,1.0,11.641126415232062,64.09117398030693,52.45004756507487,GENROU_4,6,GENROU_1,1,0.999916222033145,1.0000259543727008,8.377796685499206e-05,GENROU_3,3,GENROU_2,2,1.4879942419757437,2.144731897162016,GENROU_5,8,GENROU_2,2
308,2,1.265,0.005,0.001,NEXT_STEP,1,0.0359876921949667,0.0170095645761553,1.0274991539953076,-0.0328019296084861,,,,,,,,Line_3,2,3,1.0,1.0274991539953076,-0.0328019296084861,1.006734069026512,-0.0674457651467251,1.9849455624864163,Line_3,2,3,1.0,11.639766641901923,64.08824854217623,52.4484819002743,GENROU_4,6,GENROU_1,1,0.9999350119749584,1.0000182051732995,6.498802504151246e-05,GENROU_3,3,GENROU_2,2,1.4872790595473444,2.14547373374504,GENROU_5,8,GENROU_2,2
310,2,1.27,0.005,0.001,NEXT_STEP,1,0.0359895676003816,0.0170077677243547,1.027642824083733,-0.0328333191421449,,,,,,,,Line_3,2,3,1.0,1.027642824083733,-0.0328333191421449,1.0069395596283106,-0.0673708551318246,1.9788550469898207,Line_3,2,3,1.0,11.638372813473737,64.08424750796456,52.445874694490826,GENROU_4,6,GENROU_1,1,0.99995325309384,1.000010642108649,4.674690615991128e-05,GENROU_3,3,GENROU_2,2,1.4866039986217583,2.1452083277689504,GENROU_5,8,GENROU_2,2
312,2,1.275,0.005,0.001,NEXT_STEP,1,0.0359914046880596,0.0170060074705265,1.0277831403008768,-0.0328616992719567,,,,,,,,Line_3,2,3,1.0,1.0277831403008768,-0.0328616992719567,1.0071341364897368,-0.067296833042174,1.972987832001877,Line_3,2,3,1.0,11.636948150767616,64.07921277725713,52.44226462648951,GENROU_4,6,GENROU_1,1,0.9999487207446331,1.0000032536946892,5.127925536674294e-05,GENROU_1,1,GENROU_2,2,1.4859650854775537,2.1440568115109637,GENROU_5,8,GENROU_2,2
314,2,1.28,0.005,0.001,NEXT_STEP,1,0.0359931830903751,0.0170042900816005,1.0279200917156002,-0.0328878090370581,,,,,,,,Line_3,2,3,1.0,1.0279200917156002,-0.0328878090370581,1.0073187963681456,-0.0672234501364682,1.967287321872135,Line_3,2,3,1.0,11.635495816487484,64.07318464989407,52.43768883340659,GENROU_4,6,GENROU_1,1,0.999939705055258,0.999996031395936,6.0294944742023127e-05,GENROU_1,1,GENROU_2,2,1.4853587401193178,2.1421488260719723,GENROU_5,8,GENROU_2,2
316,2,1.285,0.005,0.001,NEXT_STEP,1,0.03599493051563,0.0170026150431213,1.0280536783947278,-0.0329122620762707,,,,,,,,Line_3,2,3,1.0,1.0280536783947278,-0.0329122620762707,1.0074944306309868,-0.0671505314263069,1.9617083315891928,Line_3,2,3,1.0,11.634018887950909,64.06620214183681,52.4321832538859,GENROU_4,6,GENROU_1,1,0.9999310455222564,1.0000049029000873,6.895447774357688e-05,GENROU_1,1,GENROU_3,3,1.4847817945569275,2.139613290936972,GENROU_5,8,GENROU_2,2
318,2,1.29,0.005,0.001,NEXT_STEP,1,0.0359966395276515,0.0170009765335479,1.0281839134051725,-0.032935561908226,,,,,,,,Line_3,2,3,1.0,1.0281839134051725,-0.032935561908226,1.0076618377563955,-0.0670779553903173,1.9562150489987855,Line_3,2,3,1.0,11.632520336949852,64.05830324827198,52.42578291132213,GENROU_4,6,GENROU_1,1,0.9999227337690124,1.000021144177872,7.726623098758267e-05,GENROU_1,1,GENROU_3,3,1.484231475977151,2.1365720562818784,GENROU_5,8,GENROU_2,2
320,2,1.295,0.005,0.001,NEXT_STEP,1,0.0359986973761992,0.0169997114501606,1.028310782610403,-0.032958158999063,,,,,,,,Line_3,2,3,1.0,1.028310782610403,-0.032958158999063,1.0078217065717352,-0.0670056728068479,1.95077884409946,Line_3,2,3,1.0,11.631003013890814,64.04952515876424,52.41852214487343,GENROU_4,6,GENROU_1,1,0.9999147631901256,1.000036913439769,8.523680987437832e-05,GENROU_1,1,GENROU_3,3,1.4837053621729184,2.133135945524858,GENROU_5,8,GENROU_2,2
322,2,1.3,0.005,0.001,NEXT_STEP,1,0.0360007322363735,0.0169984917495079,1.0284343567528933,-0.0329803632322932,,,,,,,,Line_3,2,3,1.0,1.0284343567528933,-0.0329803632322932,1.007974701730276,-0.066933614656417,1.945378007348836,Line_3,2,3,1.0,11.629469637111924,64.03990443418809,52.41043479707616,GENROU_4,6,GENROU_1,1,0.9999071287067844,1.0000522161569143,9.287129321566834e-05,GENROU_1,1,GENROU_3,3,1.4832013749966293,2.129402678918427,GENROU_5,8,GENROU_2,2
324,2,1.305,0.005,0.001,NEXT_STEP,1,0.0360026954112895,0.0169973044661465,1.0285546842422864,-0.0330024487527521,,,,,,,,Line_3,2,3,1.0,1.0285546842422864,-0.0330024487527521,1.0081214007389907,-0.0668617585642049,1.93999554942215,Line_3,2,3,1.0,11.627922788603913,64.02947715409071,52.4015543654868,GENROU_4,6,GENROU_1,1,0.999899826434647,1.0000670559279248,0.0001001735653529,GENROU_1,1,GENROU_3,3,1.4827176968602878,2.125456174162914,GENROU_5,8,GENROU_2,2
326,2,1.31,0.005,0.001,NEXT_STEP,1,0.0360046409658764,0.0169961476806149,1.0286718206404055,-0.0330246463887977,,,,,,,,Line_3,2,3,1.0,1.0286718206404055,-0.0330246463887977,1.0082623213956885,-0.0667901077641993,1.934618430122498,Line_3,2,3,1.0,11.626364910505169,64.01827903025168,52.39191411974651,GENROU_4,6,GENROU_1,1,0.999892853413147,1.0000814348708122,0.0001071465868529,GENROU_1,1,GENROU_3,3,1.482252746796892,2.1213668204506435,GENROU_5,8,GENROU_2,2
328,2,1.315,0.005,0.001,NEXT_STEP,1,0.0360065075488023,0.0169950176031016,1.0287858301669617,-0.033047133951166,,,,,,,,Line_3,2,3,1.0,1.0287858301669617,-0.033047133951166,1.0083979289302611,-0.066718673891825,1.9292371283059424,Line_3,2,3,1.0,11.6247983034888,64.00634549581294,52.381547192324135,GENROU_4,6,GENROU_1,1,0.999886207401625,1.0000953539726634,0.0001137925983749,GENROU_1,1,GENROU_3,3,1.4818066744624752,2.117192392429854,GENROU_5,8,GENROU_2,2
330,2,1.32,0.005,0.001,NEXT_STEP,1,0.0360083330270848,0.0169939217740805,1.0288967819052692,-0.0330700599264622,,,,,,,,Line_3,2,3,1.0,1.0288967819052692,-0.0330700599264622,1.0085286422006312,-0.0666474843326818,1.923844705395936,Line_3,2,3,1.0,11.623225127206002,63.99371177142951,52.370486644223504,GENROU_4,6,GENROU_1,1,0.9998798866949384,1.0001088133486675,0.0001201133050614,GENROU_1,1,GENROU_3,3,1.4813774656764669,2.112979331947811,GENROU_5,8,GENROU_2,2
332,2,1.325,0.005,0.001,NEXT_STEP,1,0.0360101101542671,0.0169928545098976,1.0290047510930518,-0.0330935372367486,,,,,,,,Line_3,2,3,1.0,1.0290047510930518,-0.0330935372367486,1.0086548390942558,-0.0665765713342982,1.9184365390822224,Line_3,2,3,1.0,11.62164740127329,63.980412916803225,52.35876551552994,GENROU_4,6,GENROU_1,1,0.99987388998311,1.000121812458617,0.0001261100168901,GENROU_1,1,GENROU_3,3,1.4809624841646625,2.1087642030765914,GENROU_5,8,GENROU_2,2
334,2,1.33,0.005,0.001,NEXT_STEP,1,0.0360118389028366,0.0169918157906832,1.0291098149980915,-0.0331176538281066,,,,,,,,Line_3,2,3,1.0,1.0291098149980915,-0.0331176538281066,1.0087768579863083,-0.0665059740175591,1.9130098318870807,Line_3,2,3,1.0,11.620067007847627,63.96648386339527,52.346416855547645,GENROU_4,6,GENROU_1,1,0.9998682161843546,1.0001343503413969,0.0001343503413968,GENROU_1,1,GENROU_3,3,1.480561048084466,2.104575176687742,GENROU_5,8,GENROU_2,2
336,2,1.335,0.005,0.001,NEXT_STEP,1,0.0360135192550493,0.0169908056051645,1.0292120528241444,-0.0331424752412482,,,,,,,,Line_3,2,3,1.0,1.0292120528241444,-0.0331424752412482,1.008895003032173,-0.0664357353734403,1.9075632918057863,Line_3,2,3,1.0,11.61848569492004,63.95195943366832,52.33347373874828,GENROU_4,6,GENROU_1,1,0.9998628643453196,1.0001464257615886,0.0001464257615886,GENROU_1,1,GENROU_3,3,1.4801724857659762,2.100433446328635,GENROU_5,8,GENROU_2,2
338,2,1.34,0.005,0.001,NEXT_STEP,1,0.0360151511892432,0.0169898239383041,1.0293115445586576,-0.0331680480123727,,,,,,,,Line_3,2,3,1.0,1.0293115445586576,-0.0331680480123727,1.0090095474504728,-0.0663659009182742,1.9020968604042707,Line_3,2,3,1.0,11.616905080159173,63.9368743496314,52.31996926947223,GENROU_4,6,GENROU_1,1,0.9998578335452072,1.0001580373436936,0.0001580373436935,GENROU_1,1,GENROU_3,3,1.4797961492852263,2.09635452048222,GENROU_5,8,GENROU_2,2
340,2,1.345,0.005,0.001,NEXT_STEP,1,0.0360167581342612,0.0169888669901156,1.0294083700187069,-0.0331944047110798,,,,,,,,Line_3,2,3,1.0,1.0294083700187069,-0.0331944047110798,1.0091207365955308,-0.0662965191627403,1.8966114510391487,Line_3,2,3,1.0,11.61532665510313,63.92126323177742,52.30593657667429,GENROU_4,6,GENROU_1,1,0.9998531228130304,1.0001691836817357,0.0001691836817356,GENROU_1,1,GENROU_3,3,1.4794314216961018,2.0923493615813658,GENROU_5,8,GENROU_2,2
342,2,1.35,0.005,0.001,NEXT_STEP,1,0.0360182859503807,0.016987936660969,1.0295026083603362,-0.0332215576492403,,,,,,,,Line_3,2,3,1.0,1.0295026083603362,-0.0332215576492403,1.0092287904350754,-0.066227634811692,1.891108919691618,Line_3,2,3,1.0,11.613751789790896,63.90516059054339,52.29140880075249,GENROU_4,6,GENROU_1,1,0.9998487310731552,1.000179863437336,0.000179863437336,GENROU_1,1,GENROU_3,3,1.4790777203257195,2.088425361868901,GENROU_5,8,GENROU_2,2
344,2,1.355,0.005,0.001,NEXT_STEP,1,0.0360198194202449,0.0169870328997773,1.0295943354397956,-0.0332495194677282,,,,,,,,Line_3,2,3,1.0,1.0295943354397956,-0.0332495194677282,1.0093339054150268,-0.066159301327894,1.8855916052837076,Line_3,2,3,1.0,11.612181737530182,63.88860081104872,52.27641907351854,GENROU_4,6,GENROU_1,1,0.999844657070798,1.000190075406188,0.0001900754061878,GENROU_1,1,GENROU_3,3,1.4787344965741631,2.084587159631605,GENROU_5,8,GENROU_2,2
346,2,1.36,0.005,0.001,NEXT_STEP,1,0.0360212665003666,0.0169861500776847,1.0296836274749528,-0.0332782780619418,,,,,,,,Line_3,2,3,1.0,1.0296836274749528,-0.0332782780619418,1.009436258354159,-0.0660915613417177,1.880062643898356,Line_3,2,3,1.0,11.610617639748428,63.87161813237218,52.26100049262375,GENROU_4,6,GENROU_1,1,0.9998408993522876,1.0001998185934629,0.0001998185934628,GENROU_1,1,GENROU_3,3,1.478401236760538,2.0808373079554783,GENROU_5,8,GENROU_2,2
348,2,1.365,0.005,0.001,NEXT_STEP,1,0.0360227192063038,0.0169852937980328,1.0297705545606632,-0.0333078286546056,,,,,,,,Line_3,2,3,1.0,1.0297705545606632,-0.0333078286546056,1.0095360054048987,-0.0660244679671005,1.8745253524577377,Line_3,2,3,1.0,11.609060531124989,63.85424662298352,52.245186091858535,GENROU_4,6,GENROU_1,1,0.9998374562043372,1.0002090922530238,0.0002090922530237,GENROU_1,1,GENROU_3,3,1.4780774585391407,2.077176811721316,GENROU_5,8,GENROU_2,2
350,2,1.37,0.005,0.001,NEXT_STEP,1,0.0360241089455472,0.0169844546543245,1.0298551870574153,-0.0333381460377239,,,,,,,,Line_3,2,3,1.0,1.0298551870574153,-0.0333381460377239,1.0096332876157517,-0.065958064230929,1.8689836405326616,Line_3,2,3,1.0,11.607511344446513,63.8365201520193,52.22900880757278,GENROU_4,6,GENROU_1,1,0.9998343256470444,1.000217895940383,0.0002178959403826,GENROU_1,1,GENROU_3,3,1.4777627117778174,2.0736055519345205,GENROU_5,8,GENROU_2,2
352,2,1.375,0.005,0.001,NEXT_STEP,1,0.0360254501518919,0.0169836439519805,1.029937588934796,-0.0333692060200196,,,,,,,,Line_3,2,3,1.0,1.029937588934796,-0.0333692060200196,1.0097282283783795,-0.0658923972111605,1.8634415915494171,Line_3,2,3,1.0,11.605970915892009,63.818472358912366,52.21250144302036,GENROU_4,6,GENROU_1,1,0.9998315054024434,1.000226229541845,0.0002262295418449,GENROU_1,1,GENROU_3,3,1.4774565743960972,2.0701226148031666,GENROU_5,8,GENROU_2,2
354,2,1.38,0.005,0.001,NEXT_STEP,1,0.036026789727921,0.016982854106749,1.0300178218730078,-0.0334009825098927,,,,,,,,Line_3,2,3,1.0,1.0300178218730078,-0.0334009825098927,1.0098209381491292,-0.0658275149523927,1.8579034531992988,Line_3,2,3,1.0,11.6044399898128,63.80013661988893,52.19569663007613,GENROU_4,6,GENROU_1,1,0.9998289928716704,1.0002340932985934,0.0002340932985933,GENROU_1,1,GENROU_3,3,1.4771586523559448,2.0667265435068938,GENROU_5,8,GENROU_2,2
356,2,1.385,0.005,0.001,NEXT_STEP,1,0.0360280662962961,0.016982081375578,1.0300959452470586,-0.033433436257235,,,,,,,,Line_3,2,3,1.0,1.0300959452470586,-0.033433436257235,1.0099115148704727,-0.0657634582748454,1.852373813174097,Line_3,2,3,1.0,11.60291922364546,63.78154601342175,52.17862678977629,GENROU_4,6,GENROU_1,1,0.999826785139614,1.0002414878362151,0.0002414878362151,GENROU_1,1,GENROU_3,3,1.4768685778261936,2.0634155275052217,GENROU_5,8,GENROU_2,2
358,2,1.39,0.005,0.001,NEXT_STEP,1,0.0360293177546915,0.0169813332729468,1.0301720121538551,-0.0334665330320518,,,,,,,,Line_3,2,3,1.0,1.0301720121538551,-0.0334665330320518,1.010000043592157,-0.0657002727748201,1.8468572451837415,Line_3,2,3,1.0,11.60140919289246,63.76273328508848,52.16132409219602,GENROU_4,6,GENROU_1,1,0.9998248789544988,1.0002484141745265,0.0002484141745262,GENROU_1,1,GENROU_3,3,1.4765860064798446,2.060187542328737,GENROU_5,8,GENROU_2,2
360,2,1.395,0.005,0.001,NEXT_STEP,1,0.0360305368670273,0.016980604136843,1.0302460739161654,-0.0335002322587227,,,,,,,,Line_3,2,3,1.0,1.0302460739161654,-0.0335002322587227,1.010086599948716,-0.06563800034268,1.8413584741809927,Line_3,2,3,1.0,11.599910395706823,63.743730811155416,52.143820415448594,GENROU_4,6,GENROU_1,1,0.9998232707292686,1.0002548737423829,0.0002548737423828,GENROU_1,1,GENROU_3,3,1.476310617691799,2.057040451836552,GENROU_5,8,GENROU_2,2
362,2,1.4,0.005,0.001,NEXT_STEP,1,0.0360317236256523,0.0169798939624177,1.0303181776542734,-0.0335344919813622,,,,,,,,Line_3,2,3,1.0,1.0303181776542734,-0.0335344919813622,1.0101712496468178,-0.0655766822791337,1.8358822704173288,Line_3,2,3,1.0,11.598423257539732,63.72457056233424,52.12614730479452,GENROU_4,6,GENROU_1,1,0.999821956540758,1.0002608683860412,0.0002608683860412,GENROU_1,1,GENROU_3,3,1.4760421123262932,2.0539720808517936,GENROU_5,8,GENROU_2,2
364,2,1.405,0.005,0.001,NEXT_STEP,1,0.0360328780193574,0.0169792027420111,1.0303883669789928,-0.0335692683216909,,,,,,,,Line_3,2,3,1.0,1.0303883669789928,-0.0335692683216909,1.0102540497785943,-0.0655163588303381,1.8304334538679257,Line_3,2,3,1.0,11.59694813562862,63.70528406756312,52.108335931934505,GENROU_4,6,GENROU_1,1,0.9998209321316728,1.000266400374486,0.0002664003744858,GENROU_1,1,GENROU_3,3,1.4757802118036631,2.050980267059232,GENROU_5,8,GENROU_2,2
366,2,1.41,0.005,0.001,NEXT_STEP,1,0.0360340000396281,0.0169785304699577,1.030456682105042,-0.0336045165099502,,,,,,,,Line_3,2,3,1.0,1.030456682105042,-0.0336045165099502,1.010335049647524,-0.0654570691545327,1.825016833252846,Line_3,2,3,1.0,11.595485323352172,63.68590237813897,52.0904170547868,GENROU_4,6,GENROU_1,1,0.9998201929149704,1.0002714724020911,0.0002714724020911,GENROU_1,1,GENROU_3,3,1.4755246570327067,2.048062895934857,GENROU_5,8,GENROU_2,2
368,2,1.415,0.005,0.001,NEXT_STEP,1,0.0360351131448117,0.016977873352637,1.030523160118782,-0.0336401929976347,,,,,,,,Line_3,2,3,1.0,1.030523160118782,-0.0336401929976347,1.010414291759044,-0.065398852901227,1.819637175467193,Line_3,2,3,1.0,11.594035054377963,63.66645603225305,52.07242097787508,GENROU_4,6,GENROU_1,1,0.9998197339765686,1.0002760875870962,0.0002760875870961,GENROU_1,1,GENROU_3,3,1.475275207417308,2.045217924558771,GENROU_5,8,GENROU_2,2
370,2,1.42,0.005,0.001,NEXT_STEP,1,0.036036163171864,0.0169772333148683,1.0305878353843132,-0.0336762470000648,,,,,,,,Line_3,2,3,1.0,1.0305878353843132,-0.0336762470000648,1.010491812222124,-0.065341743911645,1.8142993292180731,Line_3,2,3,1.0,11.592597506801212,63.64697502063567,52.05437751383445,GENROU_4,6,GENROU_1,1,0.9998195500948602,1.0002802494758127,0.0002802494758127,GENROU_1,1,GENROU_3,3,1.4750316399971757,2.04244339692327,GENROU_5,8,GENROU_2,2
372,2,1.425,0.005,0.001,NEXT_STEP,1,0.0360372114907567,0.0169766140666448,1.0306507377667244,-0.0337126373660575,,,,,,,,Line_3,2,3,1.0,1.0306507377667244,-0.0337126373660575,1.0105676408355078,-0.0652857818792273,1.8090079265612644,Line_3,2,3,1.0,11.591172807120104,63.627488753111614,52.03631594599151,GENROU_4,6,GENROU_1,1,0.999819635733999,1.0002839620305428,0.0002839620305428,GENROU_1,1,GENROU_3,3,1.4747937478442712,2.039737453275805,GENROU_5,8,GENROU_2,2
374,2,1.4300000000000002,0.005,0.001,NEXT_STEP,1,0.0360382201853876,0.0169760081025065,1.0307118966790003,-0.0337493146837913,,,,,,,,Line_3,2,3,1.0,1.0307118966790003,-0.0337493146837913,1.010641803577343,-0.0652309996104286,1.8037676782569465,Line_3,2,3,1.0,11.589761033872437,63.608026025773526,52.01826499190109,GENROU_4,6,GENROU_1,1,0.9998199850675488,1.0002872296314014,0.0002872296314013,GENROU_1,1,GENROU_3,3,1.474561340626566,2.037098335641331,GENROU_5,8,GENROU_2,2
376,2,1.435,0.005,0.001,NEXT_STEP,1,0.0360391964675939,0.0169754210609286,1.0307713371799838,-0.033786233516611,,,,,,,,Line_3,2,3,1.0,1.0307713371799838,-0.033786233516611,1.010714320788228,-0.065177431532269,1.798583160156653,Line_3,2,3,1.0,11.588362221416483,63.58861499005786,52.000252768641374,GENROU_4,6,GENROU_1,1,0.999820591985233,1.000290057067165,0.0002900570671646,GENROU_1,1,GENROU_3,3,1.4743342422148291,2.03452438998401,GENROU_5,8,GENROU_2,2
378,2,1.44,0.005,0.001,NEXT_STEP,1,0.0360401403353522,0.016974852941779,1.0308290825532431,-0.0338233483027362,,,,,,,,Line_3,2,3,1.0,1.0308290825532431,-0.0338233483027362,1.0107852091822327,-0.0651251105693211,1.793458869197167,Line_3,2,3,1.0,11.586976363386718,63.56928312274213,51.98230675935541,GENROU_4,6,GENROU_1,1,0.9998214501058168,1.0002924495278254,0.0002924495278253,GENROU_1,1,GENROU_3,3,1.4741122908271662,2.0320140670185323,GENROU_5,8,GENROU_2,2
380,2,1.445,0.005,0.001,NEXT_STEP,1,0.0360410752459477,0.0169742999444797,1.030885153989346,-0.0338606161811839,,,,,,,,Line_3,2,3,1.0,1.030885153989346,-0.0338606161811839,1.0108544820759573,-0.0650740699963182,1.7883991676337132,Line_3,2,3,1.0,11.585603415966434,63.550057197227936,51.964453781261504,GENROU_4,6,GENROU_1,1,0.9998225527869284,1.0002944125941895,0.0002944125941897,GENROU_1,1,GENROU_3,3,1.473895338018125,2.029565920662668,GENROU_5,8,GENROU_2,2
382,2,1.45,0.005,0.001,NEXT_STEP,1,0.0360419705074815,0.0169737602180776,1.030939571174217,-0.0338979904847823,,,,,,,,Line_3,2,3,1.0,1.030939571174217,-0.0338979904847823,1.010922149791032,-0.065024338888558,1.783408395190122,Line_3,2,3,1.0,11.584243301080363,63.53096325645976,51.9467199553794,GENROU_4,6,GENROU_1,1,0.9998238931469664,1.0002959522321968,0.0002959522321968,GENROU_1,1,GENROU_3,3,1.4736832480422388,2.027178606356824,GENROU_5,8,GENROU_2,2
384,2,1.455,0.005,0.001,NEXT_STEP,1,0.0360428568039562,0.0169732356075566,1.0309923508695389,-0.0339354306371197,,,,,,,,Line_3,2,3,1.0,1.0309923508695389,-0.0339354306371197,1.010988219347461,-0.064975948856714,1.7784906878816855,Line_3,2,3,1.0,11.582895909485512,63.51202658749532,51.92913067800981,GENROU_4,6,GENROU_1,1,0.9998254640711608,1.0002970747782862,0.0002970747782862,GENROU_1,1,GENROU_3,3,1.4734758965311527,2.0248508779952576,GENROU_5,8,GENROU_2,2
386,2,1.46,0.005,0.001,NEXT_STEP,1,0.0360436799649861,0.0169727280506028,1.0310435091987302,-0.0339728898449247,,,,,,,,Line_3,2,3,1.0,1.0310435091987302,-0.0339728898449247,1.011052695752495,-0.0649289254355134,1.7736501897975074,Line_3,2,3,1.0,11.581561103710522,63.493271697663886,51.911710593953366,GENROU_4,6,GENROU_1,1,0.9998272582384138,1.0002977869342409,0.0002977869342406,GENROU_1,1,GENROU_3,3,1.473273170598773,2.022581584608766,GENROU_5,8,GENROU_2,2
388,2,1.465,0.005,0.001,NEXT_STEP,1,0.0360445248451761,0.0169722374510821,1.0310930593067604,-0.034010334277415,,,,,,,,Line_3,2,3,1.0,1.0310930593067604,-0.034010334277415,1.0111155814187722,-0.0648833012162084,1.7688907066397803,Line_3,2,3,1.0,11.580238720795847,63.47472229218923,51.89448357139338,GENROU_4,6,GENROU_1,1,0.9998292681165986,1.000298095745581,0.0002980957455809,GENROU_1,1,GENROU_3,3,1.473074967204599,2.020369666605472,GENROU_5,8,GENROU_2,2
390,2,1.47,0.005,0.001,NEXT_STEP,1,0.0360452993629875,0.0169717582651625,1.0311410157342824,-0.0340477163741927,,,,,,,,Line_3,2,3,1.0,1.0311410157342824,-0.0340477163741927,1.011176878243969,-0.0648390973452458,1.7642161750207777,Line_3,2,3,1.0,11.578928574838624,63.45640125333303,51.8774726784944,GENROU_4,6,GENROU_1,1,0.9998314860026613,1.0002980086015958,0.0002980086015957,GENROU_1,1,GENROU_3,3,1.4728811940235085,2.0182141518735994,GENROU_5,8,GENROU_2,2
392,2,1.475,0.005,0.001,NEXT_STEP,1,0.0360460721119222,0.0169712998146008,1.0311873884883795,-0.0340850033312779,,,,,,,,Line_3,2,3,1.0,1.0311873884883795,-0.0340850033312779,1.0112365848373106,-0.0647963432555018,1.7596301608496674,Line_3,2,3,1.0,11.577630459670942,63.43833062186553,51.86070016219459,GENROU_4,6,GENROU_1,1,0.9998339040168436,1.0002975332118105,0.0002975332118104,GENROU_1,1,GENROU_3,3,1.4726917665192598,2.0161141511723746,GENROU_5,8,GENROU_2,2
394,2,1.48,0.005,0.001,NEXT_STEP,1,0.036046805185872,0.0169708546230918,1.031232189475726,-0.0341221547357535,,,,,,,,Line_3,2,3,1.0,1.031232189475726,-0.0341221547357535,1.01129470024479,-0.0647550609899118,1.755136242583177,Line_3,2,3,1.0,11.576344151032576,63.42053157935728,51.8441874283247,GENROU_4,6,GENROU_1,1,0.9998365141317296,1.0002966775996056,0.0002966775996056,GENROU_1,1,GENROU_3,3,1.4725066096920327,2.0140688537945786,GENROU_5,8,GENROU_2,2
396,2,1.485,0.005,0.001,NEXT_STEP,1,0.036047529263628,0.0169704245228255,1.031275428066505,-0.0341591376323081,,,,,,,,Line_3,2,3,1.0,1.031275428066505,-0.0341591376323081,1.0113512215825415,-0.0647152754969397,1.7507377378632896,Line_3,2,3,1.0,11.575069408868949,63.403024432746456,51.82795502387751,GENROU_4,6,GENROU_1,1,0.9998393081794534,1.0002954500843384,0.0002954500843384,GENROU_1,1,GENROU_3,3,1.4723256556816005,2.0120775227531715,GENROU_5,8,GENROU_2,2
398,2,1.49,0.005,0.001,NEXT_STEP,1,0.0360482136541428,0.0169700076738064,1.0313171140228188,-0.0341959150373129,,,,,,,,Line_3,2,3,1.0,1.0313171140228188,-0.0341959150373129,1.011406145744266,-0.0646770069752992,1.7464379229968472,Line_3,2,3,1.0,11.5738059793875,63.38582860037036,51.81202262098286,GENROU_4,6,GENROU_1,1,0.9998395195666584,1.000293859271585,0.000293859271585,GENROU_2,2,GENROU_3,3,1.4721488442473325,2.0101394899045006,GENROU_5,8,GENROU_2,2
400,2,1.495,0.005,0.001,NEXT_STEP,1,0.0360488890453421,0.0169696059139528,1.031357255438675,-0.0342324567412727,,,,,,,,Line_3,2,3,1.0,1.031357255438675,-0.0342324567412727,1.0114594685081602,-0.0646402780346241,1.7422398242970587,Line_3,2,3,1.0,11.57255359706312,63.36896259987121,51.79640900280809,GENROU_4,6,GENROU_1,1,0.9998394848421676,1.0002919140348672,0.0002919140348671,GENROU_2,2,GENROU_3,3,1.471976121359866,2.008254150905832,GENROU_5,8,GENROU_2,2
402,2,1.5,0.005,0.001,NEXT_STEP,1,0.0360495247358119,0.0169692173963789,1.0313958610538996,-0.034268728847545,,,,,,,,Line_3,2,3,1.0,1.0313958610538996,-0.034268728847545,1.0115111858092352,-0.0646051064516579,1.738146402430857,Line_3,2,3,1.0,11.571311986440428,63.35244403762,51.78113205117957,GENROU_4,6,GENROU_1,1,0.9998396133977072,1.0002896235055074,0.0002896235055074,GENROU_2,2,GENROU_3,3,1.471807439480116,2.006420960285564,GENROU_5,8,GENROU_2,2
404,2,1.505,0.02,0.001,NEXT_STEP,1,0.0360501514243641,0.0169688439662805,1.0314329381946017,-0.0343047041184494,,,,,,,,Line_3,2,3,1.0,1.0314329381946017,-0.0343047041184494,1.0115612928347213,-0.0645715124786719,1.7341603783720243,Line_3,2,3,1.0,11.57008086388327,63.33628960000348,51.766208736120205,GENROU_4,6,GENROU_1,1,0.9998399030396558,1.0002869970539312,0.0002869970539312,GENROU_2,2,GENROU_3,3,1.4716427562127603,2.0046394264003564,GENROU_5,8,GENROU_2,2
406,2,1.525,0.02,0.001,NEXT_STEP,0,0.0360507436039016,0.0169684880479424,1.031566047098918,-0.0344449322605594,,,,,,,,Line_3,2,3,1.0,1.031566047098918,-0.0344449322605594,1.0117454778192712,-0.064453128861407,1.7193430160273806,Line_3,2,3,1.0,11.56525540544324,63.2756143045147,51.71035889907146,GENROU_4,6,GENROU_1,1,0.9998426243375812,1.0002733276091111,0.0002733276091111,GENROU_2,2,GENROU_3,3,1.4710236805751218,1.9980216870592704,GENROU_5,8,GENROU_2,2
408,2,1.53,0.02,0.001,NEXT_STEP,1,0.036053602303443,0.0169677781152954,1.0315955998224922,-0.03447922039592,,,,,,,,Line_3,2,3,1.0,1.0315955998224922,-0.03447922039592,1.0117874778511262,-0.0644277793358012,1.7159260297539731,Line_3,2,3,1.0,11.564072307755376,63.26149821867725,51.69742591092187,GENROU_4,6,GENROU_1,1,0.9998436818928738,1.000269169481033,0.000269169481033,GENROU_2,2,GENROU_3,3,1.4708784153757752,1.9964926827615437,GENROU_5,8,GENROU_2,2
410,2,1.55,0.02,0.001,NEXT_STEP,0,0.0360533556505544,0.0169669221768509,1.031699071617795,-0.0346108116886523,,,,,,,,Line_3,2,3,1.0,1.031699071617795,-0.0346108116886523,1.01193908143096,-0.0643424427398119,1.7034969772715556,Line_3,2,3,1.0,11.559423877854952,63.20957694399521,51.650153066140255,GENROU_4,6,GENROU_1,1,0.9998493338251196,1.000249890082452,0.0002498900824521,GENROU_2,2,GENROU_3,3,1.4703360834579062,1.9908701060315608,GENROU_5,8,GENROU_2,2
412,2,1.5550000000000002,0.02,0.001,NEXT_STEP,1,0.0360555474985905,0.016966354588277,1.031721300931068,-0.0346426671993632,,,,,,,,Line_3,2,3,1.0,1.031721300931068,-0.0346426671993632,1.0119728925251978,-0.0643254485758848,1.7006980970841994,Line_3,2,3,1.0,11.558281275832144,63.19777613254388,51.639494856711735,GENROU_4,6,GENROU_1,1,0.9998510859241896,1.0002444622745317,0.0002444622745314,GENROU_2,2,GENROU_3,3,1.4702098491440498,1.9895866568785583,GENROU_5,8,GENROU_2,2
414,2,1.5750000000000002,0.02,0.001,NEXT_STEP,0,0.0360553261579385,0.0169656952899693,1.031795952776675,-0.0347640477982343,,,,,,,,Line_3,2,3,1.0,1.031795952776675,-0.0347640477982343,1.012091745344076,-0.0642739599320917,1.6907934190719232,Line_3,2,3,1.0,11.553780140938729,63.15548437513864,51.60170423419991,GENROU_4,6,GENROU_1,1,0.9998593475896812,1.000220651300609,0.0002206513006091,GENROU_2,2,GENROU_3,3,1.4697429681154863,1.9849354444816516,GENROU_5,8,GENROU_2,2
416,2,1.58,0.02,0.001,NEXT_STEP,1,0.0360569218806203,0.0169652818204712,1.0318111077550765,-0.03479316074649,,,,,,,,Line_3,2,3,1.0,1.0318111077550765,-0.03479316074649,1.0121173871401885,-0.0642654289892651,1.6886365829884653,Line_3,2,3,1.0,11.55267078760031,63.14616038749006,51.59348959988975,GENROU_4,6,GENROU_1,1,0.999861707721338,1.0002142292134724,0.0002142292134723,GENROU_2,2,GENROU_3,3,1.469635508872546,1.983892290415344,GENROU_5,8,GENROU_2,2
418,2,1.6,0.02,0.001,NEXT_STEP,0,0.0360567352130062,0.016964804298771,1.0318580870055205,-0.0349034298507063,,,,,,,,Line_3,2,3,1.0,1.0318580870055205,-0.0349034298507063,1.0122038110975085,-0.064247867856844,1.6813124499349783,Line_3,2,3,1.0,11.54828912076687,63.11392192716193,51.56563280639506,GENROU_4,6,GENROU_1,1,0.999872211243719,1.0001870006644873,0.0001870006644872,GENROU_2,2,GENROU_3,3,1.4692431669734658,1.9801919081764208,GENROU_5,8,GENROU_2,2
420,2,1.605,0.02,0.001,NEXT_STEP,1,0.036057727123686,0.0169645390101805,1.0318664941895894,-0.0349296607293368,,,,,,,,Line_3,2,3,1.0,1.0318664941895894,-0.0349296607293368,1.0122214284659812,-0.064247735201438,1.6798019307016432,Line_3,2,3,1.0,11.547206396985615,63.10712663964609,51.55992024266048,GENROU_4,6,GENROU_1,1,0.9998750825497816,1.000179864148859,0.000179864148859,GENROU_2,2,GENROU_3,3,1.469154253352059,1.979383685472152,GENROU_5,8,GENROU_2,2
422,2,1.625,0.02,0.001,NEXT_STEP,0,0.0360575751575339,0.0169642432391797,1.0318872737875706,-0.0350285818365769,,,,,,,,Line_3,2,3,1.0,1.0318872737875706,-0.0350285818365769,1.0122762714301403,-0.0642635076578274,1.6750378639356711,Line_3,2,3,1.0,11.542919241062505,63.0849440035328,51.54202476247029,GENROU_4,6,GENROU_1,1,0.999887424457478,1.0001503326528085,0.0001503326528082,GENROU_2,2,GENROU_3,3,1.4688353929339588,1.9766099493045544,GENROU_5,8,GENROU_2,2
424,2,1.63,0.02,0.001,NEXT_STEP,1,0.0360580101164609,0.016964118499725,1.0318893453015152,-0.0350519508416437,,,,,,,,Line_3,2,3,1.0,1.0318893453015152,-0.0350519508416437,1.012286145838644,-0.0642715445540301,1.6741593988067225,Line_3,2,3,1.0,11.541857298533634,63.08062899907735,51.53877170054371,GENROU_4,6,GENROU_1,1,0.9998907026526485,1.0001427575529434,0.0001427575529433,GENROU_2,2,GENROU_3,3,1.4687647031980682,1.976029701797928,GENROU_5,8,GENROU_2,2
426,2,1.65,0.02,0.001,NEXT_STEP,0,0.0360579021730834,0.0169639896226163,1.0318860462234638,-0.0351400049245439,,,,,,,,Line_3,2,3,1.0,1.0318860462234638,-0.0351400049245439,1.012311194202476,-0.0643190569840202,1.6718365332005192,Line_3,2,3,1.0,11.537642132949756,63.06801753407759,51.53037540112784,GENROU_4,6,GENROU_1,1,0.9999044432984914,1.0001120102175034,0.0001120102175033,GENROU_2,2,GENROU_3,3,1.4685170238863217,1.9741399516249007,GENROU_5,8,GENROU_2,2
428,2,1.655,0.02,0.001,NEXT_STEP,1,0.0360578196534648,0.0169639920045508,1.0318823709508136,-0.0351607054177231,,,,,,,,Line_3,2,3,1.0,1.0318823709508136,-0.0351607054177231,1.012313862980139,-0.0643347640195246,1.6715504291505567,Line_3,2,3,1.0,11.53659571483184,63.06601252224313,51.52941680741129,GENROU_4,6,GENROU_1,1,0.9999080169650134,1.000104258925778,0.000104258925778,GENROU_2,2,GENROU_3,3,1.468463791657194,1.9737751397329448,GENROU_5,8,GENROU_2,2
430,2,1.675,0.02,0.001,NEXT_STEP,0,0.0360577415383853,0.0169640189495187,1.0318569239730968,-0.035238575213992,,,,,,,,Line_3,2,3,1.0,1.0318569239730968,-0.035238575213992,1.0123107732587142,-0.064412339654425,1.6715335749456417,Line_3,2,3,1.0,11.53243435423661,63.06234868613052,51.52991433189391,GENROU_4,6,GENROU_1,1,0.9999227369669572,1.0000732862295494,7.726303304267379e-05,GENROU_2,2,GENROU_3,3,1.4682848800360933,1.9727328260399644,GENROU_5,8,GENROU_2,2
432,2,1.6800000000000002,0.02,0.001,NEXT_STEP,1,0.0360571882770792,0.0169641406665182,1.031847962486264,-0.0352567998354658,,,,,,,,Line_3,2,3,1.0,1.031847962486264,-0.0352567998354658,1.0123066319215992,-0.0644353073627506,1.671805333804116,Line_3,2,3,1.0,11.531399322384884,63.06248687693885,51.53108755455396,GENROU_4,6,GENROU_1,1,0.9999265025445582,1.0000655986823148,7.349745544182884e-05,GENROU_2,2,GENROU_3,3,1.4682486148384184,1.972574942181321,GENROU_5,8,GENROU_2,2
434,2,1.7000000000000002,0.02,0.001,NEXT_STEP,0,0.0360571492764314,0.0169643085790348,1.0318026336774622,-0.0353255373038039,,,,,,,,Line_3,2,3,1.0,1.0318026336774622,-0.0353255373038039,1.012277577121422,-0.0645407516280028,1.673908478346732,Line_3,2,3,1.0,11.527275461487204,63.06688809797343,51.53961263648623,GENROU_4,6,GENROU_1,1,0.99994177287822,1.000035335304182,5.822712178005229e-05,GENROU_2,2,GENROU_3,3,1.4681358830985318,1.9723310924827773,GENROU_5,8,GENROU_2,2
436,2,1.705,0.02,0.001,NEXT_STEP,1,0.0360561648509136,0.0169645362492528,1.0317890334890896,-0.0353416094264539,,,,,,,,Line_3,2,3,1.0,1.0317890334890896,-0.0353416094264539,1.0122672857785298,-0.0645703124904096,1.6746813262057572,Line_3,2,3,1.0,11.526247850206074,63.06890385565526,51.54265600544918,GENROU_4,6,GENROU_1,1,0.999945621653542,1.0000279348463046,5.4378346457939486e-05,GENROU_2,2,GENROU_3,3,1.4681157174403925,1.972364947028374,GENROU_5,8,GENROU_2,2
438,2,1.725,0.02,0.001,NEXT_STEP,0,0.0360561507557023,0.0169648340696688,1.0317265240340578,-0.0354025952536099,,,,,,,,Line_3,2,3,1.0,1.0317265240340578,-0.0354025952536099,1.0122151003666795,-0.0647006999687363,1.6786577479090852,Line_3,2,3,1.0,11.522146349435614,63.08021623775527,51.55806988831966,GENROU_4,6,GENROU_1,1,0.9999610147321346,1.0000320987815057,3.898526786538792e-05,GENROU_2,2,GENROU_1,1,1.4680650772464865,1.9728540130057528,GENROU_5,8,GENROU_2,2
440,2,1.73,0.02,0.001,NEXT_STEP,1,0.03605480548448,0.0169651561690229,1.0317089852606494,-0.0354168869353415,,,,,,,,Line_3,2,3,1.0,1.0317089852606494,-0.0354168869353415,1.0121994130608516,-0.0647360691088117,1.6798653973150408,Line_3,2,3,1.0,11.521122524002296,63.08380127660244,51.56267875260014,GENROU_4,6,GENROU_1,1,0.9999648421746014,1.0000346892845082,3.51578253986462e-05,GENROU_2,2,GENROU_1,1,1.4680598472400268,1.973061985216389,GENROU_5,8,GENROU_2,2
442,2,1.75,0.02,0.001,NEXT_STEP,0,0.0360548184638976,0.0169655635135836,1.0316321760488611,-0.0354716380809527,,,,,,,,Line_3,2,3,1.0,1.0316321760488611,-0.0354716380809527,1.012127267217492,-0.064888043367848,1.6854358713854367,Line_3,2,3,1.0,11.517029252142748,63.100732846149945,51.5837035940072,GENROU_4,6,GENROU_1,1,0.9999658540515788,1.000043796870396,4.3796870396128895e-05,GENROU_3,3,GENROU_1,1,1.46806617572992,1.9742086360633535,GENROU_5,8,GENROU_2,2
444,2,1.755,0.02,0.001,NEXT_STEP,1,0.0360531518452186,0.0169659665821431,1.0316114351583483,-0.0354845399485141,,,,,,,,Line_3,2,3,1.0,1.0316114351583483,-0.0354845399485141,1.012107010802624,-0.0649283375913338,1.6870053377708132,Line_3,2,3,1.0,11.516005760297352,63.10555251397214,51.58954675367479,GENROU_4,6,GENROU_1,1,0.9999595818726456,1.0000457526580393,4.575265803929973e-05,GENROU_3,3,GENROU_1,1,1.4680744853146677,1.974570719216784,GENROU_5,8,GENROU_2,2
446,2,1.775,0.02,0.001,NEXT_STEP,0,0.0360532011432778,0.0169664685820616,1.031523312855979,-0.0355346122673879,,,,,,,,Line_3,2,3,1.0,1.031523312855979,-0.0355346122673879,1.0120183177355464,-0.0650982048605742,1.6938690828337997,Line_3,2,3,1.0,11.511907110670856,63.12673724499469,51.61483013432384,GENROU_4,6,GENROU_1,1,0.9999359908113572,1.000052299425254,6.400918864268856e-05,GENROU_3,3,GENROU_1,1,1.468131814385146,1.9762908358233016,GENROU_5,8,GENROU_2,2
448,2,1.78,0.02,0.001,NEXT_STEP,1,0.0360512997714885,0.0169669316873432,1.031500129138099,-0.035546518512021,,,,,,,,Line_3,2,3,1.0,1.031500129138099,-0.035546518512021,1.011994374434152,-0.0651424748044616,1.6957233862104886,Line_3,2,3,1.0,11.510880582150689,63.13244613023537,51.62156554808468,GENROU_4,6,GENROU_1,1,0.9999304948481844,1.000053614833332,6.950515181569639e-05,GENROU_3,3,GENROU_1,1,1.468152292512927,1.9767850786851,GENROU_5,8,GENROU_2,2
450,2,1.8,0.02,0.001,NEXT_STEP,0,0.0360513804527287,0.0169675024240014,1.0314036747856052,-0.0355933903079339,,,,,,,,Line_3,2,3,1.0,1.0314036747856052,-0.0355933903079339,1.011892583082088,-0.0653264994375208,1.7035816649272135,Line_3,2,3,1.0,11.5067625719407,63.15653620813276,51.64977363619206,GENROU_4,6,GENROU_1,1,0.9999102812228372,1.0000575831867329,8.971877716279497e-05,GENROU_3,3,GENROU_1,1,1.468255949328902,1.9789952832844933,GENROU_5,8,GENROU_2,2
452,2,1.805,0.02,0.001,NEXT_STEP,1,0.0360493071489517,0.0169680081974222,1.0313787938968817,-0.0356046674068342,,,,,,,,Line_3,2,3,1.0,1.0313787938968817,-0.0356046674068342,1.011865833059471,-0.0653737613091635,1.7056434405321,Line_3,2,3,1.0,11.505729496299535,63.16279325341469,51.657063757115154,GENROU_4,6,GENROU_1,1,0.9999056728333034,1.0000582688054915,9.43271666965506e-05,GENROU_3,3,GENROU_1,1,1.4682866466999094,1.97959935388952,GENROU_5,8,GENROU_2,2
454,2,1.825,0.02,0.001,NEXT_STEP,0,0.0360493978815887,0.0169686310570601,1.0312771070431654,-0.0356498117312753,,,,,,,,Line_3,2,3,1.0,1.0312771070431654,-0.0356498117312753,1.011754777308665,-0.0655675457032009,1.7141598891865044,Line_3,2,3,1.0,11.501579027779332,63.188370175812864,51.686791148033535,GENROU_4,6,GENROU_1,1,0.999889090296242,1.0000598352774652,0.000110909703758,GENROU_3,3,GENROU_1,1,1.4684261583386482,1.9821929536572107,GENROU_5,8,GENROU_2,2
456,2,1.83,0.02,0.001,NEXT_STEP,1,0.0360471993281968,0.0169691716652286,1.031251280010461,-0.0356608062070709,,,,,,,,Line_3,2,3,1.0,1.031251280010461,-0.0356608062070709,1.0117261582890071,-0.0656167302480927,1.7163480189650215,Line_3,2,3,1.0,11.500536223513953,63.19483917934309,51.69430295582914,GENROU_4,6,GENROU_1,1,0.9998854162825572,1.0000599435252429,0.0001145837174427,GENROU_3,3,GENROU_1,1,1.4684650707932203,1.9828809054377976,GENROU_5,8,GENROU_2,2
458,2,1.85,0.02,0.001,NEXT_STEP,0,0.0360473093437261,0.0169698317588355,1.0311472102466426,-0.0357054441050653,,,,,,,,Line_3,2,3,1.0,1.0311472102466426,-0.0357054441050653,1.0116093869421814,-0.065816205391597,1.725219539644172,Line_3,2,3,1.0,11.496340588193403,63.22065835441487,51.72431776622147,GENROU_4,6,GENROU_1,1,0.9998726381934392,1.0000593140027565,0.0001273618065609,GENROU_3,3,GENROU_1,1,1.4686338660397444,1.9857622689134704,GENROU_5,8,GENROU_2,2
460,2,1.855,0.02,0.001,NEXT_STEP,1,0.0360450720493541,0.0169703862428622,1.0311211277518473,-0.0357164434816443,,,,,,,,Line_3,2,3,1.0,1.0311211277518473,-0.0357164434816443,1.0115797707516776,-0.0658663082979541,1.7274600068645327,Line_3,2,3,1.0,11.495284975974409,63.22704299849889,51.73175802252448,GENROU_4,6,GENROU_1,1,0.9998699256692692,1.0000589047412924,0.0001300743307308,GENROU_3,3,GENROU_1,1,1.4686791831006696,1.9865102554063043,GENROU_5,8,GENROU_2,2
462,2,1.875,0.02,0.001,NEXT_STEP,0,0.0360451964056384,0.0169710576221764,1.031017331914719,-0.0357615885512278,,,,,,,,Line_3,2,3,1.0,1.031017331914719,-0.0357615885512278,1.0114606808929782,-0.0660675010386206,1.7364008798204225,Line_3,2,3,1.0,11.491032424181418,63.251988537265945,51.760956113084525,GENROU_4,6,GENROU_1,1,0.9998609982478064,1.00005634722226,0.0001390017521937,GENROU_3,3,GENROU_1,1,1.4688698344845963,1.9895846769380312,GENROU_5,8,GENROU_2,2
464,2,1.88,0.02,0.001,NEXT_STEP,1,0.0360429596255657,0.0169716123737267,1.030991628816785,-0.0357728215602821,,,,,,,,Line_3,2,3,1.0,1.030991628816785,-0.0357728215602821,1.0114308903660747,-0.0661175519032163,1.7386249791127,Line_3,2,3,1.0,11.489961242988445,63.25802864502975,51.76806740204131,GENROU_4,6,GENROU_1,1,0.9998592437167196,1.0000572663451164,0.0001407562832804,GENROU_3,3,GENROU_2,2,1.468919680904096,1.99036930981784,GENROU_5,8,GENROU_2,2
466,2,1.9,0.02,0.001,NEXT_STEP,0,0.0360431075543994,0.0169722801366991,1.030890511529122,-0.0358192609724904,,,,,,,,Line_3,2,3,1.0,1.030890511529122,-0.0358192609724904,1.01131264262071,-0.0663166839626345,1.7473736233605166,Line_3,2,3,1.0,11.485641660339311,63.28114233164963,51.79550067131032,GENROU_4,6,GENROU_1,1,0.999854096276532,1.0000643658905466,0.0001459037234678,GENROU_3,3,GENROU_2,2,1.4691247590702377,1.9935451659984331,GENROU_5,8,GENROU_2,2
468,2,1.905,0.02,0.001,NEXT_STEP,1,0.0360409342426557,0.0169728179546964,1.0308657536689771,-0.0358309004538115,,,,,,,,Line_3,2,3,1.0,1.0308657536689771,-0.0358309004538115,1.0112834324928814,-0.0663657739760062,1.7495193807875182,Line_3,2,3,1.0,11.484552654078168,63.28661996099518,51.80206730691701,GENROU_4,6,GENROU_1,1,0.9998532685253024,1.0000659060551218,0.0001467314746975,GENROU_3,3,GENROU_2,2,1.4691773031488722,1.994344148422072,GENROU_5,8,GENROU_2,2
470,2,1.925,0.02,0.001,NEXT_STEP,0,0.0360410609527777,0.0169734692491887,1.0307694208620315,-0.0358791830399163,,,,,,,,Line_3,2,3,1.0,1.0307694208620315,-0.0358791830399163,1.011168880255631,-0.0665593469960131,1.757843909453726,Line_3,2,3,1.0,11.480158357505594,63.30712104812853,51.826962690622935,GENROU_4,6,GENROU_1,1,0.9998517262386856,1.0000711155189317,0.0001482737613144,GENROU_3,3,GENROU_2,2,1.4693896620107845,1.99753537804848,GENROU_5,8,GENROU_2,2
472,2,1.93,0.02,0.001,NEXT_STEP,1,0.036038981409283,0.016973991677425,1.0307460926031125,-0.0358913404126069,,,,,,,,Line_3,2,3,1.0,1.0307460926031125,-0.0358913404126069,1.0111409191978464,-0.0666066460785262,1.7598573811114306,Line_3,2,3,1.0,11.479049983671754,63.31186430820146,51.83281432452971,GENROU_4,6,GENROU_1,1,0.9998517697945672,1.0000721797352703,0.0001482302054327,GENROU_3,3,GENROU_2,2,1.4694431673575408,1.998328080900242,GENROU_5,8,GENROU_2,2
474,2,1.95,0.02,0.001,NEXT_STEP,0,0.036039126707204,0.0169746133427852,1.0306563109763558,-0.0359417928889721,,,,,,,,Line_3,2,3,1.0,1.0306563109763558,-0.0359417928889721,1.0110325475162212,-0.0667915255553112,1.76755948088811,Line_3,2,3,1.0,11.474576564779722,63.32916036075199,51.85458379597227,GENROU_4,6,GENROU_1,1,0.9998535683402552,1.000075487740998,0.0001464316597447,GENROU_3,3,GENROU_2,2,1.4696561354672328,2.001456283403796,GENROU_5,8,GENROU_2,2
476,2,1.955,0.02,0.001,NEXT_STEP,1,0.0360371967390574,0.0169750976238587,1.030634810547392,-0.0359545261778041,,,,,,,,Line_3,2,3,1.0,1.030634810547392,-0.0359545261778041,1.0110064077135297,-0.0668363030741515,1.7693954800253096,Line_3,2,3,1.0,11.47344820194745,63.33304504275422,51.85959684080677,GENROU_4,6,GENROU_1,1,0.9998544073120555,1.000076079751057,0.0001455926879443,GENROU_3,3,GENROU_2,2,1.4697090062683629,2.0022242202737868,GENROU_5,8,GENROU_2,2
478,2,1.975,0.02,0.001,NEXT_STEP,0,0.0360373393180549,0.0169756730129943,1.0305529847312092,-0.036007255122308,,,,,,,,Line_3,2,3,1.0,1.0305529847312092,-0.036007255122308,1.0109062902653851,-0.0670097709174293,1.7763133093481258,Line_3,2,3,1.0,11.46889532627094,63.3467343587888,51.877839032517855,GENROU_4,6,GENROU_1,1,0.9998592088287582,1.0000775265259907,0.0001407911712417,GENROU_3,3,GENROU_2,2,1.4699165427050211,2.0052203350125115,GENROU_5,8,GENROU_2,2
480,2,1.98,0.02,0.001,NEXT_STEP,1,0.0360355819464322,0.0169761150178711,1.0305336160281915,-0.0360205681221191,,,,,,,,Line_3,2,3,1.0,1.0305336160281915,-0.0360205681221191,1.010882435525841,-0.0670514056102183,1.7779360228244343,Line_3,2,3,1.0,11.467747464054169,63.34968355844691,51.88193609439274,GENROU_4,6,GENROU_1,1,0.999860751005522,1.000077662481479,0.0001392489944779,GENROU_3,3,GENROU_2,2,1.4699673576804395,2.005947525480238,GENROU_5,8,GENROU_2,2
482,2,2.0,0.02,0.001,NEXT_STEP,0,0.0360357146882608,0.0169766385543128,1.0304607725964967,-0.0360754869594308,,,,,,,,Line_3,2,3,1.0,1.0304607725964967,-0.0360754869594308,1.0107922035895172,-0.0672112087822292,1.7839454525397116,Line_3,2,3,1.0,11.463119570881998,63.359550004548986,51.896430433666985,GENROU_4,6,GENROU_1,1,0.9998681607122608,1.0000773355655246,0.0001318392877391,GENROU_3,3,GENROU_2,2,1.4701641812921422,2.008753103572707,GENROU_5,8,GENROU_2,2
484,2,2.005,0.02,0.001,NEXT_STEP,1,0.0360341531956923,0.0169770343715985,1.030443744911201,-0.0360893381388461,,,,,,,,Line_3,2,3,1.0,1.030443744911201,-0.0360893381388461,1.0107709852103408,-0.0672491996183179,1.7853285529859877,Line_3,2,3,1.0,11.46195396620498,63.36153196740437,51.89957800119939,GENROU_4,6,GENROU_1,1,0.9998703017494278,1.0000770428138008,0.0001296982505721,GENROU_3,3,GENROU_2,2,1.470211723189948,2.0094263498182414,GENROU_5,8,GENROU_2,2
486,2,2.025,0.02,0.001,NEXT_STEP,0,0.0360342689946857,0.0169775004877306,1.030380534495184,-0.0361461929388265,,,,,,,,Line_3,2,3,1.0,1.030380534495184,-0.0361461929388265,1.0106918164936969,-0.0673935774843025,1.7903432552780885,Line_3,2,3,1.0,11.457260801128456,63.36753323276124,51.910272431632784,GENROU_4,6,GENROU_1,1,0.9998798846662462,1.0000750717200022,0.0001201153337537,GENROU_3,3,GENROU_2,2,1.4703934112685733,2.0119944643632723,GENROU_5,8,GENROU_2,2
488,2,2.03,0.02,0.001,NEXT_STEP,1,0.0360329266532389,0.0169778461979035,1.0303659643572711,-0.036160502603084,,,,,,,,Line_3,2,3,1.0,1.0303659643572711,-0.036160502603084,1.010673472300919,-0.067427548601004,1.7914697735222376,Line_3,2,3,1.0,11.4560805859117,63.36855769443616,51.91247710852446,GENROU_4,6,GENROU_1,1,0.999882512233452,1.000074387357757,0.0001174877665478,GENROU_3,3,GENROU_2,2,1.4704366870321306,2.0126035242778872,GENROU_5,8,GENROU_2,2
490,2,2.05,0.02,0.001,NEXT_STEP,0,0.0360330184114169,0.0169782493317278,1.0303126753076717,-0.0362189023187571,,,,,,,,Line_3,2,3,1.0,1.0303126753076717,-0.0362189023187571,1.0106060951127351,-0.0675552446657592,1.7954401618602844,Line_3,2,3,1.0,11.451337517710094,63.370808123514365,51.91947060580427,GENROU_4,6,GENROU_1,1,0.9998938094998354,1.0000709374052354,0.0001061905001645,GENROU_3,3,GENROU_2,2,1.470599738438471,2.014899237105185,GENROU_5,8,GENROU_2,2
492,2,2.055,0.02,0.001,NEXT_STEP,1,0.0360318950272236,0.0169785448004803,1.0303005914627208,-0.0362335584097006,,,,,,,,Line_3,2,3,1.0,1.0303005914627208,-0.0362335584097006,1.0105907523858677,-0.0675849449203798,1.7963021289452854,Line_3,2,3,1.0,11.450147248060384,63.37092144844799,51.920774200387605,GENROU_4,6,GENROU_1,1,0.9998968072718072,1.0000699066549017,0.0001031927281928,GENROU_3,3,GENROU_2,2,1.470637990584905,2.015436885100484,GENROU_5,8,GENROU_2,2
494,2,2.075,0.02,0.001,NEXT_STEP,0,0.0360319862086594,0.0169788811486502,1.0302570815496876,-0.0362929954068373,,,,,,,,Line_3,2,3,1.0,1.0302570815496876,-0.0362929954068373,1.0105353456123818,-0.0676953553834516,1.7992226934105418,Line_3,2,3,1.0,11.445375402152246,63.36969958871137,51.924324186559126,GENROU_4,6,GENROU_1,1,0.9999093439254948,1.0000651821257605,9.06560745053131e-05,GENROU_3,3,GENROU_2,2,1.4707795106405983,2.0174400222117126,GENROU_5,8,GENROU_2,2
496,2,2.08,0.02,0.001,NEXT_STEP,1,0.0360310510351184,0.0169791244858392,1.0302473933141136,-0.0363078573076019,,,,,,,,Line_3,2,3,1.0,1.0302473933141136,-0.0363078573076019,1.010522976261069,-0.0677207235827434,1.7998246599744334,Line_3,2,3,1.0,11.444180995818916,63.36899080894312,51.924809813124206,GENROU_4,6,GENROU_1,1,0.9999125930678108,1.0000638603970755,8.74069321892268e-05,GENROU_3,3,GENROU_2,2,1.4708121606971396,2.0179032124368947,GENROU_5,8,GENROU_2,2
498,2,2.1,0.02,0.001,NEXT_STEP,0,0.0360311252793548,0.0169794033750852,1.030213324864393,-0.0363677838679508,,,,,,,,Line_3,2,3,1.0,1.030213324864393,-0.0363677838679508,1.0104794498650544,-0.0678135942354132,1.801712217424324,Line_3,2,3,1.0,11.439406033800516,63.36464773863501,51.9252417048345,GENROU_4,6,GENROU_1,1,0.9999259199516898,1.0000580718382737,7.408004831022108e-05,GENROU_3,3,GENROU_2,2,1.4709314930837325,2.0196025601531207,GENROU_5,8,GENROU_2,2
500,2,2.105,0.02,0.001,NEXT_STEP,1,0.0360304090854057,0.0169795965250044,1.030205957778637,-0.0363827158874735,,,,,,,,Line_3,2,3,1.0,1.030205957778637,-0.0363827158874735,1.0104700424697444,-0.0678345507938836,1.8020573980795405,Line_3,2,3,1.0,11.438214541900985,63.36320276151894,51.92498821961796,GENROU_4,6,GENROU_1,1,0.9999293129572104,1.000056509430375,7.068704278945237e-05,GENROU_3,3,GENROU_2,2,1.470958486714111,2.019988575207788,GENROU_5,8,GENROU_2,2
502,2,2.125,0.02,0.001,NEXT_STEP,0,0.0360304827765649,0.01697980862816,1.030180840713057,-0.0364425398773397,,,,,,,,Line_3,2,3,1.0,1.030180840713057,-0.0364425398773397,1.0104380921425271,-0.0679098661729065,1.8029449892970035,Line_3,2,3,1.0,11.43346753902788,63.356145792374186,51.92267825334631,GENROU_4,6,GENROU_1,1,0.9999429980479416,1.000049874368647,5.7001952058266525e-05,GENROU_3,3,GENROU_2,2,1.4710545956992342,2.021380591105513,GENROU_5,8,GENROU_2,2
504,2,2.13,0.02,0.001,NEXT_STEP,1,0.0360299546916393,0.0169799495876485,1.0301756170973424,-0.0364573823835918,,,,,,,,Line_3,2,3,1.0,1.0301756170973424,-0.0364573823835918,1.0104314964598022,-0.0679265002060108,1.8030476362245336,Line_3,2,3,1.0,11.432287385030742,63.35408380632413,51.92179642129339,GENROU_4,6,GENROU_1,1,0.9999464270833268,1.0000481301147974,5.357291667307251e-05,GENROU_3,3,GENROU_2,2,1.4710757057853527,2.0216905785260653,GENROU_5,8,GENROU_2,2
506,2,2.15,0.02,0.001,NEXT_STEP,0,0.0360300114816455,0.0169801042462738,1.030158639406752,-0.0365164708010118,,,,,,,,Line_3,2,3,1.0,1.030158639406752,-0.0365164708010118,1.0104103763391077,-0.067984821723049,1.8030036960693396,Line_3,2,3,1.0,11.427604105562384,63.344815915555614,51.91721180999323,GENROU_4,6,GENROU_1,1,0.9999600549705638,1.0000408866688597,4.08866688597076e-05,GENROU_3,3,GENROU_2,2,1.471148425740911,2.022784235061849,GENROU_5,8,GENROU_2,2
508,2,2.155,0.02,0.001,NEXT_STEP,1,0.0360296553603015,0.016980202535858,1.0301553335902711,-0.036531065102748,,,,,,,,Line_3,2,3,1.0,1.0301553335902711,-0.036531065102748,1.01040637223247,-0.067997320865296,1.8028836522732088,Line_3,2,3,1.0,11.426444708345354,63.34226799445421,51.91582328610886,GENROU_4,6,GENROU_1,1,0.9999634206793784,1.000039020448943,3.902044894332768e-05,GENROU_3,3,GENROU_2,2,1.4711637499000725,2.0230215038680504,GENROU_5,8,GENROU_2,2
510,2,2.175,0.02,0.001,NEXT_STEP,0,0.0360296789106573,0.0169803091020797,1.0301455226839156,-0.0365887959049838,,,,,,,,Line_3,2,3,1.0,1.0301455226839156,-0.0365887959049838,1.0103950893625435,-0.0680395744373272,1.8019968723039312,Line_3,2,3,1.0,11.421864420714536,63.33132697097583,51.909462550261296,GENROU_4,6,GENROU_1,1,0.9999733933857292,1.0000314074758403,3.140747584029491e-05,GENROU_1,1,GENROU_2,2,1.4712138781408182,2.0238340141676665,GENROU_5,8,GENROU_2,2
512,2,2.18,0.02,0.001,NEXT_STEP,1,0.0360295020733902,0.0169803704556552,1.0301438756399195,-0.0366029910322744,,,,,,,,Line_3,2,3,1.0,1.0301438756399195,-0.0366029910322744,1.0103934026037862,-0.0680482120280818,1.8016784489159363,Line_3,2,3,1.0,11.420735945494664,63.328429742294034,51.90769379679937,GENROU_4,6,GENROU_1,1,0.9999728783468764,1.000029478499181,2.947849918100154e-05,GENROU_1,1,GENROU_2,2,1.4712237079947967,2.0240038163110565,GENROU_5,8,GENROU_2,2
514,2,2.2,0.02,0.001,NEXT_STEP,0,0.0360295158740458,0.0169804251638772,1.0301401526143117,-0.0366587807427625,,,,,,,,Line_3,2,3,1.0,1.0301401526143117,-0.0366587807427625,1.0103907783472643,-0.0680756363522283,1.8000532319942977,Line_3,2,3,1.0,11.416300334982664,63.31636368461544,51.90006334963277,GENROU_4,6,GENROU_1,1,0.999971316591105,1.000021728927708,2.868340889494725e-05,GENROU_1,1,GENROU_2,2,1.4712527177857897,2.024559492189437,GENROU_5,8,GENROU_2,2
516,2,2.205,0.02,0.001,NEXT_STEP,1,0.0360294406856918,0.0169804552712103,1.0301398861328777,-0.0366724296286423,,,,,,,,Line_3,2,3,1.0,1.0301398861328777,-0.0366724296286423,1.0103910961431917,-0.0680807508710683,1.7995642487821044,Line_3,2,3,1.0,11.415213400115496,63.31325345297825,51.898040052862754,GENROU_4,6,GENROU_1,1,0.9999710501402898,1.0000197941426423,2.894985971024777e-05,GENROU_1,1,GENROU_2,2,1.4712574940559964,2.0246686557059155,GENROU_5,8,GENROU_2,2
518,2,2.225,0.02,0.001,NEXT_STEP,0,0.0360294660399615,0.0169804747721615,1.03014111387739,-0.036725746398642,,,,,,,,Line_3,2,3,1.0,1.03014111387739,-0.036725746398642,1.010395823977385,-0.0680948338537358,1.7973163183536371,Line_3,2,3,1.0,11.410965337979857,63.300598483481885,51.88963314550203,GENROU_4,6,GENROU_1,1,0.999970456567961,1.0000121289457156,2.954343203898091e-05,GENROU_1,1,GENROU_2,2,1.471267382979859,2.024997248304898,GENROU_5,8,GENROU_2,2
520,2,2.23,0.02,0.001,NEXT_STEP,1,0.0360294928801758,0.0169804739453078,1.0301419414523367,-0.036738723923463,,,,,,,,Line_3,2,3,1.0,1.0301419414523367,-0.036738723923463,1.010397809403086,-0.0680968231707772,1.7966867404234677,Line_3,2,3,1.0,11.409930695125338,63.29740599904062,51.88747530391528,GENROU_4,6,GENROU_1,1,0.9999704238765004,1.0000102416006822,2.9576123499519547e-05,GENROU_1,1,GENROU_2,2,1.4712676606960071,2.025053740781133,GENROU_5,8,GENROU_2,2
522,2,2.25,0.02,0.001,NEXT_STEP,0,0.0360295063547638,0.0169804620508843,1.0301469768426528,-0.0367891011037031,,,,,,,,Line_3,2,3,1.0,1.0301469768426528,-0.0367891011037031,1.0104085163841137,-0.0680992395733005,1.7939387902781334,Line_3,2,3,1.0,11.405912919247742,63.284666818932536,51.8787538996848,GENROU_4,6,GENROU_1,1,0.999970723712952,1.0000194219929657,2.92762870480745e-05,GENROU_1,1,GENROU_3,3,1.4712608173062354,2.0251886955701663,GENROU_5,8,GENROU_2,2
524,2,2.255,0.02,0.001,NEXT_STEP,1,0.0360296189651222,0.0169804397094817,1.0301486149129069,-0.036801299563485,,,,,,,,Line_3,2,3,1.0,1.0301486149129069,-0.036801299563485,1.0104118220599598,-0.0680985403727591,1.7931998087760237,Line_3,2,3,1.0,11.404941116465794,63.28151281422689,51.8765716977611,GENROU_4,6,GENROU_1,1,0.9999709024962558,1.000021772920324,2.9097503744246467e-05,GENROU_1,1,GENROU_3,3,1.471257232089326,2.0252011916067034,GENROU_5,8,GENROU_2,2
526,2,2.275,0.02,0.001,NEXT_STEP,0,0.0360296276803307,0.0169804019875235,1.0301563488202397,-0.0368483541802979,,,,,,,,Line_3,2,3,1.0,1.0301563488202397,-0.0368483541802979,1.010427121250738,-0.0680910959846388,1.7900772458056906,Line_3,2,3,1.0,11.40119487355092,63.26914653740077,51.86795166384985,GENROU_4,6,GENROU_1,1,0.9999719943774352,1.000030438188417,3.043818841708124e-05,GENROU_1,1,GENROU_3,3,1.4712363037474276,2.02517796485888,GENROU_5,8,GENROU_2,2
528,2,2.28,0.02,0.001,NEXT_STEP,1,0.0360297792625746,0.0169803658079017,1.03015852783489,-0.0368596846179554,,,,,,,,Line_3,2,3,1.0,1.03015852783489,-0.0368596846179554,1.0104314029499082,-0.0680881678828555,1.7892602916736848,Line_3,2,3,1.0,11.400295915541989,63.26613812528171,51.86584220973972,GENROU_4,6,GENROU_1,1,0.999972356547244,1.000032411919464,3.241191946412592e-05,GENROU_1,1,GENROU_3,3,1.471229540078082,2.0251554430266263,GENROU_5,8,GENROU_2,2
530,2,2.3,0.02,0.001,NEXT_STEP,0,0.0360297974232649,0.0169803133624209,1.03016792133606,-0.0369031226196881,,,,,,,,Line_3,2,3,1.0,1.03016792133606,-0.0369031226196881,1.0104499414254284,-0.0680727386487368,1.785887447507804,Line_3,2,3,1.0,11.396859618915771,63.25454166778768,51.85768204887191,GENROU_4,6,GENROU_1,1,0.9999741192700112,1.0000395198763925,3.951987639227994e-05,GENROU_1,1,GENROU_3,3,1.4711973072629676,2.025009964341405,GENROU_5,8,GENROU_2,2
532,2,2.305,0.02,0.001,NEXT_STEP,1,0.0360299882342719,0.0169802635549654,1.0301703935612705,-0.0369135229599935,,,,,,,,Line_3,2,3,1.0,1.0301703935612705,-0.0369135229599935,1.0104548693004114,-0.0680680543370372,1.7850231606124964,Line_3,2,3,1.0,11.396042638358868,63.25176964888569,51.85572701052682,GENROU_4,6,GENROU_1,1,0.9999746326279556,1.0000410947212317,4.109472123170477e-05,GENROU_1,1,GENROU_3,3,1.4711880679122504,2.0249613419980883,GENROU_5,8,GENROU_2,2
534,2,2.325,0.02,0.001,NEXT_STEP,0,0.0360299689397742,0.0169802039814987,1.030180509132908,-0.0369531375590426,,,,,,,,Line_3,2,3,1.0,1.030180509132908,-0.0369531375590426,1.010475370525761,-0.0680465265316006,1.7815199588861788,Line_3,2,3,1.0,11.39295059415877,63.241270781519226,51.84832018736046,GENROU_4,6,GENROU_1,1,0.999976931937422,1.0000465851538194,4.6585153819389546e-05,GENROU_1,1,GENROU_3,3,1.4711473278238116,2.024728635183448,GENROU_5,8,GENROU_2,2
536,2,2.33,0.02,0.001,NEXT_STEP,1,0.0360302134196309,0.0169801518407431,1.0301830536335084,-0.0369625702555058,,,,,,,,Line_3,2,3,1.0,1.0301830536335084,-0.0369625702555058,1.010480637310371,-0.0680405565077308,1.7806374480180978,Line_3,2,3,1.0,11.392223546412922,63.23880786718278,51.84658432076986,GENROU_4,6,GENROU_1,1,0.9999775618588156,1.0000477526156557,4.77526156557051e-05,GENROU_1,1,GENROU_3,3,1.471136305600245,2.024662444859953,GENROU_5,8,GENROU_2,2
538,2,2.35,0.02,0.001,NEXT_STEP,0,0.0360301801456098,0.0169800813647934,1.0301930756834683,-0.036998255704129,,,,,,,,Line_3,2,3,1.0,1.0301930756834683,-0.036998255704129,1.0105019342275696,-0.0680147849271338,1.777116219622343,Line_3,2,3,1.0,11.389504792851923,63.22965987854094,51.84015508568902,GENROU_4,6,GENROU_1,1,0.999973271574674,1.0000516163318096,5.161633180961189e-05,GENROU_2,2,GENROU_3,3,1.4710897697651515,2.024375441872188,GENROU_5,8,GENROU_2,2
540,2,2.355,0.02,0.001,NEXT_STEP,1,0.0360304006875071,0.0169800326046238,1.0301955056594272,-0.0370066986735637,,,,,,,,Line_3,2,3,1.0,1.0301955056594272,-0.0370066986735637,1.010507264210295,-0.0680079791598721,1.776242531366762,Line_3,2,3,1.0,11.3888741826032,63.22755979447516,51.83868561187195,GENROU_4,6,GENROU_1,1,0.9999722166803392,1.000052380179454,5.238017945408125e-05,GENROU_2,2,GENROU_3,3,1.4710776248555977,2.0242995655295384,GENROU_5,8,GENROU_2,2
542,2,2.375,0.02,0.001,NEXT_STEP,0,0.0360303981765424,0.0169799640692639,1.030204752158267,-0.0370384409812895,,,,,,,,Line_3,2,3,1.0,1.030204752158267,-0.0370384409812895,1.0105283223437431,-0.0679797365040288,1.7728056461199913,Line_3,2,3,1.0,11.386551484069525,63.21993958752986,51.83338810346034,GENROU_4,6,GENROU_1,1,0.9999684623441578,1.0000546547769622,5.465477696220411e-05,GENROU_2,2,GENROU_3,3,1.4710278309836342,2.02398815759013,GENROU_5,8,GENROU_2,2
544,2,2.38,0.02,0.001,NEXT_STEP,1,0.0360305879575628,0.0169799133699725,1.0302069160033536,-0.0370459002333703,,,,,,,,Line_3,2,3,1.0,1.0302069160033536,-0.0370459002333703,1.0105334761747926,-0.0679725230350621,1.7719649611299817,Line_3,2,3,1.0,11.386022137818989,63.218237008631526,51.832214870812535,GENROU_4,6,GENROU_1,1,0.9999676433321812,1.0000550298497886,5.502984978855707e-05,GENROU_2,2,GENROU_3,3,1.4710151709078136,2.023909619280293,GENROU_5,8,GENROU_2,2
546,2,2.4,0.02,0.001,NEXT_STEP,0,0.0360305692907291,0.0169798543550229,1.0302148493024097,-0.0370737617317324,,,,,,,,Line_3,2,3,1.0,1.0302148493024097,-0.0370737617317324,1.0105534132621374,-0.0679434529851533,1.7687030236929218,Line_3,2,3,1.0,11.384111174746684,63.2122463490331,51.828135174286416,GENROU_4,6,GENROU_1,1,0.9999648465880576,1.0000557945286417,5.579452864168388e-05,GENROU_2,2,GENROU_3,3,1.4709644140341545,2.023599945863212,GENROU_5,8,GENROU_2,2
548,2,2.405,0.02,0.001,NEXT_STEP,1,0.036030742766398,0.0169798130254488,1.0302166294495838,-0.0370802651561164,,,,,,,,Line_3,2,3,1.0,1.0302166294495838,-0.0370802651561164,1.010558189613064,-0.0679362259252725,1.7679163248938892,Line_3,2,3,1.0,11.383686065660356,63.210957575541,51.827271509880646,GENROU_4,6,GENROU_1,1,0.9999642690559576,1.0000558053454798,5.580534547977578e-05,GENROU_2,2,GENROU_3,3,1.4709517775120158,2.023524760865824,GENROU_5,8,GENROU_2,2
550,2,2.425,0.02,0.001,NEXT_STEP,0,0.0360307314037157,0.0169797597409036,1.0302228548010763,-0.0371043920298147,,,,,,,,Line_3,2,3,1.0,1.0302228548010763,-0.0371043920298147,1.0105762845162527,-0.0679078210611082,1.7649064780238746,Line_3,2,3,1.0,11.382194843574966,63.2066270977429,51.82443225416794,GENROU_4,6,GENROU_1,1,0.9999624379316936,1.000055174974948,5.517497494800239e-05,GENROU_2,2,GENROU_3,3,1.4709020594130493,2.0232387299002887,GENROU_5,8,GENROU_2,2
552,2,2.43,0.02,0.001,NEXT_STEP,1,0.0360308578968421,0.0169797259266026,1.030224170718826,-0.0371099817562022,,,,,,,,Line_3,2,3,1.0,1.030224170718826,-0.0371099817562022,1.0105805239580097,-0.0679009292313546,1.7641913375352374,Line_3,2,3,1.0,11.381874971615732,63.205751361725966,51.82387639011023,GENROU_4,6,GENROU_1,1,0.9999621003510736,1.000054854185341,5.485418534090236e-05,GENROU_2,2,GENROU_3,3,1.470889907389959,2.023171818607808,GENROU_5,8,GENROU_2,2
554,2,2.45,0.02,0.001,NEXT_STEP,0,0.0360308374607901,0.0169796876956188,1.0302284299536395,-0.037130581648869,,,,,,,,Line_3,2,3,1.0,1.0302284299536395,-0.037130581648869,1.010596218115482,-0.0678744958900804,1.7614965317335702,Line_3,2,3,1.0,11.380803466467516,63.20304688359134,51.82224341712382,GENROU_4,6,GENROU_1,1,0.9999612154124908,1.0000529729449674,5.297294496742211e-05,GENROU_2,2,GENROU_3,3,1.470842901631272,2.0229268674772345,GENROU_5,8,GENROU_2,2
556,2,2.455,0.02,0.001,NEXT_STEP,1,0.0360309243443031,0.016979667171534,1.030229233098824,-0.0371353178894962,,,,,,,,Line_3,2,3,1.0,1.030229233098824,-0.0371353178894962,1.0105998010785155,-0.0678682417556107,1.760866829625229,Line_3,2,3,1.0,11.380587802393997,63.20256817954054,51.82198037714655,GENROU_4,6,GENROU_1,1,0.9999611096770584,1.0000523596937223,5.235969372252569e-05,GENROU_2,2,GENROU_3,3,1.4708316098998315,2.022872019961881,GENROU_5,8,GENROU_2,2
558,2,2.475,0.02,0.001,NEXT_STEP,0,0.0360309182864012,0.0169796401962239,1.030231396080416,-0.0371526567907688,,,,,,,,Line_3,2,3,1.0,1.030231396080416,-0.0371526567907688,1.0106126965847868,-0.06784488662846,1.7585352335451887,Line_3,2,3,1.0,11.379927858045642,63.20139884729156,51.82147098924592,GENROU_4,6,GENROU_1,1,0.9999611264800746,1.000049394402257,4.939440225704139e-05,GENROU_2,2,GENROU_3,3,1.4707886469060203,2.022681081096514,GENROU_5,8,GENROU_2,2
560,2,2.48,0.02,0.001,NEXT_STEP,1,0.0360309583457834,0.0169796273205526,1.0302316694177638,-0.0371566105661149,,,,,,,,Line_3,2,3,1.0,1.0302316694177638,-0.0371566105661149,1.0106155434729944,-0.067839519286692,1.7580011728742022,Line_3,2,3,1.0,11.37981334818537,63.20128815006069,51.82147480187531,GENROU_4,6,GENROU_1,1,0.9999612386003706,1.0000485326506352,4.85326506352024e-05,GENROU_2,2,GENROU_3,3,1.470778504895664,2.022640974286233,GENROU_5,8,GENROU_2,2
562,2,2.5,0.02,0.001,NEXT_STEP,0,0.0360309666537607,0.0169796115898134,1.0302317196807644,-0.0371709930678811,,,,,,,,Line_3,2,3,1.0,1.0302317196807644,-0.0371709930678811,1.0106253938936764,-0.0678201319000336,1.7560663007928667,Line_3,2,3,1.0,11.379548821599045,63.201515892834216,51.82196707123517,GENROU_4,6,GENROU_1,1,0.9999620908003876,1.0000446660803943,4.466608039432885e-05,GENROU_2,2,GENROU_3,3,1.470740569012111,2.022512620187642,GENROU_5,8,GENROU_2,2
564,2,2.505,0.02,0.001,NEXT_STEP,1,0.0360309599062263,0.0169796063779717,1.0302314719639674,-0.0371742444612189,,,,,,,,Line_3,2,3,1.0,1.0302314719639674,-0.0371742444612189,1.010627461108649,-0.0678158459512035,1.7556344428979005,Line_3,2,3,1.0,11.379530456081104,63.20173364422123,51.82220318814012,GENROU_4,6,GENROU_1,1,0.9999624017256792,1.0000436029445956,4.360294459559988e-05,GENROU_2,2,GENROU_3,3,1.470731780345046,2.022488871826707,GENROU_5,8,GENROU_2,2
566,2,2.525,0.02,0.001,NEXT_STEP,0,0.0360309356395787,0.016979609453694,1.0302294898433593,-0.037185997127862,,,,,,,,Line_3,2,3,1.0,1.0302294898433593,-0.037185997127862,1.0106341583490497,-0.0678010901962963,1.7541156222215193,Line_3,2,3,1.0,11.379637612958794,63.20318345829078,51.82354584533199,GENROU_4,6,GENROU_1,1,0.9999640044969222,1.0000390272794932,3.902727949323115e-05,GENROU_2,2,GENROU_3,3,1.47069952258725,2.022427609099497,GENROU_5,8,GENROU_2,2
568,2,2.53,0.02,0.001,NEXT_STEP,1,0.0360308965551516,0.016979623225979,1.03022875056469,-0.0371886322938047,,,,,,,,Line_3,2,3,1.0,1.03022875056469,-0.0371886322938047,1.010635434211682,-0.0677980253033144,1.753789032902148,Line_3,2,3,1.0,11.379708555049788,63.20368219959576,51.823973644545966,GENROU_4,6,GENROU_1,1,0.999964491026686,1.0000378114281143,3.781142811454252e-05,GENROU_2,2,GENROU_3,3,1.4706922097065758,2.022420871071063,GENROU_5,8,GENROU_2,2
570,2,2.55,0.02,0.001,NEXT_STEP,0,0.0360309100833422,0.0169796337286831,1.030224895995744,-0.0371981076657786,,,,,,,,Line_3,2,3,1.0,1.030224895995744,-0.0371981076657786,1.010638994232238,-0.0677883521277023,1.7526919019416596,Line_3,2,3,1.0,11.380156692826134,63.20615276075862,51.825996067932486,GENROU_4,6,GENROU_1,1,0.9999667447992578,1.0000327219777578,3.325520074215493e-05,GENROU_2,2,GENROU_3,3,1.470665972666857,2.022427583923171,GENROU_5,8,GENROU_2,2
572,2,2.555,0.02,0.001,NEXT_STEP,1,0.0360308170035933,0.0169796495456035,1.0302237153742844,-0.0372002119088891,,,,,,,,Line_3,2,3,1.0,1.0302237153742844,-0.0372002119088891,1.010639497940816,-0.067786591087599,1.7524704375268811,Line_3,2,3,1.0,11.38030845935427,63.206879782453065,51.8265713230988,GENROU_4,6,GENROU_1,1,0.9999673805360344,1.0000314021154977,3.261946396559967e-05,GENROU_2,2,GENROU_3,3,1.470660185340623,2.0224376659712786,GENROU_5,8,GENROU_2,2
574,2,2.575,0.02,0.001,NEXT_STEP,0,0.0360308213800502,0.0169796750319303,1.0302182092627317,-0.0372077506321536,,,,,,,,Line_3,2,3,1.0,1.0302182092627317,-0.0372077506321536,1.010640042115388,-0.0677822266513757,1.751788436725377,Line_3,2,3,1.0,11.38106106095812,63.210153944023205,51.82909288306509,GENROU_4,6,GENROU_1,1,0.9999701749667016,1.000025991581297,2.9825033298513937e-05,GENROU_2,2,GENROU_3,3,1.470640031218898,2.022510106894392,GENROU_5,8,GENROU_2,2
576,2,2.58,0.02,0.001,NEXT_STEP,1,0.0360306887755504,0.0169797042139307,1.030216647453715,-0.0372094094222909,,,,,,,,Line_3,2,3,1.0,1.030216647453715,-0.0372094094222909,1.0106398150000646,-0.0677818005230757,1.7516689796982805,Line_3,2,3,1.0,11.381284227981803,63.21105386814006,51.82976964015826,GENROU_4,6,GENROU_1,1,0.9999709313142,1.0000246150828322,2.906868579999333e-05,GENROU_2,2,GENROU_3,3,1.470635752719945,2.022536099062323,GENROU_5,8,GENROU_2,2
578,2,2.6,0.02,0.001,NEXT_STEP,0,0.0360307074480095,0.0169797408832285,1.030209755445344,-0.037215335501874,,,,,,,,Line_3,2,3,1.0,1.030209755445344,-0.037215335501874,1.010637553752732,-0.0677827596022721,1.7513843915392897,Line_3,2,3,1.0,11.38230441254707,63.21490868894397,51.8326042763969,GENROU_4,6,GENROU_1,1,0.9999741492093848,1.000019068360502,2.585079061523388e-05,GENROU_2,2,GENROU_3,3,1.4706215038185324,2.0226694382342445,GENROU_5,8,GENROU_2,2
580,2,2.605,0.02,0.001,NEXT_STEP,1,0.0360305515706025,0.0169797740036339,1.0302078836861988,-0.0372166267519629,,,,,,,,Line_3,2,3,1.0,1.0302078836861988,-0.0372166267519629,1.0106366585054178,-0.0677836466820262,1.7513612342849,Line_3,2,3,1.0,11.382589775828087,63.21592588346535,51.83333610763727,GENROU_4,6,GENROU_1,1,0.9999749963575204,1.0000176800629628,2.500364247959297e-05,GENROU_2,2,GENROU_3,3,1.470618662436938,2.022709860679554,GENROU_5,8,GENROU_2,2
582,2,2.625,0.02,0.001,NEXT_STEP,0,0.0360305539654797,0.0169798200850597,1.030199898979319,-0.0372212300417283,,,,,,,,Line_3,2,3,1.0,1.030199898979319,-0.0372212300417283,1.0106318719874985,-0.0677897448976194,1.7514468872255122,Line_3,2,3,1.0,11.383838872921103,63.22014185807153,51.836302985150425,GENROU_4,6,GENROU_1,1,0.999978517599604,1.0000121697951558,2.148240039612226e-05,GENROU_2,2,GENROU_3,3,1.4706099349023507,2.0228972568014,GENROU_5,8,GENROU_2,2
584,2,2.63,0.02,0.001,NEXT_STEP,1,0.036030381919454,0.0169798626961527,1.030197791510177,-0.0372222240288495,,,,,,,,Line_3,2,3,1.0,1.030197791510177,-0.0372222240288495,1.010630385032232,-0.0677918781015075,1.7515121595382084,Line_3,2,3,1.0,11.384176238110866,63.22122262208616,51.83704638397529,GENROU_4,6,GENROU_1,1,0.9999794254748244,1.0000108109683434,2.057452517567615e-05,GENROU_2,2,GENROU_3,3,1.4706084120557552,2.0229501925597826,GENROU_5,8,GENROU_2,2
586,2,2.65,0.02,0.001,NEXT_STEP,0,0.0360303914855362,0.0169799143900433,1.030189015849155,-0.0372257704109267,,,,,,,,Line_3,2,3,1.0,1.030189015849155,-0.0372257704109267,1.010623402487844,-0.0678027674484141,1.7519328804320369,Line_3,2,3,1.0,11.385611666644715,63.22559183348635,51.839980166841634,GENROU_4,6,GENROU_1,1,0.9999831306263298,1.0000101407486448,1.686937367018082e-05,GENROU_2,2,GENROU_1,1,1.470604661639079,2.023183338098504,GENROU_5,8,GENROU_2,2
588,2,2.655,0.02,0.001,NEXT_STEP,1,0.0360301960639609,0.0169799608560921,1.0301867485679428,-0.0372265282602118,,,,,,,,Line_3,2,3,1.0,1.0301867485679428,-0.0372265282602118,1.010621411116207,-0.0678060399846171,1.752076961379231,Line_3,2,3,1.0,11.385989986586374,63.22668627338847,51.84069628680209,GENROU_4,6,GENROU_1,1,0.999984069757174,1.000010121449968,1.593024282597888e-05,GENROU_2,2,GENROU_1,1,1.4706043051443969,2.023246578090488,GENROU_5,8,GENROU_2,2
590,2,2.675,0.02,0.001,NEXT_STEP,0,0.0360302127799504,0.0169800181439548,1.0301774786277569,-0.0372292464241335,,,,,,,,Line_3,2,3,1.0,1.0301774786277569,-0.0372292464241335,1.0106125931162662,-0.0678212276888772,1.7527914134130924,Line_3,2,3,1.0,11.387566313152847,63.23101922019477,51.84345290704192,GENROU_4,6,GENROU_1,1,0.9999878434069808,1.0000098871401528,1.2156593019341244e-05,GENROU_2,2,GENROU_1,1,1.4706048733027737,2.0235162787177443,GENROU_5,8,GENROU_2,2
592,2,2.68,0.02,0.001,NEXT_STEP,1,0.0360299939932567,0.0169800684737189,1.0301751239240409,-0.0372298205225856,,,,,,,,Line_3,2,3,1.0,1.0301751239240409,-0.0372298205225856,1.010610189898731,-0.0678255006328335,1.7530033416495598,Line_3,2,3,1.0,11.387973974835525,63.23208278022,51.84410880538447,GENROU_4,6,GENROU_1,1,0.9999887857159035,1.0000097912708388,1.1214284096339178e-05,GENROU_2,2,GENROU_1,1,1.4706055077315412,2.023587460310772,GENROU_5,8,GENROU_2,2
594,2,2.7,0.02,0.001,NEXT_STEP,0,0.0360300178504111,0.0169801313481045,1.0301656391532037,-0.0372319001818585,,,,,,,,Line_3,2,3,1.0,1.0301656391532037,-0.0372319001818585,1.0105999118051556,-0.0678443768473167,1.753965713373475,Line_3,2,3,1.0,11.389644109852664,63.2362137709852,51.84656966113253,GENROU_4,6,GENROU_1,1,0.9999925194422496,1.0000092757548258,9.27575482578824e-06,GENROU_2,2,GENROU_1,1,1.4706096653049343,2.023884164406877,GENROU_5,8,GENROU_2,2
596,2,2.705,0.02,0.001,NEXT_STEP,1,0.0360298226262886,0.0169801779699342,1.0301632640030869,-0.0372323369310104,,,,,,,,Line_3,2,3,1.0,1.0301632640030869,-0.0372323369310104,1.0105971914223937,-0.0678494881840443,1.7542335475125128,Line_3,2,3,1.0,11.390069242863753,63.23720839444447,51.84713915158071,GENROU_4,6,GENROU_1,1,0.9999924099977676,1.0000091162152165,9.116215216264932e-06,GENROU_3,3,GENROU_1,1,1.4706111027283917,2.0239608978104977,GENROU_5,8,GENROU_2,2
598,2,2.725,0.02,0.001,NEXT_STEP,0,0.0360298159690897,0.0169802391251194,1.030153818746491,-0.0372339239176658,,,,,,,,Line_3,2,3,1.0,1.030153818746491,-0.0372339239176658,1.0105858298938923,-0.0678713514671604,1.7553952937238648,Line_3,2,3,1.0,11.39178569664684,63.240999443847,51.84921374720015,GENROU_4,6,GENROU_1,1,0.999988410257116,1.000008373573687,1.158974288395509e-05,GENROU_3,3,GENROU_1,1,1.470618088719975,2.0242751626362505,GENROU_5,8,GENROU_2,2
600,2,2.73,0.02,0.001,NEXT_STEP,1,0.0360296278119724,0.0169802912658136,1.0301514816868886,-0.0372342538759841,,,,,,,,Line_3,2,3,1.0,1.0301514816868886,-0.0372342538759841,1.0105828846060525,-0.0678771166598505,1.7557067097140475,Line_3,2,3,1.0,11.392216487920615,63.2418943591944,51.84967787127378,GENROU_4,6,GENROU_1,1,0.9999874848887554,1.000008164373405,1.251511124455984e-05,GENROU_3,3,GENROU_1,1,1.4706201373421537,2.0243551350125304,GENROU_5,8,GENROU_2,2
602,2,2.75,0.02,0.001,NEXT_STEP,0,0.0360296211858151,0.0169803524489771,1.0301422944406458,-0.0372354587458269,,,,,,,,Line_3,2,3,1.0,1.0301422944406458,-0.0372354587458269,1.010570802635653,-0.0679012081812608,1.7570180182560478,Line_3,2,3,1.0,11.393932553928398,63.24523760484211,51.85130505091371,GENROU_4,6,GENROU_1,1,0.9999840954779636,1.0000072517622989,1.590452203648063e-05,GENROU_3,3,GENROU_1,1,1.4706291939587102,2.0246780122648764,GENROU_5,8,GENROU_2,2
604,2,2.755,0.02,0.001,NEXT_STEP,1,0.0360294330105815,0.0169804045723888,1.0301400461683097,-0.0372357032343569,,,,,,,,Line_3,2,3,1.0,1.0301400461683097,-0.0372357032343569,1.0105677211700086,-0.0679074313079948,1.757360568992368,Line_3,2,3,1.0,11.39435752753504,63.24600974722555,51.85165221969051,GENROU_4,6,GENROU_1,1,0.9999833294428518,1.000007007350025,1.667055714815735e-05,GENROU_3,3,GENROU_1,1,1.4706316674661186,2.0247590803288733,GENROU_5,8,GENROU_2,2
606,2,2.775,0.02,0.001,NEXT_STEP,0,0.0360294498655403,0.0169804619862315,1.0301312981454769,-0.0372365965303753,,,,,,,,Line_3,2,3,1.0,1.0301312981454769,-0.0372365965303753,1.0105552598579448,-0.0679329579558593,1.7587719560884238,Line_3,2,3,1.0,11.39602858806734,63.24882843703945,51.85279984897211,GENROU_4,6,GENROU_1,1,0.9999805971424834,1.0000059824516774,1.9402857516559457e-05,GENROU_3,3,GENROU_1,1,1.4706420696502531,2.0250824431197927,GENROU_5,8,GENROU_2,2
608,2,2.78,0.02,0.001,NEXT_STEP,1,0.0360292544504244,0.0169805084429554,1.0301291795408496,-0.0372367671881578,,,,,,,,Line_3,2,3,1.0,1.0301291795408496,-0.0372367671881578,1.0105521242853936,-0.0679394378853039,1.7591334507264662,Line_3,2,3,1.0,11.396436983363827,63.249462524962055,51.85302554159823,GENROU_4,6,GENROU_1,1,0.9999799992547086,1.0000058752718164,2.0000745291404165e-05,GENROU_3,3,GENROU_2,2,1.4706447929511963,2.0251626985466444,GENROU_5,8,GENROU_2,2
610,2,2.8,0.02,0.001,NEXT_STEP,0,0.0360292713211799,0.0169805658714924,1.030121011470163,-0.0372373772162003,,,,,,,,Line_3,2,3,1.0,1.030121011470163,-0.0372373772162003,1.0105395938780852,-0.0679655948921834,1.760597184793113,Line_3,2,3,1.0,11.39802183227834,63.251710698380485,51.85368886610215,GENROU_4,6,GENROU_1,1,0.999977948245082,1.0000085836721992,2.205175491809541e-05,GENROU_3,3,GENROU_2,2,1.470655871112104,2.025479453834996,GENROU_5,8,GENROU_2,2
612,2,2.805,0.02,0.001,NEXT_STEP,1,0.036029099351192,0.0169806085254862,1.030119052017194,-0.0372374799667428,,,,,,,,Line_3,2,3,1.0,1.030119052017194,-0.0372374799667428,1.010536477085608,-0.0679721338480596,1.760965952194823,Line_3,2,3,1.0,11.398403860873405,63.252199003679394,51.85379514280599,GENROU_4,6,GENROU_1,1,0.999977521807696,1.0000092112358654,2.247819230394299e-05,GENROU_3,3,GENROU_2,2,1.470658685184823,2.0255572677979883,GENROU_5,8,GENROU_2,2
614,2,2.825,0.02,0.001,NEXT_STEP,0,0.036029109143671,0.0169806604239656,1.0301115647145564,-0.037237804132545,,,,,,,,Line_3,2,3,1.0,1.0301115647145564,-0.037237804132545,1.0105241519613035,-0.0679981345913268,1.7624371117159114,Line_3,2,3,1.0,11.399865662499868,63.253860011995314,51.85399434949545,GENROU_4,6,GENROU_1,1,0.9999761549331126,1.0000115144594313,2.384506688735133e-05,GENROU_3,3,GENROU_2,2,1.4706698444914936,2.0258615094758468,GENROU_5,8,GENROU_2,2
616,2,2.83,0.02,0.001,NEXT_STEP,1,0.0360289604843962,0.016980699164869,1.0301097844547291,-0.0372378347262899,,,,,,,,Line_3,2,3,1.0,1.0301097844547291,-0.0372378347262899,1.0105211174646327,-0.0680045401158657,1.762802368345092,Line_3,2,3,1.0,11.400212746379662,63.25420185667371,51.85398911029405,GENROU_4,6,GENROU_1,1,0.9999758981227476,1.000012036383282,2.410187725232493e-05,GENROU_3,3,GENROU_2,2,1.4706726109139685,2.025935563451182,GENROU_5,8,GENROU_2,2
618,2,2.85,0.02,0.001,NEXT_STEP,0,0.0360289632009579,0.0169807455351119,1.0301030389679835,-0.0372378429759761,,,,,,,,Line_3,2,3,1.0,1.0301030389679835,-0.0372378429759761,1.010509231234047,-0.0680296372597371,1.764239856094548,Line_3,2,3,1.0,11.401519938643531,63.25528589218401,51.85376595354048,GENROU_4,6,GENROU_1,1,0.9999751986659772,1.0000139043157097,2.480133402293916e-05,GENROU_3,3,GENROU_2,2,1.4706833430693091,2.0262226554799283,GENROU_5,8,GENROU_2,2
620,2,2.855,0.02,0.001,NEXT_STEP,1,0.0360288143874665,0.0169807841467545,1.030101448382398,-0.0372377888098829,,,,,,,,Line_3,2,3,1.0,1.030101448382398,-0.0372377888098829,1.0105063319826637,-0.0680357277811446,1.764591920754782,Line_3,2,3,1.0,11.40182492271912,63.2554869248911,51.85366200217198,GENROU_4,6,GENROU_1,1,0.9999751050292298,1.0000143149301577,2.489497077018399e-05,GENROU_3,3,GENROU_2,2,1.4706859462938346,2.026291952715656,GENROU_5,8,GENROU_2,2
622,2,2.875,0.02,0.001,NEXT_STEP,0,0.0360288171219481,0.0169808305333117,1.0300954687313089,-0.0372374288564053,,,,,,,,Line_3,2,3,1.0,1.0300954687313089,-0.0372374288564053,1.010495075321237,-0.0680592322873568,1.765959253575346,Line_3,2,3,1.0,11.402951985006542,63.25602776843271,51.85307578342616,GENROU_4,6,GENROU_1,1,0.9999750388785776,1.0000157320678962,2.4961121422251157e-05,GENROU_3,3,GENROU_2,2,1.4706958375957375,2.026558547616075,GENROU_5,8,GENROU_2,2
624,2,2.88,0.02,0.001,NEXT_STEP,1,0.0360286917488997,0.0169808653390187,1.0300940698566887,-0.0372372765137531,,,,,,,,Line_3,2,3,1.0,1.0300940698566887,-0.0372372765137531,1.010492353870638,-0.0680648456612875,1.7662896048014431,Line_3,2,3,1.0,11.40320929995194,63.256099070718136,51.8528897707662,GENROU_4,6,GENROU_1,1,0.9999750979101718,1.0000160292735432,2.4902089828193752e-05,GENROU_3,3,GENROU_2,2,1.4706981864085664,2.026622411545299,GENROU_5,8,GENROU_2,2
626,2,2.9,0.02,0.001,NEXT_STEP,0,0.0360287108666219,0.0169809024083216,1.0300888497576417,-0.0372364818344683,,,,,,,,Line_3,2,3,1.0,1.0300888497576417,-0.0372364818344683,1.0104818763327887,-0.0680861445180088,1.7675554711690893,Line_3,2,3,1.0,11.40413729935621,63.25615024853011,51.852012949173904,GENROU_4,6,GENROU_1,1,0.9999756159995988,1.000016993969072,2.4384000401056483e-05,GENROU_3,3,GENROU_2,2,1.4707069202377414,2.0268664110549985,GENROU_5,8,GENROU_2,2
628,2,2.905,0.02,0.001,NEXT_STEP,1,0.0360286015664734,0.0169809276376013,1.0300876378962265,-0.03723621214241,,,,,,,,Line_3,2,3,1.0,1.0300876378962265,-0.03723621214241,1.010479365103662,-0.068091137304335,1.7678569889703226,Line_3,2,3,1.0,11.404343077371228,63.256107317027904,51.851764239656674,GENROU_4,6,GENROU_1,1,0.9999758137866106,1.0000171790112196,2.418621338939886e-05,GENROU_3,3,GENROU_2,2,1.4707089475461013,2.026924465046767,GENROU_5,8,GENROU_2,2
630,2,2.925,0.02,0.001,NEXT_STEP,0,0.0360286136140167,0.0169809591833911,1.0300831432279538,-0.0372349016139361,,,,,,,,Line_3,2,3,1.0,1.0300831432279538,-0.0372349016139361,1.010469774248433,-0.0681097017684208,1.7689957421618203,Line_3,2,3,1.0,11.4050600364117,63.255737884903525,51.85067784849183,GENROU_4,6,GENROU_1,1,0.9999768547818776,1.0000177024385228,2.314521812252224e-05,GENROU_3,3,GENROU_2,2,1.4707163009907895,2.027144910704096,GENROU_5,8,GENROU_2,2
632,2,2.93,0.02,0.001,NEXT_STEP,1,0.0360285041503292,0.0169809842756531,1.0300821061794343,-0.0372344926036993,,,,,,,,Line_3,2,3,1.0,1.0300821061794343,-0.0372344926036993,1.0104674945487035,-0.0681139530917064,1.769262759603805,Line_3,2,3,1.0,11.405212173390863,63.25559955157173,51.85038737818086,GENROU_4,6,GENROU_1,1,0.9999771746915884,1.000017779608141,2.282530841168917e-05,GENROU_3,3,GENROU_2,2,1.4707179624132294,2.0271970479444708,GENROU_5,8,GENROU_2,2
634,2,2.95,0.02,0.001,NEXT_STEP,0,0.0360285162228957,0.0169810158438167,1.0300782800887662,-0.0372325830026859,,,,,,,,Line_3,2,3,1.0,1.0300782800887662,-0.0372325830026859,1.010458858334201,-0.0681293525768969,1.770254497190507,Line_3,2,3,1.0,11.405713209513392,63.25488971968507,51.84917651017168,GENROU_4,6,GENROU_1,1,0.9999786677584258,1.0000178843818175,2.1332241574190117e-05,GENROU_3,3,GENROU_2,2,1.4707238034463568,2.0273940062999563,GENROU_5,8,GENROU_2,2
636,2,2.955,0.02,0.001,NEXT_STEP,1,0.0360284301863941,0.0169810371189297,1.0300774016508745,-0.0372320157401283,,,,,,,,Line_3,2,3,1.0,1.0300774016508745,-0.0372320157401283,1.010456822811661,-0.0681327688015439,1.7704827341950704,Line_3,2,3,1.0,11.405811376476557,63.25467705197914,51.84886567550258,GENROU_4,6,GENROU_1,1,0.9999790911327806,1.000017860639735,2.090886721939356e-05,GENROU_3,3,GENROU_2,2,1.4707250768147742,2.027440362020787,GENROU_5,8,GENROU_2,2
638,2,2.975,0.02,0.001,NEXT_STEP,0,0.0360284351973664,0.0169810631709652,1.03007417282043,-0.0372294243048676,,,,,,,,Line_3,2,3,1.0,1.03007417282043,-0.0372294243048676,1.0104491748682711,-0.0681446746690273,1.7713133684566458,Line_3,2,3,1.0,11.406098644268363,63.25371381244364,51.84761516817528,GENROU_4,6,GENROU_1,1,0.9999809587248198,1.0000175793026214,1.904127518015386e-05,GENROU_3,3,GENROU_2,2,1.4707293556303658,2.0276147877445894,GENROU_5,8,GENROU_2,2
640,2,2.98,0.02,0.001,NEXT_STEP,1,0.036028372446327,0.0169810805118762,1.030073433500216,-0.0372286787568891,,,,,,,,Line_3,2,3,1.0,1.030073433500216,-0.0372286787568891,1.010447387718901,-0.0681471868443833,1.7715000222545143,Line_3,2,3,1.0,11.40614424372829,63.253449036365744,51.84730479263745,GENROU_4,6,GENROU_1,1,0.9999814655776208,1.000017463867786,1.8534422379312687e-05,GENROU_3,3,GENROU_2,2,1.4707302378027225,2.027655695119373,GENROU_5,8,GENROU_2,2
642,2,3.0,0.02,0.001,NEXT_STEP,0,0.0360283704005075,0.0169811010518563,1.0300707195022083,-0.037225328944714,,,,,,,,Line_3,2,3,1.0,1.0300707195022083,-0.037225328944714,1.0104407298346436,-0.0681553754300768,1.772161123754728,Line_3,2,3,1.0,11.406226659235944,63.252321974143456,51.84609531490752,GENROU_4,6,GENROU_1,1,0.99998362618383,1.0000168370598892,1.6837059889196482e-05,GENROU_3,3,GENROU_2,2,1.4707329753545535,2.027809239907409,GENROU_5,8,GENROU_2,2
644,2,3.005,0.02,0.001,NEXT_STEP,1,0.0360283309298747,0.0169811144541583,1.0300700978469872,-0.0372243870749433,,,,,,,,Line_3,2,3,1.0,1.0300700978469872,-0.0372243870749433,1.0104391879461323,-0.0681569407709517,1.772304776343077,Line_3,2,3,1.0,11.406222734033117,63.25202746391688,51.84580472988376,GENROU_4,6,GENROU_1,1,0.9999841958724572,1.0000166409621067,1.664096210673982e-05,GENROU_3,3,GENROU_2,2,1.4707334795944105,2.0278451839289646,GENROU_5,8,GENROU_2,2
646,2,3.025,0.02,0.001,NEXT_STEP,0,0.0360283218322197,0.0169811294864711,1.0300678110799344,-0.0372202119649863,,,,,,,,Line_3,2,3,1.0,1.0300678110799344,-0.0372202119649863,1.0104334950477252,-0.0681612919176772,1.772793294866034,Line_3,2,3,1.0,11.406115601823716,63.25082489731941,51.84470929549569,GENROU_4,6,GENROU_1,1,0.9999865666313444,1.0000157156699534,1.5715669953397793e-05,GENROU_3,3,GENROU_2,2,1.470734756493794,2.0279800210078487,GENROU_5,8,GENROU_2,2
648,2,3.03,0.02,0.001,NEXT_STEP,1,0.0360282821815426,0.016981142737385,1.03006728492204,-0.0372190563575309,,,,,,,,Line_3,2,3,1.0,1.03006728492204,-0.0372190563575309,1.0104321890593206,-0.0681618915846579,1.7728938646831125,Line_3,2,3,1.0,11.40606678972384,63.25052225897799,51.84445546925415,GENROU_4,6,GENROU_1,1,0.9999871784905808,1.0000154512904538,1.5451290453771804e-05,GENROU_3,3,GENROU_2,2,1.470734909441456,2.0280115953217277,GENROU_5,8,GENROU_2,2
650,2,3.05,0.02,0.001,NEXT_STEP,0,0.0360282731274605,0.0169811578083029,1.0300653369968935,-0.0372139997943703,,,,,,,,Line_3,2,3,1.0,1.0300653369968935,-0.0372139997943703,1.010427413674151,-0.0681623827248819,1.7732117246730468,Line_3,2,3,1.0,11.405792000998666,63.24932781507177,51.84353581407311,GENROU_4,6,GENROU_1,1,0.9999896776278188,1.0000142789864128,1.4278986412818996e-05,GENROU_3,3,GENROU_2,2,1.4707348535820095,2.028130248772729,GENROU_5,8,GENROU_2,2
652,2,3.055,0.02,0.001,NEXT_STEP,1,0.0360282334283672,0.0169811710162168,1.030064884811521,-0.0372126176513835,,,,,,,,Line_3,2,3,1.0,1.030064884811521,-0.0372126176513835,1.0104263295329423,-0.0681620225389151,1.7732702784971366,Line_3,2,3,1.0,11.405704588022967,63.249037110379234,51.84333252235626,GENROU_4,6,GENROU_1,1,0.999990311549412,1.000013959594947,1.3959594947321465e-05,GENROU_3,3,GENROU_2,2,1.4707346921037894,2.028158114114064,GENROU_5,8,GENROU_2,2
654,2,3.075,0.02,0.001,NEXT_STEP,0,0.0360282478792671,0.0169811823396166,1.0300631926262955,-0.0372066375023061,,,,,,,,Line_3,2,3,1.0,1.0300631926262955,-0.0372066375023061,1.0104224080964743,-0.0681587226855618,1.7734238481299656,Line_3,2,3,1.0,11.4052900435265,63.24792689473409,51.8426368512076,GENROU_4,6,GENROU_1,1,0.999992860566736,1.0000125944006697,1.259440066947448e-05,GENROU_3,3,GENROU_2,2,1.4707334649759018,2.028263290774372,GENROU_5,8,GENROU_2,2
656,2,3.08,0.02,0.001,NEXT_STEP,1,0.0360282009046797,0.0169811898497754,1.0300627951337884,-0.0372050189650858,,,,,,,,Line_3,2,3,1.0,1.0300627951337884,-0.0372050189650858,1.010421528608605,-0.0681574298160651,1.7734425075160516,Line_3,2,3,1.0,11.405171617717588,63.24766598399226,51.84249436627468,GENROU_4,6,GENROU_1,1,0.999993497514101,1.0000122337066228,1.2233706622843954e-05,GENROU_3,3,GENROU_2,2,1.4707330326653405,2.028288131119869,GENROU_5,8,GENROU_2,2
658,2,3.1,0.02,0.001,NEXT_STEP,0,0.0360282154028972,0.0169812012150664,1.0300612831923646,-0.0371980833666391,,,,,,,,Line_3,2,3,1.0,1.0300612831923646,-0.0371980833666391,1.0104183849839576,-0.0681504875861273,1.7734421275596048,Line_3,2,3,1.0,11.40464961555155,63.24670626024653,51.842056644694985,GENROU_4,6,GENROU_1,1,0.9999960231204046,1.0000107306662191,1.0730666219149754e-05,GENROU_3,3,GENROU_2,2,1.4707308149547929,2.0283825451523976,GENROU_5,8,GENROU_2,2
660,2,3.105,0.02,0.001,NEXT_STEP,1,0.0360281683760884,0.0169812086788865,1.0300609220744978,-0.0371962236826144,,,,,,,,Line_3,2,3,1.0,1.0300609220744978,-0.0371962236826144,1.01041768952748,-0.0681483096819482,1.7734238948877987,Line_3,2,3,1.0,11.404508667053111,63.2464903164871,51.84198164943398,GENROU_4,6,GENROU_1,1,0.9999966455709698,1.0000103423967042,1.0342396704166036e-05,GENROU_3,3,GENROU_2,2,1.4707301583958816,2.028405026672749,GENROU_5,8,GENROU_2,2
662,2,3.125,0.02,0.001,NEXT_STEP,0,0.0360281829252689,0.0169812200893774,1.0300595247765054,-0.0371883199129824,,,,,,,,Line_3,2,3,1.0,1.0300595247765054,-0.0371883199129824,1.010415239310524,-0.0681379490492064,1.7732831270007523,Line_3,2,3,1.0,11.40391437168064,63.2457358685983,51.84182149691766,GENROU_4,6,GENROU_1,1,0.9999984811305672,1.000008755817657,8.755817656913578e-06,GENROU_1,1,GENROU_2,2,1.4707271404062277,2.028491264370656,GENROU_5,8,GENROU_2,2
664,2,3.13,0.02,0.001,NEXT_STEP,1,0.0360281593051777,0.0169812237185667,1.0300591851490093,-0.0371862201688909,,,,,,,,Line_3,2,3,1.0,1.0300591851490093,-0.0371862201688909,1.01041470625585,-0.0681349518429234,1.7732317062049106,Line_3,2,3,1.0,11.403759925328092,63.24557704059743,51.841817115269336,GENROU_4,6,GENROU_1,1,0.999998560792522,1.000008353320505,8.353320505083417e-06,GENROU_4,6,GENROU_2,2,1.4707263075690424,2.028512009079213,GENROU_5,8,GENROU_2,2
666,2,3.15,0.02,0.001,NEXT_STEP,0,0.0360281433534679,0.0169812334183057,1.0300578492747183,-0.0371773505252685,,,,,,,,Line_3,2,3,1.0,1.0300578492747183,-0.0371773505252685,1.0104128609764969,-0.0681214579062452,1.7729667537295768,Line_3,2,3,1.0,11.403129955555295,63.24507012767644,51.84194017212114,GENROU_4,6,GENROU_1,1,0.9999985301794168,1.0000067352929478,6.73529294781261e-06,GENROU_4,6,GENROU_2,2,1.470722678877975,2.028592430194524,GENROU_5,8,GENROU_2,2
668,2,3.155,0.02,0.001,NEXT_STEP,1,0.0360281267742779,0.016981242545624,1.0300575185261538,-0.0371750127235138,,,,,,,,Line_3,2,3,1.0,1.0300575185261538,-0.0371750127235138,1.0104124672771453,-0.0681177191044182,1.7728864823383503,Line_3,2,3,1.0,11.402971233379656,63.24497735511552,51.84200612173586,GENROU_4,6,GENROU_1,1,0.9999985310867024,1.0000063311947702,6.331194770226034e-06,GENROU_4,6,GENROU_2,2,1.4707217161198023,2.0286119907849622,GENROU_5,8,GENROU_2,2
670,2,3.175,0.02,0.001,NEXT_STEP,0,0.0360281343347895,0.0169812485042855,1.0300562020495287,-0.0371652049930337,,,,,,,,Line_3,2,3,1.0,1.0300562020495287,-0.0371652049930337,1.010411136591307,-0.0681014337621428,1.7725153425211602,Line_3,2,3,1.0,11.40234236427148,63.24474725891187,51.84240489464039,GENROU_4,6,GENROU_1,1,0.9999985679265738,1.0000047302720134,4.730272013420134e-06,GENROU_4,6,GENROU_2,2,1.4707176581055474,2.028688645494436,GENROU_5,8,GENROU_2,2
672,2,3.18,0.02,0.001,NEXT_STEP,1,0.0360280870213728,0.016981255722211,1.0300558725915177,-0.0371626337665984,,,,,,,,Line_3,2,3,1.0,1.0300558725915177,-0.0371626337665984,1.0104108605075914,-0.0680970410196255,1.77241097733733,Line_3,2,3,1.0,11.402188470267776,63.24472622806868,51.842537757800905,GENROU_4,6,GENROU_1,1,0.9999985853957656,1.000005092917314,5.092917313875844e-06,GENROU_4,6,GENROU_3,3,1.4707166096005682,2.0287074920976678,GENROU_5,8,GENROU_2,2
674,2,3.2,0.02,0.001,NEXT_STEP,0,0.0360281017234138,0.0169812672682847,1.0300545459761568,-0.0371519247595282,,,,,,,,Line_3,2,3,1.0,1.0300545459761568,-0.0371519247595282,1.0104099551440435,-0.0680783393672824,1.771953032496043,Line_3,2,3,1.0,11.401596442992735,63.24478934862429,51.843192905631554,GENROU_4,6,GENROU_1,1,0.9999986867301458,1.0000069448160478,6.944816047793623e-06,GENROU_4,6,GENROU_3,3,1.4707122878583534,2.0287820739790043,GENROU_5,8,GENROU_2,2
676,2,3.205,0.02,0.001,NEXT_STEP,1,0.0360280779544018,0.016981270765394,1.0300542116831584,-0.0371491363613868,,,,,,,,Line_3,2,3,1.0,1.0300542116831584,-0.0371491363613868,1.0104097747790175,-0.0680733936837213,1.771829429146294,Line_3,2,3,1.0,11.401456088315577,63.2448425838119,51.843386495496325,GENROU_4,6,GENROU_1,1,0.9999987197824026,1.000007375075925,7.3750759250756914e-06,GENROU_4,6,GENROU_3,3,1.470711192611591,2.028800581031428,GENROU_5,8,GENROU_2,2
678,2,3.225,0.02,0.001,NEXT_STEP,0,0.0360280621556477,0.0169812806006795,1.0300528597323266,-0.0371375766462601,,,,,,,,Line_3,2,3,1.0,1.0300528597323266,-0.0371375766462601,1.0104092107534035,-0.0680526758559494,1.7713047079434148,Line_3,2,3,1.0,11.4009345578465,63.24520302809251,51.844268470246014,GENROU_4,6,GENROU_1,1,0.9999988808156656,1.000008959363263,8.959363263061348e-06,GENROU_4,6,GENROU_3,3,1.4707067530675646,2.0288743884209226,GENROU_5,8,GENROU_2,2
680,2,3.23,0.02,0.001,NEXT_STEP,1,0.0360280454313749,0.0169812895993525,1.0300525172638073,-0.0371345847682721,,,,,,,,Line_3,2,3,1.0,1.0300525172638073,-0.0371345847682721,1.0104091049954045,-0.0680472789736358,1.7711669113458584,Line_3,2,3,1.0,11.400815809742417,63.245330091663135,51.84451428192072,GENROU_4,6,GENROU_1,1,0.999998928045762,1.0000093198256284,9.319825628351095e-06,GENROU_4,6,GENROU_3,3,1.4707056443453277,2.028892828791184,GENROU_5,8,GENROU_2,2
682,2,3.25,0.02,0.001,NEXT_STEP,0,0.0360280531384881,0.0169812956879891,1.0300511340842644,-0.0371222460727469,,,,,,,,Line_3,2,3,1.0,1.0300511340842644,-0.0371222460727469,1.010408802775133,-0.0680249643307944,1.7705953316680052,Line_3,2,3,1.0,11.400395420651346,63.24598067159752,51.84558525094617,GENROU_4,6,GENROU_1,1,0.9999991424073384,1.00001061639718,1.0616397180029937e-05,GENROU_4,6,GENROU_3,3,1.4707012094522078,2.0289667566250915,GENROU_5,8,GENROU_2,2
684,2,3.255,0.02,0.001,NEXT_STEP,1,0.0360280056913849,0.0169813027872546,1.03005078457641,-0.0371190655116964,,,,,,,,Line_3,2,3,1.0,1.03005078457641,-0.0371190655116964,1.0104087532972428,-0.0680192186561345,1.770448361484199,Line_3,2,3,1.0,11.400305490268147,63.24617845789842,51.84587296763028,GENROU_4,6,GENROU_1,1,0.999999021164662,1.00001090325963,1.0903259630046236e-05,GENROU_2,2,GENROU_3,3,1.4707001152082897,2.02898530607357,GENROU_5,8,GENROU_2,2
686,2,3.275,0.02,0.001,NEXT_STEP,0,0.0360280205300359,0.0169813144545142,1.0300493738922785,-0.0371060222691137,,,,,,,,Line_3,2,3,1.0,1.0300493738922785,-0.0371060222691137,1.0104086396175984,-0.0679957225229088,1.7698494549666464,Line_3,2,3,1.0,11.400013105366485,63.2471020290642,51.84708892369772,GENROU_4,6,GENROU_1,1,0.9999978705293212,1.0000119016196332,1.1901619633158944e-05,GENROU_2,2,GENROU_3,3,1.4706957815186674,2.0290598682574,GENROU_5,8,GENROU_2,2
688,2,3.28,0.02,0.001,NEXT_STEP,1,0.0360279731810642,0.0169813216324257,1.030049018964179,-0.0371026757431457,,,,,,,,Line_3,2,3,1.0,1.030049018964179,-0.0371026757431457,1.0104086288843308,-0.0679897330983502,1.769698028031712,Line_3,2,3,1.0,11.399958176397371,63.24736513770034,51.847406961302966,GENROU_4,6,GENROU_1,1,0.9999976045275578,1.0000121134207554,1.2113420755355264e-05,GENROU_2,2,GENROU_3,3,1.470694722598599,2.029078608810963,GENROU_5,8,GENROU_2,2
690,2,3.3,0.02,0.001,NEXT_STEP,0,0.036027988059517,0.0169813333350244,1.0300475939642142,-0.0370890112673448,,,,,,,,Line_3,2,3,1.0,1.0300475939642142,-0.0370890112673448,1.0104086390678289,-0.0679654619807087,1.769090312219447,Line_3,2,3,1.0,11.399816268866092,63.24853619502067,51.84871992615458,GENROU_4,6,GENROU_1,1,0.9999966308002486,1.0000128121372582,1.2812137258233491e-05,GENROU_2,2,GENROU_3,3,1.4706905618829789,2.029153963058977,GENROU_5,8,GENROU_2,2
692,2,3.305,0.02,0.001,NEXT_STEP,1,0.0360279641359754,0.0169813366950108,1.030047237709061,-0.0370855224717828,,,,,,,,Line_3,2,3,1.0,1.030047237709061,-0.0370855224717828,1.0104086519648456,-0.0679593297696183,1.768938855666164,Line_3,2,3,1.0,11.399801365093252,63.24885735060625,51.849055985513,GENROU_4,6,GENROU_1,1,0.9999964108395296,1.0000129495976666,1.2949597666622736e-05,GENROU_2,2,GENROU_3,3,1.4706895529834747,2.029172892822971,GENROU_5,8,GENROU_2,2
694,2,3.325,0.02,0.001,NEXT_STEP,0,0.0360279484961851,0.0169813466710992,1.030045817773678,-0.0370713225036825,,,,,,,,Line_3,2,3,1.0,1.030045817773678,-0.0370713225036825,1.0104087291918096,-0.0679346688041665,1.768339484668445,Line_3,2,3,1.0,11.399827573223767,63.25024378024321,51.85041620701944,GENROU_4,6,GENROU_1,1,0.9999956264975872,1.000013355586285,1.3355586284680143e-05,GENROU_2,2,GENROU_3,3,1.4706856115297895,2.029248880070227,GENROU_5,8,GENROU_2,2
696,2,3.33,0.02,0.001,NEXT_STEP,1,0.0360279316360912,0.0169813555493697,1.0300454647555912,-0.0370677124016859,,,,,,,,Line_3,2,3,1.0,1.0300454647555912,-0.0370677124016859,1.0104087518450535,-0.0679284863438013,1.768192099390518,Line_3,2,3,1.0,11.399856468998031,63.25061428530913,51.8507578163111,GENROU_4,6,GENROU_1,1,0.999995454875785,1.000013421409563,1.3421409563063593e-05,GENROU_2,2,GENROU_3,3,1.4706846609661857,2.029267923349532,GENROU_5,8,GENROU_2,2
698,2,3.35,0.02,0.001,NEXT_STEP,0,0.0360279160284913,0.0169813655540028,1.030044071801077,-0.0370530698043709,,,,,,,,Line_3,2,3,1.0,1.030044071801077,-0.0370530698043709,1.010408846260512,-0.0679037959150959,1.7676164010586035,Line_3,2,3,1.0,11.400063321781747,63.25217920566473,51.85211588388299,GENROU_4,6,GENROU_1,1,0.9999948659356512,1.0000135490346065,1.3549034606485932e-05,GENROU_2,2,GENROU_3,3,1.4706809628492237,2.029344125230684,GENROU_5,8,GENROU_2,2
700,2,3.355,0.02,0.001,NEXT_STEP,1,0.036027899147638,0.0169813744138829,1.0300437286026896,-0.037049360339192,,,,,,,,Line_3,2,3,1.0,1.0300437286026896,-0.037049360339192,1.0104088676841654,-0.0678976481191383,1.7674766949959064,Line_3,2,3,1.0,11.40013849387443,63.25258940301478,51.85245090914035,GENROU_4,6,GENROU_1,1,0.9999947433767816,1.0000135476612158,1.354766121575146e-05,GENROU_2,2,GENROU_3,3,1.4706800743384332,2.0293631525287354,GENROU_5,8,GENROU_2,2
702,2,3.375,0.02,0.001,NEXT_STEP,0,0.03602790701972,0.0169813806487983,1.0300423876135931,-0.0370343660495467,,,,,,,,Line_3,2,3,1.0,1.0300423876135931,-0.0370343660495467,1.0104089378602088,-0.0678732519379557,1.766938006291383,Line_3,2,3,1.0,11.40053364633416,63.25429300054645,51.853759354212286,GENROU_4,6,GENROU_1,1,0.9999943497780523,1.000013417712878,1.3417712878105448e-05,GENROU_2,2,GENROU_3,3,1.4706766238739537,2.029438965391739,GENROU_5,8,GENROU_2,2
704,2,3.38,0.02,0.001,NEXT_STEP,1,0.0360278594371983,0.0169813876277284,1.0300420612202568,-0.0370305757151284,,,,,,,,Line_3,2,3,1.0,1.0300420612202568,-0.0370305757151284,1.0104089489573205,-0.0678672117990468,1.7668091019893382,Line_3,2,3,1.0,11.400656629432609,63.254732726489976,51.85407609705737,GENROU_4,6,GENROU_1,1,0.9999942755522992,1.0000133550555763,1.3355055576536046e-05,GENROU_2,2,GENROU_3,3,1.4706757964219248,2.0294578062734736,GENROU_5,8,GENROU_2,2
706,2,3.4,0.02,0.001,NEXT_STEP,0,0.036027874420953,0.0169813994237558,1.0300407975536985,-0.0370153052266819,,,,,,,,Line_3,2,3,1.0,1.0300407975536985,-0.0370153052266819,1.0104089607008049,-0.0678433816770467,1.7663186711125434,Line_3,2,3,1.0,11.401245280666052,63.25653404181748,51.85528876115143,GENROU_4,6,GENROU_1,1,0.999994071738181,1.0000129936831323,1.2993683132345168e-05,GENROU_2,2,GENROU_3,3,1.4706725802999128,2.0295324875504224,GENROU_5,8,GENROU_2,2
708,2,3.405,0.02,0.001,NEXT_STEP,1,0.0360278504163113,0.0169814027117629,1.0300404939754215,-0.0370114566421513,,,,,,,,Line_3,2,3,1.0,1.0300404939754215,-0.0370114566421513,1.0104089538943055,-0.0678375143293232,1.7662030045017616,Line_3,2,3,1.0,11.40141697692209,63.25699306417164,51.855576087249545,GENROU_4,6,GENROU_1,1,0.9999940438147932,1.0000128768490637,1.2876849063481188e-05,GENROU_2,2,GENROU_3,3,1.4706718084713557,2.029550944283694,GENROU_5,8,GENROU_2,2
710,2,3.425,0.02,0.001,NEXT_STEP,0,0.036027834864557,0.0169814127659042,1.0300393340658516,-0.036995974942799,,,,,,,,Line_3,2,3,1.0,1.0300393340658516,-0.036995974942799,1.010408881603439,-0.0678144719474525,1.765769809303208,Line_3,2,3,1.0,11.4022003861538,63.258851674592194,51.85665128843839,GENROU_4,6,GENROU_1,1,0.9999940193763508,1.0000123144040671,1.2314404067348406e-05,GENROU_2,2,GENROU_3,3,1.470668798514166,2.0296236696117447,GENROU_5,8,GENROU_2,2
712,2,3.43,0.02,0.001,NEXT_STEP,1,0.0360278179408402,0.0169814215876993,1.0300390585743204,-0.0369920826500779,,,,,,,,Line_3,2,3,1.0,1.0300390585743204,-0.0369920826500779,1.010408850517636,-0.0678088263029676,1.7656693496471405,Line_3,2,3,1.0,11.402420510436317,63.259320091995846,51.85689958155953,GENROU_4,6,GENROU_1,1,0.9999940346047076,1.000012151406934,1.2151406934002296e-05,GENROU_2,2,GENROU_3,3,1.4706680731444883,2.029641529278213,GENROU_5,8,GENROU_2,2
714,2,3.45,0.02,0.001,NEXT_STEP,0,0.0360278258611715,0.0169814278654608,1.0300380237866456,-0.0369764547187593,,,,,,,,Line_3,2,3,1.0,1.0300380237866456,-0.0369764547187593,1.0104086734647646,-0.0677867502037664,1.7652998968418672,Line_3,2,3,1.0,11.40339521592997,63.26119761071487,51.8578023947849,GENROU_4,6,GENROU_1,1,0.9999941749561084,1.000011421250776,1.1421250776022518e-05,GENROU_2,2,GENROU_3,3,1.4706652299248788,2.029711444754031,GENROU_5,8,GENROU_2,2
716,2,3.455,0.02,0.001,NEXT_STEP,1,0.0360278017043413,0.0169814310267483,1.0300377825947176,-0.0369725314116215,,,,,,,,Line_3,2,3,1.0,1.0300377825947176,-0.0369725314116215,1.0104086144859978,-0.0677813628736814,1.76521601450591,Line_3,2,3,1.0,11.403662327323396,63.26166619910662,51.858003871783225,GENROU_4,6,GENROU_1,1,0.9999942292436088,1.00001122070746,1.122070746006898e-05,GENROU_2,2,GENROU_3,3,1.4706645407982195,2.029728497664573,GENROU_5,8,GENROU_2,2
718,2,3.475,0.02,0.001,NEXT_STEP,0,0.0360278096295975,0.016981437308851,1.03003689036056,-0.0369568051752508,,,,,,,,Line_3,2,3,1.0,1.03003689036056,-0.0369568051752508,1.0104083171222262,-0.0677603764781633,1.7649146295871674,Line_3,2,3,1.0,11.40482038396826,63.26352755487523,51.858707170906975,GENROU_4,6,GENROU_1,1,0.9999945164867252,1.0000103580622322,1.0358062232151966e-05,GENROU_2,2,GENROU_3,3,1.4706618187919094,2.0297947900487165,GENROU_5,8,GENROU_2,2
720,2,3.48,0.02,0.001,NEXT_STEP,1,0.0360277854678631,0.0169814404658632,1.03003668650442,-0.0369528627170194,,,,,,,,Line_3,2,3,1.0,1.03003668650442,-0.0369528627170194,1.0104082264994192,-0.0677552729498271,1.764848105170472,Line_3,2,3,1.0,11.405131962649556,63.26398805862154,51.85885609597199,GENROU_4,6,GENROU_1,1,0.9999946050043196,1.000010128910097,1.0128910097106925e-05,GENROU_2,2,GENROU_3,3,1.4706611540161694,2.029810841658493,GENROU_5,8,GENROU_2,2
722,2,3.5,0.02,0.001,NEXT_STEP,0,0.0360277933993088,0.0169814467534514,1.0300359484003268,-0.0369370782296633,,,,,,,,Line_3,2,3,1.0,1.0300359484003268,-0.0369370782296633,1.0104077973144583,-0.067735452351126,1.764616853024762,Line_3,2,3,1.0,11.406461306452195,63.26580251905887,51.859341212606665,GENROU_4,6,GENROU_1,1,0.9999950186748924,1.0000091697208695,9.169720869728336e-06,GENROU_2,2,GENROU_3,3,1.4706585073960792,2.029872790617782,GENROU_5,8,GENROU_2,2
724,2,3.505,0.02,0.001,NEXT_STEP,1,0.0360277692352486,0.0169814499082761,1.0300357839944054,-0.0369331253420057,,,,,,,,Line_3,2,3,1.0,1.0300357839944054,-0.0369331253420057,1.0104076726170397,-0.0677306456746911,1.7645679345312146,Line_3,2,3,1.0,11.406813857725274,63.26624787332682,51.85943401560154,GENROU_4,6,GENROU_1,1,0.9999951360568394,1.0000089209429623,8.920942962342693e-06,GENROU_2,2,GENROU_3,3,1.470657855800117,2.0298876786892768,GENROU_5,8,GENROU_2,2
726,2,3.525,0.02,0.001,NEXT_STEP,0,0.0360277771691043,0.0169814561980565,1.030035205247706,-0.0369173123534539,,,,,,,,Line_3,2,3,1.0,1.030035205247706,-0.0369173123534539,1.0104071034241535,-0.0677120202713332,1.7644067950325848,Line_3,2,3,1.0,11.40829877060984,63.26798980807209,51.85969103746225,GENROU_4,6,GENROU_1,1,0.9999956539441086,1.0000079008284328,7.900828432827467e-06,GENROU_2,2,GENROU_3,3,1.4706552420903285,2.029944717844005,GENROU_5,8,GENROU_2,2
728,2,3.53,0.02,0.001,NEXT_STEP,1,0.0360277530039102,0.016981459351895,1.030035080766445,-0.0369133551830952,,,,,,,,Line_3,2,3,1.0,1.030035080766445,-0.0369133551830952,1.010406942961264,-0.0677075121956679,1.7643752304836084,Line_3,2,3,1.0,11.408687952601593,63.2684142950483,51.85972634244671,GENROU_4,6,GENROU_1,1,0.9999957944880252,1.0000076412020855,7.641202085517662e-06,GENROU_2,2,GENROU_3,3,1.4706545937418642,2.029958323131353,GENROU_5,8,GENROU_2,2
730,2,3.55,0.02,0.001,NEXT_STEP,0,0.0360277609401789,0.0169814656438314,1.0300346599596983,-0.0368975332580444,,,,,,,,Line_3,2,3,1.0,1.0300346599596983,-0.0368975332580444,1.0104062282199495,-0.0676900679690274,1.764282279449418,Line_3,2,3,1.0,11.410309612275928,63.270063665898434,51.85975405362251,GENROU_4,6,GENROU_1,1,0.9999963934199286,1.0000065944991132,6.59449911322163e-06,GENROU_2,2,GENROU_3,3,1.4706519768854498,2.030010071158875,GENROU_5,8,GENROU_2,2
732,2,3.555,0.02,0.001,NEXT_STEP,1,0.0360277602323451,0.0169814650082833,1.0300345743027202,-0.0368935774994942,,,,,,,,Line_3,2,3,1.0,1.0300345743027202,-0.0368935774994942,1.0104060310505498,-0.0676858512707594,1.7642673287048751,Line_3,2,3,1.0,11.410730382232645,63.27046300417868,51.85973262194604,GENROU_4,6,GENROU_1,1,0.9999965512760666,1.0000063323692134,6.332369213435385e-06,GENROU_2,2,GENROU_3,3,1.4706513238209225,2.030022323532129,GENROU_5,8,GENROU_2,2
734,2,3.575,0.02,0.001,NEXT_STEP,0,0.0360277610754767,0.0169814657555298,1.0300343043357336,-0.0368777563876605,,,,,,,,Line_3,2,3,1.0,1.0300343043357336,-0.0368777563876605,1.0104051679923387,-0.0676695349946032,1.76423895787903,Line_3,2,3,1.0,11.412467475090734,63.27200559141831,51.85953811632758,GENROU_4,6,GENROU_1,1,0.9999972078537276,1.0000052912853807,5.2912853807374205e-06,GENROU_2,2,GENROU_3,3,1.4706486764185278,2.0300686014265192,GENROU_5,8,GENROU_2,2
736,2,3.58,0.02,0.001,NEXT_STEP,1,0.0360277367751605,0.0169814687977728,1.0300342546063004,-0.0368737993392197,,,,,,,,Line_3,2,3,1.0,1.0300342546063004,-0.0368737993392197,1.0104049332254286,-0.0676655891967346,1.76423960248934,Line_3,2,3,1.0,11.412914248791308,63.272376960799214,51.859462712007904,GENROU_4,6,GENROU_1,1,0.9999973772111608,1.0000050343744398,5.034374439771838e-06,GENROU_2,2,GENROU_3,3,1.4706480129514097,2.03007948166509,GENROU_5,8,GENROU_2,2
738,2,3.6,0.02,0.001,NEXT_STEP,0,0.0360277447113583,0.0169814750896447,1.0300341198195608,-0.0368579805211183,,,,,,,,Line_3,2,3,1.0,1.0300341198195608,-0.0368579805211183,1.0104039189950362,-0.0676503139085932,1.7642707444620953,Line_3,2,3,1.0,11.414743630070696,63.27380435465425,51.85906072458356,GENROU_4,6,GENROU_1,1,0.9999980685150194,1.0000043091451922,4.309145192227248e-06,GENROU_2,2,GENROU_4,6,1.4706453182888817,2.030120321962858,GENROU_5,8,GENROU_2,2
740,2,3.605,0.02,0.001,NEXT_STEP,1,0.036027744003553,0.0169814744541163,1.03003410186345,-0.0368540253799726,,,,,,,,Line_3,2,3,1.0,1.03003410186345,-0.0368540253799726,1.010403646629193,-0.0676466160398787,1.7642854850865888,Line_3,2,3,1.0,11.415210451066793,63.2741463667865,51.85893591571971,GENROU_4,6,GENROU_1,1,0.999998243752129,1.000004340393125,4.340393124913078e-06,GENROU_2,2,GENROU_4,6,1.4706446419349646,2.030129867593761,GENROU_5,8,GENROU_2,2
742,2,3.625,0.02,0.001,NEXT_STEP,0,0.0360277448466502,0.0169814752012732,1.030034084287294,-0.036838201288466,,,,,,,,Line_3,2,3,1.0,1.030034084287294,-0.036838201288466,1.0104024820744084,-0.0676322653812075,1.764369906569442,Line_3,2,3,1.0,11.417107824772827,63.27545572983909,51.85834790506626,GENROU_4,6,GENROU_1,1,0.9999989479149728,1.0000044425695536,4.442569553564368e-06,GENROU_2,2,GENROU_4,6,1.4706418955643463,2.030165527040011,GENROU_5,8,GENROU_2,2
744,2,3.63,0.02,0.001,NEXT_STEP,1,0.0360277440023328,0.016981474453092,1.0300340926355973,-0.0368342434680305,,,,,,,,Line_3,2,3,1.0,1.0300340926355973,-0.0368342434680305,1.0104021721314127,-0.0676287820826167,1.7643970946684249,Line_3,2,3,1.0,11.41758853462176,63.27576834131777,51.858179806696015,GENROU_4,6,GENROU_1,1,0.9999991237497527,1.000004462330569,4.462330569054984e-06,GENROU_2,2,GENROU_4,6,1.4706412064477314,2.030173826282487,GENROU_5,8,GENROU_2,2
746,2,3.65,0.02,0.001,NEXT_STEP,0,0.036027744847874,0.0169814752024258,1.0300341676881748,-0.0368184008899549,,,,,,,,Line_3,2,3,1.0,1.0300341676881748,-0.0368184008899549,1.010400857856644,-0.0676152178741694,1.7645276356323052,Line_3,2,3,1.0,11.419529136826856,63.27696198285183,51.85743284602498,GENROU_4,6,GENROU_1,1,0.9999998205042112,1.0000045186373854,4.518637385375612e-06,GENROU_2,2,GENROU_4,6,1.4706384146840346,2.030204749395995,GENROU_5,8,GENROU_2,2
748,2,3.655,0.02,0.001,NEXT_STEP,1,0.0360277440010652,0.0169814744519586,1.0300341958748953,-0.0368144363664257,,,,,,,,Line_3,2,3,1.0,1.0300341958748953,-0.0368144363664257,1.0104005107389669,-0.067611912198438,1.764565384830462,Line_3,2,3,1.0,11.420017545132836,63.27724636980217,51.857228824669335,GENROU_4,6,GENROU_1,1,0.9999999921092888,1.0000045270113316,4.527011331578734e-06,GENROU_2,2,GENROU_4,6,1.4706377159722146,2.0302119367198244,GENROU_5,8,GENROU_2,2
750,2,3.675,0.02,0.001,NEXT_STEP,0,0.036027744846597,0.0169814752012453,1.030034336300908,-0.0367985566176977,,,,,,,,Line_3,2,3,1.0,1.030034336300908,-0.0367985566176977,1.010399049033168,-0.0675989793636146,1.7647342305597815,Line_3,2,3,1.0,11.421976807141665,63.27833116758867,51.856354360447,GENROU_4,6,GENROU_1,1,1.0000006632059917,1.0000045384311405,4.538431140455046e-06,GENROU_2,2,GENROU_4,6,1.4706348969262917,2.03023874856386,GENROU_5,8,GENROU_2,2
752,2,3.68,0.02,0.001,NEXT_STEP,1,0.0360277439985517,0.0169814744497157,1.030034377206985,-0.0367945799607716,,,,,,,,Line_3,2,3,1.0,1.030034377206985,-0.0367945799607716,1.0103986654728494,-0.0675958110098738,1.7647805429208745,Line_3,2,3,1.0,11.422466853244073,63.27858956398971,51.85612271074564,GENROU_4,6,GENROU_1,1,1.000000609031273,1.0000045357888778,4.535788877824132e-06,GENROU_3,3,GENROU_4,6,1.470634194486469,2.030245000745479,GENROU_5,8,GENROU_2,2
754,2,3.7,0.02,0.001,NEXT_STEP,0,0.0360277448452995,0.0169814752001527,1.0300345536642752,-0.0367786405934739,,,,,,,,Line_3,2,3,1.0,1.0300345536642752,-0.0367786405934739,1.0103970598874992,-0.0675833443410096,1.76497951388464,Line_3,2,3,1.0,11.424420936994704,63.279576264143294,51.85515532714859,GENROU_4,6,GENROU_1,1,0.999999962669854,1.000004503997665,4.503997665050719e-06,GENROU_3,3,GENROU_4,6,1.4706313762677103,2.03026847597364,GENROU_5,8,GENROU_2,2
756,2,3.705,0.02,0.001,NEXT_STEP,1,0.0360277674519921,0.0169814706568958,1.0300345998819125,-0.0367746480970542,,,,,,,,Line_3,2,3,1.0,1.0300345998819125,-0.0367746480970542,1.010396641086906,-0.0675802726876626,1.765032274306293,Line_3,2,3,1.0,11.424906787952631,63.27981177492219,51.85490498696956,GENROU_4,6,GENROU_1,1,0.9999998164028292,1.0000044908925985,4.490892598463248e-06,GENROU_3,3,GENROU_4,6,1.4706306782864116,2.030274001596138,GENROU_5,8,GENROU_2,2
758,2,3.725,0.02,0.001,NEXT_STEP,0,0.0360277612081333,0.0169814658647959,1.0300347831032182,-0.0367586245348363,,,,,,,,Line_3,2,3,1.0,1.0300347831032182,-0.0367586245348363,1.010394897164989,-0.0675681026000224,1.765253062136054,Line_3,2,3,1.0,11.426833236685562,63.28071420526036,51.8538809685748,GENROU_4,6,GENROU_1,1,0.9999992940380455,1.0000044194924858,4.41949248575213e-06,GENROU_3,3,GENROU_4,6,1.4706278971898117,2.0302950203200902,GENROU_5,8,GENROU_2,2
760,2,3.73,0.02,0.001,NEXT_STEP,1,0.036027760217225,0.0169814649949099,1.030034827013687,-0.0367546058428292,,,,,,,,Line_3,2,3,1.0,1.030034827013687,-0.0367546058428292,1.0103944442683113,-0.0675650824383816,1.765310273711748,Line_3,2,3,1.0,11.427309534654832,63.28093060228894,51.85362106763411,GENROU_4,6,GENROU_1,1,0.9999991795674648,1.0000043970205883,4.397020588298162e-06,GENROU_3,3,GENROU_4,6,1.4706272135072878,2.0303000484689733,GENROU_5,8,GENROU_2,2
762,2,3.75,0.02,0.001,NEXT_STEP,0,0.0360277610714756,0.0169814657519555,1.0300349858397826,-0.0367384730324959,,,,,,,,Line_3,2,3,1.0,1.0300349858397826,-0.0367384730324959,1.010392567224866,-0.0675530405266761,1.7655446649375506,Line_3,2,3,1.0,11.42918796575883,63.28176485129064,51.85257688553181,GENROU_4,6,GENROU_1,1,0.999998786292443,1.0000042900008217,4.290000821693951e-06,GENROU_3,3,GENROU_4,6,1.4706245121596648,2.030319557810776,GENROU_5,8,GENROU_2,2
764,2,3.755,0.02,0.001,NEXT_STEP,1,0.0360277602082863,0.0169814649869953,1.0300350202023691,-0.0367344237236904,,,,,,,,Line_3,2,3,1.0,1.0300350202023691,-0.0367344237236904,1.01039208208157,-0.0675500315524299,1.7656042717170806,Line_3,2,3,1.0,11.42964989666124,63.28196636766533,51.852316471004094,GENROU_4,6,GENROU_1,1,0.9999987043735448,1.0000042591417095,4.259141709539449e-06,GENROU_3,3,GENROU_4,6,1.470623854315482,2.030324332727694,GENROU_5,8,GENROU_2,2
766,2,3.775,0.02,0.001,NEXT_STEP,0,0.0360277610687741,0.0169814657495764,1.030035127359158,-0.0367181561177547,,,,,,,,Line_3,2,3,1.0,1.030035127359158,-0.0367181561177547,1.0103900802249512,-0.0675379547641485,1.7658443878813728,Line_3,2,3,1.0,11.43146229053763,63.28274995121938,51.85128766068175,GENROU_4,6,GENROU_1,1,0.9999984412446772,1.0000041213006996,4.121300699599928e-06,GENROU_3,3,GENROU_4,6,1.4706212801526184,2.0303433220204177,GENROU_5,8,GENROU_2,2
768,2,3.78,0.02,0.001,NEXT_STEP,1,0.0360277601994396,0.0169814649791427,1.030035145523741,-0.0367140701097187,,,,,,,,Line_3,2,3,1.0,1.030035145523741,-0.0367140701097187,1.0103895650132764,-0.0675349174870987,1.7659044757407116,Line_3,2,3,1.0,11.431905682346176,63.28294107276243,51.85103539041626,GENROU_4,6,GENROU_1,1,0.9999983916593856,1.0000041097678571,4.109767857141122e-06,GENROU_3,3,GENROU_5,8,1.4706206601910965,2.030348090470843,GENROU_5,8,GENROU_2,2
770,2,3.8,0.02,0.001,NEXT_STEP,0,0.036027761066104,0.0169814657472138,1.0300351758593222,-0.0366976446206162,,,,,,,,Line_3,2,3,1.0,1.0300351758593222,-0.0366976446206162,1.0103874478007897,-0.0675226539306814,1.7661429369182144,Line_3,2,3,1.0,11.433636751374788,63.283692120599774,51.85005536922499,GENROU_4,6,GENROU_1,1,0.999998256000261,1.0000040701261617,4.07012616165936e-06,GENROU_3,3,GENROU_5,8,1.470618261600927,2.030367530277047,GENROU_5,8,GENROU_2,2
772,2,3.805,0.02,0.001,NEXT_STEP,1,0.0360277601880323,0.016981464969078,1.030035171960103,-0.0366935164886115,,,,,,,,Line_3,2,3,1.0,1.030035171960103,-0.0366935164886115,1.0103869050775849,-0.0675195520841451,1.7662017387441151,Line_3,2,3,1.0,11.434058147408455,63.283877388637045,51.84981924122859,GENROU_4,6,GENROU_1,1,0.9999982376418888,1.000004056828926,4.056828926124467e-06,GENROU_3,3,GENROU_5,8,1.470617691739538,2.030372529028328,GENROU_5,8,GENROU_2,2
774,2,3.825,0.02,0.001,NEXT_STEP,0,0.036027761063382,0.0169814657448645,1.0300351039333384,-0.0366769129906349,,,,,,,,Line_3,2,3,1.0,1.0300351039333384,-0.0366769129906349,1.0103846835994896,-0.0675069643817115,1.7664318268801082,Line_3,2,3,1.0,11.435695578616428,63.28461389007611,51.84891831145968,GENROU_4,6,GENROU_1,1,0.9999982234192024,1.0000041931330077,4.193133007479588e-06,GENROU_3,3,GENROU_2,2,1.4706155161116865,2.0303933341479508,GENROU_5,8,GENROU_2,2
776,2,3.83,0.02,0.001,NEXT_STEP,1,0.0360277601741011,0.0169814649567237,1.0300350731080443,-0.036672738160202,,,,,,,,Line_3,2,3,1.0,1.0300350731080443,-0.036672738160202,1.0103841162172351,-0.0675037657313536,1.7664877578784797,Line_3,2,3,1.0,11.43609229411296,63.284797720560576,51.848705426447616,GENROU_4,6,GENROU_1,1,0.9999982343950632,1.0000042520667531,4.252066753140937e-06,GENROU_3,3,GENROU_2,2,1.470615007717347,2.030398782302257,GENROU_5,8,GENROU_2,2
778,2,3.85,0.02,0.001,NEXT_STEP,0,0.0360277610593637,0.016981465741274,1.0300348895579785,-0.0366559404838776,,,,,,,,Line_3,2,3,1.0,1.0300348895579785,-0.0366559404838776,1.010381802818014,-0.0674907341707515,1.766703540414511,Line_3,2,3,1.0,11.43762693330314,63.285536817974815,51.84790988467168,GENROU_4,6,GENROU_1,1,0.999998332657692,1.0000044477656185,4.4477656184760406e-06,GENROU_3,3,GENROU_2,2,1.4706130999084854,2.030421781468711,GENROU_5,8,GENROU_2,2
780,2,3.855,0.02,0.001,NEXT_STEP,1,0.0360277601614246,0.0169814649455054,1.0300348280728877,-0.0366517154680892,,,,,,,,Line_3,2,3,1.0,1.0300348280728877,-0.0366517154680892,1.01038121426322,-0.0674874112295779,1.76675522548274,Line_3,2,3,1.0,11.437997082373792,63.28572333952955,51.84772625715576,GENROU_4,6,GENROU_1,1,0.9999983704049888,1.0000044866719509,4.48667195085406e-06,GENROU_3,3,GENROU_2,2,1.4706126637200452,2.030427872500951,GENROU_5,8,GENROU_2,2
782,2,3.875,0.02,0.001,NEXT_STEP,0,0.0360277610553737,0.0169814657377856,1.0300345165824507,-0.036634712044816,,,,,,,,Line_3,2,3,1.0,1.0300345165824507,-0.036634712044816,1.0103788229383657,-0.0674738360963572,1.766951652033697,Line_3,2,3,1.0,11.43942299127821,63.286480765035314,51.8470577737571,GENROU_4,6,GENROU_1,1,0.9999985697669376,1.000004603665657,4.603665656688349e-06,GENROU_3,3,GENROU_2,2,1.4706110632512577,2.0304537788562267,GENROU_5,8,GENROU_2,2
784,2,3.88,0.02,0.001,NEXT_STEP,1,0.0360277601449172,0.0169814649309333,1.0300344220406965,-0.0366304345838696,,,,,,,,Line_3,2,3,1.0,1.0300344220406965,-0.0366304345838696,1.0103782167601194,-0.0674703666054476,1.7669979453067697,Line_3,2,3,1.0,11.439765496484943,63.28667368599298,51.84690818950804,GENROU_4,6,GENROU_1,1,0.9999986311778,1.000004623349095,4.62334909490103e-06,GENROU_3,3,GENROU_2,2,1.4706107084262217,2.030460674670412,GENROU_5,8,GENROU_2,2
786,2,3.9,0.02,0.001,NEXT_STEP,0,0.0360277375940894,0.0169814695236456,1.0300339752579375,-0.0366132164016506,,,,,,,,Line_3,2,3,1.0,1.0300339752579375,-0.0366132164016506,1.010375762410217,-0.0674561679142064,1.7671709493961032,Line_3,2,3,1.0,11.441079951893816,63.28746326326344,51.84638331136962,GENROU_4,6,GENROU_1,1,0.9999989183377832,1.0000046657923112,4.66579231117592e-06,GENROU_3,3,GENROU_2,2,1.4706094483208147,2.03049006450671,GENROU_5,8,GENROU_2,2
788,2,3.905,0.02,0.001,NEXT_STEP,1,0.0360277438996789,0.0169814743622484,1.030033845818531,-0.0366088860628646,,,,,,,,Line_3,2,3,1.0,1.030033845818531,-0.0366088860628646,1.010375142067338,-0.0674525355241292,1.767210938911404,Line_3,2,3,1.0,11.441394527007704,63.287665765769184,51.84627123876148,GENROU_4,6,GENROU_1,1,0.9999989998907958,1.0000046674274483,4.667427448312722e-06,GENROU_3,3,GENROU_2,2,1.4706091820038436,2.0304978903312527,GENROU_5,8,GENROU_2,2
790,2,3.925,0.02,0.001,NEXT_STEP,0,0.0360277448184162,0.016981475176402,1.0300332618279562,-0.0365914571979186,,,,,,,,Line_3,2,3,1.0,1.0300332618279562,-0.0365914571979186,1.0103726411046343,-0.0674376612148885,1.7673573041718669,Line_3,2,3,1.0,11.442597902450135,63.288499041270015,51.84590113881988,GENROU_4,6,GENROU_1,1,0.999999360129562,1.000004641101094,4.641101093882938e-06,GENROU_3,3,GENROU_2,2,1.4706082880439102,2.030531188826511,GENROU_5,8,GENROU_2,2
792,2,3.93,0.02,0.001,NEXT_STEP,1,0.0360277204285127,0.0169814781393209,1.0300330988349624,-0.0365870713642708,,,,,,,,Line_3,2,3,1.0,1.0300330988349624,-0.0365870713642708,1.0103720114500825,-0.0674338527002142,1.7673903821124668,Line_3,2,3,1.0,11.4428850172436,63.28871369971481,51.84582868247121,GENROU_4,6,GENROU_1,1,0.99999945801705,1.000004626481979,4.626481979075336e-06,GENROU_3,3,GENROU_2,2,1.4706081159177036,2.0305400310747004,GENROU_5,8,GENROU_2,2
794,2,3.95,0.02,0.001,NEXT_STEP,0,0.0360277284502709,0.0169814845070385,1.0300323800175222,-0.0365694340233558,,,,,,,,Line_3,2,3,1.0,1.0300323800175222,-0.0365694340233558,1.0103694801119738,-0.0674182680676865,1.76750799363964,Line_3,2,3,1.0,11.443980612868968,63.289599687508726,51.84561907463976,GENROU_4,6,GENROU_1,1,0.9999998757520672,1.0000045385246208,4.53852462078963e-06,GENROU_3,3,GENROU_2,2,1.470607603745884,2.030577496165897,GENROU_5,8,GENROU_2,2
796,2,3.955,0.02,0.001,NEXT_STEP,1,0.0360277041845062,0.0169814875717134,1.0300321842792848,-0.03656499700391,,,,,,,,Line_3,2,3,1.0,1.0300321842792848,-0.03656499700391,1.010368845115882,-0.067414279683441,1.7675336985431611,Line_3,2,3,1.0,11.444241437851543,63.289828424043726,51.84558698619218,GENROU_4,6,GENROU_1,1,0.999999986010632,1.0000045094885095,4.5094885094965065e-06,GENROU_3,3,GENROU_2,2,1.4706075285893707,2.0305873971665145,GENROU_5,8,GENROU_2,2
798,2,3.975,0.02,0.001,NEXT_STEP,0,0.0360277122174536,0.0169814939493213,1.030031339179354,-0.0365471606416058,,,,,,,,Line_3,2,3,1.0,1.030031339179354,-0.0365471606416058,1.0103663011029236,-0.0673979733468925,1.7676213625614992,Line_3,2,3,1.0,11.445235219322516,63.290773475608056,51.845538256285536,GENROU_4,6,GENROU_1,1,1.0000004452738005,1.0000043680309134,4.368030913415311e-06,GENROU_3,3,GENROU_2,2,1.4706074049901523,2.030629114365492,GENROU_5,8,GENROU_2,2
800,2,3.98,0.02,0.001,NEXT_STEP,1,0.0360276879418493,0.0169814970052352,1.0300311132561315,-0.0365426755701895,,,,,,,,Line_3,2,3,1.0,1.0300311132561315,-0.0365426755701895,1.0103656651137023,-0.0673938050230269,1.7676395108593397,Line_3,2,3,1.0,11.445471556431665,63.29101753861843,51.84554598218677,GENROU_4,6,GENROU_1,1,1.000000563906153,1.000004326708561,4.326708560986603e-06,GENROU_3,3,GENROU_2,2,1.4706074269508858,2.030640074219728,GENROU_5,8,GENROU_2,2
802,2,4.0,0.02,0.001,NEXT_STEP,0,0.0360276959846531,0.0169815033916747,1.0300301541258112,-0.0365246551877634,,,,,,,,Line_3,2,3,1.0,1.0300301541258112,-0.0365246551877634,1.0103631257374528,-0.0673767868934857,1.7676969357196413,Line_3,2,3,1.0,11.446371854583878,63.29202531398944,51.845653459405554,GENROU_4,6,GENROU_1,1,1.000001048823084,1.0000041405657871,4.140565787347228e-06,GENROU_3,3,GENROU_2,2,1.4706076890528392,2.030685961399353,GENROU_5,8,GENROU_2,2
804,2,4.005,0.02,0.001,NEXT_STEP,1,0.0360276717004563,0.0169815064399514,1.0300299027794266,-0.0365201245770491,,,,,,,,Line_3,2,3,1.0,1.0300299027794266,-0.0365201245770491,1.010362495080298,-0.0673724408303121,1.7677075095148496,Line_3,2,3,1.0,11.446586051438624,63.29228528496359,51.84569923352497,GENROU_4,6,GENROU_1,1,1.0000011719113562,1.0000040892191384,4.089219138414535e-06,GENROU_3,3,GENROU_2,2,1.4706079427649357,2.030697939277709,GENROU_5,8,GENROU_2,2
806,2,4.025,0.02,0.001,NEXT_STEP,0,0.0360276797518922,0.0169815128339856,1.030028845576614,-0.0365019400651174,,,,,,,,Line_3,2,3,1.0,1.030028845576614,-0.0365019400651174,1.0103599770886151,-0.0673547409371331,1.767735276124057,Line_3,2,3,1.0,11.447403267936275,63.29335676622936,51.845953498293085,GENROU_4,6,GENROU_1,1,1.0000016671343788,1.000003867605766,3.867605766094684e-06,GENROU_3,3,GENROU_2,2,1.470608578812982,2.0307477534591243,GENROU_5,8,GENROU_2,2
808,2,4.03,0.02,0.001,NEXT_STEP,1,0.0360276554591165,0.016981515874643,1.0300285708180104,-0.0364973731564071,,,,,,,,Line_3,2,3,1.0,1.0300285708180104,-0.0364973731564071,1.0103593517559346,-0.0673502328723334,1.7677386476317736,Line_3,2,3,1.0,11.447598193548783,63.29363252881947,51.84603433527069,GENROU_4,6,GENROU_1,1,1.0000017851987235,1.0000038085760592,3.80857605919438e-06,GENROU_4,6,GENROU_2,2,1.470608783525799,2.0307606677407524,GENROU_5,8,GENROU_2,2
810,2,4.05,0.02,0.001,NEXT_STEP,0,0.036027663520413,0.0169815222774768,1.030027434354434,-0.0364790477817454,,,,,,,,Line_3,2,3,1.0,1.030027434354434,-0.0364790477817454,1.0103568714043674,-0.0673318966184145,1.76773802429625,Line_3,2,3,1.0,11.448344165980496,63.29476638320358,51.84642221722308,GENROU_4,6,GENROU_1,1,1.0000016656054287,1.000003560707939,3.5607079389432528e-06,GENROU_4,6,GENROU_2,2,1.4706097750373968,2.030814033999117,GENROU_5,8,GENROU_2,2
812,2,4.055,0.02,0.001,NEXT_STEP,1,0.0360276157631862,0.0169815291010238,1.030027142266394,-0.0364744468566917,,,,,,,,Line_3,2,3,1.0,1.030027142266394,-0.0364744468566917,1.0103562572505762,-0.0673272352100789,1.7677345588594733,Line_3,2,3,1.0,11.448522884897034,63.29505736609431,51.84653448119728,GENROU_4,6,GENROU_1,1,1.0000016387975208,1.0000034962638835,3.496263883517869e-06,GENROU_4,6,GENROU_2,2,1.4706100645953772,2.0308277778679984,GENROU_5,8,GENROU_2,2
814,2,4.075,0.02,0.001,NEXT_STEP,0,0.0360276309262525,0.0169815410563434,1.0300259468081077,-0.0364560075816419,,,,,,,,Line_3,2,3,1.0,1.0300259468081077,-0.0364560075816419,1.0103538289250549,-0.0673083237142906,1.7677075026041678,Line_3,2,3,1.0,11.44921074601016,63.29624999129496,51.847039245284805,GENROU_4,6,GENROU_1,1,1.0000015444021866,1.000003231232151,3.231232150957553e-06,GENROU_4,6,GENROU_2,2,1.4706113794153288,2.03088419773868,GENROU_5,8,GENROU_2,2
816,2,4.08,0.02,0.001,NEXT_STEP,1,0.0360276067541473,0.0169815441956602,1.0300256429933596,-0.0364513837091929,,,,,,,,Line_3,2,3,1.0,1.0300256429933596,-0.0364513837091929,1.010353229801439,-0.0673035285386962,1.7676976876568915,Line_3,2,3,1.0,11.449376654501402,63.29655504334078,51.84717838883938,GENROU_4,6,GENROU_1,1,1.000001524064546,1.0000031635973892,3.163597389166384e-06,GENROU_4,6,GENROU_2,2,1.4706117456087502,2.0308986344191378,GENROU_5,8,GENROU_2,2
818,2,4.1,0.02,0.001,NEXT_STEP,0,0.0360276148301747,0.0169815506115311,1.0300244126471063,-0.0364328593690071,,,,,,,,Line_3,2,3,1.0,1.0300244126471063,-0.0364328593690071,1.010350868214122,-0.0672841146509704,1.7676467203371828,Line_3,2,3,1.0,11.450020309187092,63.29780092385229,51.8477806146652,GENROU_4,6,GENROU_1,1,1.0000014558837913,1.0000034370046789,3.437004678863431e-06,GENROU_4,6,GENROU_3,3,1.4706133478312549,2.0309575120956507,GENROU_5,8,GENROU_2,2
820,2,4.105,0.02,0.001,NEXT_STEP,1,0.0360275670634088,0.016981557426585,1.0300241027634025,-0.0364282161432338,,,,,,,,Line_3,2,3,1.0,1.0300241027634025,-0.0364282161432338,1.010350287062738,-0.0672792026174457,1.7676313187875223,Line_3,2,3,1.0,11.450176942441727,63.29811845602369,51.84794151358196,GENROU_4,6,GENROU_1,1,1.0000014421467132,1.0000035436688812,3.543668881222928e-06,GENROU_4,6,GENROU_3,3,1.470613780771088,2.0309724799189537,GENROU_5,8,GENROU_2,2
822,2,4.125,0.02,0.001,NEXT_STEP,0,0.0360275822362377,0.0169815693905888,1.0300228591495333,-0.0364096384564094,,,,,,,,Line_3,2,3,1.0,1.0300228591495333,-0.0364096384564094,1.0103480029005665,-0.0672593693683262,1.7675593803670893,Line_3,2,3,1.0,11.450790646664732,63.29941050885289,51.84861986218816,GENROU_4,6,GENROU_1,1,1.000001400435072,1.00000394944402,3.9494440200460446e-06,GENROU_4,6,GENROU_3,3,1.4706156290509644,2.031033132842244,GENROU_5,8,GENROU_2,2
824,2,4.13,0.02,0.001,NEXT_STEP,1,0.0360275580595321,0.0169815725257488,1.030022549070594,-0.0364049878065402,,,,,,,,Line_3,2,3,1.0,1.030022549070594,-0.0364049878065402,1.0103474426629169,-0.0672543647329205,1.767539098489863,Line_3,2,3,1.0,11.450941576831704,63.29973858685226,51.84879701002056,GENROU_4,6,GENROU_1,1,1.000001393293216,1.0000040452612824,4.045261282392687e-06,GENROU_4,6,GENROU_3,3,1.470616118162741,2.0310484557698865,GENROU_5,8,GENROU_2,2
826,2,4.15,0.02,0.001,NEXT_STEP,0,0.0360275661415859,0.0169815789470462,1.0300213166280705,-0.036386388197305,,,,,,,,Line_3,2,3,1.0,1.0300213166280705,-0.036386388197305,1.010345246759164,-0.067234200830171,1.7674494710735758,Line_3,2,3,1.0,11.4515395284818,63.30106852804884,51.84952899956704,GENROU_4,6,GENROU_1,1,1.000001377578432,1.0000044038567488,4.403856748824708e-06,GENROU_4,6,GENROU_3,3,1.4706181680958934,2.03111016119727,GENROU_5,8,GENROU_2,2
828,2,4.155,0.02,0.001,NEXT_STEP,1,0.0360275183714368,0.016981585758953,1.0300210119006583,-0.0363817341499934,,,,,,,,Line_3,2,3,1.0,1.0300210119006583,-0.0363817341499934,1.0103447093466595,-0.0672291237467935,1.767425232892407,Line_3,2,3,1.0,11.451688267898298,63.30140496366021,51.84971669576191,GENROU_4,6,GENROU_1,1,1.0000013769839142,1.0000044870292049,4.487029204858217e-06,GENROU_4,6,GENROU_3,3,1.470618701685513,2.031125653179777,GENROU_5,8,GENROU_2,2
830,2,4.175,0.02,0.001,NEXT_STEP,0,0.0360275335502593,0.0169815977283839,1.0300198110530714,-0.0363631451584208,,,,,,,,Line_3,2,3,1.0,1.0300198110530714,-0.0363631451584208,1.010342608052021,-0.0672087222827395,1.7673213858687404,Line_3,2,3,1.0,11.452284280450604,63.30276369192482,51.85047941147422,GENROU_4,6,GENROU_1,1,1.0000013860431836,1.0000047922240245,4.792224024274816e-06,GENROU_4,6,GENROU_3,3,1.4706209061875808,2.0311876587786823,GENROU_5,8,GENROU_2,2
832,2,4.18,0.02,0.001,NEXT_STEP,1,0.0360275093726949,0.0169816008626905,1.03001951706756,-0.0363584996561181,,,,,,,,Line_3,2,3,1.0,1.03001951706756,-0.0363584996561181,1.0103420952730062,-0.0672035988309979,1.7672940013830782,Line_3,2,3,1.0,11.452434192792536,63.3031061412687,51.85067194847616,GENROU_4,6,GENROU_1,1,1.0000013913013075,1.0000048614371528,4.861437152836601e-06,GENROU_4,6,GENROU_3,3,1.4706214726263127,2.0312031330387144,GENROU_5,8,GENROU_2,2
834,2,4.2,0.02,0.001,NEXT_STEP,0,0.0360275174570534,0.016981607286061,1.0300183696177554,-0.0363399521039695,,,,,,,,Line_3,2,3,1.0,1.0300183696177554,-0.0363399521039695,1.010340094722777,-0.0671830531892245,1.767179519280489,Line_3,2,3,1.0,11.453041227768756,63.30448411218446,51.8514428844157,GENROU_4,6,GENROU_1,1,1.0000014235323538,1.0000051089469593,5.108946959264671e-06,GENROU_4,6,GENROU_3,3,1.470623784637313,2.031264698963435,GENROU_5,8,GENROU_2,2
836,2,4.205,0.02,0.001,NEXT_STEP,1,0.0360274696898003,0.0169816141004338,1.0300180910950587,-0.0363353188454421,,,,,,,,Line_3,2,3,1.0,1.0300180910950587,-0.0363353188454421,1.0103396072801043,-0.0671779040342823,1.767149960593258,Line_3,2,3,1.0,11.453195426680216,63.30483016534,51.85163473865978,GENROU_4,6,GENROU_1,1,1.0000014342764223,1.000005163374219,5.163374219074868e-06,GENROU_4,6,GENROU_3,3,1.470624371962199,2.0312799715145764,GENROU_5,8,GENROU_2,2
838,2,4.225,0.02,0.001,NEXT_STEP,0,0.0360274848646907,0.0169816260664044,1.0300170135405498,-0.0363168433412665,,,,,,,,Line_3,2,3,1.0,1.0300170135405498,-0.0363168433412665,1.010337708886876,-0.0671573068775757,1.767028398857633,Line_3,2,3,1.0,11.453825349269112,63.30621775422784,51.85239240495872,GENROU_4,6,GENROU_1,1,1.000001327016142,1.0000053508388886,5.350838888640297e-06,GENROU_2,2,GENROU_3,3,1.470626744885123,2.0313403782373305,GENROU_5,8,GENROU_2,2
840,2,4.23,0.02,0.001,NEXT_STEP,1,0.036027460696139,0.0169816292086972,1.0300167547535528,-0.0363122336495341,,,,,,,,Line_3,2,3,1.0,1.0300167547535528,-0.0363122336495341,1.010337247344271,-0.0671521573954013,1.766997471143469,Line_3,2,3,1.0,11.453986636696332,63.30656501805111,51.852578381354775,GENROU_4,6,GENROU_1,1,1.0000012769965454,1.0000053901195485,5.390119548254191e-06,GENROU_2,2,GENROU_3,3,1.4706273419784723,2.0313552764911944,GENROU_5,8,GENROU_2,2
842,2,4.25,0.02,0.001,NEXT_STEP,0,0.0360274687740876,0.0169816356264303,1.030015763894934,-0.0362938575059069,,,,,,,,Line_3,2,3,1.0,1.030015763894934,-0.0362938575059069,1.0103354522101968,-0.0671315966468312,1.7668723025003317,Line_3,2,3,1.0,11.454649933286827,63.30795288248984,51.85330294920301,GENROU_4,6,GENROU_1,1,1.0000010903555858,1.0000055169949749,5.516994974863465e-06,GENROU_2,2,GENROU_3,3,1.4706297322764623,2.03141386370441,GENROU_5,8,GENROU_2,2
844,2,4.255,0.02,0.001,NEXT_STEP,1,0.0360274444740994,0.0169816386604011,1.030015528276336,-0.0362892760344022,,,,,,,,Line_3,2,3,1.0,1.030015528276336,-0.0362892760344022,1.0103350161631286,-0.0671264669131339,1.766840889390636,Line_3,2,3,1.0,11.454820739986866,63.3082990931924,51.85347835320554,GENROU_4,6,GENROU_1,1,1.0000010471675802,1.000005541212628,5.541212628079606e-06,GENROU_2,2,GENROU_3,3,1.4706303284129048,2.03142822900919,GENROU_5,8,GENROU_2,2
846,2,4.275,0.02,0.001,NEXT_STEP,0,0.0360274525469686,0.0169816450736781,1.0300146356885906,-0.0362710253738407,,,,,,,,Line_3,2,3,1.0,1.0300146356885906,-0.0362710253738407,1.010333321437635,-0.0671060255947422,1.766715373942617,Line_3,2,3,1.0,11.45552631584741,63.30967836609021,51.8541520502428,GENROU_4,6,GENROU_1,1,1.0000008888007867,1.000005608659772,5.608659771949576e-06,GENROU_2,2,GENROU_3,3,1.4706326954682094,2.0314843960091813,GENROU_5,8,GENROU_2,2
848,2,4.28,0.02,0.001,NEXT_STEP,1,0.0360274282558126,0.0169816481154708,1.0300144258692738,-0.0362664782217428,,,,,,,,Line_3,2,3,1.0,1.0300144258692738,-0.0362664782217428,1.0103329099797056,-0.0671009354195316,1.7666842610100844,Line_3,2,3,1.0,11.455708655772744,63.31002138856222,51.854312732789474,GENROU_4,6,GENROU_1,1,1.0000008528679134,1.0000056183030055,5.6183030057166405e-06,GENROU_2,2,GENROU_3,3,1.4706332812070668,2.031498088876104,GENROU_5,8,GENROU_2,2
850,2,4.3,0.02,0.001,NEXT_STEP,0,0.0360274128642592,0.016981658311484,1.0300136402352282,-0.0362483731428992,,,,,,,,Line_3,2,3,1.0,1.0300136402352282,-0.0362483731428992,1.0103313106623169,-0.0670806868122134,1.766561445875226,Line_3,2,3,1.0,11.456463679284411,63.3113840253264,51.85492034604199,GENROU_4,6,GENROU_1,1,1.0000007239863573,1.0000056290525687,5.629052568734139e-06,GENROU_2,2,GENROU_3,3,1.4706355899067571,2.0315513265840472,GENROU_5,8,GENROU_2,2
852,2,4.305,0.02,0.001,NEXT_STEP,1,0.0360274192636144,0.0169816632250728,1.0300134574255435,-0.0362438681119854,,,,,,,,Line_3,2,3,1.0,1.0300134574255435,-0.0362438681119854,1.0103309220371843,-0.067075655643474,1.766531300398384,Line_3,2,3,1.0,11.456659117618855,63.31172196801976,51.855062850400905,GENROU_4,6,GENROU_1,1,1.0000006954883918,1.0000056249697156,5.624969715567474e-06,GENROU_2,2,GENROU_3,3,1.4706361570033035,2.0315642324690035,GENROU_5,8,GENROU_2,2
854,2,4.325,0.02,0.001,NEXT_STEP,0,0.036027396775029,0.0169816678726961,1.0300127849790015,-0.0362259301089793,,,,,,,,Line_3,2,3,1.0,1.0300127849790015,-0.0362259301089793,1.010329411972924,-0.0670556674056019,1.7664138305935353,Line_3,2,3,1.0,11.45746891675194,63.31306092207775,51.85559200532582,GENROU_4,6,GENROU_1,1,1.0000005963452818,1.0000055829857732,5.582985773244786e-06,GENROU_2,2,GENROU_3,3,1.4706383783630972,2.031614135648808,GENROU_5,8,GENROU_2,2
856,2,4.33,0.02,0.001,NEXT_STEP,1,0.0360274030466384,0.016981672681316,1.0300126307033064,-0.0362214691032735,,,,,,,,Line_3,2,3,1.0,1.0300126307033064,-0.0362214691032735,1.0103290445429165,-0.0670507088667211,1.7663853240424316,Line_3,2,3,1.0,11.457678549894595,63.31339216055737,51.855713610662775,GENROU_4,6,GENROU_1,1,1.000000575239057,1.0000055663333047,5.566333304729554e-06,GENROU_2,2,GENROU_3,3,1.4706389203902772,2.0316261660017614,GENROU_5,8,GENROU_2,2
858,2,4.35,0.02,0.001,NEXT_STEP,0,0.0360274040062132,0.0169816735316923,1.0300120729873523,-0.0362037172793928,,,,,,,,Line_3,2,3,1.0,1.0300120729873523,-0.0362037172793928,1.0103276148557694,-0.0670310396510298,1.766275465584016,Line_3,2,3,1.0,11.458546562149545,63.314701520540325,51.85615495839078,GENROU_4,6,GENROU_1,1,1.0000005052401806,1.0000054767915607,5.476791560710126e-06,GENROU_2,2,GENROU_3,3,1.470641030837022,2.031672430538677,GENROU_5,8,GENROU_2,2
860,2,4.355,0.02,0.001,NEXT_STEP,1,0.0360273796061806,0.0169816764851849,1.0300119478831973,-0.0361993013188264,,,,,,,,Line_3,2,3,1.0,1.0300119478831973,-0.0361993013188264,1.010327266526884,-0.0670261647705034,1.7662491714071962,Line_3,2,3,1.0,11.458771012648164,63.31502472812564,51.85625371547748,GENROU_4,6,GENROU_1,1,1.000000491282642,1.000005448978294,5.448978294131379e-06,GENROU_2,2,GENROU_3,3,1.470641542977939,2.031683522571477,GENROU_5,8,GENROU_2,2
862,2,4.375,0.02,0.001,NEXT_STEP,0,0.0360273876465404,0.0169816828697061,1.0300115027641872,-0.0361817459803429,,,,,,,,Line_3,2,3,1.0,1.0300115027641872,-0.0361817459803429,1.010325906270347,-0.0670068588052483,1.766148867881668,Line_3,2,3,1.0,11.459698793177497,63.31629981984155,51.85660102666405,GENROU_4,6,GENROU_1,1,1.0000004491082184,1.0000053179324646,5.317932464610209e-06,GENROU_2,2,GENROU_3,3,1.4706435257114732,2.031725952524091,GENROU_5,8,GENROU_2,2
864,2,4.38,0.02,0.001,NEXT_STEP,1,0.0360273868485933,0.0169816821542441,1.030011405595036,-0.0361773823241743,,,,,,,,Line_3,2,3,1.0,1.030011405595036,-0.0361773823241743,1.010325574158197,-0.06700208080183,1.7661251275330017,Line_3,2,3,1.0,11.459938218893194,63.31661398831493,51.85667576942174,GENROU_4,6,GENROU_1,1,1.0000004418801476,1.0000052805591315,5.280559131737306e-06,GENROU_2,2,GENROU_3,3,1.4706440045946632,2.0317360718035475,GENROU_5,8,GENROU_2,2
866,2,4.4,0.02,0.001,NEXT_STEP,0,0.0360273643289762,0.0169816867743461,1.030011069984455,-0.036160029281432,,,,,,,,Line_3,2,3,1.0,1.030011069984455,-0.036160029281432,1.0103242726967177,-0.0669831707223365,1.7660359158986123,Line_3,2,3,1.0,11.460925497951257,63.31785142219197,51.85692592424071,GENROU_4,6,GENROU_1,1,1.0000004255661914,1.0000051147124305,5.114712430476232e-06,GENROU_2,2,GENROU_3,3,1.4706458504136335,2.03177458639166,GENROU_5,8,GENROU_2,2
868,2,4.405,0.02,0.001,NEXT_STEP,1,0.0360273706329994,0.016981691611662,1.0300109986144483,-0.036155718287961,,,,,,,,Line_3,2,3,1.0,1.0300109986144483,-0.036155718287961,1.0103239532647306,-0.0669784960376109,1.766015077924692,Line_3,2,3,1.0,11.461179611478553,63.318155865313095,51.85697625383455,GENROU_4,6,GENROU_1,1,1.0000004245094989,1.0000050695172096,5.069517209577157e-06,GENROU_2,2,GENROU_3,3,1.4706462942235017,2.03178372556272,GENROU_5,8,GENROU_2,2
870,2,4.425,0.02,0.001,NEXT_STEP,0,0.0360273715614519,0.0169816924345535,1.0300107647194736,-0.0361385784791697,,,,,,,,Line_3,2,3,1.0,1.0300107647194736,-0.0361385784791697,1.0103226980592508,-0.0669600097373966,1.7659379296489988,Line_3,2,3,1.0,11.462224394550006,63.31935352919502,51.85712913464501,GENROU_4,6,GENROU_1,1,1.0000004315720308,1.0000048759800209,4.87598002085754e-06,GENROU_2,2,GENROU_3,3,1.4706480007841551,2.031818350462294,GENROU_5,8,GENROU_2,2
872,2,4.43,0.02,0.001,NEXT_STEP,1,0.0360273706506792,0.016981691627316,1.030010718286141,-0.036134320089268,,,,,,,,Line_3,2,3,1.0,1.030010718286141,-0.036134320089268,1.0103223890019262,-0.0669554422491193,1.7659202196166175,Line_3,2,3,1.0,11.462492492860788,63.31964787415348,51.85715538129269,GENROU_4,6,GENROU_1,1,1.0000004360101449,1.0000048247732496,4.824773249589853e-06,GENROU_2,2,GENROU_3,3,1.4706484102178718,2.031826530339952,GENROU_5,8,GENROU_2,2
874,2,4.45,0.02,0.001,NEXT_STEP,0,0.0360273715655172,0.0169816924381403,1.030010576576431,-0.0361173938533043,,,,,,,,Line_3,2,3,1.0,1.030010576576431,-0.0361173938533043,1.0103211672218335,-0.0669373918141619,1.7658558077589532,Line_3,2,3,1.0,11.463591200436984,63.32080488278916,51.85721368235218,GENROU_4,6,GENROU_1,1,1.00000046355289,1.000004610856544,4.61085654390736e-06,GENROU_2,2,GENROU_3,3,1.4706499808328148,2.0318573948447347,GENROU_5,8,GENROU_2,2
876,2,4.455,0.02,0.001,NEXT_STEP,1,0.0360273706658834,0.0169816916407632,1.0300105517936031,-0.0361131889028431,,,,,,,,Line_3,2,3,1.0,1.0300105517936031,-0.0361131889028431,1.010320864889892,-0.0669329341014643,1.7658413255495873,Line_3,2,3,1.0,11.463872205757696,63.32108905581511,51.85721685005741,GENROU_4,6,GENROU_1,1,1.0000004727282787,1.0000045554700172,4.555470017209018e-06,GENROU_2,2,GENROU_3,3,1.4706503572796277,2.0318646580038657,GENROU_5,8,GENROU_2,2
878,2,4.475,0.02,0.001,NEXT_STEP,0,0.0360273715695663,0.01698169244166,1.0300104905996197,-0.0360964758239354,,,,,,,,Line_3,2,3,1.0,1.0300104905996197,-0.0360964758239354,1.0103196635231186,-0.0669153231503637,1.7657898812623785,Line_3,2,3,1.0,11.46501985193773,63.32220567284308,51.85718582090535,GENROU_4,6,GENROU_1,1,1.0000005176122695,1.0000043284556333,4.328455633251238e-06,GENROU_2,2,GENROU_3,3,1.4706518018086494,2.031891976857817,GENROU_5,8,GENROU_2,2
880,2,4.48,0.02,0.001,NEXT_STEP,1,0.0360273472254571,0.0169816954446939,1.0300104842579034,-0.0360923218417486,,,,,,,,Line_3,2,3,1.0,1.0300104842579034,-0.0360923218417486,1.0103193645221111,-0.0669109735676339,1.765778674176801,Line_3,2,3,1.0,11.46531235933336,63.32247987382399,51.85716751449063,GENROU_4,6,GENROU_1,1,1.000000530715412,1.0000042706902013,4.270690201257921e-06,GENROU_2,2,GENROU_3,3,1.4706521484630852,2.031898388290214,GENROU_5,8,GENROU_2,2
882,2,4.5,0.02,0.001,NEXT_STEP,0,0.0360273552098881,0.0169817017796823,1.0300104895554194,-0.0360758191250254,,,,,,,,Line_3,2,3,1.0,1.0300104895554194,-0.0360758191250254,1.0103181701567958,-0.0668937966544575,1.7657400455654797,Line_3,2,3,1.0,11.466502756086506,63.32355739876265,51.85705464267615,GENROU_4,6,GENROU_1,1,1.0000005896380124,1.0000040376395942,4.037639594223208e-06,GENROU_2,2,GENROU_3,3,1.470653482579061,2.031922464918732,GENROU_5,8,GENROU_2,2
884,2,4.505,0.02,0.001,NEXT_STEP,1,0.0360273544678686,0.0169817011137614,1.0300104983339888,-0.0360717191121945,,,,,,,,Line_3,2,3,1.0,1.0300104983339888,-0.0360717191121945,1.0103178716217291,-0.0668895554585554,1.7657319563713545,Line_3,2,3,1.0,11.466805087574729,63.32382207020194,51.857016982627215,GENROU_4,6,GENROU_1,1,1.0000006058280355,1.0000039792132305,3.97921323047612e-06,GENROU_2,2,GENROU_3,3,1.47065380409627,2.0319281109708496,GENROU_5,8,GENROU_2,2
886,2,4.525,0.02,0.001,NEXT_STEP,0,0.0360273553492284,0.0169817018948732,1.0300105575281355,-0.0360554211621205,,,,,,,,Line_3,2,3,1.0,1.0300105575281355,-0.0360554211621205,1.0103166732368292,-0.0668727985807257,1.7657056617478588,Line_3,2,3,1.0,11.468031066477025,63.3248626924905,51.856831626013474,GENROU_4,6,GENROU_1,1,1.0000006754183186,1.000003746772956,3.746772955892652e-06,GENROU_2,2,GENROU_3,3,1.4706550479199232,2.031949319441017,GENROU_5,8,GENROU_2,2
888,2,4.53,0.02,0.001,NEXT_STEP,1,0.0360273779399568,0.016981697337812,1.03001057790004,-0.0360513737213388,,,,,,,,Line_3,2,3,1.0,1.03001057790004,-0.0360513737213388,1.0103163723120532,-0.0668686615347651,1.76570052774926,Line_3,2,3,1.0,11.468341327755098,63.3251184788157,51.856777151060605,GENROU_4,6,GENROU_1,1,1.0000006938551045,1.0000036892830793,3.689283079255645e-06,GENROU_2,2,GENROU_3,3,1.4706553495474342,2.0319542981399623,GENROU_5,8,GENROU_2,2
890,2,4.55,0.02,0.001,NEXT_STEP,0,0.036027371718213,0.0169816925651474,1.0300106765249324,-0.0360352741698448,,,,,,,,Line_3,2,3,1.0,1.0300106765249324,-0.0360352741698448,1.0103151588417956,-0.0668523044493095,1.7656857721401875,Line_3,2,3,1.0,11.46959497516468,63.32612511532945,51.856530140164764,GENROU_4,6,GENROU_1,1,1.0000007707900755,1.0000034635441506,3.4635441505947995e-06,GENROU_2,2,GENROU_3,3,1.4706565256030253,2.0319730462980803,GENROU_5,8,GENROU_2,2
892,2,4.555,0.02,0.001,NEXT_STEP,1,0.0360273707254126,0.0169816916934393,1.0300107046579976,-0.0360312734241125,,,,,,,,Line_3,2,3,1.0,1.0300107046579976,-0.0360312734241125,1.0103148525601704,-0.0668482629540417,1.7656834373637764,Line_3,2,3,1.0,11.469911115982748,63.32637282238405,51.856461706401305,GENROU_4,6,GENROU_1,1,1.0000007906612538,1.000003408435775,3.4084357749541998e-06,GENROU_2,2,GENROU_3,3,1.4706568133390618,2.031977463672785,GENROU_5,8,GENROU_2,2
894,2,4.575,0.02,0.001,NEXT_STEP,0,0.0360273715856224,0.0169816924558532,1.0300108263606789,-0.0360153647459888,,,,,,,,Line_3,2,3,1.0,1.0300108263606789,-0.0360153647459888,1.0103136126842318,-0.0668322796880451,1.7656791637934646,Line_3,2,3,1.0,11.47118401884591,63.32734895754805,51.856164938702136,GENROU_4,6,GENROU_1,1,1.0000008717669902,1.000003194820391,3.1948203906839723e-06,GENROU_2,2,GENROU_3,3,1.4706579475205377,2.0319941961521257,GENROU_5,8,GENROU_2,2
896,2,4.58,0.02,0.001,NEXT_STEP,1,0.0360273707392582,0.0169816917057246,1.0300108585834211,-0.0360114105069522,,,,,,,,Line_3,2,3,1.0,1.0300108585834211,-0.0360114105069522,1.0103132987412071,-0.0668283278460829,1.7656793011357197,Line_3,2,3,1.0,11.471503894973791,63.32758951283362,51.85608561785983,GENROU_4,6,GENROU_1,1,1.000000892299768,1.0000031433534735,3.143353473511468e-06,GENROU_2,2,GENROU_3,3,1.4706582283592031,2.031998169400617,GENROU_5,8,GENROU_2,2
898,2,4.6,0.02,0.001,NEXT_STEP,0,0.0360273715896548,0.0169816924594146,1.030010989618786,-0.0359956832696827,,,,,,,,Line_3,2,3,1.0,1.030010989618786,-0.0359956832696827,1.0103120240948336,-0.0668126872051356,1.7656842627395122,Line_3,2,3,1.0,11.472787383481352,63.32853902766318,51.85575164418183,GENROU_4,6,GENROU_1,1,1.0000009745998402,1.0000029758634823,2.975863482523877e-06,GENROU_2,2,GENROU_4,6,1.4706593491397857,2.0320133689039714,GENROU_5,8,GENROU_2,2
900,2,4.605,0.02,0.001,NEXT_STEP,1,0.0360273707531802,0.0169816917180488,1.030011022442434,-0.0359917732337043,,,,,,,,Line_3,2,3,1.0,1.030011022442434,-0.0359917732337043,1.01031170049433,-0.0668088168751886,1.7656865377275324,Line_3,2,3,1.0,11.473108816063943,63.328773435753256,51.85566461968931,GENROU_4,6,GENROU_1,1,1.0000009950816249,1.0000029765597436,2.976559743572693e-06,GENROU_2,2,GENROU_4,6,1.4706596301857178,2.032017019591199,GENROU_5,8,GENROU_2,2
902,2,4.625,0.02,0.001,NEXT_STEP,0,0.0360273715923981,0.0169816924618177,1.0300111492430524,-0.0359762181348409,,,,,,,,Line_3,2,3,1.0,1.0300111492430524,-0.0359762181348409,1.0103103838355394,-0.066793484992154,1.765699327052431,Line_3,2,3,1.0,11.474394182469204,63.32970043592578,51.855306253456575,GENROU_4,6,GENROU_1,1,1.0000010758672764,1.0000029718843202,2.971884320190909e-06,GENROU_2,2,GENROU_4,6,1.4706607660496844,2.032031168345759,GENROU_5,8,GENROU_2,2
904,2,4.63,0.02,0.001,NEXT_STEP,1,0.0360273707645704,0.0169816917281159,1.0300111794054845,-0.0359723499501377,,,,,,,,Line_3,2,3,1.0,1.0300111794054845,-0.0359723499501377,1.0103100489689187,-0.0667896874253547,1.765703373160278,Line_3,2,3,1.0,11.474715012857631,63.32992973699714,51.85521472413952,GENROU_4,6,GENROU_1,1,1.000001095658648,1.000002968683738,2.968683737947231e-06,GENROU_2,2,GENROU_4,6,1.4706610544128698,2.0320346154758027,GENROU_5,8,GENROU_2,2
906,2,4.65,0.02,0.001,NEXT_STEP,0,0.0360273715963641,0.0169816924653204,1.030011289518233,-0.0359569577219737,,,,,,,,Line_3,2,3,1.0,1.030011289518233,-0.0359569577219737,1.0103086846809672,-0.0667746286812259,1.7657224803880354,Line_3,2,3,1.0,11.475993710492892,63.330838391584535,51.85484468109164,GENROU_4,6,GENROU_1,1,1.0000011725350917,1.0000029482412214,2.9482412213788223e-06,GENROU_2,2,GENROU_4,6,1.470662233491874,2.032048180770518,GENROU_5,8,GENROU_2,2
908,2,4.655,0.02,0.001,NEXT_STEP,1,0.0360273707772469,0.0169816917392761,1.0300113140647569,-0.0359531291562155,,,,,,,,Line_3,2,3,1.0,1.0300113140647569,-0.0359531291562155,1.0103083373476207,-0.0667708949093066,1.7657279116749294,Line_3,2,3,1.0,11.476311823696149,63.33106362251959,51.85475179882344,GENROU_4,6,GENROU_1,1,1.000001191079514,1.0000029412681724,2.941268172351741e-06,GENROU_2,2,GENROU_4,6,1.4706625360963483,2.0320515385438425,GENROU_5,8,GENROU_2,2
910,2,4.675,0.02,0.001,NEXT_STEP,0,0.0360273715990845,0.0169816924677302,1.030011396451536,-0.035937890946628,,,,,,,,Line_3,2,3,1.0,1.030011396451536,-0.035937890946628,1.0103069215062777,-0.066756073187765,1.7657517746821725,Line_3,2,3,1.0,11.477575686041542,63.331958014773576,51.85438232873204,GENROU_4,6,GENROU_1,1,1.000001261997263,1.0000029063693516,2.9063693516295785e-06,GENROU_2,2,GENROU_4,6,1.4706637854849156,2.0320649639398787,GENROU_5,8,GENROU_2,2
912,2,4.68,0.02,0.001,NEXT_STEP,1,0.0360273707873594,0.0169816917482608,1.0300114128327038,-0.0359340998038614,,,,,,,,Line_3,2,3,1.0,1.0300114128327038,-0.0359340998038614,1.0103065609479158,-0.066752394160858,1.7657581984477415,Line_3,2,3,1.0,11.477889128640612,63.33218017367968,51.85429104503907,GENROU_4,6,GENROU_1,1,1.0000012788277115,1.0000028959557412,2.8959557412111536e-06,GENROU_2,2,GENROU_4,6,1.4706641089008126,2.032068339425249,GENROU_5,8,GENROU_2,2
914,2,4.7,0.02,0.001,NEXT_STEP,0,0.0360273716017776,0.0169816924700784,1.0300114581554332,-0.0359190072549987,,,,,,,,Line_3,2,3,1.0,1.0300114581554332,-0.0359190072549987,1.0103050913761171,-0.0667377737685218,1.765785251023999,Line_3,2,3,1.0,11.479130661402836,63.33306416854255,51.85393350713972,GENROU_4,6,GENROU_1,1,1.0000013421042109,1.000002847853647,2.8478536466813864e-06,GENROU_2,2,GENROU_4,6,1.4706654537592427,2.032082034515595,GENROU_5,8,GENROU_2,2
916,2,4.705,0.02,0.001,NEXT_STEP,1,0.0360273708000059,0.016981691759478,1.030011464262184,-0.0359152515321501,,,,,,,,Line_3,2,3,1.0,1.030011464262184,-0.0359152515321501,1.0103047172622208,-0.0667341407072232,1.7657922790131124,Line_3,2,3,1.0,11.479437647255798,63.33328418416352,51.85384653690772,GENROU_4,6,GENROU_1,1,1.0000013568468005,1.000002834292597,2.8342925970648025e-06,GENROU_2,2,GENROU_4,6,1.47066580395287,2.0320855248930734,GENROU_5,8,GENROU_2,2
918,2,4.725,0.02,0.001,NEXT_STEP,0,0.036027371603231,0.0169816924713787,1.0300114650311565,-0.0359002969856437,,,,,,,,Line_3,2,3,1.0,1.0300114650311565,-0.0359002969856437,1.0103031934774116,-0.0667196873310286,1.765820993956794,Line_3,2,3,1.0,11.480650102744791,63.3341613162498,51.853511213505,GENROU_4,6,GENROU_1,1,1.000001411174555,1.0000027745018507,2.77450185071082e-06,GENROU_2,2,GENROU_4,6,1.470667266762609,2.0320998546506424,GENROU_5,8,GENROU_2,2
920,2,4.73,0.02,0.001,NEXT_STEP,1,0.0360273708101272,0.0169816917684271,1.030011459227738,-0.0358965749395224,,,,,,,,Line_3,2,3,1.0,1.030011459227738,-0.0358965749395224,1.0103028058896184,-0.0667160919765325,1.7658282528522022,Line_3,2,3,1.0,11.480949050526291,63.33438002266367,51.85343097213738,GENROU_4,6,GENROU_1,1,1.000001423549204,1.00000275825344,2.758253439871794e-06,GENROU_2,2,GENROU_4,6,1.4706676490023378,2.03210354481929,GENROU_5,8,GENROU_2,2
922,2,4.75,0.02,0.001,NEXT_STEP,0,0.0360273716059252,0.0169816924737349,1.030011409870136,-0.0358817521090932,,,,,,,,Line_3,2,3,1.0,1.030011409870136,-0.0358817521090932,1.0103012289996327,-0.0667017740458329,1.7658571814757806,Line_3,2,3,1.0,11.482126554768245,63.33525340611546,51.85312685134722,GENROU_4,6,GENROU_1,1,1.0000014679917115,1.0000026884937865,2.688493786262569e-06,GENROU_2,2,GENROU_4,6,1.4706692491105584,2.0321188214124373,GENROU_5,8,GENROU_2,2
924,2,4.755,0.02,0.001,NEXT_STEP,1,0.0360273708189759,0.0169816917762639,1.0300113910063289,-0.0358780622929762,,,,,,,,Line_3,2,3,1.0,1.0300113910063289,-0.0358780622929762,1.010300828402,-0.0666982088600258,1.765864322266566,Line_3,2,3,1.0,11.48241611364046,63.335471526930455,51.85305541329,GENROU_4,6,GENROU_1,1,1.0000014778095885,1.000002669956685,2.669956685075192e-06,GENROU_2,2,GENROU_4,6,1.4706696677733104,2.0321227822041075,GENROU_5,8,GENROU_2,2
926,2,4.775,0.02,0.001,NEXT_STEP,0,0.0360273716098498,0.0169816924771986,1.03001128774065,-0.03586336521837,,,,,,,,Line_3,2,3,1.0,1.03001128774065,-0.03586336521837,1.0102992008164646,-0.0666839973422277,1.7658921426223628,Line_3,2,3,1.0,11.48355376300074,63.33634398924223,51.85279022624149,GENROU_4,6,GENROU_1,1,1.000001511789995,1.0000026432405833,2.6432405832998995e-06,GENROU_2,2,GENROU_5,8,1.470671420850816,2.0321392592123138,GENROU_5,8,GENROU_2,2
928,2,4.78,0.02,0.001,NEXT_STEP,1,0.0360273708265684,0.0169816917829613,1.0300112551584026,-0.0358597065794122,,,,,,,,Line_3,2,3,1.0,1.0300112551584026,-0.0358597065794122,1.0102987880255156,-0.0666804557033992,1.7658988462359844,Line_3,2,3,1.0,11.48383283536407,63.336562110819365,51.852729275455296,GENROU_4,6,GENROU_1,1,1.000001518950271,1.0000026358080647,2.6358080646993187e-06,GENROU_2,2,GENROU_5,8,1.470671879410314,2.032143546712611,GENROU_5,8,GENROU_2,2
930,2,4.8,0.02,0.001,NEXT_STEP,0,0.0360273716124901,0.0169816924795263,1.0300110966638132,-0.035845133761423,,,,,,,,Line_3,2,3,1.0,1.0300110966638132,-0.035845133761423,1.0102971140056374,-0.0666663275704418,1.7659243248115215,Line_3,2,3,1.0,11.484926763121234,63.33743528578957,51.85250852266833,GENROU_4,6,GENROU_1,1,1.0000015422224315,1.0000026024948236,2.6024948236447187e-06,GENROU_2,2,GENROU_5,8,1.4706737974498882,2.0321614180227536,GENROU_5,8,GENROU_2,2
932,2,4.805,0.02,0.001,NEXT_STEP,1,0.0360273708367145,0.0169816917919306,1.0300110501899804,-0.0358415056534855,,,,,,,,Line_3,2,3,1.0,1.0300110501899804,-0.0358415056534855,1.0102966901562302,-0.0666628039720926,1.7659303127698536,Line_3,2,3,1.0,11.48519451474266,63.3376538441467,51.85245932940404,GENROU_4,6,GENROU_1,1,1.0000015467017371,1.0000025933117522,2.5933117522303206e-06,GENROU_2,2,GENROU_5,8,1.470674298351368,2.032166072519375,GENROU_5,8,GENROU_2,2
934,2,4.825,0.02,0.001,NEXT_STEP,0,0.0360273716139208,0.016981692480774,1.0300108364442366,-0.0358270538575717,,,,,,,,Line_3,2,3,1.0,1.0300108364442366,-0.0358270538575717,1.010294974519118,-0.0666487384078276,1.7659524422132336,Line_3,2,3,1.0,11.486241923794092,63.33852951275255,51.85228758895846,GENROU_4,6,GENROU_1,1,1.0000015593256597,1.0000025534219708,2.5534219707523675e-06,GENROU_2,2,GENROU_5,8,1.470676389015007,2.0321854656020117,GENROU_5,8,GENROU_2,2
936,2,4.83,0.02,0.001,NEXT_STEP,1,0.0360273708455743,0.0169816917997702,1.0300107763295032,-0.0358234558676138,,,,,,,,Line_3,2,3,1.0,1.0300107763295032,-0.0358234558676138,1.010294540976724,-0.0666452283091681,1.7659574780136893,Line_3,2,3,1.0,11.48649779075902,63.33874883736092,51.8522510466019,GENROU_4,6,GENROU_1,1,1.000001561175411,1.000002542706152,2.5427061520755245e-06,GENROU_2,2,GENROU_5,8,1.4706769336987655,2.0321905109615024,GENROU_5,8,GENROU_2,2
938,2,4.85,0.02,0.001,NEXT_STEP,0,0.0360273716165624,0.0169816924831413,1.030010509183814,-0.0358091246474078,,,,,,,,Line_3,2,3,1.0,1.030010509183814,-0.0358091246474078,1.0102927896473275,-0.0666312097981829,1.7659753949322692,Line_3,2,3,1.0,11.487496960559795,63.33962797445089,51.852131013891096,GENROU_4,6,GENROU_1,1,1.000001563442594,1.0000024971561452,2.497156145198076e-06,GENROU_2,2,GENROU_5,8,1.4706792008218763,2.032211491552909,GENROU_5,8,GENROU_2,2
940,2,4.855,0.02,0.001,NEXT_STEP,1,0.0360273708544089,0.0169816918075967,1.030010436088047,-0.0358055568094694,,,,,,,,Line_3,2,3,1.0,1.030010436088047,-0.0358055568094694,1.0102923479828392,-0.0666277099062235,1.7659792879500742,Line_3,2,3,1.0,11.487740645378487,63.339848239571786,51.8521075941933,GENROU_4,6,GENROU_1,1,1.0000015628718089,1.0000024851463791,2.485146379349601e-06,GENROU_2,2,GENROU_5,8,1.4706797897640762,2.0322169368954546,GENROU_5,8,GENROU_2,2
942,2,4.875,0.02,0.001,NEXT_STEP,0,0.0360273481610927,0.0169816962737627,1.0300101187658657,-0.0357913440502842,,,,,,,,Line_3,2,3,1.0,1.0300101187658657,-0.0357913440502842,1.0102905673029232,-0.0666137255093394,1.765992372146144,Line_3,2,3,1.0,11.488690910738429,63.34073127500112,51.85204036426269,GENROU_4,6,GENROU_1,1,1.0000015554520651,1.0000024349264696,2.434926469563337e-06,GENROU_2,2,GENROU_5,8,1.4706822333553813,2.0322395130175925,GENROU_5,8,GENROU_2,2
944,2,4.88,0.02,0.001,NEXT_STEP,1,0.0360273546324491,0.0169817012594226,1.0300100330373896,-0.035787807266658,,,,,,,,Line_3,2,3,1.0,1.0300100330373896,-0.035787807266658,1.0102901187696354,-0.0666102340882634,1.765994971228821,Line_3,2,3,1.0,11.488922376009723,63.34095252332656,51.85203014731684,GENROU_4,6,GENROU_1,1,1.0000015524419783,1.0000024218766213,2.421876621250263e-06,GENROU_2,2,GENROU_5,8,1.4706828659341835,2.0322453535067315,GENROU_5,8,GENROU_2,2
946,2,4.9,0.02,0.001,NEXT_STEP,0,0.0360273553922447,0.0169817019327781,1.030009670300249,-0.0357737204528869,,,,,,,,Line_3,2,3,1.0,1.030009670300249,-0.0357737204528869,1.0102883160646037,-0.06659628140228,1.7660026561849804,Line_3,2,3,1.0,11.4898240782641,63.34183937392597,51.85201529566187,GENROU_4,6,GENROU_1,1,1.0000015360370178,1.0000023680092651,2.3680092653410867e-06,GENROU_2,2,GENROU_5,8,1.4706854830773115,2.032269482516085,GENROU_5,8,GENROU_2,2
948,2,4.905,0.02,0.001,NEXT_STEP,1,0.0360273546438046,0.0169817012694156,1.0300095745385995,-0.0357702144271427,,,,,,,,Line_3,2,3,1.0,1.0300095745385995,-0.0357702144271427,1.010287863340906,-0.0665927967264228,1.7660038794433888,Line_3,2,3,1.0,11.490043528193702,63.34206152283533,51.85201799464163,GENROU_4,6,GENROU_1,1,1.0000015308909251,1.000002354177636,2.3541776359436994e-06,GENROU_2,2,GENROU_5,8,1.4706861584656352,2.032275701718252,GENROU_5,8,GENROU_2,2
950,2,4.925,0.02,0.001,NEXT_STEP,0,0.0360273553949422,0.016981701935213,1.0300091722945766,-0.0357562549544082,,,,,,,,Line_3,2,3,1.0,1.0300091722945766,-0.0357562549544082,1.010286045939173,-0.0665788727604364,1.766005913830213,Line_3,2,3,1.0,11.49089794059642,63.34295163133756,51.85205369074114,GENROU_4,6,GENROU_1,1,1.000001506420498,1.0000023696723344,2.3696723343569204e-06,GENROU_2,2,GENROU_3,3,1.4706889414789133,2.0323012868133885,GENROU_5,8,GENROU_2,2
952,2,4.93,0.02,0.001,NEXT_STEP,1,0.0360273311970515,0.0169817050677813,1.0300090673585598,-0.0357527792680603,,,,,,,,Line_3,2,3,1.0,1.0300090673585598,-0.0357527792680603,1.0102855902908456,-0.0665753940816091,1.76600574237375,Line_3,2,3,1.0,11.491105803189113,63.343174488132,51.85206868494289,GENROU_4,6,GENROU_1,1,1.0000014993853985,1.0000023897031678,2.3897031677933e-06,GENROU_2,2,GENROU_3,3,1.4706896571476025,2.0323078526375946,GENROU_5,8,GENROU_2,2
954,2,4.95,0.02,0.001,NEXT_STEP,0,0.0360273390326984,0.0169817112708398,1.0300086312952286,-0.0357389519790193,,,,,,,,Line_3,2,3,1.0,1.0300086312952286,-0.0357389519790193,1.0102837648054523,-0.0665615017049271,1.7660020131266378,Line_3,2,3,1.0,11.491915043783742,63.34406689060493,51.85215184682119,GENROU_4,6,GENROU_1,1,1.0000014678847025,1.0000024720323133,2.4720323132942923e-06,GENROU_2,2,GENROU_3,3,1.4706925962336623,2.0323347471288757,GENROU_5,8,GENROU_2,2
956,2,4.955,0.02,0.001,NEXT_STEP,1,0.0360273384344147,0.0169817107323805,1.030008519028554,-0.0357355119997104,,,,,,,,Line_3,2,3,1.0,1.030008519028554,-0.0357355119997104,1.010283308306435,-0.0665580329543983,1.7660003646571454,Line_3,2,3,1.0,11.4921119445786,63.34429015997673,51.852178215398126,GENROU_4,6,GENROU_1,1,1.0000014592249171,1.0000024930047708,2.4930047708426883e-06,GENROU_2,2,GENROU_3,3,1.4706933495946075,2.032341620281959,GENROU_5,8,GENROU_2,2
958,2,4.975,0.02,0.001,NEXT_STEP,0,0.0360273391719106,0.0169817113860111,1.030008058130346,-0.0357218234674509,,,,,,,,Line_3,2,3,1.0,1.030008058130346,-0.0357218234674509,1.0102814832480336,-0.0665441795599325,1.7659909187485423,Line_3,2,3,1.0,11.492878866112004,63.345183239754505,51.8523043736425,GENROU_4,6,GENROU_1,1,1.0000014217808757,1.0000025775087136,2.577508713574872e-06,GENROU_2,2,GENROU_3,3,1.4706964326680991,2.0323696511008773,GENROU_5,8,GENROU_2,2
960,2,4.98,0.02,0.001,NEXT_STEP,1,0.0360273149877453,0.0169817145307133,1.0300079403403894,-0.035718416950779,,,,,,,,Line_3,2,3,1.0,1.0300079403403894,-0.035718416950779,1.0102810274469651,-0.0665407203828118,1.765987901527069,Line_3,2,3,1.0,11.49306559991314,63.34540650567169,51.85234090575855,GENROU_4,6,GENROU_1,1,1.000001411777777,1.000002598637452,2.598637451889374e-06,GENROU_2,2,GENROU_3,3,1.4706972201259665,2.032376782417293,GENROU_5,8,GENROU_2,2
962,2,5.0,0.02,0.001,NEXT_STEP,0,0.0360273228109566,0.0169817207228217,1.030007460155457,-0.0357048716930412,,,,,,,,Line_3,2,3,1.0,1.030007460155457,-0.0357048716930412,1.0102792080248426,-0.0665269148699423,1.7659729900064178,Line_3,2,3,1.0,11.493793669797624,63.346299233630994,51.85250556383337,GENROU_4,6,GENROU_1,1,1.000001369532308,1.0000026822821586,2.6822821586058865e-06,GENROU_2,2,GENROU_3,3,1.4707004322424464,2.03240573689041,GENROU_5,8,GENROU_2,2
964,2,5.005,0.02,0.001,NEXT_STEP,1,0.0360272987682851,0.0169817239846593,1.0300073386379889,-0.0357015017662314,,,,,,,,Line_3,2,3,1.0,1.0300073386379889,-0.0357015017662314,1.010278754530096,-0.0665234691125189,1.7659686452323058,Line_3,2,3,1.0,11.493971169334058,63.34652219458886,51.8525510252548,GENROU_4,6,GENROU_1,1,1.0000013584724856,1.0000027028383849,2.702838384882611e-06,GENROU_2,2,GENROU_3,3,1.470701250172405,2.0324130721846507,GENROU_5,8,GENROU_2,2
966,2,5.025,0.02,0.001,NEXT_STEP,0,0.0360273065853,0.0169817301713138,1.0300068475636397,-0.0356881075007852,,,,,,,,Line_3,2,3,1.0,1.0300068475636397,-0.0356881075007852,1.010276947575678,-0.0665097249603139,1.765948598197724,Line_3,2,3,1.0,11.494664345471074,63.3474125698826,51.85274822441153,GENROU_4,6,GENROU_1,1,1.00000131256532,1.0000027828449145,2.7828449145061995e-06,GENROU_2,2,GENROU_3,3,1.4707045762981634,2.0324427320582625,GENROU_5,8,GENROU_2,2
968,2,5.03,0.02,0.001,NEXT_STEP,1,0.0360273060095122,0.0169817296527021,1.0300067243581326,-0.0356847783319998,,,,,,,,Line_3,2,3,1.0,1.0300067243581326,-0.0356847783319998,1.0102764980887935,-0.0665062978236994,1.7659429850545791,Line_3,2,3,1.0,11.49483365009976,63.34763469967524,51.85280104957548,GENROU_4,6,GENROU_1,1,1.000001300727246,1.0000028021684144,2.802168414417494e-06,GENROU_2,2,GENROU_3,3,1.4707054206810244,2.032450215105023,GENROU_5,8,GENROU_2,2
970,2,5.05,0.02,0.001,NEXT_STEP,0,0.0360273067233068,0.016981730285392,1.0300062307499185,-0.0356715426055691,,,,,,,,Line_3,2,3,1.0,1.0300062307499185,-0.0356715426055691,1.010274709872233,-0.0664926307170487,1.7659182687886243,Line_3,2,3,1.0,11.495496244693037,63.34852077046397,51.85302452577093,GENROU_4,6,GENROU_1,1,1.0000012522541837,1.000002876059524,2.8760595240928666e-06,GENROU_2,2,GENROU_3,3,1.470708843807895,2.0324803438371952,GENROU_5,8,GENROU_2,2
972,2,5.055,0.02,0.001,NEXT_STEP,1,0.0360272825640973,0.0169817334521951,1.0300061075770333,-0.0356682520966346,,,,,,,,Line_3,2,3,1.0,1.0300061075770333,-0.0356682520966346,1.0102742654376409,-0.0664892236686233,1.7659115915676296,Line_3,2,3,1.0,11.495658464590337,63.348741576344125,51.85308311175379,GENROU_4,6,GENROU_1,1,1.0000012399107832,1.000002893577428,2.89357742810914e-06,GENROU_2,2,GENROU_3,3,1.470709710161807,2.03248791244824,GENROU_5,8,GENROU_2,2
974,2,5.075,0.02,0.001,NEXT_STEP,0,0.0360272903624119,0.0169817396222169,1.0300056169936085,-0.0356551831526858,,,,,,,,Line_3,2,3,1.0,1.0300056169936085,-0.0356551831526858,1.010272499638481,-0.066475651390775,1.7658827526595076,Line_3,2,3,1.0,11.496295011674674,63.349621355129166,51.85332634345449,GENROU_4,6,GENROU_1,1,1.000001189929566,1.000002959245025,2.9592450250248703e-06,GENROU_2,2,GENROU_3,3,1.4707132128374594,2.032518260780253,GENROU_5,8,GENROU_2,2
976,2,5.08,0.02,0.001,NEXT_STEP,1,0.0360272898052377,0.0169817391201379,1.0300054956553195,-0.0356519372295227,,,,,,,,Line_3,2,3,1.0,1.0300054956553195,-0.0356519372295227,1.0102720615954568,-0.0664722716259098,1.7658750840948585,Line_3,2,3,1.0,11.496451296962338,63.3498403389606,51.853389041998255,GENROU_4,6,GENROU_1,1,1.000001177331404,1.0000029744748162,2.97447481623081e-06,GENROU_2,2,GENROU_3,3,1.470714097072188,2.0325258549931067,GENROU_5,8,GENROU_2,2
978,2,5.1,0.02,0.001,NEXT_STEP,0,0.0360272670449006,0.0169817435268478,1.0300050160485077,-0.0356390395305673,,,,,,,,Line_3,2,3,1.0,1.0300050160485077,-0.0356390395305673,1.0102703230510652,-0.0664588104424552,1.765842798811235,Line_3,2,3,1.0,11.497066421572834,63.3507118438037,51.85364542223087,GENROU_4,6,GENROU_1,1,1.000001126816312,1.0000030301958265,3.0301958262590745e-06,GENROU_2,2,GENROU_3,3,1.470717662531701,2.0325561886324124,GENROU_5,8,GENROU_2,2
980,2,5.105,0.02,0.001,NEXT_STEP,1,0.0360272735859273,0.0169817485742583,1.0300048974497615,-0.0356358386205899,,,,,,,,Line_3,2,3,1.0,1.0300048974497615,-0.0356358386205899,1.0102698917418675,-0.0664554617662937,1.7658343324325472,Line_3,2,3,1.0,11.49721792863011,63.35092851622852,51.853710587598414,GENROU_4,6,GENROU_1,1,1.0000011141976584,1.0000030427584,3.042758400129131e-06,GENROU_2,2,GENROU_3,3,1.4707185600869244,2.032563749521067,GENROU_5,8,GENROU_2,2
982,2,5.125,0.02,0.001,NEXT_STEP,0,0.0360272742760798,0.0169817491859509,1.0300044341701684,-0.0356231249519554,,,,,,,,Line_3,2,3,1.0,1.0300044341701684,-0.0356231249519554,1.010268183355134,-0.066442134660082,1.7657991850483654,Line_3,2,3,1.0,11.497816220905356,63.35178982681373,51.85397360590837,GENROU_4,6,GENROU_1,1,1.000001064013169,1.0000030872047585,3.0872047582786166e-06,GENROU_2,2,GENROU_3,3,1.470722171950704,2.0325938383414672,GENROU_5,8,GENROU_2,2
984,2,5.13,0.02,0.001,NEXT_STEP,1,0.036027250145593,0.0169817523781975,1.0300043208669616,-0.035619967765438,,,,,,,,Line_3,2,3,1.0,1.0300043208669616,-0.035619967765438,1.010267760135914,-0.0664388196927245,1.7657901448721418,Line_3,2,3,1.0,11.497964082339406,63.35200371911654,51.85403963677713,GENROU_4,6,GENROU_1,1,1.0000010515808522,1.000003096821859,3.096821858949994e-06,GENROU_2,2,GENROU_3,3,1.4707230792790806,2.032601311241009,GENROU_5,8,GENROU_2,2
986,2,5.15,0.02,0.001,NEXT_STEP,0,0.0360272579165309,0.016981758524018,1.0300038782835712,-0.0356074430672573,,,,,,,,Line_3,2,3,1.0,1.0300038782835712,-0.0356074430672573,1.0102660834479429,-0.0664256443378404,1.765752864989139,Line_3,2,3,1.0,11.498549980646851,63.35285302838592,51.854303047739066,GENROU_4,6,GENROU_1,1,1.0000010025099595,1.0000031290945997,3.129094599652049e-06,GENROU_2,2,GENROU_3,3,1.47072672152367,2.0326309443025905,GENROU_5,8,GENROU_2,2
988,2,5.155,0.02,0.001,NEXT_STEP,1,0.0360272573867329,0.0169817580461687,1.0300037709514636,-0.0356043358962044,,,,,,,,Line_3,2,3,1.0,1.0300037709514636,-0.0356043358962044,1.0102656686064158,-0.066422370965766,1.7657433423720477,Line_3,2,3,1.0,11.498695277800962,63.35306370791516,51.85436843011419,GENROU_4,6,GENROU_1,1,1.0000009904400338,1.0000031355891017,3.135589101477265e-06,GENROU_2,2,GENROU_3,3,1.4707276346946223,2.032638278592953,GENROU_5,8,GENROU_2,2
990,2,5.175,0.02,0.001,NEXT_STEP,0,0.0360272580558612,0.0169817586392338,1.0300033548384604,-0.0355920061396904,,,,,,,,Line_3,2,3,1.0,1.0300033548384604,-0.0355920061396904,1.0102640260215694,-0.066409365662196,1.7657046363768814,Line_3,2,3,1.0,11.499272965729492,63.35389936643767,51.854626400708185,GENROU_4,6,GENROU_1,1,1.0000009431307568,1.0000031551811648,3.155181164782306e-06,GENROU_2,2,GENROU_3,3,1.470731293049896,2.0326672627300644,GENROU_5,8,GENROU_2,2
992,2,5.18,0.02,0.001,NEXT_STEP,1,0.0360272339452125,0.0169817618490585,1.0300032543410926,-0.0355889465321624,,,,,,,,Line_3,2,3,1.0,1.0300032543410926,-0.0355889465321624,1.0102636195329762,-0.0664061357694842,1.765694879754534,Line_3,2,3,1.0,11.499416708333849,63.35410644321973,51.85468973488588,GENROU_4,6,GENROU_1,1,1.000000931575434,1.0000031584788136,3.158478813602983e-06,GENROU_2,2,GENROU_3,3,1.4707322084432557,2.032674411599002,GENROU_5,8,GENROU_2,2
994,2,5.2,0.02,0.001,NEXT_STEP,0,0.0360272416950372,0.0169817679761688,1.0300028665189,-0.0355768181034337,,,,,,,,Line_3,2,3,1.0,1.0300028665189,-0.0355768181034337,1.0102620104020934,-0.0663933185794297,1.7656554166374576,Line_3,2,3,1.0,11.499990070247051,63.35492699567059,51.85493692542354,GENROU_4,6,GENROU_1,1,1.0000008865743146,1.0000031651839647,3.165183964703999e-06,GENROU_2,2,GENROU_3,3,1.4707358697615969,2.032702572934044,GENROU_5,8,GENROU_2,2
996,2,5.205,0.02,0.001,NEXT_STEP,1,0.0360272411888751,0.0169817675192478,1.0300027736691062,-0.0355738114406882,,,,,,,,Line_3,2,3,1.0,1.0300027736691062,-0.0355738114406882,1.0102616125187436,-0.0663901391841545,1.765645519792514,Line_3,2,3,1.0,11.500133194359371,63.35513013294268,51.854996938583305,GENROU_4,6,GENROU_1,1,1.000000875650367,1.0000031651839647,3.165183964703999e-06,GENROU_2,2,GENROU_3,3,1.470736784569995,2.032709498314316,GENROU_5,8,GENROU_2,2
998,2,5.225,0.02,0.001,NEXT_STEP,0,0.0360272418343768,0.0169817680914007,1.0300024181130143,-0.0355618887228338,,,,,,,,Line_3,2,3,1.0,1.0300024181130143,-0.0355618887228338,1.010260037634935,-0.0663775260124618,1.7656059597016451,Line_3,2,3,1.0,11.500705762588284,63.35593434109821,51.85522857850993,GENROU_4,6,GENROU_1,1,1.0000008333684915,1.000003159575356,3.1595753560154094e-06,GENROU_2,2,GENROU_3,3,1.4707404379509434,2.0327367003847,GENROU_5,8,GENROU_2,2
1000,2,5.23,0.02,0.001,NEXT_STEP,1,0.0360272177460861,0.016981771321004,1.0300023332921144,-0.0355589321737343,,,,,,,,Line_3,2,3,1.0,1.0300023332921144,-0.0355589321737343,1.0102596479405237,-0.0663743982027873,1.7655961471934916,Line_3,2,3,1.0,11.50084903184476,63.35613325774541,51.855284225900654,GENROU_4,6,GENROU_1,1,1.0000008231689572,1.000003156619552,3.1566195519694418e-06,GENROU_2,2,GENROU_3,3,1.470741349384938,2.032743369996397,GENROU_5,8,GENROU_2,2
1002,2,5.25,0.02,0.001,NEXT_STEP,0,0.0360272254761079,0.0169817774305514,1.0300020098191291,-0.0355472204852697,,,,,,,,Line_3,2,3,1.0,1.0300020098191291,-0.0355472204852697,1.0102581050692794,-0.0663620043677428,1.7655570630734587,Line_3,2,3,1.0,11.50142351802399,63.356920120032186,51.8554966020082,GENROU_4,6,GENROU_1,1,1.0000007839165794,1.000003138920037,3.1389200370046666e-06,GENROU_2,2,GENROU_3,3,1.4707449852472705,2.032769496982892,GENROU_5,8,GENROU_2,2
1004,2,5.255,0.02,0.001,NEXT_STEP,1,0.036027224989782,0.01698177699123,1.0300019333633688,-0.0355443190354137,,,,,,,,Line_3,2,3,1.0,1.0300019333633688,-0.0355443190354137,1.0102577234538097,-0.0663589343043318,1.7655474022283784,Line_3,2,3,1.0,11.50156761140656,63.357114596278535,51.85554698487198,GENROU_4,6,GENROU_1,1,1.0000007744998496,1.000003133069457,3.133069456984217e-06,GENROU_2,2,GENROU_3,3,1.470745891479453,2.0327758874578827,GENROU_5,8,GENROU_2,2
1006,2,5.275,0.02,0.001,NEXT_STEP,0,0.0360272256141691,0.0169817775446715,1.0300016440823094,-0.0355328210256883,,,,,,,,Line_3,2,3,1.0,1.0300016440823094,-0.0355328210256883,1.0102562120315512,-0.0663467719207894,1.7655093364126628,Line_3,2,3,1.0,11.502146506198592,63.35788335145565,51.855736845257056,GENROU_4,6,GENROU_1,1,1.0000007384600749,1.0000031042604844,3.104260484443344e-06,GENROU_2,2,GENROU_3,3,1.4707495029229232,2.032800862954395,GENROU_5,8,GENROU_2,2
1008,2,5.28,0.02,0.001,NEXT_STEP,1,0.0360272250062704,0.0169817770058085,1.0300015760188417,-0.0355299734709884,,,,,,,,Line_3,2,3,1.0,1.0300015760188417,-0.0355299734709884,1.0102558379168107,-0.0663437612182024,1.7654999887272993,Line_3,2,3,1.0,11.502291951717496,63.35807322677472,51.85578127505722,GENROU_4,6,GENROU_1,1,1.0000007298614753,1.0000030957617878,3.095761787808016e-06,GENROU_2,2,GENROU_3,3,1.470750402194425,2.0328069572665126,GENROU_5,8,GENROU_2,2
1010,2,5.3,0.02,0.001,NEXT_STEP,0,0.0360272256194986,0.0169817775493698,1.030001319955194,-0.0355186922025361,,,,,,,,Line_3,2,3,1.0,1.030001319955194,-0.0355186922025361,1.0102543552506755,-0.0663318412306223,1.7654633928169687,Line_3,2,3,1.0,11.50287708430555,63.35882335378413,51.85594626947858,GENROU_4,6,GENROU_1,1,1.0000006971243065,1.000003056941804,3.056941803913915e-06,GENROU_2,2,GENROU_3,3,1.4707539833736942,2.032830723821322,GENROU_5,8,GENROU_2,2
1012,2,5.305,0.02,0.001,NEXT_STEP,1,0.0360272015634599,0.016981780807529,1.0300012599904431,-0.0355158970222655,,,,,,,,Line_3,2,3,1.0,1.0300012599904431,-0.0355158970222655,1.0102539878372916,-0.0663288908614871,1.7654545011500034,Line_3,2,3,1.0,11.50302426798526,63.35900852786186,51.8559842598766,GENROU_4,6,GENROU_1,1,1.0000006893565678,1.0000030460968243,3.046096824332878e-06,GENROU_2,2,GENROU_3,3,1.4707548745702947,2.032836511687596,GENROU_5,8,GENROU_2,2
1014,2,5.325,0.02,0.001,NEXT_STEP,0,0.0360272092599529,0.0169817868873959,1.0300010351386553,-0.0355048342263505,,,,,,,,Line_3,2,3,1.0,1.0300010351386553,-0.0355048342263505,1.010252530559637,-0.066317221537637,1.7654197496591737,Line_3,2,3,1.0,11.503616897350703,63.359739744890014,51.85612284753931,GENROU_4,6,GENROU_1,1,1.0000006599264606,1.0000029985603218,2.998560321820776e-06,GENROU_2,2,GENROU_3,3,1.4707584224402117,2.032859048802929,GENROU_5,8,GENROU_2,2
1016,2,5.33,0.02,0.001,NEXT_STEP,1,0.0360272088083993,0.016981786478917,1.0300009830141348,-0.0355020957278488,,,,,,,,Line_3,2,3,1.0,1.0300009830141348,-0.0355020957278488,1.010252169391029,-0.0663143359548767,1.7654113223519232,Line_3,2,3,1.0,11.503766062739198,63.35992017612901,51.85615411338981,GENROU_4,6,GENROU_1,1,1.0000006529751833,1.0000029857089068,2.9857089067775178e-06,GENROU_2,2,GENROU_3,3,1.470759305202682,2.032864530581506,GENROU_5,8,GENROU_2,2
1018,2,5.35,0.02,0.001,NEXT_STEP,0,0.0360272093993421,0.0169817870026586,1.030000789144241,-0.0354912516091539,,,,,,,,Line_3,2,3,1.0,1.030000789144241,-0.0354912516091539,1.0102507356418229,-0.0663029228080595,1.765378719442083,Line_3,2,3,1.0,11.50436687956464,63.3606324213589,51.85626554179426,GENROU_4,6,GENROU_1,1,1.0000006267584494,1.0000029308787428,2.930878742812837e-06,GENROU_2,2,GENROU_3,3,1.4707628186136283,2.0328858520665527,GENROU_5,8,GENROU_2,2
1020,2,5.355,0.02,0.001,NEXT_STEP,1,0.0360272088248734,0.0169817864934684,1.0300007443439814,-0.0354885679223017,,,,,,,,Line_3,2,3,1.0,1.0300007443439814,-0.0354885679223017,1.010250379862779,-0.0663001018983284,1.765370857150259,Line_3,2,3,1.0,11.504518129471093,63.36080811975817,51.856289990287074,GENROU_4,6,GENROU_1,1,1.0000006205937138,1.0000029163912625,2.9163912624863286e-06,GENROU_2,2,GENROU_3,3,1.470763692598663,2.032891032164589,GENROU_5,8,GENROU_2,2
1022,2,5.375,0.02,0.001,NEXT_STEP,0,0.0360272094033702,0.0169817870062266,1.0300005784414858,-0.0354779428996435,,,,,,,,Line_3,2,3,1.0,1.0300005784414858,-0.0354779428996435,1.0102489659971334,-0.0662889488995092,1.7653406063445516,Line_3,2,3,1.0,11.50512727408444,63.36150153178026,51.85637425769583,GENROU_4,6,GENROU_1,1,1.000000597436642,1.0000028557855585,2.8557855582533875e-06,GENROU_2,2,GENROU_3,3,1.4707671711894468,2.032911162578047,GENROU_5,8,GENROU_2,2
1024,2,5.38,0.02,0.001,NEXT_STEP,1,0.0360272088400548,0.0169817865069158,1.0300005402875618,-0.0354753139031819,,,,,,,,Line_3,2,3,1.0,1.0300005402875618,-0.0354753139031819,1.0102486147723997,-0.0662861932727146,1.7653333509609297,Line_3,2,3,1.0,11.505280577402692,63.36167255543938,51.85639197803669,GENROU_4,6,GENROU_1,1,1.0000005920123365,1.0000028400483956,2.8400483955692835e-06,GENROU_2,2,GENROU_3,3,1.4707680366385174,2.032916050335108,GENROU_5,8,GENROU_2,2
1026,2,5.4,0.02,0.001,NEXT_STEP,0,0.0360272094086684,0.0169817870109123,1.03000039948289,-0.0354649070772555,,,,,,,,Line_3,2,3,1.0,1.03000039948289,-0.0354649070772555,1.0102472174567287,-0.0662753017268715,1.7653055785554557,Line_3,2,3,1.0,11.505897671816577,63.36234745310485,51.85644978128828,GENROU_4,6,GENROU_1,1,1.0000005717038558,1.0000027752258462,2.775225846241014e-06,GENROU_2,2,GENROU_3,3,1.4707714869871509,2.0329350414071268,GENROU_5,8,GENROU_2,2
1028,2,5.405,0.02,0.001,NEXT_STEP,1,0.0360271853985043,0.0169817903097161,1.0300003671229765,-0.0354623304073165,,,,,,,,Line_3,2,3,1.0,1.0300003671229765,-0.0354623304073165,1.010246869790285,-0.066272610057094,1.7652989895500468,Line_3,2,3,1.0,11.506052872850256,63.36251390218485,51.85646102933459,GENROU_4,6,GENROU_1,1,1.0000005669635554,1.000002758631229,2.758631229005104e-06,GENROU_2,2,GENROU_3,3,1.4707723434968203,2.0329396529906005,GENROU_5,8,GENROU_2,2
1030,2,5.425,0.02,0.001,NEXT_STEP,0,0.0360271930491692,0.0169817963489879,1.0300002473351582,-0.0354521402690726,,,,,,,,Line_3,2,3,1.0,1.0300002473351582,-0.0354521402690726,1.0102454850434364,-0.0662619791841286,1.765273737310622,Line_3,2,3,1.0,11.506677064921607,63.3631707627819,51.85649369786029,GENROU_4,6,GENROU_1,1,1.0000005492561097,1.0000026911507438,2.691150743805437e-06,GENROU_2,2,GENROU_3,3,1.4707757557787815,2.0329575823538937,GENROU_5,8,GENROU_2,2
1032,2,5.43,0.02,0.001,NEXT_STEP,1,0.0360271926434417,0.0169817959811065,1.0300002200443137,-0.0354496194481051,,,,,,,,Line_3,2,3,1.0,1.0300002200443137,-0.0354496194481051,1.0102451403749833,-0.0662593537012258,1.7652677406234716,Line_3,2,3,1.0,11.506833895801114,63.36333277406265,51.85649887826153,GENROU_4,6,GENROU_1,1,1.0000005451285936,1.000002674080736,2.674080735953765e-06,GENROU_2,2,GENROU_3,3,1.4707766062682044,2.032961940669313,GENROU_5,8,GENROU_2,2
1034,2,5.45,0.02,0.001,NEXT_STEP,0,0.0360271931885339,0.0169817964642159,1.0300001194000437,-0.0354396431884599,,,,,,,,Line_3,2,3,1.0,1.0300001194000437,-0.0354396431884599,1.0102437661216626,-0.0662489803478829,1.765244988830517,Line_3,2,3,1.0,11.507463909563109,63.36397220015289,51.85650829058978,GENROU_4,6,GENROU_1,1,1.0000005297259758,1.0000026054415874,2.605441587366641e-06,GENROU_2,2,GENROU_3,3,1.4707799968516555,2.0329789049398603,GENROU_5,8,GENROU_2,2
1036,2,5.455,0.02,0.001,NEXT_STEP,1,0.0360271926586644,0.0169817959945435,1.0300000963079867,-0.0354371756263588,,,,,,,,Line_3,2,3,1.0,1.0300000963079867,-0.0354371756263588,1.0102434235909334,-0.0662464188376723,1.7652396060003357,Line_3,2,3,1.0,11.507622003281712,63.3641299369641,51.85650793368239,GENROU_4,6,GENROU_1,1,1.000000526136856,1.0000025882631791,2.588263179337247e-06,GENROU_2,2,GENROU_3,3,1.4707808418327102,2.03298303334336,GENROU_5,8,GENROU_2,2
1038,2,5.475,0.02,0.001,NEXT_STEP,0,0.0360271931925523,0.0169817964677888,1.030000010599122,-0.0354274109312827,,,,,,,,Line_3,2,3,1.0,1.030000010599122,-0.0354274109312827,1.0102420563482517,-0.0662362988892622,1.765219251483643,Line_3,2,3,1.0,11.50825619863384,63.36475262714952,51.85649642851568,GENROU_4,6,GENROU_1,1,1.0000005127317584,1.0000025198844655,2.519884465534972e-06,GENROU_2,2,GENROU_3,3,1.470784212323167,2.0329991260881304,GENROU_5,8,GENROU_2,2
1040,2,5.48,0.02,0.001,NEXT_STEP,1,0.0360271926738454,0.0169817960079709,1.029999990785529,-0.0354249958637963,,,,,,,,Line_3,2,3,1.0,1.029999990785529,-0.0354249958637963,1.0102417152045753,-0.0662338000293408,1.7652144505307774,Line_3,2,3,1.0,11.508415105401824,63.36490627399419,51.85649116859236,GENROU_4,6,GENROU_1,1,1.0000005096025033,1.0000025029387365,2.502938736270721e-06,GENROU_2,2,GENROU_3,3,1.4707850529073094,2.0330030494682387,GENROU_5,8,GENROU_2,2
1042,2,5.5,0.02,0.001,NEXT_STEP,0,0.0360271931965945,0.0169817964713027,1.029999916369938,-0.0354154395693245,,,,,,,,Line_3,2,3,1.0,1.029999916369938,-0.0354154395693245,1.0102403521227192,-0.0662239275940885,1.765196336998315,Line_3,2,3,1.0,11.5090514912883,63.36551299729671,51.856461506008415,GENROU_4,6,GENROU_1,1,1.0000004978772512,1.0000024361210924,2.436121092408428e-06,GENROU_2,2,GENROU_3,3,1.4707884086982177,2.0330183776680006,GENROU_5,8,GENROU_2,2
1044,2,5.505,0.02,0.001,NEXT_STEP,1,0.0360271926890417,0.0169817960214105,1.0299998989091197,-0.0354130762861737,,,,,,,,Line_3,2,3,1.0,1.0299998989091197,-0.0354130762861737,1.0102400116724983,-0.0662214898712018,1.765192071915607,Line_3,2,3,1.0,11.509210633152742,63.36566275278475,51.85645211963201,GENROU_4,6,GENROU_1,1,1.00000049512782,1.0000024197157231,2.4197157231231614e-06,GENROU_2,2,GENROU_3,3,1.470789246357898,2.033022124247575,GENROU_5,8,GENROU_2,2
1046,2,5.525,0.02,0.001,NEXT_STEP,0,0.0360271932006092,0.0169817964748844,1.0299998322599182,-0.0354037247499748,,,,,,,,Line_3,2,3,1.0,1.0299998322599182,-0.0354037247499748,1.0102386502316252,-0.0662118577100898,1.765175993292473,Line_3,2,3,1.0,11.509847065389074,63.366254320404536,51.85640725501546,GENROU_4,6,GENROU_1,1,1.0000004847625854,1.0000023556128383,2.355612838345067e-06,GENROU_2,2,GENROU_3,3,1.470792593782324,2.033036804306741,GENROU_5,8,GENROU_2,2
1048,2,5.53,0.02,0.001,NEXT_STEP,1,0.0360271927042149,0.0169817960348711,1.029999816345365,-0.0354014119926943,,,,,,,,Line_3,2,3,1.0,1.029999816345365,-0.0354014119926943,1.0102383099321297,-0.0662094788852077,1.7651722078977343,Line_3,2,3,1.0,11.510006005557896,63.36640039027054,51.85639438471264,GENROU_4,6,GENROU_1,1,1.0000004823143196,1.0000023400167348,2.340016734825312e-06,GENROU_2,2,GENROU_3,3,1.4707934301622525,2.03304040371772,GENROU_5,8,GENROU_2,2
1050,2,5.55,0.02,0.001,NEXT_STEP,0,0.0360271932033655,0.0169817964772942,1.029999754171994,-0.0353922609393595,,,,,,,,Line_3,2,3,1.0,1.029999754171994,-0.0353922609393595,1.0102369480147957,-0.0662000784420742,1.7651579189148094,Line_3,2,3,1.0,11.51064028762053,63.36697763109241,51.85633734347188,GENROU_4,6,GENROU_1,1,1.0000004730022598,1.000002279621482,2.279621482026428e-06,GENROU_2,2,GENROU_3,3,1.4707967754312652,2.0330545536526032,GENROU_5,8,GENROU_2,2
1052,2,5.555,0.02,0.001,NEXT_STEP,1,0.0360271927193776,0.01698179604831,1.0299997389653657,-0.0353899978579534,,,,,,,,Line_3,2,3,1.0,1.0299997389653657,-0.0353899978579534,1.0102366073487297,-0.066197756513433,1.7651545472166106,Line_3,2,3,1.0,11.510798367523371,63.36712022293728,51.85632185541391,GENROU_4,6,GENROU_1,1,1.0000004707798291,1.00000226506057,2.265060569994759e-06,GENROU_2,2,GENROU_3,3,1.4707976120451107,2.033058034936794,GENROU_5,8,GENROU_2,2
1054,2,5.575,0.02,0.001,NEXT_STEP,0,0.0360271932086578,0.0169817964820086,1.0299996781060343,-0.0353810434915413,,,,,,,,Line_3,2,3,1.0,1.0299996781060343,-0.0353810434915413,1.0102352431243151,-0.0661885791687424,1.7651417715023283,Line_3,2,3,1.0,11.511427981384836,63.367683961256816,51.85625597987198,GENROU_4,6,GENROU_1,1,1.0000004622266117,1.00000220918341,2.2091834099846608e-06,GENROU_2,2,GENROU_3,3,1.470800961415226,2.033071768952022,GENROU_5,8,GENROU_2,2
1056,2,5.58,0.02,0.001,NEXT_STEP,1,0.0360271927320264,0.0169817960595062,1.0299996628583985,-0.0353788290896111,,,,,,,,Line_3,2,3,1.0,1.0299996628583985,-0.0353788290896111,1.0102349016869174,-0.0661863118874658,1.7651387417389517,Line_3,2,3,1.0,11.511584581267892,63.36782327850558,51.856238697237686,GENROU_4,6,GENROU_1,1,1.0000004601588022,1.0000021958368932,2.1958368932040173e-06,GENROU_2,2,GENROU_3,3,1.470801799832396,2.033075160212202,GENROU_5,8,GENROU_2,2
1058,2,5.6,0.02,0.001,NEXT_STEP,0,0.0360271932126543,0.0169817964854958,1.0299996004657042,-0.0353700674369142,,,,,,,,Line_3,2,3,1.0,1.0299996004657042,-0.0353700674369142,1.0102335337241908,-0.0661773485173383,1.765127184181523,Line_3,2,3,1.0,11.512207037357252,63.36837431149681,51.85616727413955,GENROU_4,6,GENROU_1,1,1.000000452090576,1.000002145099459,2.1450994589500283e-06,GENROU_2,2,GENROU_3,3,1.4708051594521938,2.0330885884153687,GENROU_5,8,GENROU_2,2
1060,2,5.605,0.02,0.001,NEXT_STEP,1,0.0360271927471805,0.0169817960729065,1.029999584510033,-0.0353679007016557,,,,,,,,Line_3,2,3,1.0,1.029999584510033,-0.0353679007016557,1.0102331912089952,-0.0661751335575793,1.765124421121186,Line_3,2,3,1.0,11.512361546080342,63.36851054839746,51.85614900231712,GENROU_4,6,GENROU_1,1,1.000000450111925,1.0000021330988635,2.1330988635437365e-06,GENROU_2,2,GENROU_3,3,1.4708060011716342,2.033091916467686,GENROU_5,8,GENROU_2,2
1062,2,5.625,0.02,0.001,NEXT_STEP,0,0.0360271932141465,0.016981796486807,1.0299995181105557,-0.0353593276634002,,,,,,,,Line_3,2,3,1.0,1.0299995181105557,-0.0353593276634002,1.0102318184891108,-0.0661663747602203,1.7651137779085389,Line_3,2,3,1.0,11.512974456910005,63.36904962800559,51.85607517109559,GENROU_4,6,GENROU_1,1,1.0000004422803122,1.0000020879322282,2.0879322282230106e-06,GENROU_2,2,GENROU_3,3,1.470809376803047,2.0331051424285183,GENROU_5,8,GENROU_2,2
1064,2,5.63,0.02,0.001,NEXT_STEP,1,0.0360271927610872,0.0169817960852094,1.029999500876034,-0.0353572075753119,,,,,,,,Line_3,2,3,1.0,1.029999500876034,-0.0353572075753119,1.0102314746906509,-0.0661642097718114,1.7651112053096654,Line_3,2,3,1.0,11.513126289555098,63.369182965571135,51.85605667601604,GENROU_4,6,GENROU_1,1,1.0000004403322618,1.0000020773617395,2.0773617397384925e-06,GENROU_2,2,GENROU_3,3,1.4708102231951112,2.03310843209934,GENROU_5,8,GENROU_2,2
1066,2,5.65,0.02,0.001,NEXT_STEP,0,0.0360271932194265,0.0169817964914271,1.0299994283858105,-0.0353488191211561,,,,,,,,Line_3,2,3,1.0,1.0299994283858105,-0.0353488191211561,1.0102300965855937,-0.0661556462214193,1.7651011730343384,Line_3,2,3,1.0,11.513727378627712,63.36971078416867,51.85598340554096,GENROU_4,6,GENROU_1,1,1.0000004325178884,1.0000020380100088,2.038010008753588e-06,GENROU_2,2,GENROU_3,3,1.4708136200074453,2.0331215501308773,GENROU_5,8,GENROU_2,2
1068,2,5.655,0.02,0.001,NEXT_STEP,1,0.0360271693170309,0.0169817998857847,1.0299994093140925,-0.0353467426395234,,,,,,,,Line_3,2,3,1.0,1.0299994093140925,-0.0353467426395234,1.01022975123372,-0.0661535275200325,1.7650987540206131,Line_3,2,3,1.0,11.513875984538531,63.369841387143055,51.855965402604525,GENROU_4,6,GENROU_1,1,1.0000004305517587,1.0000020289094824,2.0289094824210707e-06,GENROU_2,2,GENROU_3,3,1.4708144722736567,2.033124823659283,GENROU_5,8,GENROU_2,2
1070,2,5.675,0.02,0.001,NEXT_STEP,0,0.0360271768586277,0.0169818058283652,1.0299993281914217,-0.0353385349859695,,,,,,,,Line_3,2,3,1.0,1.0299993281914217,-0.0353385349859695,1.0102283668319434,-0.0661451502261906,1.7650890343480796,Line_3,2,3,1.0,11.51446313663922,63.37035857036531,51.85589543372609,GENROU_4,6,GENROU_1,1,1.0000004225739596,1.000001995443644,1.995443644098316e-06,GENROU_2,2,GENROU_3,3,1.4708178950306825,2.033137919591418,GENROU_5,8,GENROU_2,2
1072,2,5.68,0.02,0.001,NEXT_STEP,1,0.0360271765594546,0.0169818055549351,1.0299993070284166,-0.0353365051716933,,,,,,,,Line_3,2,3,1.0,1.0299993070284166,-0.0353365051716933,1.010228020169785,-0.0661430782956516,1.765086621263947,Line_3,2,3,1.0,11.514608011028043,63.370486586106566,51.85587857507852,GENROU_4,6,GENROU_1,1,1.0000004205436583,1.0000019878063098,1.987806309777796e-06,GENROU_2,2,GENROU_3,3,1.4708187544088047,2.0331411982234853,GENROU_5,8,GENROU_2,2
1074,2,5.7,0.02,0.001,NEXT_STEP,0,0.0360271769979589,0.0169818059435769,1.0299992175920407,-0.0353284740783051,,,,,,,,Line_3,2,3,1.0,1.0299992175920407,-0.0353284740783051,1.0102266307162653,-0.0661348783380948,1.7650769460597928,Line_3,2,3,1.0,11.515179315669576,63.37099367933714,51.85581436366756,GENROU_4,6,GENROU_1,1,1.0000004122368782,1.0000019601192969,1.9601192968732306e-06,GENROU_2,2,GENROU_3,3,1.470822207051965,2.033154348585831,GENROU_5,8,GENROU_2,2
1076,2,5.705,0.02,0.001,NEXT_STEP,1,0.0360271765709029,0.0169818055650166,1.0299991940872766,-0.0353264880859574,,,,,,,,Line_3,2,3,1.0,1.0299991940872766,-0.0353264880859574,1.0102262827348982,-0.0661328498250332,1.7650745098023322,Line_3,2,3,1.0,11.51532001004558,63.37111923318977,51.85579922314419,GENROU_4,6,GENROU_1,1,1.0000004101076276,1.0000019539005094,1.953900509388262e-06,GENROU_2,2,GENROU_3,3,1.4708230741540604,2.033157647469288,GENROU_5,8,GENROU_2,2
1078,2,5.725,0.02,0.001,NEXT_STEP,0,0.0360271770019364,0.0169818059471361,1.0299990948598552,-0.0353186306239924,,,,,,,,Line_3,2,3,1.0,1.0299990948598552,-0.0353186306239924,1.0102248882045493,-0.0661248197283342,1.7650646185607002,Line_3,2,3,1.0,11.515873798619532,63.37161669586947,51.85574289724994,GENROU_4,6,GENROU_1,1,1.0000004013472423,1.0000019317405382,1.931740538196891e-06,GENROU_2,2,GENROU_3,3,1.4708265589087608,2.033170901191482,GENROU_5,8,GENROU_2,2
1080,2,5.73,0.02,0.001,NEXT_STEP,1,0.0360271765835113,0.0169818055762376,1.0299990688326028,-0.0353166876329418,,,,,,,,Line_3,2,3,1.0,1.0299990688326028,-0.0353166876329418,1.0102245390253612,-0.0661228327622072,1.765062098974397,Line_3,2,3,1.0,11.516009928599209,63.37173989205914,51.85572996345993,GENROU_4,6,GENROU_1,1,1.0000003990916542,1.000001926860146,1.926860146106435e-06,GENROU_2,2,GENROU_3,3,1.4708274343213297,2.033174231260233,GENROU_5,8,GENROU_2,2
1082,2,5.75,0.02,0.001,NEXT_STEP,0,0.0360271770046575,0.0169818059495178,1.029998959348004,-0.0353090006401157,,,,,,,,Line_3,2,3,1.0,1.029998959348004,-0.0353090006401157,1.010223140076309,-0.0661149654315691,1.765051766378889,Line_3,2,3,1.0,11.516544804176595,63.37222809835174,51.85568329417514,GENROU_4,6,GENROU_1,1,1.0000003897831058,1.0000019098439563,1.909843956315882e-06,GENROU_2,2,GENROU_3,3,1.4708309532320332,2.033187629295329,GENROU_5,8,GENROU_2,2
1084,2,5.755,0.02,0.001,NEXT_STEP,1,0.0360271765974141,0.016981805588552,1.029998930731609,-0.0353070999013802,,,,,,,,Line_3,2,3,1.0,1.029998930731609,-0.0353070999013802,1.0102227898960014,-0.0661130183486039,1.765049111050132,Line_3,2,3,1.0,11.516676056687183,63.37234901976984,51.855672963082654,GENROU_4,6,GENROU_1,1,1.000000387381218,1.0000019061915388,1.9061915388363104e-06,GENROU_2,2,GENROU_3,3,1.470831837370315,2.0331909998781605,GENROU_5,8,GENROU_2,2
1086,2,5.775,0.02,0.001,NEXT_STEP,0,0.0360271770074009,0.0169818059519047,1.0299988109124016,-0.0352995805521112,,,,,,,,Line_3,2,3,1.0,1.0299988109124016,-0.0352995805521112,1.0102213874286876,-0.0661053075925955,1.7650381442517755,Line_3,2,3,1.0,11.517190914365298,63.37282825921088,51.85563734484559,GENROU_4,6,GENROU_1,1,1.0000003774588102,1.0000018938256068,1.8938256067801973e-06,GENROU_2,2,GENROU_3,3,1.4708353916829535,2.0332045742468305,GENROU_5,8,GENROU_2,2
1088,2,5.78,0.02,0.001,NEXT_STEP,1,0.0360271766088186,0.0169818055986622,1.0299987797328622,-0.0352977214020717,,,,,,,,Line_3,2,3,1.0,1.0299987797328622,-0.0352977214020717,1.0102210364982307,-0.0661033989636286,1.7650353093180795,Line_3,2,3,1.0,11.517317050624095,63.37294696788426,51.85562991726017,GENROU_4,6,GENROU_1,1,1.000000374897627,1.0000018912659518,1.8912659518477424e-06,GENROU_2,2,GENROU_3,3,1.4708362847535623,2.033207991837514,GENROU_5,8,GENROU_2,2
1090,2,5.8,0.02,0.001,NEXT_STEP,0,0.0360271770101211,0.0169818059542785,1.029998649851626,-0.0352903672104816,,,,,,,,Line_3,2,3,1.0,1.029998649851626,-0.0352903672104816,1.0102196316045131,-0.0660958395495655,1.7650235509365189,Line_3,2,3,1.0,11.517811089262038,63.3734174483623,51.85560635910026,GENROU_4,6,GENROU_1,1,1.000000364322359,1.000001882969007,1.8829690069388505e-06,GENROU_2,2,GENROU_3,3,1.4708398748777494,2.03322176199932,GENROU_5,8,GENROU_2,2
1092,2,5.805,0.02,0.001,NEXT_STEP,1,0.0360271766214717,0.0169818056098256,1.0299986162174513,-0.0352885490695683,,,,,,,,Line_3,2,3,1.0,1.0299986162174513,-0.0352885490695683,1.0102192802166126,-0.0660939681886108,1.7650205016527425,Line_3,2,3,1.0,11.517931947634404,63.37353398645695,51.85560203882255,GENROU_4,6,GENROU_1,1,1.0000003615952442,1.0000018813478542,1.881347854171267e-06,GENROU_2,2,GENROU_3,3,1.4708407768810934,2.03322522983537,GENROU_5,8,GENROU_2,2
1094,2,5.825,0.02,0.001,NEXT_STEP,0,0.0360271770140885,0.0169818059578393,1.0299984768568642,-0.035281357887585,,,,,,,,Line_3,2,3,1.0,1.0299984768568642,-0.035281357887585,1.0102178741318415,-0.0660865558689789,1.765007831398805,Line_3,2,3,1.0,11.518404673168696,63.37399583915627,51.855591165987576,GENROU_4,6,GENROU_1,1,1.0000003503521842,1.0000018764740757,1.876474075457324e-06,GENROU_2,2,GENROU_3,3,1.4708444024276088,2.033239202481988,GENROU_5,8,GENROU_2,2
1096,2,5.83,0.02,0.001,NEXT_STEP,1,0.0360271531761475,0.0169818094092346,1.0299984408599534,-0.0352795782126766,,,,,,,,Line_3,2,3,1.0,1.0299984408599534,-0.0352795782126766,1.010217522448042,-0.066084719455728,1.7650045805312402,Line_3,2,3,1.0,11.518520168084365,63.374110230550514,51.85559006246615,GENROU_4,6,GENROU_1,1,1.000000347460516,1.0000018756255185,1.875625518454882e-06,GENROU_2,2,GENROU_3,3,1.4708453131634662,2.033242720736108,GENROU_5,8,GENROU_2,2
1098,2,5.85,0.02,0.001,NEXT_STEP,0,0.0360271606533207,0.0169818152947601,1.0299982920031,-0.0352725481354521,,,,,,,,Line_3,2,3,1.0,1.0299982920031,-0.0352725481354521,1.0102161158779028,-0.066077450607865,1.7649908999813704,Line_3,2,3,1.0,11.518971390401322,63.37456352038596,51.85559212998464,GENROU_4,6,GENROU_1,1,1.0000003355638472,1.0000018742178116,1.8742178116148975e-06,GENROU_2,2,GENROU_3,3,1.4708489732926917,2.0332568936307007,GENROU_5,8,GENROU_2,2
1100,2,5.855,0.02,0.001,NEXT_STEP,1,0.0360271604160317,0.0169818150761659,1.0299982540016657,-0.0352708102506203,,,,,,,,Line_3,2,3,1.0,1.0299982540016657,-0.0352708102506203,1.0102157645454763,-0.0660756505889199,1.7649873399589069,Line_3,2,3,1.0,11.519081511666284,63.37467577376776,51.85559426210148,GENROU_4,6,GENROU_1,1,1.0000003325090492,1.0000018742178116,1.8742178116148975e-06,GENROU_2,2,GENROU_3,3,1.4708498926088147,2.033260461707187,GENROU_5,8,GENROU_2,2
1102,2,5.875,0.02,0.001,NEXT_STEP,0,0.0360271607926056,0.0169818154099177,1.0299980983195516,-0.0352639379998366,,,,,,,,Line_3,2,3,1.0,1.0299980983195516,-0.0352639379998366,1.0102143602098017,-0.0660685203984334,1.7649725611025815,Line_3,2,3,1.0,11.519511331634924,63.37512050326135,51.855609171626426,GENROU_4,6,GENROU_1,1,1.0000003199798455,1.0000018742178116,1.8742178116148975e-06,GENROU_2,2,GENROU_3,3,1.4708535856911973,2.033274825335821,GENROU_5,8,GENROU_2,2
1104,2,5.88,0.02,0.001,NEXT_STEP,1,0.0360271604274555,0.0169818150862798,1.029998058618862,-0.0352622397613173,,,,,,,,Line_3,2,3,1.0,1.029998058618862,-0.0352622397613173,1.0102140094739462,-0.066066755475683,1.764968740377583,Line_3,2,3,1.0,11.519616139212769,63.37523061214869,51.85561447293591,GENROU_4,6,GENROU_1,1,1.000000316772031,1.0000018742178116,1.8742178116148975e-06,GENROU_2,2,GENROU_3,3,1.470854512799893,2.0332784372866595,GENROU_5,8,GENROU_2,2
1106,2,5.9,0.02,0.001,NEXT_STEP,0,0.0360271607953098,0.0169818154122983,1.0299978967042835,-0.0352555267896492,,,,,,,,Line_3,2,3,1.0,1.0299978967042835,-0.0352555267896492,1.010212607973057,-0.0660597674786841,1.7649529825868626,Line_3,2,3,1.0,11.520024931240464,63.37566673124201,51.85564180000155,GENROU_4,6,GENROU_1,1,1.000000303649607,1.0000018742178116,1.8742178116148975e-06,GENROU_2,2,GENROU_3,3,1.470858235688264,2.033292958413216,GENROU_5,8,GENROU_2,2
1108,2,5.905,0.02,0.001,NEXT_STEP,1,0.0360271604388245,0.0169818150963606,1.0299978556008564,-0.0352538685054412,,,,,,,,Line_3,2,3,1.0,1.0299978556008564,-0.0352538685054412,1.01021225807304,-0.0660580384489175,1.7649489291649445,Line_3,2,3,1.0,11.52012455078212,63.375774676860885,51.85565012607877,GENROU_4,6,GENROU_1,1,1.0000003002981903,1.0000018742178116,1.8742178116148975e-06,GENROU_2,2,GENROU_3,3,1.470859169922024,2.0332966053031143,GENROU_5,8,GENROU_2,2
1110,2,5.925,0.02,0.001,NEXT_STEP,0,0.0360271607979922,0.0169818154146841,1.0299976887265003,-0.0352473156712141,,,,,,,,Line_3,2,3,1.0,1.0299976887265003,-0.0352473156712141,1.010210860474647,-0.0660511949090698,1.7649322729597827,Line_3,2,3,1.0,11.520512934344326,63.37620208515646,51.85568915081213,GENROU_4,6,GENROU_1,1,1.000000286621432,1.0000018742178116,1.8742178116148975e-06,GENROU_2,2,GENROU_3,3,1.4708629199633694,2.0333112488742,GENROU_5,8,GENROU_2,2
1112,2,5.93,0.02,0.001,NEXT_STEP,1,0.0360271604502182,0.0169818151064382,1.0299976465472518,-0.0352456974648145,,,,,,,,Line_3,2,3,1.0,1.0299976465472518,-0.0352456974648145,1.0102105116951352,-0.0660495021475955,1.7649280012686577,Line_3,2,3,1.0,11.520607548326383,63.37630783628671,51.85570028796032,GENROU_4,6,GENROU_1,1,1.000000283136797,1.0000018742178116,1.8742178116148975e-06,GENROU_2,2,GENROU_3,3,1.470863860632391,2.0333149220214275,GENROU_5,8,GENROU_2,2
1114,2,5.95,0.02,0.001,NEXT_STEP,0,0.0360271608019815,0.0169818154182049,1.0299974760565305,-0.0352393048663047,,,,,,,,Line_3,2,3,1.0,1.0299974760565305,-0.0352393048663047,1.0102091191981404,-0.0660428039228844,1.7649104901772432,Line_3,2,3,1.0,11.520976355502553,63.37672638676766,51.8557500312651,GENROU_4,6,GENROU_1,1,1.0000002689512235,1.0000018742178116,1.8742178116148975e-06,GENROU_2,2,GENROU_3,3,1.4708676349002163,2.0333296525620934,GENROU_5,8,GENROU_2,2
1116,2,5.955,0.02,0.001,NEXT_STEP,1,0.0360271370049059,0.0169818189058419,1.0299974330576538,-0.0352377246130505,,,,,,,,Line_3,2,3,1.0,1.0299974330576538,-0.0352377246130505,1.0102087716909338,-0.0660411461146011,1.764906046601368,Line_3,2,3,1.0,11.52106619588928,63.376829901780006,51.85576370589072,GENROU_4,6,GENROU_1,1,1.0000002653482465,1.0000018742178116,1.8742178116148975e-06,GENROU_2,2,GENROU_3,3,1.4708685812201572,2.0333333427866505,GENROU_5,8,GENROU_2,2
1118,2,5.975,0.02,0.001,NEXT_STEP,0,0.0360271444412104,0.0169818247551833,1.0299972594948126,-0.0352314916340531,,,,,,,,Line_3,2,3,1.0,1.0299972594948126,-0.0352314916340531,1.0102073849282769,-0.0660345929769635,1.7648877028625236,Line_3,2,3,1.0,11.521416440103362,63.37723941516826,51.855822975064896,GENROU_4,6,GENROU_1,1,1.00000025071694,1.0000018742178116,1.8742178116148975e-06,GENROU_2,2,GENROU_3,3,1.4708723767120029,2.033348124662567,GENROU_5,8,GENROU_2,2
1120,2,5.98,0.02,0.001,NEXT_STEP,1,0.0360271442460405,0.0169818245738998,1.0299972161499582,-0.0352299530625739,,,,,,,,Line_3,2,3,1.0,1.0299972161499582,-0.0352299530625739,1.0102070392868,-0.066032972617298,1.7648830167446476,Line_3,2,3,1.0,11.521501779886224,63.37734064645357,51.85583886656735,GENROU_4,6,GENROU_1,1,1.0000002470078753,1.0000018742178116,1.8742178116148975e-06,GENROU_2,2,GENROU_3,3,1.470873328029133,2.033351823945305,GENROU_5,8,GENROU_2,2
1122,2,6.0,0.02,0.001,NEXT_STEP,0,0.0360271445792489,0.0169818248692336,1.0299970425632108,-0.0352238776194236,,,,,,,,Line_3,2,3,1.0,1.0299970425632108,-0.0352238776194236,1.0102056607608745,-0.0660265629423963,1.7648638666759098,Line_3,2,3,1.0,11.521834621010756,63.377740919883216,51.85590629887246,GENROU_4,6,GENROU_1,1,1.0000002319884134,1.0000018742178116,1.8742178116148975e-06,GENROU_2,2,GENROU_3,3,1.4708771413492754,2.0333666213695127,GENROU_5,8,GENROU_2,2
1124,2,6.005,0.02,0.001,NEXT_STEP,1,0.0360271442574784,0.0169818245840125,1.0299969992565616,-0.0352223782860518,,,,,,,,Line_3,2,3,1.0,1.0299969992565616,-0.0352223782860518,1.0102053172529406,-0.0660249783046635,1.764858979096033,Line_3,2,3,1.0,11.52191576559693,63.37783981468573,51.8559240490888,GENROU_4,6,GENROU_1,1,1.0000002281917229,1.0000018742178116,1.8742178116148975e-06,GENROU_2,2,GENROU_3,3,1.470878096500884,2.0333703180199847,GENROU_5,8,GENROU_2,2
1126,2,6.025,0.02,0.001,NEXT_STEP,0,0.0360271445819174,0.016981824871647,1.0299968265130997,-0.0352164585070249,,,,,,,,Line_3,2,3,1.0,1.0299968265130997,-0.0352164585070249,1.01020394789714,-0.0660187103269621,1.7648390287815516,Line_3,2,3,1.0,11.522232477103692,63.37823063709296,51.85599815998927,GENROU_4,6,GENROU_1,1,1.0000002128626069,1.0000018742178116,1.8742178116148975e-06,GENROU_2,2,GENROU_3,3,1.4708819230457884,2.033385077829012,GENROU_5,8,GENROU_2,2
1128,2,6.03,0.02,0.001,NEXT_STEP,1,0.0360271442675719,0.0169818245930009,1.029996783600997,-0.0352149977201032,,,,,,,,Line_3,2,3,1.0,1.029996783600997,-0.0352149977201032,1.0102036068473428,-0.0660171607685289,1.76483394254862,Line_3,2,3,1.0,11.522309756198872,63.37832714344158,51.85601738724271,GENROU_4,6,GENROU_1,1,1.0000002089992757,1.0000018742178116,1.8742178116148975e-06,GENROU_2,2,GENROU_3,3,1.4708828809841603,2.0333887586208284,GENROU_5,8,GENROU_2,2
1130,2,6.05,0.02,0.001,NEXT_STEP,0,0.0360271445858905,0.016981824875102,1.0299966131572766,-0.0352092315951766,,,,,,,,Line_3,2,3,1.0,1.0299966131572766,-0.0352092315951766,1.0102022477890071,-0.0660110339010303,1.764813273521753,Line_3,2,3,1.0,11.522611693964611,63.37870831504027,51.85609662107566,GENROU_4,6,GENROU_1,1,1.00000019344839,1.0000018717333692,1.8717333691853355e-06,GENROU_2,2,GENROU_3,3,1.4708867165534811,2.033403430866911,GENROU_5,8,GENROU_2,2
1132,2,6.055,0.02,0.001,NEXT_STEP,1,0.0360271442789676,0.0169818246030661,1.0299965709904593,-0.0352078093853838,,,,,,,,Line_3,2,3,1.0,1.0299965709904593,-0.0352078093853838,1.0102019093745669,-0.0660095203887652,1.7648080422754333,Line_3,2,3,1.0,11.522685454113905,63.378802385569166,51.85611693145526,GENROU_4,6,GENROU_1,1,1.0000001895401278,1.0000018708012743,1.870801274339584e-06,GENROU_2,2,GENROU_3,3,1.470887676219787,2.033407083891849,GENROU_5,8,GENROU_2,2
1134,2,6.075,0.02,0.001,NEXT_STEP,0,0.0360271445886047,0.0169818248775081,1.0299964041683125,-0.0352021980819815,,,,,,,,Line_3,2,3,1.0,1.0299964041683125,-0.0352021980819815,1.0102005610977032,-0.0660035400384824,1.7647868974467258,Line_3,2,3,1.0,11.522974021808032,63.37917372717378,51.85619970536575,GENROU_4,6,GENROU_1,1,1.000000173846317,1.00000186594767,1.8659476699323108e-06,GENROU_2,2,GENROU_3,3,1.47089151675312,2.0334216220854966,GENROU_5,8,GENROU_2,2
1136,2,6.08,0.02,0.001,NEXT_STEP,1,0.0360271208336755,0.0169818284024802,1.02999636296773,-0.0352008125134752,,,,,,,,Line_3,2,3,1.0,1.02999636296773,-0.0352008125134752,1.0102002252917497,-0.066002062042808,1.7647816017600917,Line_3,2,3,1.0,11.52304461631826,63.3792653195253,51.85622070320704,GENROU_4,6,GENROU_1,1,1.000000169913636,1.0000018644439028,1.8644439028214776e-06,GENROU_2,2,GENROU_3,3,1.4708924771835694,2.033425235933981,GENROU_5,8,GENROU_2,2
1138,2,6.1,0.02,0.001,NEXT_STEP,0,0.0360271282278562,0.0169818342144246,1.0299962000498877,-0.0351953559371406,,,,,,,,Line_3,2,3,1.0,1.0299962000498877,-0.0351953559371406,1.010198887694718,-0.0659962303552045,1.7647601094675167,Line_3,2,3,1.0,11.523321227893367,63.37962667459213,51.85630544669876,GENROU_4,6,GENROU_1,1,1.0000001541556192,1.0000018572092078,1.8572092077562277e-06,GENROU_2,2,GENROU_3,3,1.4708963192537552,2.033439598146896,GENROU_5,8,GENROU_2,2
1140,2,6.105,0.02,0.001,NEXT_STEP,1,0.0360271280735996,0.0169818340694303,1.0299961601938412,-0.0351940109509917,,,,,,,,Line_3,2,3,1.0,1.0299961601938412,-0.0351940109509917,1.010198554879837,-0.0659947910798741,1.7647547070953635,Line_3,2,3,1.0,11.523389008643573,63.37971575277557,51.856326744132005,GENROU_4,6,GENROU_1,1,1.000000150212942,1.000001855089428,1.8550894280711103e-06,GENROU_2,2,GENROU_3,3,1.4708972797498194,2.033443163977748,GENROU_5,8,GENROU_2,2
1142,2,6.125,0.02,0.001,NEXT_STEP,0,0.0360271283658546,0.0169818343285058,1.0299960037334357,-0.0351887082413677,,,,,,,,Line_3,2,3,1.0,1.0299960037334357,-0.0351887082413677,1.010197229516919,-0.06598910972758,1.7647330124684402,Line_3,2,3,1.0,11.523655052449003,63.38006698532829,51.85641193287928,GENROU_4,6,GENROU_1,1,1.0000001344492455,1.0000018453402706,1.8453402705898012e-06,GENROU_2,2,GENROU_3,3,1.4709011200545083,2.033457314606403,GENROU_5,8,GENROU_2,2
1144,2,6.13,0.02,0.001,NEXT_STEP,1,0.0360271280849801,0.0169818340795585,1.0299959654561148,-0.0351874017966947,,,,,,,,Line_3,2,3,1.0,1.0299959654561148,-0.0351874017966947,1.010196899700802,-0.0659877083784456,1.7647275748433344,Line_3,2,3,1.0,11.52372036032167,63.38015351778783,51.85643315746616,GENROU_4,6,GENROU_1,1,1.0000001305132673,1.0000018425833317,1.842583331690406e-06,GENROU_2,2,GENROU_3,3,1.4709020795504824,2.033460821692529,GENROU_5,8,GENROU_2,2
1146,2,6.15,0.02,0.001,NEXT_STEP,0,0.036027128369832,0.0169818343320299,1.0299958156248614,-0.0351822530502249,,,,,,,,Line_3,2,3,1.0,1.0299958156248614,-0.0351822530502249,1.010195586386224,-0.0659821796757981,1.7647058049579414,Line_3,2,3,1.0,11.523977168464889,63.38049451539579,51.8565173469309,GENROU_4,6,GENROU_1,1,1.00000011480691,1.0000018302758031,1.830275803138548e-06,GENROU_2,2,GENROU_3,3,1.470905914172487,2.033474715222257,GENROU_5,8,GENROU_2,2
1148,2,6.155,0.02,0.001,NEXT_STEP,1,0.0360271280963778,0.0169818340896323,1.029995779085956,-0.0351809850326967,,,,,,,,Line_3,2,3,1.0,1.029995779085956,-0.0351809850326967,1.0101952595958066,-0.0659808167073962,1.7647003646736437,Line_3,2,3,1.0,11.524040327235692,63.38057847755275,51.85653815031706,GENROU_4,6,GENROU_1,1,1.0000001108926102,1.000001826880791,1.826880791311325e-06,GENROU_2,2,GENROU_3,3,1.4709068718650922,2.033478153191721,GENROU_5,8,GENROU_2,2
1150,2,6.175,0.02,0.001,NEXT_STEP,0,0.036027128371289,0.0169818343332694,1.0299956364936635,-0.0351759897044055,,,,,,,,Line_3,2,3,1.0,1.0299956364936635,-0.0351759897044055,1.0101939584059014,-0.0659754423169423,1.7646786460115322,Line_3,2,3,1.0,11.52428914924062,63.38090915664205,51.85662000740143,GENROU_4,6,GENROU_1,1,1.000000095300608,1.0000018120496894,1.8120496894091789e-06,GENROU_2,2,GENROU_3,3,1.4709106978893756,2.033491754698952,GENROU_5,8,GENROU_2,2
1152,2,6.18,0.02,0.001,NEXT_STEP,1,0.0360271281077645,0.0169818340997035,1.029995601825457,-0.0351747599647326,,,,,,,,Line_3,2,3,1.0,1.029995601825457,-0.0351747599647326,1.0101936346443727,-0.0659741181100018,1.7646732334357864,Line_3,2,3,1.0,11.524350458736157,63.38099053137165,51.856640072635486,GENROU_4,6,GENROU_1,1,1.0000000914215164,1.000001808034555,1.808034554962035e-06,GENROU_2,2,GENROU_3,3,1.4709116531052249,2.033495116254179,GENROU_5,8,GENROU_2,2
1154,2,6.2,0.02,0.001,NEXT_STEP,0,0.0360271283739803,0.0169818343356378,1.0299954669200544,-0.0351699173893841,,,,,,,,Line_3,2,3,1.0,1.0299954669200544,-0.0351699173893841,1.0101923455315514,-0.0659688993861971,1.7646516817167992,Line_3,2,3,1.0,11.524592438276049,63.38131083887919,51.85671840060314,GENROU_4,6,GENROU_1,1,1.0000000759954897,1.0000017907863932,1.790786393174315e-06,GENROU_2,2,GENROU_3,3,1.470915468027073,2.0335084005984,GENROU_5,8,GENROU_2,2
1156,2,6.205,0.02,0.001,NEXT_STEP,1,0.0360271046624694,0.0169818378991102,1.029995434125142,-0.0351687236946412,,,,,,,,Line_3,2,3,1.0,1.029995434125142,-0.0351687236946412,1.0101920246112044,-0.065967612851309,1.7646463623682962,Line_3,2,3,1.0,11.524652169594628,63.38138961693626,51.85673744734163,GENROU_4,6,GENROU_1,1,1.0000000721661004,1.0000017861875865,1.7861875862834609e-06,GENROU_2,2,GENROU_3,3,1.470916420177813,2.033511680267911,GENROU_5,8,GENROU_2,2
1158,2,6.225,0.02,0.001,NEXT_STEP,0,0.0360271120132502,0.0169818436726338,1.0299953063217766,-0.0351640331459012,,,,,,,,Line_3,2,3,1.0,1.0299953063217766,-0.0351640331459012,1.010190746757054,-0.0659625507897526,1.764625076251889,Line_3,2,3,1.0,11.524888330251349,63.38169953496684,51.85681120471549,GENROU_4,6,GENROU_1,1,1.0000000569583858,1.0000017666978014,1.7666978013863854e-06,GENROU_2,2,GENROU_3,3,1.4709202221421191,2.033524630876398,GENROU_5,8,GENROU_2,2
1160,2,6.23,0.02,0.001,NEXT_STEP,1,0.0360271119023539,0.0169818435660791,1.0299952755645008,-0.0351628792684678,,,,,,,,Line_3,2,3,1.0,1.0299952755645008,-0.0351628792684678,1.0101904288880623,-0.0659613047914385,1.7646197981142109,Line_3,2,3,1.0,11.524946725317683,63.38177571632788,51.8568289910102,GENROU_4,6,GENROU_1,1,1.0000000531862645,1.000001761563092,1.761563092061991e-06,GENROU_2,2,GENROU_3,3,1.4709211709496597,2.033527826440127,GENROU_5,8,GENROU_2,2
1162,2,6.25,0.02,0.001,NEXT_STEP,0,0.0360271121525407,0.0169818437878185,1.029995156568826,-0.0351583391336243,,,,,,,,Line_3,2,3,1.0,1.029995156568826,-0.0351583391336243,1.0101891631909168,-0.0659563994778153,1.7645988749113712,Line_3,2,3,1.0,11.525177969054957,63.382075256583335,51.856897287528376,GENROU_4,6,GENROU_1,1,1.0000000382284449,1.0000017400492418,1.7400492418051527e-06,GENROU_2,2,GENROU_3,3,1.4709249583991666,2.0335404347514694,GENROU_5,8,GENROU_2,2
1164,2,6.255,0.02,0.001,NEXT_STEP,1,0.03602711191125,0.0169818435739328,1.0299951278728825,-0.0351572228375201,,,,,,,,Line_3,2,3,1.0,1.0299951278728825,-0.0351572228375201,1.0101888482252248,-0.0659551927849421,1.764593695558034,Line_3,2,3,1.0,11.525235232297922,63.38214884735121,51.85691361505329,GENROU_4,6,GENROU_1,1,1.0000000345234497,1.000001734440423,1.7344404230623669e-06,GENROU_2,2,GENROU_3,3,1.470925903242993,2.033543542314065,GENROU_5,8,GENROU_2,2
1166,2,6.275,0.02,0.001,NEXT_STEP,0,0.0360271121551897,0.0169818437901873,1.029995017019918,-0.0351528324226089,,,,,,,,Line_3,2,3,1.0,1.029995017019918,-0.0351528324226089,1.010187593909326,-0.0659504446664107,1.7645732006502612,Line_3,2,3,1.0,11.525462289767551,63.38243804974125,51.8569757599737,GENROU_4,6,GENROU_1,1,1.000000019850709,1.0000017111689703,1.7111689702975497e-06,GENROU_2,2,GENROU_3,3,1.4709296740655606,2.0335557901859684,GENROU_5,8,GENROU_2,2
1168,2,6.28,0.02,0.001,NEXT_STEP,1,0.0360271119238904,0.0169818435851172,1.0299949903383705,-0.0351517533884896,,,,,,,,Line_3,2,3,1.0,1.0299949903383705,-0.0351517533884896,1.0101872817353208,-0.0659492772356684,1.764568135896866,Line_3,2,3,1.0,11.525518583866823,63.3825090636445,51.85699047977768,GENROU_4,6,GENROU_1,1,1.000000016220849,1.0000017051570729,1.7051570726511756e-06,GENROU_2,2,GENROU_3,3,1.4709306145991865,2.033558806212399,GENROU_5,8,GENROU_2,2
1170,2,6.3,0.02,0.001,NEXT_STEP,0,0.0360271121579404,0.0169818437925618,1.0299948874330476,-0.0351475112929668,,,,,,,,Line_3,2,3,1.0,1.0299948874330476,-0.0351475112929668,1.010186038365056,-0.0659446858729018,1.7645481243578445,Line_3,2,3,1.0,11.525742027131711,63.382787997565394,51.85704597043368,GENROU_4,6,GENROU_1,1,1.000000001862607,1.0000016804266574,1.6804266573799964e-06,GENROU_2,2,GENROU_3,3,1.4709343677136264,2.033570685978216,GENROU_5,8,GENROU_2,2
1172,2,6.305,0.02,0.001,NEXT_STEP,1,0.03602711193403,0.0169818435940785,1.0299948627030215,-0.035146469150045,,,,,,,,Line_3,2,3,1.0,1.0299948627030215,-0.035146469150045,1.0101857288686382,-0.0659435575359713,1.7645431858049392,Line_3,2,3,1.0,11.525797475376589,63.38285645548045,51.857058980103865,GENROU_4,6,GENROU_1,1,0.9999999983146112,1.000001674089428,1.674089427972092e-06,GENROU_2,2,GENROU_3,3,1.470935303721431,2.033573609947698,GENROU_5,8,GENROU_2,2
1174,2,6.325,0.02,0.001,NEXT_STEP,0,0.0360271121606247,0.0169818437949204,1.0299947674370664,-0.0351423738051679,,,,,,,,Line_3,2,3,1.0,1.0299947674370664,-0.0351423738051679,1.010184495968048,-0.0659391220207733,1.7645236954812449,Line_3,2,3,1.0,11.526017718920611,63.38312521793086,51.85710749901025,GENROU_4,6,GENROU_1,1,0.9999999842953996,1.0000016482201544,1.6482201543599473e-06,GENROU_2,2,GENROU_3,3,1.4709390384405316,2.0335851232966826,GENROU_5,8,GENROU_2,2
1176,2,6.33,0.02,0.001,NEXT_STEP,1,0.0360271119453771,0.0169818436041257,1.029994744568101,-0.0351413681392426,,,,,,,,Line_3,2,3,1.0,1.029994744568101,-0.0351413681392426,1.0101841890260976,-0.0659380324917843,1.7645188904816391,Line_3,2,3,1.0,11.52607240540107,63.38319114737076,51.857118741969686,GENROU_4,6,GENROU_1,1,0.999999980834834,1.00000164163937,1.6416393699980605e-06,GENROU_2,2,GENROU_3,3,1.470939969791186,2.033587956347753,GENROU_5,8,GENROU_2,2
1178,2,6.35,0.02,0.001,NEXT_STEP,0,0.0360271121633346,0.0169818437972901,1.0299946565310043,-0.0351374177985284,,,,,,,,Line_3,2,3,1.0,1.0299946565310043,-0.0351374177985284,1.0101829660905717,-0.0659337514477739,1.7644999425784818,Line_3,2,3,1.0,11.526289708852785,63.38344986086619,51.85716015201341,GENROU_4,6,GENROU_1,1,0.9999999671747876,1.0000016149622548,1.6149622548145004e-06,GENROU_2,2,GENROU_3,3,1.470943685736841,2.0335991099295603,GENROU_5,8,GENROU_2,2
1180,2,6.355,0.02,0.001,NEXT_STEP,1,0.0360271119554874,0.0169818436130727,1.0299946354090512,-0.0351364481508833,,,,,,,,Line_3,2,3,1.0,1.0299946354090512,-0.0351364481508833,1.010182661574563,-0.0659327003254499,1.7644952744232398,Line_3,2,3,1.0,11.526343679616431,63.38351329543029,51.85716961581385,GENROU_4,6,GENROU_1,1,0.9999999638061748,1.0000016082211465,1.6082211462542515e-06,GENROU_2,2,GENROU_3,3,1.4709446123711818,2.0336018541902434,GENROU_5,8,GENROU_2,2
1182,2,6.375,0.02,0.001,NEXT_STEP,0,0.0360271121659889,0.0169818437996822,1.0299945541032705,-0.0351326408954724,,,,,,,,Line_3,2,3,1.0,1.0299945541032705,-0.0351326408954724,1.0101814480842148,-0.0659285719280963,1.76447687434532,Line_3,2,3,1.0,11.526558154181316,63.38376210512857,51.85720395094725,GENROU_4,6,GENROU_1,1,0.9999999505214616,1.0000015810681198,1.5810681197603316e-06,GENROU_2,2,GENROU_3,3,1.470948309439812,2.03361265822325,GENROU_5,8,GENROU_2,2
1184,2,6.38,0.02,0.001,NEXT_STEP,1,0.036027111965617,0.0169818436220313,1.0299945345946415,-0.0351317067655378,,,,,,,,Line_3,2,3,1.0,1.0299945345946415,-0.0351317067655378,1.010181145863503,-0.0659275587027592,1.764472342512562,Line_3,2,3,1.0,11.526611419272548,63.38382308369458,51.85721166442203,GENROU_4,6,GENROU_1,1,0.9999999472483828,1.0000015742489583,1.5742489585246489e-06,GENROU_2,2,GENROU_3,3,1.4709492313633892,2.033615316660982,GENROU_5,8,GENROU_2,2
1186,2,6.4,0.02,0.001,NEXT_STEP,0,0.0360271121699429,0.016981843803163,1.029994459453076,-0.0351280405122057,,,,,,,,Line_3,2,3,1.0,1.029994459453076,-0.0351280405122057,1.0101799412964998,-0.0659235807092881,1.7644544811182925,Line_3,2,3,1.0,11.526823037480854,63.38406215491923,51.857239117438375,GENROU_4,6,GENROU_1,1,0.9999999343515968,1.000001546943631,1.5469436309700768e-06,GENROU_2,2,GENROU_3,3,1.4709529096938745,2.033625784580442,GENROU_5,8,GENROU_2,2
1188,2,6.405,0.02,0.001,NEXT_STEP,1,0.0360270885178179,0.0169818474192013,1.029994441320255,-0.0351271393113356,,,,,,,,Line_3,2,3,1.0,1.029994441320255,-0.0351271393113356,1.0101796410804778,-0.065922603388718,1.7644501197807472,Line_3,2,3,1.0,11.526875573801286,63.38412072123643,51.85724514743514,GENROU_4,6,GENROU_1,1,0.9999999311791417,1.0000015401271194,1.5401271193926649e-06,GENROU_2,2,GENROU_3,3,1.470953826960829,2.0336283609304684,GENROU_5,8,GENROU_2,2
1190,2,6.425,0.02,0.001,NEXT_STEP,0,0.0360270958091908,0.0169818531400863,1.0299943708552577,-0.0351236119239618,,,,,,,,Line_3,2,3,1.0,1.0299943708552577,-0.0351236119239618,1.010178444267628,-0.0659187732071561,1.7644327709517142,Line_3,2,3,1.0,11.527084183582428,63.38435024060249,51.857266057020055,GENROU_4,6,GENROU_1,1,0.9999999186875156,1.0000015129823294,1.5129823294213196e-06,GENROU_2,2,GENROU_3,3,1.470957487183704,2.033638511720574,GENROU_5,8,GENROU_2,2
1192,2,6.43,0.02,0.001,NEXT_STEP,1,0.0360270957576812,0.016981853086177,1.0299943540506884,-0.03512274708272,,,,,,,,Line_3,2,3,1.0,1.0299943540506884,-0.03512274708272,1.010178146192806,-0.0659178337751907,1.7644284972180628,Line_3,2,3,1.0,11.527135938828732,63.38440644376195,51.85727050493321,GENROU_4,6,GENROU_1,1,0.9999999156147472,1.0000015062407954,1.506240795423608e-06,GENROU_2,2,GENROU_3,3,1.4709584001142797,2.0336410123416737,GENROU_5,8,GENROU_2,2
1194,2,6.45,0.02,0.001,NEXT_STEP,0,0.0360270959459496,0.016981853253053,1.029994289184769,-0.0351193556332794,,,,,,,,Line_3,2,3,1.0,1.029994289184769,-0.0351193556332794,1.0101769577973618,-0.0659141480602151,1.7644116370448444,Line_3,2,3,1.0,11.527341276519104,63.38462661056337,51.85728533404427,GENROU_4,6,GENROU_1,1,0.9999999035260558,1.0000014795341226,1.4795341225504188e-06,GENROU_2,2,GENROU_3,3,1.470962042973864,2.033650870382479,GENROU_5,8,GENROU_2,2
1196,2,6.455,0.02,0.001,NEXT_STEP,1,0.0360270957678641,0.0169818530951721,1.02999427355286,-0.035118524585063,,,,,,,,Line_3,2,3,1.0,1.02999427355286,-0.035118524585063,1.010176661671062,-0.0659132444396054,1.7644074789529895,Line_3,2,3,1.0,11.52739217210648,63.384680501226086,51.857288329119605,GENROU_4,6,GENROU_1,1,0.9999999005547192,1.0000014729350366,1.47293503660606e-06,GENROU_2,2,GENROU_3,3,1.470962951500011,2.03365329924036,GENROU_5,8,GENROU_2,2
1198,2,6.475,0.02,0.001,NEXT_STEP,0,0.0360270959486398,0.0169818532554043,1.029994212977613,-0.0351152670616526,,,,,,,,Line_3,2,3,1.0,1.029994212977613,-0.0351152670616526,1.0101754807982255,-0.0659097003280335,1.764391058660891,Line_3,2,3,1.0,11.52759387900748,63.384891523651625,51.85729764464415,GENROU_4,6,GENROU_1,1,0.9999998888734885,1.0000014469201288,1.4469201288225264e-06,GENROU_2,2,GENROU_3,3,1.470966576975244,2.0336628761296844,GENROU_5,8,GENROU_2,2
1200,2,6.48,0.02,0.001,NEXT_STEP,1,0.0360270957779773,0.016981853104127,1.0299941983302032,-0.0351144691758199,,,,,,,,Line_3,2,3,1.0,1.0299941983302032,-0.0351144691758199,1.0101751864950024,-0.0659088316849189,1.7643870045672545,Line_3,2,3,1.0,11.527643815041433,63.38494315505659,51.85729934001516,GENROU_4,6,GENROU_1,1,0.9999998860043215,1.0000014405227668,1.4405227668490284e-06,GENROU_2,2,GENROU_3,3,1.4709674812398543,2.0336652366618395,GENROU_5,8,GENROU_2,2
1202,2,6.5,0.02,0.001,NEXT_STEP,0,0.036027095951297,0.0169818532577748,1.029994141351831,-0.0351113429729301,,,,,,,,Line_3,2,3,1.0,1.029994141351831,-0.0351113429729301,1.0101740127011412,-0.0659054257057497,1.7643709745672425,Line_3,2,3,1.0,11.52784145621239,63.38514524998114,51.85730379376875,GENROU_4,6,GENROU_1,1,0.999999874732236,1.0000014154190184,1.4154190184356708e-06,GENROU_2,2,GENROU_3,3,1.470971090076265,2.0336745505926195,GENROU_5,8,GENROU_2,2
1204,2,6.505,0.02,0.001,NEXT_STEP,1,0.0360270957868015,0.0169818531119377,1.0299941275183293,-0.0351105775863862,,,,,,,,Line_3,2,3,1.0,1.0299941275183293,-0.0351105775863862,1.0101737201163248,-0.0659045911475739,1.76436701132468,Line_3,2,3,1.0,11.527890316067852,63.38519467718705,51.8573043611192,GENROU_4,6,GENROU_1,1,0.9999998719653592,1.0000014092736285,1.409273628460994e-06,GENROU_2,2,GENROU_3,3,1.4709719902864389,2.0336768482134904,GENROU_5,8,GENROU_2,2
1206,2,6.525,0.02,0.001,NEXT_STEP,0,0.0360270959539707,0.0169818532600986,1.02999407346924,-0.0351075800366456,,,,,,,,Line_3,2,3,1.0,1.02999407346924,-0.0351075800366456,1.0101725530107226,-0.065901319673743,1.764351316630382,Line_3,2,3,1.0,11.528083399206675,63.38538806738467,51.85730466817799,GENROU_4,6,GENROU_1,1,0.9999998611018198,1.000001385262855,1.385262855313485e-06,GENROU_2,2,GENROU_3,3,1.470975583339854,2.0336859224056703,GENROU_5,8,GENROU_2,2
1208,2,6.53,0.02,0.001,NEXT_STEP,1,0.0360270957956598,0.0169818531198001,1.0299940602866064,-0.0351068464766215,,,,,,,,Line_3,2,3,1.0,1.0299940602866064,-0.0351068464766215,1.0101722620532123,-0.0659005182795019,1.7643474300160449,Line_3,2,3,1.0,11.5281310543127,63.38543534658917,51.85730429227647,GENROU_4,6,GENROU_1,1,0.9999998584368236,1.0000013794099956,1.379409995561076e-06,GENROU_2,2,GENROU_3,3,1.4709764797131963,2.033688163075987,GENROU_5,8,GENROU_2,2
1210,2,6.55,0.02,0.001,NEXT_STEP,0,0.0360270959566421,0.0169818532624789,1.0299940085324892,-0.0351039748710749,,,,,,,,Line_3,2,3,1.0,1.0299940085324892,-0.0351039748710749,1.0101711012976573,-0.0658973775868791,1.764332012462262,Line_3,2,3,1.0,11.52831904846135,63.38562025810757,51.857301209646224,GENROU_4,6,GENROU_1,1,0.9999998479791972,1.0000013566344346,1.356634434568349e-06,GENROU_2,2,GENROU_3,3,1.4709800578586074,2.033697021211403,GENROU_5,8,GENROU_2,2
1212,2,6.555,0.02,0.001,NEXT_STEP,1,0.036027095805791,0.0169818531287338,1.029993995846373,-0.0351032724599012,,,,,,,,Line_3,2,3,1.0,1.029993995846373,-0.0351032724599012,1.0101708118889328,-0.06589660842118,1.764328187709708,Line_3,2,3,1.0,11.528365361642868,63.38566544601434,51.857300084371474,GENROU_4,6,GENROU_1,1,0.9999998454151774,1.0000013511046255,1.3511046255132442e-06,GENROU_2,2,GENROU_3,3,1.4709809506131966,2.033699210754337,GENROU_5,8,GENROU_2,2
1214,2,6.575,0.02,0.001,NEXT_STEP,0,0.0360270959580719,0.0169818532637427,1.0299939457880316,-0.0351005241047091,,,,,,,,Line_3,2,3,1.0,1.0299939457880316,-0.0351005241047091,1.0101696571922725,-0.0658935947792198,1.76431298789754,Line_3,2,3,1.0,11.52854770098052,63.38584210570368,51.85729440472315,GENROU_4,6,GENROU_1,1,0.999999835358808,1.0000013296660704,1.3296660703598917e-06,GENROU_2,2,GENROU_3,3,1.470984514713091,2.033707875610142,GENROU_5,8,GENROU_2,2
1216,2,6.58,0.02,0.001,NEXT_STEP,1,0.0360270958146466,0.016981853136582,1.0299939334544317,-0.0350998521684819,,,,,,,,Line_3,2,3,1.0,1.0299939334544317,-0.0350998521684819,1.0101693692659373,-0.0658928569093543,1.7643092101783395,Line_3,2,3,1.0,11.528592529869066,63.38588525891117,51.85729272904211,GENROU_4,6,GENROU_1,1,0.9999998328943356,1.000001324479699,1.324479699027492e-06,GENROU_2,2,GENROU_3,3,1.4709854040628048,2.033710019587704,GENROU_5,8,GENROU_2,2
1218,2,6.6,0.02,0.001,NEXT_STEP,0,0.0360270959607231,0.0169818532660641,1.0299938845468857,-0.0350972243412927,,,,,,,,Line_3,2,3,1.0,1.0299938845468857,-0.0350972243412927,1.0101682203923148,-0.0658899665724822,1.764294169481417,Line_3,2,3,1.0,11.528768658138413,63.38605389201646,51.85728523387805,GENROU_4,6,GENROU_1,1,0.9999998232325658,1.0000013044398417,1.3044398414763236e-06,GENROU_2,2,GENROU_3,3,1.470988954958029,2.033718512871296,GENROU_5,8,GENROU_2,2
1220,2,6.605,0.02,0.001,NEXT_STEP,1,0.0360270958234966,0.0169818531443751,1.029993872437466,-0.0350965821960555,,,,,,,,Line_3,2,3,1.0,1.029993872437466,-0.0350965821960555,1.0101679338966107,-0.0658892590630692,1.7642904243899975,Line_3,2,3,1.0,11.528811866600844,63.38609506644671,51.85728319984586,GENROU_4,6,GENROU_1,1,0.9999998208657602,1.0000012996074594,1.2996074594262552e-06,GENROU_2,2,GENROU_3,3,1.4709898411059723,2.033720616564882,GENROU_5,8,GENROU_2,2
1222,2,6.625,0.02,0.001,NEXT_STEP,0,0.0360270959634008,0.0169818532684279,1.0299938241971132,-0.0350940721697988,,,,,,,,Line_3,2,3,1.0,1.0299938241971132,-0.0350940721697988,1.0101667906645904,-0.0658864883232836,1.7642754866051291,Line_3,2,3,1.0,11.528981249442552,63.38625589454125,51.8572746450987,GENROU_4,6,GENROU_1,1,0.9999998115902256,1.0000012809896226,1.280989622598483e-06,GENROU_2,2,GENROU_3,3,1.4709933795675705,2.033728958712602,GENROU_5,8,GENROU_2,2
1224,2,6.63,0.02,0.001,NEXT_STEP,1,0.0360270958310756,0.0169818531511314,1.029993812198934,-0.0350934591367054,,,,,,,,Line_3,2,3,1.0,1.029993812198934,-0.0350934591367054,1.0101665055606428,-0.0658858102577386,1.7642717605201312,Line_3,2,3,1.0,11.529022707200369,63.38629514497128,51.85727243777091,GENROU_4,6,GENROU_1,1,0.999999809318786,1.0000012765124606,1.2765124606239908e-06,GENROU_2,2,GENROU_3,3,1.47099426269537,2.0337310270405897,GENROU_5,8,GENROU_2,2
1226,2,6.65,0.02,0.001,NEXT_STEP,0,0.0360270959660334,0.0169818532707206,1.0299937642064056,-0.0350910642124547,,,,,,,,Line_3,2,3,1.0,1.0299937642064056,-0.0350910642124547,1.0101653678394615,-0.0658831555019675,1.7642568732706252,Line_3,2,3,1.0,11.529184841733745,63.38644838420205,51.8572635424683,GENROU_4,6,GENROU_1,1,0.9999998004194516,1.0000012593040268,1.2593040268349398e-06,GENROU_2,2,GENROU_3,3,1.470997789402963,2.0337392368724645,GENROU_5,8,GENROU_2,2
1228,2,6.655,0.02,0.001,NEXT_STEP,1,0.0360270958398892,0.0169818531589455,1.029993752222944,-0.0350904796216754,,,,,,,,Line_3,2,3,1.0,1.029993752222944,-0.0350904796216754,1.0101650841006535,-0.0658825059921989,1.764253153686525,Line_3,2,3,1.0,11.529224428298646,63.38648576385084,51.85726133555219,GENROU_4,6,GENROU_1,1,0.9999997982406637,1.0000012551747064,1.2551747063938024e-06,GENROU_2,2,GENROU_3,3,1.470998669668082,2.033741274314538,GENROU_5,8,GENROU_2,2
1230,2,6.675,0.02,0.001,NEXT_STEP,0,0.0360270959674604,0.016981853271962,1.0299937041270757,-0.0350881971448298,,,,,,,,Line_3,2,3,1.0,1.0299937041270757,-0.0350881971448298,1.010163951807743,-0.0658799637397577,1.7642382696412824,Line_3,2,3,1.0,11.52937885664575,63.38663162339246,51.85725276674671,GENROU_4,6,GENROU_1,1,0.999999789705864,1.0000012393303377,1.239330337465816e-06,GENROU_2,2,GENROU_3,3,1.4710021851969728,2.0337493687884773,GENROU_5,8,GENROU_2,2
1232,2,6.68,0.02,0.001,NEXT_STEP,1,0.0360270958487599,0.016981853166744,1.0299936920789905,-0.0350876403399393,,,,,,,,Line_3,2,3,1.0,1.0299936920789905,-0.0350876403399393,1.0101636694189755,-0.0658793419353368,1.7642345454425197,Line_3,2,3,1.0,11.529416464149024,63.3866671835624,51.85725071941337,GENROU_4,6,GENROU_1,1,0.9999997876166122,1.0000012355337622,1.2355337621894336e-06,GENROU_2,2,GENROU_3,3,1.4710030627291506,2.033751379335342,GENROU_5,8,GENROU_2,2
1234,2,6.7,0.02,0.001,NEXT_STEP,0,0.0360270959700876,0.0169818532743329,1.029993643597766,-0.0350854677152191,,,,,,,,Line_3,2,3,1.0,1.029993643597766,-0.0350854677152191,1.01016254251583,-0.0658769088696442,1.7642196232739875,Line_3,2,3,1.0,11.529562784980278,63.38680586429823,51.85724307931795,GENROU_4,6,GENROU_1,1,0.9999997794331108,1.0000012209792686,1.2209792685791143e-06,GENROU_2,2,GENROU_3,3,1.4710065675394908,2.0337593733773893,GENROU_5,8,GENROU_2,2
1236,2,6.705,0.02,0.001,NEXT_STEP,1,0.0360270958550548,0.0169818531723452,1.0299936314237363,-0.0350849380553165,,,,,,,,Line_3,2,3,1.0,1.0299936314237363,-0.0350849380553165,1.0101622614729802,-0.065876313963692,1.7642158849507157,Line_3,2,3,1.0,11.529598321090525,63.38683965407435,51.85724133298383,GENROU_4,6,GENROU_1,1,0.9999997774298964,1.0000012174936592,1.2174936592224128e-06,GENROU_2,2,GENROU_3,3,1.4710074424386683,2.033761360495639,GENROU_5,8,GENROU_2,2
1238,2,6.725,0.02,0.001,NEXT_STEP,0,0.0360270959727325,0.0169818532766618,1.0299935823448068,-0.0350828727583381,,,,,,,,Line_3,2,3,1.0,1.0299935823448068,-0.0350828727583381,1.010161139961354,-0.0658739869560962,1.764200890036875,Line_3,2,3,1.0,11.529736198992948,63.386971347511,51.85723514851805,GENROU_4,6,GENROU_1,1,0.9999997695829644,1.0000012041306834,1.2041306833854293e-06,GENROU_2,2,GENROU_3,3,1.4710109368660913,2.03376926688253,GENROU_5,8,GENROU_2,2
1240,2,6.73,0.02,0.001,NEXT_STEP,1,0.0360270958639445,0.0169818531802086,1.029993570000134,-0.0350823696223237,,,,,,,,Line_3,2,3,1.0,1.029993570000134,-0.0350823696223237,1.0101608602693564,-0.0658734181917299,1.764197129809304,Line_3,2,3,1.0,11.529769588695435,63.38700341351911,51.85723382482367,GENROU_4,6,GENROU_1,1,0.9999997676619272,1.000001200928832,1.2009288319347888e-06,GENROU_2,2,GENROU_3,3,1.4710118091999609,2.0337712334904623,GENROU_5,8,GENROU_2,2
1242,2,6.75,0.02,0.001,NEXT_STEP,0,0.0360270959741329,0.0169818532778806,1.0299935201801629,-0.0350804092083,,,,,,,,Line_3,2,3,1.0,1.0299935201801629,-0.0350804092083,1.0101597441872625,-0.0658711943181768,1.764182034690208,Line_3,2,3,1.0,11.52989876128944,63.38712830093832,51.85722953964887,GENROU_4,6,GENROU_1,1,0.999999760135454,1.0000011886382238,1.1886382238479598e-06,GENROU_2,2,GENROU_3,3,1.471015293450982,2.033779062779076,GENROU_5,8,GENROU_2,2
1244,2,6.755,0.02,0.001,NEXT_STEP,1,0.0360270958702334,0.0169818531857859,1.029993507637423,-0.0350799319956881,,,,,,,,Line_3,2,3,1.0,1.029993507637423,-0.0350799319956881,1.010159465859707,-0.0658706509913529,1.76417824662488,Line_3,2,3,1.0,11.529929948644693,63.38715868716297,51.85722873851828,GENROU_4,6,GENROU_1,1,0.9999997582924044,1.0000011856881992,1.1856881991789692e-06,GENROU_2,2,GENROU_3,3,1.4710161632547771,2.033781011235633,GENROU_5,8,GENROU_2,2
1246,2,6.775,0.02,0.001,NEXT_STEP,0,0.0360270959767465,0.0169818532801879,1.029993456997984,-0.0350780741091305,,,,,,,,Line_3,2,3,1.0,1.029993456997984,-0.0350780741091305,1.0101583552755549,-0.0658685275464358,1.7641630312516838,Line_3,2,3,1.0,11.530050231388326,63.3872769390096,51.85722670762128,GENROU_4,6,GENROU_1,1,0.9999997510690218,1.0000011743367725,1.1743367722694131e-06,GENROU_2,2,GENROU_3,3,1.471019637403922,2.033788771742743,GENROU_5,8,GENROU_2,2
1248,2,6.78,0.02,0.001,NEXT_STEP,1,0.0360270724224856,0.016981856982983,1.0299934441565026,-0.0350776201945097,,,,,,,,Line_3,2,3,1.0,1.0299934441565026,-0.0350776201945097,1.0101580781717987,-0.0658680076259019,1.7641592493914402,Line_3,2,3,1.0,11.530079180244313,63.38730568679248,51.857226506548166,GENROU_4,6,GENROU_1,1,0.9999997493018292,1.0000011716054824,1.1716054824084663e-06,GENROU_2,2,GENROU_3,3,1.471020504671924,2.033790703852352,GENROU_5,8,GENROU_2,2
1250,2,6.8,0.02,0.001,NEXT_STEP,0,0.0360270796147765,0.0169818626160369,1.0299933916811,-0.0350758626277488,,,,,,,,Line_3,2,3,1.0,1.0299933916811,-0.0350758626277488,1.0101569724205857,-0.0658659821364043,1.7641438985493778,Line_3,2,3,1.0,11.530190470438852,63.38741746615621,51.85722699571736,GENROU_4,6,GENROU_1,1,0.9999997423709855,1.0000011610555832,1.1610555832319849e-06,GENROU_2,2,GENROU_3,3,1.4710239689152875,2.0337984043955544,GENROU_5,8,GENROU_2,2
1252,2,6.805,0.02,0.001,NEXT_STEP,1,0.0360270796573038,0.0169818626454814,1.0299933786477824,-0.0350754354589783,,,,,,,,Line_3,2,3,1.0,1.0299933786477824,-0.0350754354589783,1.0101566968210791,-0.0658654877067632,1.764140044785364,Line_3,2,3,1.0,11.530217165494353,63.38744461534325,51.8572274498489,GENROU_4,6,GENROU_1,1,0.999999740672076,1.00000115850463,1.1585046300055524e-06,GENROU_2,2,GENROU_3,3,1.4710248338496823,2.0338003234482755,GENROU_5,8,GENROU_2,2
1254,2,6.825,0.02,0.001,NEXT_STEP,0,0.0360270797514233,0.0169818627288878,1.029993326331583,-0.0350737755970678,,,,,,,,Line_3,2,3,1.0,1.029993326331583,-0.0350737755970678,1.010155597465959,-0.0658635575476083,1.7641245578940357,Line_3,2,3,1.0,11.530319440671024,63.38755007194239,51.85723063127136,GENROU_4,6,GENROU_1,1,0.9999997340055896,1.0000011486016251,1.1486016251449629e-06,GENROU_2,2,GENROU_3,3,1.4710282884100967,2.033807974623293,GENROU_5,8,GENROU_2,2
1256,2,6.83,0.02,0.001,NEXT_STEP,1,0.036027079664892,0.016981862652213,1.0299933131529864,-0.0350733726961353,,,,,,,,Line_3,2,3,1.0,1.0299933131529864,-0.0350733726961353,1.0101553233477276,-0.0658630867755977,1.7641206691677098,Line_3,2,3,1.0,11.53034388600408,63.38757565789068,51.8572317718866,GENROU_4,6,GENROU_1,1,0.999999732370336,1.0000011461935987,1.1461935987000516e-06,GENROU_2,2,GENROU_3,3,1.4710291506898494,2.033809880496566,GENROU_5,8,GENROU_2,2
1258,2,6.85,0.02,0.001,NEXT_STEP,0,0.0360270797540569,0.0169818627312472,1.0299932600881303,-0.0350718088369019,,,,,,,,Line_3,2,3,1.0,1.0299932600881303,-0.0350718088369019,1.0101542298131267,-0.0658612502311601,1.7641050454563754,Line_3,2,3,1.0,11.53043720187364,63.38767492803582,51.85723772616218,GENROU_4,6,GENROU_1,1,0.9999997259487768,1.0000011367877295,1.1367877295054285e-06,GENROU_2,2,GENROU_3,3,1.4710325943096372,2.033817473858654,GENROU_5,8,GENROU_2,2
1260,2,6.855,0.02,0.001,NEXT_STEP,1,0.0360270796724944,0.0169818626589164,1.029993246760976,-0.0350714296885753,,,,,,,,Line_3,2,3,1.0,1.029993246760976,-0.0350714296885753,1.0101539571846023,-0.0658608026215375,1.7641011229130754,Line_3,2,3,1.0,11.53045942105274,63.38769898340644,51.8572395623537,GENROU_4,6,GENROU_1,1,0.9999997243722476,1.0000011344854995,1.134485499543203e-06,GENROU_2,2,GENROU_3,3,1.471033453829625,2.0338193645629867,GENROU_5,8,GENROU_2,2
1262,2,6.875,0.02,0.001,NEXT_STEP,0,0.036027079755456,0.0169818627324574,1.0299931931707542,-0.0350699598410495,,,,,,,,Line_3,2,3,1.0,1.0299931931707542,-0.0350699598410495,1.0101528696769044,-0.0658590578079946,1.7640853685207674,Line_3,2,3,1.0,11.530543908744296,63.38779219208489,51.85724828334059,GENROU_4,6,GENROU_1,1,0.9999997181753936,1.0000011254304668,1.1254304668195658e-06,GENROU_2,2,GENROU_3,3,1.4710368862183325,2.03382689682196,GENROU_5,8,GENROU_2,2
1264,2,6.88,0.02,0.001,NEXT_STEP,1,0.0360270796788112,0.0169818626645288,1.0299931797296955,-0.0350696039556777,,,,,,,,Line_3,2,3,1.0,1.0299931797296955,-0.0350696039556777,1.0101525985715367,-0.0658586329149549,1.7640814146726598,Line_3,2,3,1.0,11.530563943503497,63.387814746763816,51.85725080326032,GENROU_4,6,GENROU_1,1,0.9999997166524746,1.000001123198209,1.1231982091075563e-06,GENROU_2,2,GENROU_3,3,1.4710377428757169,2.033828772259224,GENROU_5,8,GENROU_2,2
1266,2,6.9,0.02,0.001,NEXT_STEP,0,0.0360270797568298,0.0169818627336607,1.02999312577173,-0.0350682262231479,,,,,,,,Line_3,2,3,1.0,1.02999312577173,-0.0350682262231479,1.0101515172295945,-0.0658569781530017,1.7640655420559028,Line_3,2,3,1.0,11.53063980429666,63.38790200829064,51.857262203993976,GENROU_4,6,GENROU_1,1,0.9999997106597776,1.000001114354748,1.1143547480330085e-06,GENROU_2,2,GENROU_3,3,1.4710411635669631,2.0338362433021,GENROU_5,8,GENROU_2,2
1268,2,6.905,0.02,0.001,NEXT_STEP,1,0.0360270796851594,0.0169818626701491,1.0299931122622346,-0.0350678931347695,,,,,,,,Line_3,2,3,1.0,1.0299931122622346,-0.0350678931347695,1.0101512476841443,-0.0658565755757736,1.7640615606380834,Line_3,2,3,1.0,11.530657713203562,63.38792308958816,51.8572653763846,GENROU_4,6,GENROU_1,1,0.9999997091853464,1.0000011121588304,1.1121588303630858e-06,GENROU_2,2,GENROU_3,3,1.471042017232388,2.0338381033026067,GENROU_5,8,GENROU_2,2
1270,2,6.925,0.02,0.001,NEXT_STEP,0,0.0360270797594315,0.016981862735988,1.0299930581362986,-0.0350666056923211,,,,,,,,Line_3,2,3,1.0,1.0299930581362986,-0.0350666056923211,1.010150172659395,-0.0658550093388574,1.7640455868917115,Line_3,2,3,1.0,11.530725211849816,63.3880045083093,51.85727929645948,GENROU_4,6,GENROU_1,1,0.9999997033765056,1.0000011033980665,1.103398066470973e-06,GENROU_2,2,GENROU_3,3,1.4710454256571828,2.03384551139197,GENROU_5,8,GENROU_2,2
1272,2,6.93,0.02,0.001,NEXT_STEP,1,0.0360270796927194,0.0169818626768426,1.0299930446114158,-0.0350662949570415,,,,,,,,Line_3,2,3,1.0,1.0299930446114158,-0.0350662949570415,1.0101499047119855,-0.0658546287163728,1.7640415826498383,Line_3,2,3,1.0,11.530741068320644,63.38802414112326,51.857283072802616,GENROU_4,6,GENROU_1,1,0.9999997019455376,1.0000011012078114,1.1012078113825652e-06,GENROU_2,2,GENROU_3,3,1.47104627617699,2.0338473552476177,GENROU_5,8,GENROU_2,2
1274,2,6.95,0.02,0.001,NEXT_STEP,0,0.0360270797608103,0.0169818627371713,1.029992990541922,-0.0350650960670502,,,,,,,,Line_3,2,3,1.0,1.029992990541922,-0.0350650960670502,1.0101488361579756,-0.0658531496278284,1.7640255284553064,Line_3,2,3,1.0,11.530800525156064,63.38809981214332,51.85729928698725,GENROU_4,6,GENROU_1,1,0.9999996963007544,1.0000010924139189,1.0924139188794868e-06,GENROU_2,2,GENROU_3,3,1.4710496716793682,2.0338546966137563,GENROU_5,8,GENROU_2,2
1276,2,6.955,0.02,0.001,NEXT_STEP,1,0.0360270796977998,0.0169818626813157,1.029992977060362,-0.0350648072594585,,,,,,,,Line_3,2,3,1.0,1.029992977060362,-0.0350648072594585,1.0101485698470192,-0.0658527906315495,1.7640215069397698,Line_3,2,3,1.0,11.530814415498517,63.38811801917427,51.85730360367575,GENROU_4,6,GENROU_1,1,0.9999996949083928,1.0000010902021963,1.0902021965186748e-06,GENROU_2,2,GENROU_3,3,1.4710505188797605,2.0338565231825485,GENROU_5,8,GENROU_2,2
1278,2,6.975,0.02,0.001,NEXT_STEP,0,0.0360270797621733,0.0169818627383952,1.0299929232887808,-0.0350636952537572,,,,,,,,Line_3,2,3,1.0,1.0299929232887808,-0.0350636952537572,1.0101475079152848,-0.0658513974323471,1.764005395738934,Line_3,2,3,1.0,11.530866197661071,63.38818802928867,51.8573218316276,GENROU_4,6,GENROU_1,1,0.999999689408709,1.0000010812745146,1.0812745145916125e-06,GENROU_2,2,GENROU_3,3,1.4710539007351056,2.033863792636798,GENROU_5,8,GENROU_2,2
1280,2,6.98,0.02,0.001,NEXT_STEP,1,0.0360270797053552,0.0169818626880218,1.0299929099122755,-0.0350634279652058,,,,,,,,Line_3,2,3,1.0,1.0299929099122755,-0.0350634279652058,1.0101472432780672,-0.0658510597604929,1.7640013630727367,Line_3,2,3,1.0,11.530878218670836,63.388204831285,51.857326612614166,GENROU_4,6,GENROU_1,1,0.9999996880503448,1.000001079018199,1.0790181990127934e-06,GENROU_2,2,GENROU_3,3,1.4710547444281146,2.033865600489683,GENROU_5,8,GENROU_2,2
1282,2,7.0,0.02,0.001,NEXT_STEP,0,0.0360270797635326,0.0169818627396182,1.029992856694861,-0.0350624012371542,,,,,,,,Line_3,2,3,1.0,1.029992856694861,-0.0350624012371542,1.010146188119638,-0.0658497512851487,1.76398522014199,Line_3,2,3,1.0,11.530922730722242,63.38826926000363,51.857346529281386,GENROU_4,6,GENROU_1,1,0.9999996826779396,1.0000010698727522,1.0698727521685214e-06,GENROU_2,2,GENROU_3,3,1.4710581118465849,2.033872791868529,GENROU_5,8,GENROU_2,2
1284,2,7.005,0.02,0.001,NEXT_STEP,1,0.0360270797116703,0.0169818626935892,1.02999284348679,-0.0350621550724071,,,,,,,,Line_3,2,3,1.0,1.02999284348679,-0.0350621550724071,1.010145925191784,-0.0658494346555786,1.7639811828050256,Line_3,2,3,1.0,11.530932987391823,63.38828467602777,51.85735168863594,GENROU_4,6,GENROU_1,1,0.999999681349287,1.0000010675530284,1.0675530284220969e-06,GENROU_2,2,GENROU_3,3,1.4710589518309298,2.033874579362009,GENROU_5,8,GENROU_2,2
1286,2,7.025,0.02,0.001,NEXT_STEP,0,0.0360270797661813,0.0169818627419316,1.0299927910687583,-0.0350612120672684,,,,,,,,Line_3,2,3,1.0,1.0299927910687583,-0.0350612120672684,1.0101448769368324,-0.0658482098082576,1.76396503443749,Line_3,2,3,1.0,11.530970661594942,63.38834359668088,51.857372935085934,GENROU_4,6,GENROU_1,1,0.99999967608777,1.0000010581234546,1.0581234546336304e-06,GENROU_2,2,GENROU_3,3,1.4710623040234163,2.033881685879824,GENROU_5,8,GENROU_2,2
1288,2,7.03,0.02,0.001,NEXT_STEP,1,0.0360270797154914,0.0169818626969868,1.029992778093221,-0.0350609866420901,,,,,,,,Line_3,2,3,1.0,1.029992778093221,-0.0350609866420901,1.0101446157524074,-0.0658479139521632,1.7639609990432348,Line_3,2,3,1.0,11.530979264575302,63.38835764439408,51.85737837981878,GENROU_4,6,GENROU_1,1,0.9999996747849396,1.0000010557259833,1.055725983301059e-06,GENROU_2,2,GENROU_3,3,1.4710631400970045,2.033883451292574,GENROU_5,8,GENROU_2,2
1290,2,7.05,0.02,0.001,NEXT_STEP,0,0.0360270797687532,0.0169818627442011,1.0299927267265363,-0.035060125840288,,,,,,,,Line_3,2,3,1.0,1.0299927267265363,-0.035060125840288,1.010143574531285,-0.0658467716742185,1.763944871648221,Line_3,2,3,1.0,11.53101055107689,63.38841112530413,51.85740057422724,GENROU_4,6,GENROU_1,1,0.9999996696196632,1.000001045963963,1.0459639629978312e-06,GENROU_2,2,GENROU_3,3,1.4710664762232726,2.033890465879527,GENROU_5,8,GENROU_2,2
1292,2,7.055,0.02,0.001,NEXT_STEP,1,0.036027079721823,0.0169818627025803,1.029992714024589,-0.0350599207733755,,,,,,,,Line_3,2,3,1.0,1.029992714024589,-0.0350599207733755,1.0101433151049866,-0.0658464963285321,1.7639408449711027,Line_3,2,3,1.0,11.531017614303671,63.38842382126554,51.85740620696187,GENROU_4,6,GENROU_1,1,0.999999668339236,1.0000010434789144,1.0434789143864975e-06,GENROU_2,2,GENROU_3,3,1.4710673081681245,2.033892207394109,GENROU_5,8,GENROU_2,2
1294,2,7.075,0.02,0.001,NEXT_STEP,0,0.0360270797688281,0.0169818627442739,1.029992663925558,-0.0350591406787107,,,,,,,,Line_3,2,3,1.0,1.029992663925558,-0.0350591406787107,1.0101422810125429,-0.0658454355767734,1.7639247645041394,Line_3,2,3,1.0,11.53104297147713,63.38847192687628,51.85742895539915,GENROU_4,6,GENROU_1,1,0.9999996632576128,1.000001033354046,1.0333540461093804e-06,GENROU_2,2,GENROU_3,3,1.4710706274164786,2.033899122884171,GENROU_5,8,GENROU_2,2
1296,2,7.08,0.02,0.001,NEXT_STEP,1,0.0360270797293798,0.0169818627092832,1.0299926516089606,-0.0350589556185695,,,,,,,,Line_3,2,3,1.0,1.0299926516089606,-0.0350589556185695,1.0101420234125698,-0.0658451804886319,1.7639207521952756,Line_3,2,3,1.0,11.531048609744978,63.3884832868044,51.85743467705942,GENROU_4,6,GENROU_1,1,0.999999661996683,1.000001030775997,1.0307759970018535e-06,GENROU_2,2,GENROU_3,3,1.4710714550558066,2.0339008387909265,GENROU_5,8,GENROU_2,2
1298,2,7.1,0.02,0.001,NEXT_STEP,0,0.0360270797702159,0.0169818627454687,1.0299926030796407,-0.0350582547893992,,,,,,,,Line_3,2,3,1.0,1.0299926030796407,-0.0350582547893992,1.0101409966142052,-0.065844200234071,1.763904742299701,Line_3,2,3,1.0,11.5310684959322,63.38852607896458,51.85745758303239,GENROU_4,6,GENROU_1,1,0.9999996569880236,1.0000010202749767,1.0202749767262986e-06,GENROU_2,2,GENROU_3,3,1.4710747565682984,2.033907648117932,GENROU_5,8,GENROU_2,2
1300,2,7.105,0.02,0.001,NEXT_STEP,1,0.0360270797344222,0.016981862713731,1.0299925911594736,-0.0350580893559697,,,,,,,,Line_3,2,3,1.0,1.0299925911594736,-0.0350580893559697,1.0101407408318752,-0.0658439651355352,1.7639007507831366,Line_3,2,3,1.0,11.531072823210074,63.38853611814199,51.85746329493191,GENROU_4,6,GENROU_1,1,0.9999996557442284,1.00000101760268,1.0176026801200775e-06,GENROU_2,2,GENROU_3,3,1.471075579653608,2.033909336465177,GENROU_5,8,GENROU_2,2
1302,2,7.125,0.02,0.001,NEXT_STEP,0,0.0360270797728111,0.016981862747773,1.0299925443520754,-0.035057466315625,,,,,,,,Line_3,2,3,1.0,1.0299925443520754,-0.035057466315625,1.0101397213721974,-0.0658430643043714,1.7638848345416136,Line_3,2,3,1.0,11.531087687176251,63.38857365746725,51.857485970291,GENROU_4,6,GENROU_1,1,0.9999996508004227,1.0000010067285197,1.0067285196591058e-06,GENROU_2,2,GENROU_3,3,1.4710788625857247,2.033916031775336,GENROU_5,8,GENROU_2,2
1304,2,7.13,0.02,0.001,NEXT_STEP,1,0.0360270797394857,0.0169818627182172,1.0299925328865993,-0.0350573201486145,,,,,,,,Line_3,2,3,1.0,1.0299925328865993,-0.0350573201486145,1.0101394674343294,-0.0658428489260539,1.763880869025826,Line_3,2,3,1.0,11.531090813388476,63.38858239096161,51.857491577573136,GENROU_4,6,GENROU_1,1,0.999999649572036,1.0000010039646368,1.0039646367587809e-06,GENROU_2,2,GENROU_3,3,1.4710796809314903,2.0339176907678977,GENROU_5,8,GENROU_2,2
1306,2,7.15,0.02,0.001,NEXT_STEP,0,0.0360270797729055,0.0169818627478205,1.0299924879881746,-0.0350567734479855,,,,,,,,Line_3,2,3,1.0,1.0299924879881746,-0.0350567734479855,1.010138455387522,-0.06584202641759,1.7638650664009106,Line_3,2,3,1.0,11.531101084698864,63.388614737731686,51.857513653032825,GENROU_4,6,GENROU_1,1,0.99999964468738,1.0000009927351134,9.927351134475515e-07,GENROU_2,2,GENROU_3,3,1.471082944532101,2.0339242656066303,GENROU_5,8,GENROU_2,2
1308,2,7.155,0.02,0.001,NEXT_STEP,1,0.0360270562891966,0.0169818665131795,1.029992476942018,-0.0350566441177535,,,,,,,,Line_3,2,3,1.0,1.029992476942018,-0.0350566441177535,1.010138203156238,-0.0658418290812573,1.763861169938366,Line_3,2,3,1.0,11.531103114471508,63.388622180793554,51.85751906632205,GENROU_4,6,GENROU_1,1,0.99999964347564,1.000000989887372,9.898873720715071e-07,GENROU_2,2,GENROU_3,3,1.4710837579447873,2.033925893752753,GENROU_5,8,GENROU_2,2
1310,2,7.175,0.02,0.001,NEXT_STEP,0,0.0360270634121498,0.0169818720847836,1.029992433227638,-0.0350561724235079,,,,,,,,Line_3,2,3,1.0,1.029992433227638,-0.0350561724235079,1.010137197911659,-0.0658410837877753,1.7638454938568486,Line_3,2,3,1.0,11.53110919974626,63.3886493998394,51.85754020009314,GENROU_4,6,GENROU_1,1,0.9999996386547868,1.0000009783391566,9.783391565765245e-07,GENROU_2,2,GENROU_3,3,1.4710870017650028,2.0339323450558906,GENROU_5,8,GENROU_2,2
1312,2,7.18,0.02,0.001,NEXT_STEP,1,0.0360270635227631,0.0169818721745576,1.0299924227270136,-0.0350560636100961,,,,,,,,Line_3,2,3,1.0,1.0299924227270136,-0.0350560636100961,1.0101369476462403,-0.0658409069093124,1.7638415940166965,Line_3,2,3,1.0,11.531110231347787,63.38865556938703,51.857545338039245,GENROU_4,6,GENROU_1,1,0.9999996374562686,1.000000975415008,9.754150080976132e-07,GENROU_2,2,GENROU_3,3,1.4710878102810288,2.033933942946709,GENROU_5,8,GENROU_2,2
1314,2,7.2,0.02,0.001,NEXT_STEP,0,0.0360270635475576,0.016981872196524,1.0299923819215746,-0.0350556648468176,,,,,,,,Line_3,2,3,1.0,1.0299923819215746,-0.0350556648468176,1.0101359504097094,-0.065840237180727,1.7638260688482037,Line_3,2,3,1.0,11.531112506371285,63.388677725778535,51.85756521940725,GENROU_4,6,GENROU_1,1,0.999999632689614,1.0000009635842166,9.63584216640001e-07,GENROU_2,2,GENROU_3,3,1.4710910338841043,2.0339402713987558,GENROU_5,8,GENROU_2,2
1316,2,7.205,0.02,0.001,NEXT_STEP,1,0.036027063529113,0.0169818721801583,1.0299923720153092,-0.0350555742068114,,,,,,,,Line_3,2,3,1.0,1.0299923720153092,-0.0350555742068114,1.010135702051539,-0.0658400791322617,1.7638222066279925,Line_3,2,3,1.0,11.531112629295508,63.388682637670726,51.85757000837522,GENROU_4,6,GENROU_1,1,0.999999631504912,1.0000009605955258,9.605955257896426e-07,GENROU_2,2,GENROU_3,3,1.4710918371356203,2.0339418369357016,GENROU_5,8,GENROU_2,2
1318,2,7.225,0.02,0.001,NEXT_STEP,0,0.0360270635489289,0.0169818721977239,1.0299923335732162,-0.0350552474012643,,,,,,,,Line_3,2,3,1.0,1.0299923335732162,-0.0350552474012643,1.0101347124125093,-0.0658394840727573,1.7638068368084134,Line_3,2,3,1.0,11.531111433677395,63.388699796364506,51.85758836268711,GENROU_4,6,GENROU_1,1,0.9999996267948348,1.000000948533207,9.48533207312252e-07,GENROU_2,2,GENROU_3,3,1.4710950392838156,2.0339480293005905,GENROU_5,8,GENROU_2,2
1320,2,7.23,0.02,0.001,NEXT_STEP,1,0.0360270635341657,0.0169818721846749,1.0299923242553253,-0.035055174560205,,,,,,,,Line_3,2,3,1.0,1.0299923242553253,-0.035055174560205,1.0101344659434155,-0.0658393445217755,1.7638030146113977,Line_3,2,3,1.0,11.531110729046286,63.38870346723329,51.85759273818701,GENROU_4,6,GENROU_1,1,0.9999996256247156,1.000000945493653,9.45493652926288e-07,GENROU_2,2,GENROU_3,3,1.471095837027772,2.033949559618833,GENROU_5,8,GENROU_2,2
1322,2,7.25,0.02,0.001,NEXT_STEP,0,0.0360270635515201,0.0169818722000169,1.0299922881973522,-0.0350549181456,,,,,,,,Line_3,2,3,1.0,1.0299922881973522,-0.0350549181456,1.0101334838634042,-0.065838822709298,1.7637878084334204,Line_3,2,3,1.0,11.531106378791252,63.38871569657245,51.8576093177812,GENROU_4,6,GENROU_1,1,0.9999996209754084,1.0000009332577529,9.332577528553544e-07,GENROU_2,2,GENROU_3,3,1.4710990170383116,2.0339556088295017,GENROU_5,8,GENROU_2,2
1324,2,7.255,0.02,0.001,NEXT_STEP,1,0.0360270635379708,0.0169818721880007,1.0299922794898668,-0.0350548626969151,,,,,,,,Line_3,2,3,1.0,1.0299922794898668,-0.0350548626969151,1.0101332392923452,-0.0658387012766236,1.7637840278293029,Line_3,2,3,1.0,11.531104923134606,63.38871814399543,51.85761322086083,GENROU_4,6,GENROU_1,1,0.999999619821207,1.0000009301825186,9.30182518565914e-07,GENROU_2,2,GENROU_3,3,1.471099809261572,2.0339571030615486,GENROU_5,8,GENROU_2,2
1326,2,7.275,0.02,0.001,NEXT_STEP,0,0.0360270635528296,0.0169818722012026,1.0299922458780049,-0.0350546750316428,,,,,,,,Line_3,2,3,1.0,1.0299922458780049,-0.0350546750316428,1.010132264785743,-0.0658382511522438,1.763768990030144,Line_3,2,3,1.0,11.531097712894647,63.38872551649353,51.85762780359888,GENROU_4,6,GENROU_1,1,0.9999996152392636,1.0000009178360472,9.178360471651104e-07,GENROU_2,2,GENROU_3,3,1.471102966801177,2.03396300747554,GENROU_5,8,GENROU_2,2
1328,2,7.28,0.02,0.001,NEXT_STEP,1,0.0360270635430126,0.0169818721924959,1.029992237783738,-0.0350546365599124,,,,,,,,Line_3,2,3,1.0,1.029992237783738,-0.0350546365599124,1.0101320221049803,-0.0658381474369883,1.7637652518515097,Line_3,2,3,1.0,11.531095576718544,63.38872675919266,51.85763118247412,GENROU_4,6,GENROU_1,1,0.9999996141029508,1.000000914741365,9.147413650989478e-07,GENROU_2,2,GENROU_3,3,1.4711037533283962,2.0339644654167635,GENROU_5,8,GENROU_2,2
1330,2,7.3,0.02,0.001,NEXT_STEP,0,0.036027063554179,0.0169818722023838,1.029992206634672,-0.0350545159431905,,,,,,,,Line_3,2,3,1.0,1.029992206634672,-0.0350545159431905,1.0101310551537543,-0.0658377673306574,1.7637503841920932,Line_3,2,3,1.0,11.531085771500967,63.38872935237276,51.8576435808718,GENROU_4,6,GENROU_1,1,0.9999996095974572,1.0000009023505132,9.023505131988684e-07,GENROU_2,2,GENROU_3,3,1.4711068878856992,2.033970224336226,GENROU_5,8,GENROU_2,2
1332,2,7.305,0.02,0.001,NEXT_STEP,1,0.0360270635480728,0.0169818721969519,1.029992199158575,-0.0350544940277097,,,,,,,,Line_3,2,3,1.0,1.029992199158575,-0.0350544940277097,1.010130814361344,-0.0658376809099649,1.763746688315706,Line_3,2,3,1.0,11.53108301636166,63.38872940821146,51.8576463918498,GENROU_4,6,GENROU_1,1,0.9999996084815888,1.0000008992531424,8.992531423945849e-07,GENROU_2,2,GENROU_3,3,1.4711076686189315,2.033971645826702,GENROU_5,8,GENROU_2,2
1334,2,7.325,0.02,0.001,NEXT_STEP,0,0.0360270635555171,0.0169818722035822,1.0299921704717578,-0.035054438713634,,,,,,,,Line_3,2,3,1.0,1.0299921704717578,-0.035054438713634,1.0101298549448443,-0.0658373690567974,1.7637319897084751,Line_3,2,3,1.0,11.531070841664356,63.38872730540263,51.85765646373828,GENROU_4,6,GENROU_1,1,0.9999996040637784,1.000000886885167,8.868851670840172e-07,GENROU_2,2,GENROU_3,3,1.471110779815708,2.033977258704916,GENROU_5,8,GENROU_2,2
1336,2,7.33,0.02,0.001,NEXT_STEP,1,0.0360270635518643,0.0169818722003097,1.029992163606631,-0.0350544328923491,,,,,,,,Line_3,2,3,1.0,1.029992163606631,-0.0350544328923491,1.0101296160303983,-0.0658372994645275,1.7637283359001683,Line_3,2,3,1.0,11.531067518535204,63.38872620042289,51.857658681887685,GENROU_4,6,GENROU_1,1,0.999999602971414,1.00000088380189,8.83801890116942e-07,GENROU_2,2,GENROU_3,3,1.4711115546643958,2.033978643645509,GENROU_5,8,GENROU_2,2
1338,2,7.35,0.02,0.001,NEXT_STEP,0,0.0360270635568197,0.0169818722047534,1.0299921373558634,-0.0350544411013989,,,,,,,,Line_3,2,3,1.0,1.0299921373558634,-0.0350544411013989,1.0101286641165843,-0.0658370540182476,1.7637138025203285,Line_3,2,3,1.0,11.531053155866058,63.38871949121783,51.857666335351766,GENROU_4,6,GENROU_1,1,0.9999995986544707,1.0000008715232758,8.71523275769448e-07,GENROU_2,2,GENROU_3,3,1.471114642163606,2.0339841103535905,GENROU_5,8,GENROU_2,2
1340,2,7.355,0.02,0.001,NEXT_STEP,1,0.0360270635582042,0.0169818722058869,1.0299921310926643,-0.0350544509333262,,,,,,,,Line_3,2,3,1.0,1.0299921310926643,-0.0350544509333262,1.010128427071321,-0.0658370007882882,1.7637101893403724,Line_3,2,3,1.0,11.531049304470312,63.388717246397306,51.85766794192699,GENROU_4,6,GENROU_1,1,0.9999995975890904,1.0000008684704398,8.684704397854404e-07,GENROU_2,2,GENROU_3,3,1.4711154110525106,2.0339854587962063,GENROU_5,8,GENROU_2,2
1342,2,7.375,0.02,0.001,NEXT_STEP,0,0.0360270635569449,0.0169818722048056,1.02999210722358,-0.0350545208564018,,,,,,,,Line_3,2,3,1.0,1.02999210722358,-0.0350545208564018,1.010127482613976,-0.0658368198352234,1.7636958151963429,Line_3,2,3,1.0,11.531032890138004,63.38870602685186,51.857673136713856,GENROU_4,6,GENROU_1,1,0.9999995933875496,1.0000008563449756,8.563449755971675e-07,GENROU_2,2,GENROU_3,3,1.47111847460114,2.033990779932384,GENROU_5,8,GENROU_2,2
1344,2,7.38,0.02,0.001,NEXT_STEP,1,0.0360270635619912,0.0169818722093017,1.0299921015471378,-0.0350545458929029,,,,,,,,Line_3,2,3,1.0,1.0299921015471378,-0.0350545458929029,1.0101272474265748,-0.0658367824883864,1.7636922408943576,Line_3,2,3,1.0,11.531028538965804,63.388702667029406,51.8576741280636,GENROU_4,6,GENROU_1,1,0.9999995923529214,1.0000008533380462,8.533380462250051e-07,GENROU_2,2,GENROU_3,3,1.4711192374663014,2.033992092128651,GENROU_5,8,GENROU_2,2
1346,2,7.4,0.02,0.001,NEXT_STEP,0,0.0360270635595112,0.0169818722071047,1.02999207997995,-0.0350546757045582,,,,,,,,Line_3,2,3,1.0,1.02999207997995,-0.0350546757045582,1.0101263103666085,-0.0658366640646514,1.7636780180541791,Line_3,2,3,1.0,11.531010165193774,63.3886870397277,51.85767687453392,GENROU_4,6,GENROU_1,1,0.9999995882821976,1.000000841425163,8.414251633226399e-07,GENROU_2,2,GENROU_3,3,1.4711222768010546,2.0339972690988075,GENROU_5,8,GENROU_2,2
1348,2,7.405,0.02,0.001,NEXT_STEP,1,0.0360270635657648,0.0169818722126154,1.0299920748662863,-0.03505471548268,,,,,,,,Line_3,2,3,1.0,1.0299920748662863,-0.03505471548268,1.0101260770194969,-0.0658366420999556,1.7636744804513,Line_3,2,3,1.0,11.531005332014187,63.38868259134461,51.85767725933042,GENROU_4,6,GENROU_1,1,0.9999995872822632,1.0000008384783483,8.384783483084135e-07,GENROU_2,2,GENROU_3,3,1.471123033597581,2.033998545500643,GENROU_5,8,GENROU_2,2
1350,2,7.425,0.02,0.001,NEXT_STEP,0,0.0360270635595792,0.016981872207132,1.0299920554948674,-0.0350549033349208,,,,,,,,Line_3,2,3,1.0,1.0299920554948674,-0.0350549033349208,1.0101251472824129,-0.0658365841935328,1.7636603995171072,Line_3,2,3,1.0,11.530985049836469,63.38866266515089,51.85767761531442,GENROU_4,6,GENROU_1,1,0.9999995833583436,1.0000008268319205,8.26831920264226e-07,GENROU_2,2,GENROU_3,3,1.4711260486114708,2.0340035805646397,GENROU_5,8,GENROU_2,2
1352,2,7.43,0.02,0.001,NEXT_STEP,1,0.0360270635708115,0.0169818722170867,1.0299920509144016,-0.0350549573918323,,,,,,,,Line_3,2,3,1.0,1.0299920509144016,-0.0350549573918323,1.010124915755258,-0.0658365771043761,1.7636568961054593,Line_3,2,3,1.0,11.530979742606933,63.38865715617566,51.85767741356873,GENROU_4,6,GENROU_1,1,0.9999995823971176,1.0000008239578804,8.239578803692638e-07,GENROU_2,2,GENROU_3,3,1.4711267993180732,2.034004821853123,GENROU_5,8,GENROU_2,2
1354,2,7.45,0.02,0.001,NEXT_STEP,0,0.0360270635609187,0.0169818722083132,1.0299920336114436,-0.0350552014265105,,,,,,,,Line_3,2,3,1.0,1.0299920336114436,-0.0350552014265105,1.0101239932545467,-0.0658365776738512,1.7636429465768515,Line_3,2,3,1.0,11.530957566039769,63.388633045806806,51.85767547976704,GENROU_4,6,GENROU_1,1,0.9999995786360094,1.0000008126250484,8.126250483631026e-07,GENROU_2,2,GENROU_3,3,1.471129789952466,2.0340097181764927,GENROU_5,8,GENROU_2,2
1356,2,7.455,0.02,0.001,NEXT_STEP,1,0.0360270635745953,0.0169818722204227,1.029992029530206,-0.0350552692962323,,,,,,,,Line_3,2,3,1.0,1.029992029530206,-0.0350552692962323,1.0101237635244609,-0.0658365849467303,1.763639474633521,Line_3,2,3,1.0,11.53095178406554,63.38862650559805,51.8576747215325,GENROU_4,6,GENROU_1,1,0.9999995777174624,1.0000008098346531,8.098346531149048e-07,GENROU_2,2,GENROU_3,3,1.47113053456254,2.0340109252486824,GENROU_5,8,GENROU_2,2
1358,2,7.475,0.02,0.001,NEXT_STEP,0,0.0360270635622488,0.0169818722094917,1.0299920141503347,-0.0350555676467082,,,,,,,,Line_3,2,3,1.0,1.0299920141503347,-0.0350555676467082,1.0101228481626656,-0.0658366419302734,1.763625645326954,Line_3,2,3,1.0,11.530927695160786,63.388598330997176,51.85767063583639,GENROU_4,6,GENROU_1,1,0.9999995741347966,1.0000007988550348,7.988550347892698e-07,GENROU_2,2,GENROU_3,3,1.471133500824014,2.034015686812084,GENROU_5,8,GENROU_2,2
1360,2,7.48,0.02,0.001,NEXT_STEP,1,0.0360270635784005,0.0169818722238056,1.0299920105301177,-0.0350556488618416,,,,,,,,Line_3,2,3,1.0,1.0299920105301177,-0.0350556488618416,1.0101226202041178,-0.0658366630481169,1.7636222020058767,Line_3,2,3,1.0,11.53092143044202,63.38859079012977,51.85766935968775,GENROU_4,6,GENROU_1,1,0.9999995732627516,1.0000007961571955,7.961571957260105e-07,GENROU_2,2,GENROU_3,3,1.4711342393471476,2.0340168607561737,GENROU_5,8,GENROU_2,2
1362,2,7.5,0.02,0.001,NEXT_STEP,0,0.0360270635635473,0.0169818722106338,1.0299919969143414,-0.0350559996568837,,,,,,,,Line_3,2,3,1.0,1.0299919969143414,-0.0350559996568837,1.0101217118751165,-0.0658367743742869,1.7636084814501771,Line_3,2,3,1.0,11.530895384886549,63.38855867570749,51.85766329082095,GENROU_4,6,GENROU_1,1,0.999999569873368,1.000000785562344,7.855623440633508e-07,GENROU_2,2,GENROU_3,3,1.471137181305549,2.03402149225312,GENROU_5,8,GENROU_2,2
1364,2,7.505,0.02,0.001,NEXT_STEP,1,0.0360270635821742,0.0169818722271457,1.029991993714079,-0.0350560937494229,,,,,,,,Line_3,2,3,1.0,1.029991993714079,-0.0350560937494229,1.0101214856606937,-0.0658368088189743,1.7636050638800214,Line_3,2,3,1.0,11.53088862356446,63.388550165768585,51.85766154220413,GENROU_4,6,GENROU_1,1,0.999999569051404,1.0000007829639173,7.829639172562963e-07,GENROU_2,2,GENROU_3,3,1.4711379137663363,2.034022634321939,GENROU_5,8,GENROU_2,2
1366,2,7.525,0.02,0.001,NEXT_STEP,0,0.0360270635636373,0.0169818722107121,1.0299919816943963,-0.0350564951173453,,,,,,,,Line_3,2,3,1.0,1.0299919816943963,-0.0350564951173453,1.010120584252188,-0.0658369724172321,1.7635914406817506,Line_3,2,3,1.0,11.530860556600723,63.38851423954072,51.85765368294,GENROU_4,6,GENROU_1,1,0.9999995658689887,1.0000007727770843,7.72777084545595e-07,GENROU_2,2,GENROU_3,3,1.471140831546131,2.034027141043034,GENROU_5,8,GENROU_2,2
1368,2,7.53,0.02,0.001,NEXT_STEP,1,0.0360270635859604,0.0169818722305183,1.029991978871193,-0.0350566016198404,,,,,,,,Line_3,2,3,1.0,1.029991978871193,-0.0350566016198404,1.0101203597531496,-0.0658370196722615,1.763588046052007,Line_3,2,3,1.0,11.530853280456135,63.38850479290445,51.85765151244832,GENROU_4,6,GENROU_1,1,0.9999995651003536,1.000000770282838,7.702828379585469e-07,GENROU_2,2,GENROU_3,3,1.471141557982234,2.034028252622163,GENROU_5,8,GENROU_2,2
1370,2,7.55,0.02,0.001,NEXT_STEP,0,0.0360270635649493,0.0169818722118831,1.0299919682747447,-0.0350570516932174,,,,,,,,Line_3,2,3,1.0,1.0299919682747447,-0.0350570516932174,1.0101194651489045,-0.0658372334834278,1.7635745092244974,Line_3,2,3,1.0,11.530823112888362,63.38846518556216,51.8576420726738,GENROU_4,6,GENROU_1,1,0.9999995621371166,1.0000007605189551,7.60518955145173e-07,GENROU_2,2,GENROU_3,3,1.471144451754017,2.0340326403203366,GENROU_5,8,GENROU_2,2
1372,2,7.555,0.02,0.001,NEXT_STEP,1,0.0360270635897471,0.0169818722338613,1.0299919657853691,-0.0350571701395571,,,,,,,,Line_3,2,3,1.0,1.0299919657853691,-0.0350571701395571,1.0101192423360603,-0.0658372930361285,1.763571134867533,Line_3,2,3,1.0,11.530815300836707,63.38845483515162,51.85763953431491,GENROU_4,6,GENROU_1,1,0.9999995614246532,1.0000007581315975,7.581315977223113e-07,GENROU_2,2,GENROU_3,3,1.4711451722122495,2.0340337228935823,GENROU_5,8,GENROU_2,2
1374,2,7.575,0.02,0.001,NEXT_STEP,0,0.0360270635662778,0.0169818722130393,1.0299919564393398,-0.0350576670593139,,,,,,,,Line_3,2,3,1.0,1.0299919564393398,-0.0350576670593139,1.0101183544187786,-0.0658375550216243,1.7635576741259058,Line_3,2,3,1.0,11.530782944883455,63.388411679096976,51.85762873421352,GENROU_4,6,GENROU_1,1,0.9999995586910538,1.000000748797507,7.487975071107655e-07,GENROU_2,2,GENROU_3,3,1.4711480421810108,2.0340379976407728,GENROU_5,8,GENROU_2,2
1376,2,7.58,0.02,0.001,NEXT_STEP,1,0.0360270635922959,0.0169818722361263,1.029991954241064,-0.0350577969860916,,,,,,,,Line_3,2,3,1.0,1.029991954241064,-0.0350577969860916,1.0101181332629543,-0.0658376263656539,1.7635543175816792,Line_3,2,3,1.0,11.530774574396297,63.38840045814152,51.85762588374522,GENROU_4,6,GENROU_1,1,0.9999995580371382,1.000000746517773,7.465177729315542e-07,GENROU_2,2,GENROU_3,3,1.471148756716642,2.034039052752698,GENROU_5,8,GENROU_2,2
1378,2,7.6,0.02,0.001,NEXT_STEP,0,0.0360270635675623,0.0169818722141706,1.0299919459765496,-0.0350583389063249,,,,,,,,Line_3,2,3,1.0,1.0299919459765496,-0.0350583389063249,1.0101172519164952,-0.0658379345165585,1.7635409235857935,Line_3,2,3,1.0,11.530739939274492,63.38835388651837,51.85761394724388,GENROU_4,6,GENROU_1,1,0.999999555541662,1.0000007376126634,7.376126633928948e-07,GENROU_2,2,GENROU_3,3,1.4711516031112546,2.0340432207891794,GENROU_5,8,GENROU_2,2
1380,2,7.605,0.02,0.001,NEXT_STEP,1,0.0360270635960918,0.0169818722394935,1.0299919440278869,-0.0350584798541636,,,,,,,,Line_3,2,3,1.0,1.0299919440278869,-0.0350584798541636,1.01011703238894,-0.0658380171541492,1.7635375826546635,Line_3,2,3,1.0,11.530730987753152,63.38834182831317,51.85761084056002,GENROU_4,6,GENROU_1,1,0.9999995549481524,1.0000007354394431,7.354394431224875e-07,GENROU_2,2,GENROU_3,3,1.471152311782934,2.0340442500082907,GENROU_5,8,GENROU_2,2
1382,2,7.625,0.02,0.001,NEXT_STEP,0,0.0360270635676209,0.0169818722142578,1.029991936684122,-0.0350590649460978,,,,,,,,Line_3,2,3,1.0,1.029991936684122,-0.0350590649460978,1.0101161575008788,-0.0658383694986762,1.7635242472105404,Line_3,2,3,1.0,11.53069398490495,63.388291974061104,51.85759798915616,GENROU_4,6,GENROU_1,1,0.999999552697144,1.000000726955457,7.269554569422354e-07,GENROU_2,2,GENROU_3,3,1.4711551348456664,2.0340483176000776,GENROU_5,8,GENROU_2,2
1384,2,7.63,0.02,0.001,NEXT_STEP,1,0.0360270635986218,0.0169818722417,1.0299919349460964,-0.0350592164604431,,,,,,,,Line_3,2,3,1.0,1.0299919349460964,-0.0350592164604431,1.010115939574063,-0.0658384629422413,1.7635209199999338,Line_3,2,3,1.0,11.530684430898589,63.38827911173579,51.8575946808372,GENROU_4,6,GENROU_1,1,0.9999995521653487,1.0000007248859686,7.248859685837772e-07,GENROU_2,2,GENROU_3,3,1.471155837715322,2.0340493224839364,GENROU_5,8,GENROU_2,2
1386,2,7.65,0.02,0.001,NEXT_STEP,0,0.0360270635689322,0.0169818722153931,1.029991928442925,-0.0350598424112683,,,,,,,,Line_3,2,3,1.0,1.029991928442925,-0.0350598424112683,1.0101150710767923,-0.0658388572004032,1.7635076449881808,Line_3,2,3,1.0,11.530644978595332,63.388226106713766,51.85758112811843,GENROU_4,6,GENROU_1,1,0.9999995511391372,1.0000007168092309,7.168092308607044e-07,GENROU_2,2,GENROU_3,3,1.4711586377322594,2.034053295785229,GENROU_5,8,GENROU_2,2
1388,2,7.655,0.02,0.001,NEXT_STEP,1,0.0360270636024072,0.0169818722450386,1.029991926920443,-0.0350600033704452,,,,,,,,Line_3,2,3,1.0,1.029991926920443,-0.0350600033704452,1.010114854726211,-0.0658389605060537,1.7635043416844385,Line_3,2,3,1.0,11.530634802924911,63.38821247312952,51.857577670204606,GENROU_4,6,GENROU_1,1,0.9999995511391372,1.0000007148399814,7.148399814305151e-07,GENROU_2,2,GENROU_3,3,1.4711593348563636,2.034054277826938,GENROU_5,8,GENROU_2,2
1390,2,7.675,0.02,0.001,NEXT_STEP,0,0.0360270635689623,0.0169818722154184,1.0299919211209352,-0.0350606642377463,,,,,,,,Line_3,2,3,1.0,1.0299919211209352,-0.0350606642377463,1.0101139922924385,-0.0658393917940334,1.7634911877582624,Line_3,2,3,1.0,11.53059283206189,63.388156451681205,51.85756361961931,GENROU_4,6,GENROU_1,1,0.9999995511391372,1.0000007071626018,7.071626018095856e-07,GENROU_2,2,GENROU_3,3,1.471162111808281,2.034058161984356,GENROU_5,8,GENROU_2,2
1392,2,7.68,0.02,0.001,NEXT_STEP,1,0.0360270636049536,0.0169818722473098,1.029991919766302,-0.0350608336668489,,,,,,,,Line_3,2,3,1.0,1.029991919766302,-0.0350608336668489,1.010113777456265,-0.0658395040465922,1.7634879117836135,Line_3,2,3,1.0,11.530582019961065,63.38814208199212,51.85756006203105,GENROU_4,6,GENROU_1,1,0.9999995511391372,1.0000007052928364,7.052928363560085e-07,GENROU_2,2,GENROU_3,3,1.4711628032104744,2.034059122247285,GENROU_5,8,GENROU_2,2
1394,2,7.7,0.02,0.001,NEXT_STEP,0,0.0360270635702955,0.0169818722166069,1.0299919146663823,-0.0350615279083595,,,,,,,,Line_3,2,3,1.0,1.0299919146663823,-0.0350615279083595,1.010112921160887,-0.0658399703134952,1.7634748498007582,Line_3,2,3,1.0,11.530537483418971,63.38808319198905,51.85754570857007,GENROU_4,6,GENROU_1,1,0.9999995511391372,1.0000006980083245,6.980083242513757e-07,GENROU_2,2,GENROU_3,3,1.471165557406242,2.03406292135304,GENROU_5,8,GENROU_2,2
1396,2,7.705,0.02,0.001,NEXT_STEP,1,0.0360270636074737,0.0169818722495531,1.0299919134722089,-0.0350617055391525,,,,,,,,Line_3,2,3,1.0,1.0299919134722089,-0.0350617055391525,1.0101127078583214,-0.0658400911125111,1.7634715935797942,Line_3,2,3,1.0,11.530526026057531,63.3880681244707,51.85754209841317,GENROU_4,6,GENROU_1,1,0.9999995511391372,1.0000006962349546,6.962349545780455e-07,GENROU_2,2,GENROU_3,3,1.4711662432226,2.0340638608060946,GENROU_5,8,GENROU_2,2
1398,2,7.725,0.02,0.001,NEXT_STEP,0,0.036027063570356,0.0169818722166334,1.0299919088481102,-0.0350624320120916,,,,,,,,Line_3,2,3,1.0,1.0299919088481102,-0.0350624320120916,1.0101118575715178,-0.0658405908372787,1.763458601866546,Line_3,2,3,1.0,11.530478900000263,63.38800652122886,51.8575276212286,GENROU_4,6,GENROU_1,1,0.9999995511391372,1.0000006893261348,6.893261348395185e-07,GENROU_2,2,GENROU_3,3,1.4711689744553718,2.034067578432494,GENROU_5,8,GENROU_2,2
1400,2,7.73,0.02,0.001,NEXT_STEP,1,0.0360270636087104,0.016981872250686,1.0299919077408035,-0.0350626175467087,,,,,,,,Line_3,2,3,1.0,1.0299919077408035,-0.0350626175467087,1.0101116457482455,-0.0658407198145484,1.763455361369239,Line_3,2,3,1.0,11.5304667942762,63.38799079490784,51.85752400063164,GENROU_4,6,GENROU_1,1,0.9999995511391372,1.000000687643862,6.876438618519387e-07,GENROU_2,2,GENROU_3,3,1.4711696545423218,2.034068498037545,GENROU_5,8,GENROU_2,2
1402,2,7.75,0.02,0.001,NEXT_STEP,0,0.0360270635716177,0.0169818722177411,1.0299919034887024,-0.0350633749250578,,,,,,,,Line_3,2,3,1.0,1.0299919034887024,-0.0350633749250578,1.0101108014350877,-0.0658412514318671,1.763442426215022,Line_3,2,3,1.0,11.530417077597392,63.38792663375664,51.85750955615925,GENROU_4,6,GENROU_1,1,0.9999995511391372,1.0000006810864754,6.810864754402957e-07,GENROU_2,2,GENROU_3,3,1.4711723636673515,2.0340721389455747,GENROU_5,8,GENROU_2,2
1404,2,7.755,0.02,0.001,NEXT_STEP,1,0.0360270636112632,0.0169818722529092,1.0299919024544726,-0.035063568021058,,,,,,,,Line_3,2,3,1.0,1.0299919024544726,-0.035063568021058,1.01011059109172,-0.0658413881947852,1.7634391985671698,Line_3,2,3,1.0,11.530404326049576,63.387910287076366,51.85750596102679,GENROU_4,6,GENROU_1,1,0.9999995511391372,1.000000679488596,6.794885960559327e-07,GENROU_2,2,GENROU_3,3,1.471173038151233,2.034073040062616,GENROU_5,8,GENROU_2,2
1406,2,7.775,0.02,0.001,NEXT_STEP,0,0.0360270635716392,0.016981872217773,1.0299918984397525,-0.0350643549732449,,,,,,,,Line_3,2,3,1.0,1.0299918984397525,-0.0350643549732449,1.0101097526644796,-0.0658419502080563,1.7634263105166497,Line_3,2,3,1.0,11.53035204003048,63.38784371926322,51.85749167923274,GENROU_4,6,GENROU_1,1,0.9999995511391372,1.0000006732537212,6.732537212172929e-07,GENROU_2,2,GENROU_3,3,1.4711757249949944,2.034076609674839,GENROU_5,8,GENROU_2,2
1408,2,7.78,0.02,0.001,NEXT_STEP,1,0.0360270636150459,0.0169818722562619,1.0299918974517497,-0.0350645552957387,,,,,,,,Line_3,2,3,1.0,1.0299918974517497,-0.0350645552957387,1.010109543784211,-0.0658420943864132,1.7634230936945698,Line_3,2,3,1.0,11.530338650719704,63.38782678926351,51.8574881385438,GENROU_4,6,GENROU_1,1,0.9999995511391372,1.0000006717325378,6.717325378158279e-07,GENROU_2,2,GENROU_3,3,1.471176393943212,2.0340774936177963,GENROU_5,8,GENROU_2,2
1410,2,7.8,0.02,0.001,NEXT_STEP,0,0.0360270635717126,0.0169818722178171,1.0299918935805783,-0.0350653704881636,,,,,,,,Line_3,2,3,1.0,1.0299918935805783,-0.0350653704881636,1.0101087111816738,-0.0658426853419926,1.763410245869693,Line_3,2,3,1.0,11.530283838276056,63.387757959144125,51.85747412086807,GENROU_4,6,GENROU_1,1,0.9999995511391372,1.0000006657880305,6.657880304850039e-07,GENROU_2,2,GENROU_3,3,1.4711790587702112,2.034080997019794,GENROU_5,8,GENROU_2,2
1412,2,7.805,0.02,0.001,NEXT_STEP,1,0.0360270636163238,0.0169818722573262,1.029991892618724,-0.0350655777061999,,,,,,,,Line_3,2,3,1.0,1.029991892618724,-0.0350655777061999,1.0101085037508406,-0.0658428365796666,1.763407038431211,Line_3,2,3,1.0,11.530269824540266,63.3877404808611,51.85747065632083,GENROU_4,6,GENROU_1,1,0.9999995511391372,1.0000006643352315,6.643352314927853e-07,GENROU_2,2,GENROU_3,3,1.4711797222424898,2.0340818650046977,GENROU_5,8,GENROU_2,2
1414,2,7.825,0.02,0.001,NEXT_STEP,0,0.036027063572997,0.0169818722189834,1.029991888822028,-0.0350664198315857,,,,,,,,Line_3,2,3,1.0,1.029991888822028,-0.0350664198315857,1.0101076769239994,-0.0658434550865345,1.7633942260339095,Line_3,2,3,1.0,11.530212549037248,63.3876695238446,51.85745697480735,GENROU_4,6,GENROU_1,1,0.9999995511391372,1.0000006586469548,6.586469547542606e-07,GENROU_2,2,GENROU_3,3,1.4711823652635214,2.0340853067529663,GENROU_5,8,GENROU_2,2
1416,2,7.83,0.02,0.001,NEXT_STEP,1,0.0360270636175746,0.0169818722584521,1.029991887872427,-0.035066633622624,,,,,,,,Line_3,2,3,1.0,1.029991887872427,-0.035066633622624,1.010107470932227,-0.0658436130441051,1.7633910270118631,Line_3,2,3,1.0,11.530197929139964,63.38765152987275,51.85745360073278,GENROU_4,6,GENROU_1,1,0.9999995511391372,1.0000006572538571,6.572538573390574e-07,GENROU_2,2,GENROU_3,3,1.4711830233060237,2.0340861598314155,GENROU_5,8,GENROU_2,2
1418,2,7.85,0.02,0.001,NEXT_STEP,0,0.0360270635730238,0.0169818722189637,1.0299918841068985,-0.0350675014123697,,,,,,,,Line_3,2,3,1.0,1.0299918841068985,-0.0350675014123697,1.010106649846655,-0.0658442577806595,1.7633782470053916,Line_3,2,3,1.0,11.530138272773472,63.387578570938345,51.85744029816488,GENROU_4,6,GENROU_1,1,0.9999995511391372,1.000000651786855,6.517868549327233e-07,GENROU_2,2,GENROU_3,3,1.4711856446777238,2.034089543741196,GENROU_5,8,GENROU_2,2
1420,2,7.855,0.02,0.001,NEXT_STEP,1,0.0360270636200953,0.01698187226073,1.0299918831615316,-0.035067721465348,,,,,,,,Line_3,2,3,1.0,1.0299918831615316,-0.035067721465348,1.01010644528697,-0.0658444221371926,1.763375055834132,Line_3,2,3,1.0,11.530123069448472,63.3875600911235,51.85743702167503,GENROU_4,6,GENROU_1,1,0.9999995511391372,1.0000006504446988,6.504446987687373e-07,GENROU_2,2,GENROU_3,3,1.4711862973226784,2.0340903827655685,GENROU_5,8,GENROU_2,2
1422,2,7.875,0.02,0.001,NEXT_STEP,0,0.0360270635730642,0.0169818722190507,1.0299918794082918,-0.0350686137002811,,,,,,,,Line_3,2,3,1.0,1.0299918794082918,-0.0350686137002811,1.010105629922856,-0.0658450918574258,1.7633623066809605,Line_3,2,3,1.0,11.530061131237474,63.3874852438294,51.85742411259192,GENROU_4,6,GENROU_1,1,0.9999995511391372,1.0000006451641257,6.451641256788321e-07,GENROU_2,2,GENROU_3,3,1.4711888971499896,2.034093711833464,GENROU_5,8,GENROU_2,2
1424,2,7.88,0.02,0.001,NEXT_STEP,1,0.0360270636226182,0.0169818722629497,1.0299918784653792,-0.035068839717344,,,,,,,,Line_3,2,3,1.0,1.0299918784653792,-0.035068839717344,1.0101054267921106,-0.0658452623112658,1.7633591231427772,Line_3,2,3,1.0,11.530045371143505,63.38746630507743,51.85742093393392,GENROU_4,6,GENROU_1,1,0.9999995511391372,1.000000643864292,6.438642918826787e-07,GENROU_2,2,GENROU_3,3,1.47118954441748,2.0340945374496,GENROU_5,8,GENROU_2,2
1426,2,7.9,0.02,0.001,NEXT_STEP,0,0.0360270635743363,0.0169818722201747,1.029991874728254,-0.0350697552362114,,,,,,,,Line_3,2,3,1.0,1.029991874728254,-0.0350697552362114,1.010104617143641,-0.0658459558491623,1.7633464045700291,Line_3,2,3,1.0,11.529981264596742,63.387389671008535,51.85740840641179,GENROU_4,6,GENROU_1,1,0.9999995511391372,1.0000006387362703,6.387362705417843e-07,GENROU_2,2,GENROU_3,3,1.471192122738999,2.034097813849226,GENROU_5,8,GENROU_2,2
1428,2,7.905,0.02,0.001,NEXT_STEP,1,0.0360270636226445,0.0169818722629426,1.0299918737918874,-0.0350699869344965,,,,,,,,Line_3,2,3,1.0,1.0299918737918874,-0.0350699869344965,1.0101044154423693,-0.0658461321187525,1.7633432287397284,Line_3,2,3,1.0,11.529964977699835,63.38737029719835,51.85740531949851,GENROU_4,6,GENROU_1,1,0.9999995511391372,1.0000006374704755,6.374704757394767e-07,GENROU_2,2,GENROU_3,3,1.4711927646401346,2.034098626499305,GENROU_5,8,GENROU_2,2
1430,2,7.925,0.02,0.001,NEXT_STEP,0,0.0360270635743464,0.0169818722201557,1.029991870096118,-0.0350709246388447,,,,,,,,Line_3,2,3,1.0,1.029991870096118,-0.0350709246388447,1.0101036115171704,-0.0658468483897425,1.7633305415428708,Line_3,2,3,1.0,11.529898828230744,63.3872919658107,51.85739313757996,GENROU_4,6,GENROU_1,1,0.9999995511391372,1.0000006324628206,6.324628205600646e-07,GENROU_2,2,GENROU_3,3,1.47119532149222,2.034101851603596,GENROU_5,8,GENROU_2,2
1432,2,7.93,0.02,0.001,NEXT_STEP,1,0.0360270636251559,0.0169818722652012,1.0299918691747554,-0.0350711617520746,,,,,,,,Line_3,2,3,1.0,1.0299918691747554,-0.0350711617520746,1.010103411248612,-0.0658470302142862,1.763327373734512,Line_3,2,3,1.0,11.52988204713341,63.38727217780062,51.857390130667206,GENROU_4,6,GENROU_1,1,0.9999995511391372,1.000000631223284,6.312232840866017e-07,GENROU_2,2,GENROU_3,3,1.4711959580122516,2.0341026515341216,GENROU_5,8,GENROU_2,2
1434,2,7.95,0.02,0.001,NEXT_STEP,0,0.036027063575668,0.0169818722213314,1.0299918655644298,-0.0350721206114934,,,,,,,,Line_3,2,3,1.0,1.0299918655644298,-0.0350721206114934,1.0101026130662394,-0.0658477682166287,1.7633147195561492,Line_3,2,3,1.0,11.529813989304142,63.38719222659928,51.85737823729514,GENROU_4,6,GENROU_1,1,0.9999995511391372,1.0000006263060948,6.263060947642174e-07,GENROU_2,2,GENROU_3,3,1.4711984933169342,2.034105825955688,GENROU_5,8,GENROU_2,2
1436,2,7.955,0.02,0.001,NEXT_STEP,1,0.0360270636251601,0.0169818722651892,1.029991864671246,-0.0350723628910219,,,,,,,,Line_3,2,3,1.0,1.029991864671246,-0.0350723628910219,1.0101024142366353,-0.0658479553561822,1.7633115602683065,Line_3,2,3,1.0,11.529796748542086,63.38717204230772,51.85737529376563,GENROU_4,6,GENROU_1,1,0.9999995511391372,1.00000062508567,6.250856701139895e-07,GENROU_2,2,GENROU_3,3,1.4711991244406804,2.0341066132290457,GENROU_5,8,GENROU_2,2
1438,2,7.975,0.02,0.001,NEXT_STEP,0,0.036027063575669,0.0169818722212991,1.0299918612049015,-0.0350733419466364,,,,,,,,Line_3,2,3,1.0,1.0299918612049015,-0.0350733419466364,1.010101621825529,-0.0658487141713341,1.763298941419322,Line_3,2,3,1.0,11.52972692321232,63.38709053732598,51.85736361411366,GENROU_4,6,GENROU_1,1,0.9999995511391372,1.0000006202317897,6.202317897052723e-07,GENROU_2,2,GENROU_3,3,1.471201638108136,2.034109736880497,GENROU_5,8,GENROU_2,2
1440,2,7.98,0.02,0.001,NEXT_STEP,1,0.0360270636276672,0.0169818722674398,1.0299918603560048,-0.0350735891617838,,,,,,,,Line_3,2,3,1.0,1.0299918603560048,-0.0350735891617838,1.010101424442887,-0.0658489064064808,1.7632957912973095,Line_3,2,3,1.0,11.529709258535943,63.38706997188751,51.85736071335156,GENROU_4,6,GENROU_1,1,0.9999995511391372,1.000000619024063,6.19024062675777e-07,GENROU_2,2,GENROU_3,3,1.471202263807291,2.0341105113957063,GENROU_5,8,GENROU_2,2
1442,2,8.0,0.02,0.001,NEXT_STEP,0,0.0360270635769747,0.0169818722224564,1.029991857105066,-0.0350745875262424,,,,,,,,Line_3,2,3,1.0,1.029991857105066,-0.0350745875262424,1.0101006378394155,-0.0658496851961365,1.7632832105878151,Line_3,2,3,1.0,11.52963780999398,63.38698696841162,51.85734915841764,GENROU_4,6,GENROU_1,1,0.9999995511391372,1.0000006142094202,6.142094202132853e-07,GENROU_2,2,GENROU_3,3,1.471204755702765,2.0341135835833115,GENROU_5,8,GENROU_2,2
1444,2,8.005,0.02,0.001,NEXT_STEP,1,0.0360270636289261,0.0169818722685609,1.02999185713769,-0.0350748400966164,,,,,,,,Line_3,2,3,1.0,1.02999185713769,-0.0350748400966164,1.0101004431878704,-0.065849883375895,1.763280094235114,Line_3,2,3,1.0,11.52961975765624,63.38696603438007,51.857346276723824,GENROU_4,6,GENROU_1,1,0.9999995511391372,1.0000006130087806,6.130087806255347e-07,GENROU_2,2,GENROU_3,3,1.4712053769477558,2.0341143450986943,GENROU_5,8,GENROU_2,2
1446,2,8.025,0.02,0.001,NEXT_STEP,0,0.0360270635757231,0.0169818722213685,1.0299918541757405,-0.035075856973997,,,,,,,,Line_3,2,3,1.0,1.0299918541757405,-0.035075856973997,1.0100996624267455,-0.0658506813965306,1.7632675546672942,Line_3,2,3,1.0,11.52954682943436,63.38688157637253,51.85733474693817,GENROU_4,6,GENROU_1,1,0.9999995511391372,1.0000006082128146,6.082128145568078e-07,GENROU_2,2,GENROU_3,3,1.4712078470731598,2.034117364396427,GENROU_5,8,GENROU_2,2
1448,2,8.03,0.02,0.001,NEXT_STEP,1,0.0360270636315054,0.016981872270782,1.0299918534708092,-0.0350761134622372,,,,,,,,Line_3,2,3,1.0,1.0299918534708092,-0.0350761134622372,1.0100994679637223,-0.0658508832630963,1.7632644250758744,Line_3,2,3,1.0,11.5295284241939,63.38686028253407,51.85733185834017,GENROU_4,6,GENROU_1,1,0.9999995511391372,1.000000607014695,6.070146949532784e-07,GENROU_2,2,GENROU_3,3,1.471208461776523,2.034118112453548,GENROU_5,8,GENROU_2,2
1450,2,8.05,0.02,0.001,NEXT_STEP,0,0.0360270635757423,0.0169818722214142,1.0299918508892585,-0.0350771480871077,,,,,,,,Line_3,2,3,1.0,1.0299918508892585,-0.0350771480871077,1.010098693100389,-0.0658516998117639,1.763251930229842,Line_3,2,3,1.0,11.529454160821205,63.38677440806366,51.857320247242455,GENROU_4,6,GENROU_1,1,0.9999995511391372,1.0000006022197985,6.022197982513688e-07,GENROU_2,2,GENROU_3,3,1.4712109098142052,2.034121077274172,GENROU_5,8,GENROU_2,2
1452,2,8.055,0.02,0.001,NEXT_STEP,1,0.0360270636327369,0.0169818722719018,1.0299918502903644,-0.0350774089253899,,,,,,,,Line_3,2,3,1.0,1.0299918502903644,-0.0350774089253899,1.0100985001169993,-0.0658519062306629,1.7632488122288803,Line_3,2,3,1.0,11.529435439392998,63.38675276401379,51.8573173246208,GENROU_4,6,GENROU_1,1,0.9999995511391372,1.000000601020067,6.01020067048097e-07,GENROU_2,2,GENROU_3,3,1.4712115189571318,2.034121811532384,GENROU_5,8,GENROU_2,2
1454,2,8.075,0.02,0.001,NEXT_STEP,0,0.0360270635757849,0.0169818722214225,1.0299918481770198,-0.0350784606268037,,,,,,,,Line_3,2,3,1.0,1.0299918481770198,-0.0350784606268037,1.0100977311934576,-0.0658527406939358,1.763236365400246,Line_3,2,3,1.0,11.52935997910917,63.386665502005656,51.85730552289648,GENROU_4,6,GENROU_1,1,0.9999995511391372,1.0000005962123175,5.962123175162759e-07,GENROU_2,2,GENROU_3,3,1.4712139446708603,2.03412472030236,GENROU_5,8,GENROU_2,2
1456,2,8.08,0.02,0.001,NEXT_STEP,1,0.036027063634024,0.0169818722729968,1.0299918477187977,-0.0350787255867471,,,,,,,,Line_3,2,3,1.0,1.0299918477187977,-0.0350787255867471,1.0100975397103784,-0.0658529514539752,1.7632332599744984,Line_3,2,3,1.0,11.529341003129453,63.38664351411152,51.85730251098207,GENROU_4,6,GENROU_1,1,0.9999995511391372,1.000000595007946,5.950079460248503e-07,GENROU_2,2,GENROU_3,3,1.4712145482058778,2.034125440271602,GENROU_5,8,GENROU_2,2
1458,2,8.1,0.02,0.001,NEXT_STEP,0,0.0360270635770522,0.0169818722225453,1.029991846456927,-0.0350797921442927,,,,,,,,Line_3,2,3,1.0,1.029991846456927,-0.0350797921442927,1.0100967770038056,-0.0658538017297604,1.7632208679424366,Line_3,2,3,1.0,11.52926510024285,63.38655488766484,51.85728978742199,GENROU_4,6,GENROU_1,1,0.9999995511391372,1.0000005901801878,5.901801878316348e-07,GENROU_2,2,GENROU_3,3,1.4712169513974362,2.0341282886109835,GENROU_5,8,GENROU_2,2
1460,2,8.105,0.02,0.001,NEXT_STEP,1,0.036027063634013,0.0169818722730387,1.0299918462720377,-0.0350800604754159,,,,,,,,Line_3,2,3,1.0,1.0299918462720377,-0.0350800604754159,1.010096587119929,-0.0658540161159651,1.7632177771262718,Line_3,2,3,1.0,11.529246124726452,63.38653256156235,51.85728643683589,GENROU_4,6,GENROU_1,1,0.9999995511391372,1.0000005889713242,5.88971324155807e-07,GENROU_2,2,GENROU_3,3,1.4712175491868162,2.0341289920585868,GENROU_5,8,GENROU_2,2
1462,2,8.125,0.02,0.001,NEXT_STEP,0,0.0360270635770543,0.0169818722225755,1.029991846143726,-0.0350811402576929,,,,,,,,Line_3,2,3,1.0,1.029991846143726,-0.0350811402576929,1.010095830833932,-0.0658548806480381,1.7632054441980642,Line_3,2,3,1.0,11.529170223206153,63.38644259553972,51.85727237233357,GENROU_4,6,GENROU_1,1,0.9999995511391372,1.0000005841288848,5.841288848174031e-07,GENROU_2,2,GENROU_3,3,1.471219928772143,2.034131765914518,GENROU_5,8,GENROU_2,2
1464,2,8.13,0.02,0.001,NEXT_STEP,1,0.0360270636352589,0.0169818722741414,1.0299918462506004,-0.0350814118374025,,,,,,,,Line_3,2,3,1.0,1.0299918462506004,-0.0350814118374025,1.0100956425600125,-0.0658550985426916,1.7632023682709246,Line_3,2,3,1.0,11.529151247925109,63.38641993813355,51.85726869020844,GENROU_4,6,GENROU_1,1,0.9999995511391372,1.000000582917063,5.829170630633485e-07,GENROU_2,2,GENROU_3,3,1.4712205205214128,2.0341324490071986,GENROU_5,8,GENROU_2,2
1466,2,8.15,0.02,0.001,NEXT_STEP,0,0.0360270635783216,0.016981872223654,1.0299918473097545,-0.0350825044175357,,,,,,,,Line_3,2,3,1.0,1.0299918473097545,-0.0350825044175357,1.0100948927225164,-0.0658559769179373,1.7631900952349042,Line_3,2,3,1.0,11.529075346997883,63.38632866191405,51.85725331491616,GENROU_4,6,GENROU_1,1,0.9999995511391372,1.0000005780652297,5.780652294617994e-07,GENROU_2,2,GENROU_3,3,1.4712228756673262,2.0341351441315925,GENROU_5,8,GENROU_2,2
1468,2,8.155,0.02,0.001,NEXT_STEP,1,0.0360270636352649,0.0169818722741415,1.0299918477163168,-0.0350827791499644,,,,,,,,Line_3,2,3,1.0,1.0299918477163168,-0.0350827791499644,1.010094706060941,-0.0658561982281551,1.7631870343676894,Line_3,2,3,1.0,11.529056371785597,63.38630568082755,51.85724930904195,GENROU_4,6,GENROU_1,1,0.9999995511391372,1.0000005768516425,5.768516424531356e-07,GENROU_2,2,GENROU_3,3,1.4712234612421131,2.034135809683297,GENROU_5,8,GENROU_2,2
1470,2,8.175,0.02,0.001,NEXT_STEP,0,0.0360270635783332,0.016981872223692,1.0299918499784393,-0.0350838841438257,,,,,,,,Line_3,2,3,1.0,1.0299918499784393,-0.0350838841438257,1.010093962665546,-0.0658570900722266,1.7631748217843324,Line_3,2,3,1.0,11.528980470858006,63.38621312531541,51.857232654457405,GENROU_4,6,GENROU_1,1,0.9999995511391372,1.0000005719949934,5.719949933702395e-07,GENROU_2,2,GENROU_3,3,1.4712257915889857,2.034138445073689,GENROU_5,8,GENROU_2,2
1472,2,8.18,0.02,0.001,NEXT_STEP,1,0.0360270636365212,0.0169818722752173,1.0299918506924757,-0.0350841618293292,,,,,,,,Line_3,2,3,1.0,1.0299918506924757,-0.0350841618293292,1.0100937776165937,-0.0658573145984696,1.7631717759830678,Line_3,2,3,1.0,11.52896149558271,63.38618982830568,51.85722833272297,GENROU_4,6,GENROU_1,1,0.9999995511391372,1.0000005707808686,5.707808685695426e-07,GENROU_2,2,GENROU_3,3,1.471226370910463,2.0341390977015648,GENROU_5,8,GENROU_2,2
1474,2,8.2,0.02,0.001,NEXT_STEP,0,0.036027063578328,0.0169818722237206,1.029991854230983,-0.0350852775359985,,,,,,,,Line_3,2,3,1.0,1.029991854230983,-0.0350852775359985,1.0100930406891624,-0.0658582182052796,1.7631596235563052,Line_3,2,3,1.0,11.528885594225924,63.38609602511376,51.85721043088783,GENROU_4,6,GENROU_1,1,0.9999995511391372,1.0000005659276732,5.659276731684315e-07,GENROU_2,2,GENROU_3,3,1.4712286764057274,2.0341416709400586,GENROU_5,8,GENROU_2,2
1476,2,8.205,0.02,0.001,NEXT_STEP,1,0.0360270636377954,0.0169818722763585,1.0299918552680305,-0.0350855577095166,,,,,,,,Line_3,2,3,1.0,1.0299918552680305,-0.0350855577095166,1.0100928572557963,-0.0658584454840713,1.763156592911713,Line_3,2,3,1.0,11.528866618808369,63.386072420528095,51.85720580171973,GENROU_4,6,GENROU_1,1,0.9999995511391372,1.0000005647162866,5.647162866218025e-07,GENROU_2,2,GENROU_3,3,1.4712292496215322,2.034142302333016,GENROU_5,8,GENROU_2,2
1478,2,8.225,0.02,0.001,NEXT_STEP,0,0.0360270635784035,0.0169818722236778,1.0299918600852391,-0.0350866831001385,,,,,,,,Line_3,2,3,1.0,1.0299918600852391,-0.0350866831001385,1.0100921267669936,-0.065859359839952,1.7631445015117038,Line_3,2,3,1.0,11.528790716754038,63.385977406232,51.85718668947796,GENROU_4,6,GENROU_1,1,0.9999995511391372,1.0000005598814234,5.598814234453187e-07,GENROU_2,2,GENROU_3,3,1.4712315310755817,2.034144778671061,GENROU_5,8,GENROU_2,2
1480,2,8.23,0.02,0.001,NEXT_STEP,1,0.0360270636390626,0.0169818722774861,1.029991861437637,-0.0350869656379317,,,,,,,,Line_3,2,3,1.0,1.029991861437637,-0.0350869656379317,1.0100919449371015,-0.065859589749462,1.7631414861332075,Line_3,2,3,1.0,11.528771741129448,63.3859535040029,51.85718176287345,GENROU_4,6,GENROU_1,1,0.9999995511391372,1.0000005586763547,5.586763547338336e-07,GENROU_2,2,GENROU_3,3,1.4712320983062277,2.0341453858468017,GENROU_5,8,GENROU_2,2
1482,2,8.25,0.02,0.001,NEXT_STEP,0,0.0360270635784026,0.0169818722237264,1.029991867495081,-0.0350881003016874,,,,,,,,Line_3,2,3,1.0,1.029991867495081,-0.0350881003016874,1.0100912208352526,-0.0658605144391945,1.7631294555078512,Line_3,2,3,1.0,11.528695838116128,63.38585732061647,51.85716148250034,GENROU_4,6,GENROU_1,1,0.9999995511391372,1.0000005538729295,5.53872929742738e-07,GENROU_2,2,GENROU_3,3,1.4712343558140464,2.034147770210865,GENROU_5,8,GENROU_2,2
1484,2,8.255,0.02,0.001,NEXT_STEP,1,0.0360270636390647,0.016981872277497,1.0299918691509775,-0.0350883851155559,,,,,,,,Line_3,2,3,1.0,1.0299918691509775,-0.0350883851155559,1.0100910405944996,-0.065860746888106,1.7631264552168489,Line_3,2,3,1.0,11.528676862217878,63.38583313168765,51.85715626946977,GENROU_4,6,GENROU_1,1,0.9999995511391372,1.0000005526771705,5.526771704733591e-07,GENROU_2,2,GENROU_3,3,1.4712349170305457,2.034148355494057,GENROU_5,8,GENROU_2,2
1486,2,8.275,0.02,0.001,NEXT_STEP,0,0.0360270635783813,0.0169818722237248,1.0299918763890037,-0.035089528148688,,,,,,,,Line_3,2,3,1.0,1.0299918763890037,-0.035089528148688,1.0100903227751363,-0.0658616812254849,1.7631144978309692,Line_3,2,3,1.0,11.528600888403878,63.3857358240737,51.85713493566982,GENROU_4,6,GENROU_1,1,0.9999995524003116,1.000000547916506,5.479165059441016e-07,GENROU_2,2,GENROU_3,3,1.4712371504197583,2.034150654946781,GENROU_5,8,GENROU_2,2
1488,2,8.28,0.02,0.001,NEXT_STEP,1,0.0360270636403269,0.0169818722785973,1.0299918782956348,-0.035089814524458,,,,,,,,Line_3,2,3,1.0,1.0299918782956348,-0.035089814524458,1.0100901440318155,-0.0658619157684442,1.7631115280296683,Line_3,2,3,1.0,11.52858179629416,63.38571137719455,51.85712958090039,GENROU_4,6,GENROU_1,1,0.9999995529590684,1.0000005467332398,5.467332397923741e-07,GENROU_2,2,GENROU_3,3,1.4712377055594086,2.0341512194516795,GENROU_5,8,GENROU_2,2
1490,2,8.3,0.02,0.001,NEXT_STEP,0,0.0360270635784158,0.0169818722237547,1.0299918858888406,-0.0350909601235107,,,,,,,,Line_3,2,3,1.0,1.0299918858888406,-0.0350909601235107,1.0100894314710398,-0.0658628559999257,1.763099761334615,Line_3,2,3,1.0,11.528504874471125,63.38561358996799,51.857108715496864,GENROU_4,6,GENROU_1,1,0.9999995553732912,1.0000005420361235,5.420361235408677e-07,GENROU_2,2,GENROU_3,3,1.4712399147058377,2.0341534375434533,GENROU_5,8,GENROU_2,2
1492,2,8.305,0.02,0.001,NEXT_STEP,1,0.0360270636403253,0.016981872278604,1.0299918877432457,-0.035091246632872,,,,,,,,Line_3,2,3,1.0,1.0299918877432457,-0.035091246632872,1.0100892539015158,-0.0658630916179181,1.7630968454739389,Line_3,2,3,1.0,11.528485503395952,63.385589143167415,51.857103639771466,GENROU_4,6,GENROU_1,1,0.9999995560201912,1.0000005408730832,5.408730832101583e-07,GENROU_2,2,GENROU_3,3,1.471240463911824,2.0341539825968398,GENROU_5,8,GENROU_2,2
1494,2,8.325,0.02,0.001,NEXT_STEP,0,0.0360270635784282,0.0169818722237931,1.0299918949640152,-0.0350923937929449,,,,,,,,Line_3,2,3,1.0,1.0299918949640152,-0.0350923937929449,1.0100885459072646,-0.0658640368312529,1.7630852747781771,Line_3,2,3,1.0,11.528407466592022,63.38549132859538,51.85708386200336,GENROU_4,6,GENROU_1,1,0.9999995587645548,1.0000005362712627,5.36271262729926e-07,GENROU_2,2,GENROU_3,3,1.4712426483718124,2.034156130834791,GENROU_5,8,GENROU_2,2
1496,2,8.33,0.02,0.001,NEXT_STEP,1,0.0360270636403192,0.016981872278579,1.029991896744318,-0.0350926812101077,,,,,,,,Line_3,2,3,1.0,1.029991896744318,-0.0350926812101077,1.0100883695075356,-0.0658642740502069,1.7630823986326618,Line_3,2,3,1.0,11.528387819019004,63.38546679899211,51.85707897997311,GENROU_4,6,GENROU_1,1,0.9999995594872948,1.00000053513437,5.351343699278033e-07,GENROU_2,2,GENROU_3,3,1.4712431915338746,2.034156660994286,GENROU_5,8,GENROU_2,2
1498,2,8.35,0.02,0.001,NEXT_STEP,0,0.0360270635796806,0.0169818722248811,1.0299919041265084,-0.0350938335760566,,,,,,,,Line_3,2,3,1.0,1.0299919041265084,-0.0350938335760566,1.010087666646129,-0.0658652265146721,1.763070945121342,Line_3,2,3,1.0,11.52830896745872,63.38536813302036,51.85705916556164,GENROU_4,6,GENROU_1,1,0.9999995625007682,1.0000005306385111,5.306385111314427e-07,GENROU_2,2,GENROU_3,3,1.4712453568123292,2.0341587596426565,GENROU_5,8,GENROU_2,2
1500,2,8.355,0.02,0.001,NEXT_STEP,1,0.0360270636403108,0.0169818722786234,1.029991906048695,-0.0350941221754141,,,,,,,,Line_3,2,3,1.0,1.029991906048695,-0.0350941221754141,1.010087491621307,-0.0658654653730926,1.7630680951755835,Line_3,2,3,1.0,11.528289250579142,63.38534332739749,51.85705407681835,GENROU_4,6,GENROU_1,1,0.9999995632820964,1.000000529528255,5.295282550221714e-07,GENROU_2,2,GENROU_3,3,1.4712458951182832,2.034159279200607,GENROU_5,8,GENROU_2,2
1502,2,8.375,0.02,0.001,NEXT_STEP,0,0.0360270635784246,0.0169818722237676,1.0299919141589766,-0.0350952781696536,,,,,,,,Line_3,2,3,1.0,1.0299919141589766,-0.0350952781696536,1.0100867943822436,-0.0658664233900997,1.7630567519157123,Line_3,2,3,1.0,11.52821038315468,63.38524355811989,51.85703317496521,GENROU_4,6,GENROU_1,1,0.9999995665017202,1.000000525143243,5.251432426689462e-07,GENROU_2,2,GENROU_3,3,1.471248036661436,2.034161336052663,GENROU_5,8,GENROU_2,2
1504,2,8.38,0.02,0.001,NEXT_STEP,1,0.0360270636403145,0.0169818722786299,1.0299919162655602,-0.03509556746654,,,,,,,,Line_3,2,3,1.0,1.0299919162655602,-0.03509556746654,1.010086620760448,-0.0658666634627772,1.7630539315763087,Line_3,2,3,1.0,11.528190666299468,63.38521849617978,51.85702782988032,GENROU_4,6,GENROU_1,1,0.9999995673278754,1.000000524061919,5.240619189716966e-07,GENROU_2,2,GENROU_3,3,1.4712485688233103,2.03416184440287,GENROU_5,8,GENROU_2,2
1506,2,8.4,0.02,0.001,NEXT_STEP,0,0.0360270635796801,0.0169818722248436,1.0299919247329037,-0.0350967231948248,,,,,,,,Line_3,2,3,1.0,1.0299919247329037,-0.0350967231948248,1.0100859287300912,-0.0658676239685353,1.7630427461494378,Line_3,2,3,1.0,11.5281117988265,63.38511824864897,51.85700644982247,GENROU_4,6,GENROU_1,1,0.9999995707071828,1.0000005198014166,5.198014165763709e-07,GENROU_2,2,GENROU_3,3,1.471250686054234,2.034163851338905,GENROU_5,8,GENROU_2,2
1508,2,8.405,0.02,0.001,NEXT_STEP,1,0.0360270636403463,0.0169818722786651,1.0299919268498583,-0.0350970116196974,,,,,,,,Line_3,2,3,1.0,1.0299919268498583,-0.0350970116196974,1.0100857563237882,-0.0658678639740594,1.7630399719251386,Line_3,2,3,1.0,11.52809208194656,63.385093186776665,51.8570011048301,GENROU_4,6,GENROU_1,1,0.999999571570053,1.00000051875473,5.187547300611328e-07,GENROU_2,2,GENROU_3,3,1.471251212148417,2.0341643462266044,GENROU_5,8,GENROU_2,2
1510,2,8.425,0.02,0.001,NEXT_STEP,0,0.0360270635796748,0.0169818722248755,1.0299919353813718,-0.0350981628202896,,,,,,,,Line_3,2,3,1.0,1.0299919353813718,-0.0350981628202896,1.0100850691616032,-0.0658688229258897,1.763028956882465,Line_3,2,3,1.0,11.528013214423904,63.384992939175376,51.85697972475147,GENROU_4,6,GENROU_1,1,0.9999995750873752,1.0000005146502224,5.146502224384619e-07,GENROU_2,2,GENROU_3,3,1.4712533057873478,2.034166299413299,GENROU_5,8,GENROU_2,2
1512,2,8.43,0.02,0.001,NEXT_STEP,1,0.0360270636403119,0.0169818722786104,1.0299919375072444,-0.0350984499734761,,,,,,,,Line_3,2,3,1.0,1.0299919375072444,-0.0350984499734761,1.010084897966167,-0.0658690623547907,1.763026222482324,Line_3,2,3,1.0,11.52799349754826,63.384967877226046,51.85697437967779,GENROU_4,6,GENROU_1,1,0.9999995759822146,1.0000005136466792,5.136466791899608e-07,GENROU_2,2,GENROU_3,3,1.4712538261934658,2.034166781435917,GENROU_5,8,GENROU_2,2
1514,2,8.45,0.02,0.001,NEXT_STEP,0,0.0360270635784152,0.0169818722237303,1.0299919464074585,-0.0350995977300759,,,,,,,,Line_3,2,3,1.0,1.0299919464074585,-0.0350995977300759,1.0100842159915242,-0.0658700199122005,1.7630153248714748,Line_3,2,3,1.0,11.527914630081325,63.384867199311046,51.85695256922972,GENROU_4,6,GENROU_1,1,0.9999995796118454,1.000000509725603,5.097256030595076e-07,GENROU_2,2,GENROU_3,3,1.471255897707784,2.0341686864680475,GENROU_5,8,GENROU_2,2
1516,2,8.455,0.02,0.001,NEXT_STEP,1,0.0360270636403265,0.0169818722786109,1.0299919486971492,-0.0350998843302661,,,,,,,,Line_3,2,3,1.0,1.0299919486971492,-0.0350998843302661,1.0100840461683742,-0.0658702591741265,1.7630126125887102,Line_3,2,3,1.0,11.527894913219535,63.384841942391326,51.85694702917179,GENROU_4,6,GENROU_1,1,0.9999995805293446,1.0000005087691914,5.087691914429371e-07,GENROU_2,2,GENROU_3,3,1.4712564126458154,2.0341691570573315,GENROU_5,8,GENROU_2,2
1518,2,8.475,0.02,0.001,NEXT_STEP,0,0.0360270635784014,0.0169818722237367,1.029991957937318,-0.0351010275163122,,,,,,,,Line_3,2,3,1.0,1.029991957937318,-0.0351010275163122,1.010083369369257,-0.0658712142912794,1.763001837034892,Line_3,2,3,1.0,11.527816045828793,63.384740914845366,51.856924869016574,GENROU_4,6,GENROU_1,1,0.9999995842318874,1.0000005050414125,5.050414124685432e-07,GENROU_2,2,GENROU_3,3,1.471258462144608,2.0341710157153057,GENROU_5,8,GENROU_2,2
1520,2,8.48,0.02,0.001,NEXT_STEP,1,0.0360270636403211,0.0169818722786207,1.0299919602514358,-0.0351013125011655,,,,,,,,Line_3,2,3,1.0,1.0299919602514358,-0.0351013125011655,1.0100832007775713,-0.0658714525551484,1.7629991601196764,Line_3,2,3,1.0,11.527796329002385,63.38471565796671,51.85691932896432,GENROU_4,6,GENROU_1,1,0.9999995851648048,1.0000005041354278,5.041354278478849e-07,GENROU_2,2,GENROU_3,3,1.4712589715463993,2.0341714743051984,GENROU_5,8,GENROU_2,2
1522,2,8.5,0.02,0.001,NEXT_STEP,0,0.0360270635784152,0.0169818722237544,1.0299919695996809,-0.0351024490310275,,,,,,,,Line_3,2,3,1.0,1.0299919695996809,-0.0351024490310275,1.010082528917712,-0.0658724032910338,1.7629885149089546,Line_3,2,3,1.0,11.527717461828384,63.38461463039884,51.856897168570455,GENROU_4,6,GENROU_1,1,0.9999995889189092,1.000000500617075,5.006170746835181e-07,GENROU_2,2,GENROU_3,3,1.4712609990063668,2.034173284842613,GENROU_5,8,GENROU_2,2
1524,2,8.505,0.02,0.001,NEXT_STEP,1,0.0360270636390574,0.0169818722774774,1.0299919719394748,-0.0351027323034868,,,,,,,,Line_3,2,3,1.0,1.0299919719394748,-0.0351027323034868,1.0100823615621164,-0.0658726403687067,1.762985868142664,Line_3,2,3,1.0,11.52769774507593,63.38458937348087,51.85689162840494,GENROU_4,6,GENROU_1,1,0.9999995898619513,1.000000499764931,4.997649309945729e-07,GENROU_2,2,GENROU_3,3,1.471261502919959,2.034173731696088,GENROU_5,8,GENROU_2,2
1526,2,8.525,0.02,0.001,NEXT_STEP,0,0.0360270635784002,0.016981872223725,1.0299919814902925,-0.035103862405752,,,,,,,,Line_3,2,3,1.0,1.0299919814902925,-0.035103862405752,1.0100816947590263,-0.0658735864548921,1.7629753247979068,Line_3,2,3,1.0,11.527618878277346,63.38448821482731,51.85686933654996,GENROU_4,6,GENROU_1,1,0.9999995936445158,1.0000004964650488,4.964650488492595e-07,GENROU_2,2,GENROU_3,3,1.4712635085810006,2.034175497264792,GENROU_5,8,GENROU_2,2
1528,2,8.53,0.02,0.001,NEXT_STEP,1,0.0360270636390532,0.0169818722774894,1.0299919839609464,-0.0351041444695455,,,,,,,,Line_3,2,3,1.0,1.0299919839609464,-0.0351041444695455,1.0100815287514484,-0.0658738226101132,1.7629726944304878,Line_3,2,3,1.0,11.527599161632386,63.38446282811383,51.856863666481445,GENROU_4,6,GENROU_1,1,0.9999995945907084,1.000000495667294,4.956672940981122e-07,GENROU_2,2,GENROU_3,3,1.4712640070729992,2.0341759333281653,GENROU_5,8,GENROU_2,2
1530,2,8.55,0.02,0.001,NEXT_STEP,0,0.0360270635784302,0.0169818722237638,1.0299919939509126,-0.035105268886283,,,,,,,,Line_3,2,3,1.0,1.0299919939509126,-0.035105268886283,1.0100808672667327,-0.0658747643322032,1.762962226798237,Line_3,2,3,1.0,11.52752029530222,63.384361281444086,51.85684098614187,GENROU_4,6,GENROU_1,1,0.9999995983690168,1.0000004925803918,4.925803918087723e-07,GENROU_2,2,GENROU_3,3,1.471265990946978,2.034177655694953,GENROU_5,8,GENROU_2,2
1532,2,8.555,0.02,0.001,NEXT_STEP,1,0.0360270636390931,0.0169818722775139,1.0299919964610924,-0.0351055490289815,,,,,,,,Line_3,2,3,1.0,1.0299919964610924,-0.0351055490289815,1.0100807025187293,-0.0658749990132528,1.762959622037613,Line_3,2,3,1.0,11.527500578792331,63.38433589480439,51.85683531601205,GENROU_4,6,GENROU_1,1,0.9999995993112446,1.0000004918352936,4.918352936034154e-07,GENROU_2,2,GENROU_3,3,1.47126648394266,2.034178080610542,GENROU_5,8,GENROU_2,2
1534,2,8.575,0.02,0.001,NEXT_STEP,0,0.0360270635783924,0.0169818722237475,1.0299920066344952,-0.0351066656516532,,,,,,,,Line_3,2,3,1.0,1.0299920066344952,-0.0351066656516532,1.0100800460977486,-0.0658759345597606,1.762949247137669,Line_3,2,3,1.0,11.527421713100424,63.38423434830198,51.85681263520156,GENROU_4,6,GENROU_1,1,0.9999996030661612,1.0000004889579488,4.889579487965534e-07,GENROU_2,2,GENROU_3,3,1.4712684458709542,2.0341797573591727,GENROU_5,8,GENROU_2,2
1536,2,8.58,0.02,0.001,NEXT_STEP,1,0.0360270636377803,0.0169818722763464,1.0299920091922583,-0.0351069438198054,,,,,,,,Line_3,2,3,1.0,1.0299920091922583,-0.0351069438198054,1.0100798826193276,-0.0658761676340359,1.7629466634488438,Line_3,2,3,1.0,11.527401996773936,63.38420896168238,51.85680696490844,GENROU_4,6,GENROU_1,1,0.9999996040004973,1.000000488264606,4.8826460607998e-07,GENROU_2,2,GENROU_3,3,1.4712689333875202,2.0341801708829905,GENROU_5,8,GENROU_2,2
1538,2,8.6,0.02,0.001,NEXT_STEP,0,0.0360270635783664,0.0169818722236927,1.029992019553153,-0.0351080524510846,,,,,,,,Line_3,2,3,1.0,1.029992019553153,-0.0351080524510846,1.010079231284642,-0.065877096538636,1.7629363658686543,Line_3,2,3,1.0,11.527323131906556,63.3841074152145,51.856784283307945,GENROU_4,6,GENROU_1,1,0.9999996077156506,1.0000004855899387,4.855899387035123e-07,GENROU_2,2,GENROU_3,3,1.471270873480283,2.03418180308665,GENROU_5,8,GENROU_2,2
1540,2,8.605,0.02,0.001,NEXT_STEP,1,0.0360270636365373,0.0169818722752688,1.0299920221575576,-0.0351083285989489,,,,,,,,Line_3,2,3,1.0,1.0299920221575576,-0.0351083285989489,1.0100790690801915,-0.0658773279022097,1.7629337999178176,Line_3,2,3,1.0,11.52730341580892,63.38408202859629,51.856778612787366,GENROU_4,6,GENROU_1,1,0.999999608638027,1.0000004849458624,4.849458623557013e-07,GENROU_2,2,GENROU_3,3,1.4712713555478618,2.0341822057706844,GENROU_5,8,GENROU_2,2
1542,2,8.625,0.02,0.001,NEXT_STEP,0,0.0360270635783463,0.0169818722237159,1.0299920327064802,-0.0351094290721839,,,,,,,,Line_3,2,3,1.0,1.0299920327064802,-0.0351094290721839,1.010078422851714,-0.0658782497902565,1.7629235677402448,Line_3,2,3,1.0,11.5272245519457,63.38398048212213,51.85675593017643,GENROU_4,6,GENROU_1,1,0.9999996122978732,1.0000004824613042,4.824613042408998e-07,GENROU_2,2,GENROU_3,3,1.471273273913721,2.03418379564005,GENROU_5,8,GENROU_2,2
1544,2,8.63,0.02,0.001,NEXT_STEP,1,0.0360270636365327,0.0169818722752506,1.0299920353591137,-0.0351097031629625,,,,,,,,Line_3,2,3,1.0,1.0299920353591137,-0.0351097031629625,1.0100782619269744,-0.0658784793594594,1.762921016841858,Line_3,2,3,1.0,11.527204836121472,63.383955095499616,51.85675025937815,GENROU_4,6,GENROU_1,1,0.9999996132046366,1.000000481862788,4.818627878933057e-07,GENROU_2,2,GENROU_3,3,1.4712737505554303,2.034184187950548,GENROU_5,8,GENROU_2,2
1546,2,8.65,0.02,0.001,NEXT_STEP,0,0.0360270635783756,0.0169818722237161,1.029992046108973,-0.0351107953526875,,,,,,,,Line_3,2,3,1.0,1.029992046108973,-0.0351107953526875,1.0100776208309796,-0.0658793939344308,1.7629108402661018,Line_3,2,3,1.0,11.527125973439814,63.38385354900261,51.85672757556279,GENROU_4,6,GENROU_1,1,0.999999616795642,1.0000004795515192,4.795515191613475e-07,GENROU_2,2,GENROU_3,3,1.4712756472707342,2.034185736873601,GENROU_5,8,GENROU_2,2
1548,2,8.655,0.02,0.001,NEXT_STEP,1,0.0360270636352777,0.0169818722741892,1.0299920488144103,-0.0351110673610408,,,,,,,,Line_3,2,3,1.0,1.0299920488144103,-0.0351110673610408,1.0100774611931014,-0.0658796216449386,1.7629083021865029,Line_3,2,3,1.0,11.527106257933164,63.38382816237616,51.85672190444299,GENROU_4,6,GENROU_1,1,0.9999996176836948,1.000000478993886,4.789938861105014e-07,GENROU_2,2,GENROU_3,3,1.4712761185017942,2.034186119045474,GENROU_5,8,GENROU_2,2
1550,2,8.675,0.02,0.001,NEXT_STEP,0,0.0360270635783278,0.0169818722236731,1.0299920597863486,-0.0351121511928611,,,,,,,,Line_3,2,3,1.0,1.0299920597863486,-0.0351121511928611,1.010076825258586,-0.0658805286900181,1.7628981730523776,Line_3,2,3,1.0,11.527027396608975,63.383726615880754,51.856699219271775,GENROU_4,6,GENROU_1,1,0.9999996211946314,1.0000004768356052,4.768356052231582e-07,GENROU_2,2,GENROU_3,3,1.471277993609492,2.034187627613913,GENROU_5,8,GENROU_2,2
1552,2,8.68,0.02,0.001,NEXT_STEP,1,0.0360270636352814,0.0169818722741388,1.029992062550395,-0.0351124211072435,,,,,,,,Line_3,2,3,1.0,1.029992062550395,-0.0351124211072435,1.0100766669147423,-0.0658807544979959,1.7628956459415406,Line_3,2,3,1.0,11.527007681463642,63.3837012292594,51.85669354779576,GENROU_4,6,GENROU_1,1,0.9999996220614614,1.0000004763134154,4.763134153762394e-07,GENROU_2,2,GENROU_3,3,1.471278459436855,2.034187999723106,GENROU_5,8,GENROU_2,2
1554,2,8.7,0.02,0.001,NEXT_STEP,0,0.0360270635783379,0.0169818722236528,1.0299920737696928,-0.0351134965341359,,,,,,,,Line_3,2,3,1.0,1.0299920737696928,-0.0351134965341359,1.0100760361743908,-0.0658816538167762,1.7628855556899907,Line_3,2,3,1.0,11.526928821670722,63.383599682803855,51.85667086113313,GENROU_4,6,GENROU_1,1,0.999999625483434,1.0000004746834446,4.7468344455126054e-07,GENROU_2,2,GENROU_3,3,1.4712803129580097,2.0341894680355037,GENROU_5,8,GENROU_2,2
1556,2,8.705,0.02,0.001,NEXT_STEP,1,0.0360270636340106,0.0169818722729944,1.0299920766014246,-0.0351137641762324,,,,,,,,Line_3,2,3,1.0,1.0299920766014246,-0.0351137641762324,1.0100758791609932,-0.0658818773196586,1.7628830266993134,Line_3,2,3,1.0,11.526909106930958,63.383574296199576,51.85666518926862,GENROU_4,6,GENROU_1,1,0.9999996263272424,1.0000004746834446,4.7468344455126054e-07,GENROU_2,2,GENROU_3,3,1.471280773392601,2.034189830065303,GENROU_5,8,GENROU_2,2
1558,2,8.725,0.02,0.001,NEXT_STEP,0,0.0360270635770534,0.0169818722225148,1.0299920881371474,-0.0351148289187583,,,,,,,,Line_3,2,3,1.0,1.0299920881371474,-0.0351148289187583,1.010075254010659,-0.065882764372608,1.7628728458365115,Line_3,2,3,1.0,11.526830248891162,63.38347274991659,51.85664250102543,GENROU_4,6,GENROU_1,1,0.9999996296594555,1.0000004746834446,4.7468344455126054e-07,GENROU_2,2,GENROU_3,3,1.4712826053284644,2.034191257900278,GENROU_5,8,GENROU_2,2
1560,2,8.73,0.02,0.001,NEXT_STEP,1,0.0360270636339897,0.0169818722730215,1.0299920910609472,-0.0351150936486884,,,,,,,,Line_3,2,3,1.0,1.0299920910609472,-0.0351150936486884,1.0100750984344449,-0.0658829844424338,1.7628702870010216,Line_3,2,3,1.0,11.526810534629488,63.38344736339357,51.85663682876408,GENROU_4,6,GENROU_1,1,0.9999996304822206,1.0000004746834446,4.7468344455126054e-07,GENROU_2,2,GENROU_3,3,1.4712830603262608,2.0341916097360437,GENROU_5,8,GENROU_2,2
1562,2,8.75,0.02,0.001,NEXT_STEP,0,0.0360270635783056,0.0169818722236417,1.029992103018232,-0.035116146755751,,,,,,,,Line_3,2,3,1.0,1.029992103018232,-0.035116146755751,1.0100744790370555,-0.0658838582040007,1.76286001126104,Line_3,2,3,1.0,11.526731678657145,63.38334581757638,51.856614138919234,GENROU_4,6,GENROU_1,1,0.9999996337355124,1.0000004746834446,4.7468344455126054e-07,GENROU_2,2,GENROU_3,3,1.4712848703688828,2.034192996174095,GENROU_5,8,GENROU_2,2
1564,2,8.755,0.02,0.001,NEXT_STEP,1,0.0360270636327298,0.0169818722719044,1.029992106060497,-0.0351164086010409,,,,,,,,Line_3,2,3,1.0,1.029992106060497,-0.0351164086010409,1.010074324897868,-0.0658840750658771,1.7628574339013028,Line_3,2,3,1.0,11.526711964949428,63.38332043120088,51.85660846625145,GENROU_4,6,GENROU_1,1,0.9999996345396576,1.000000474382016,4.743820161134949e-07,GENROU_2,2,GENROU_3,3,1.4712853198568403,2.034193337448306,GENROU_5,8,GENROU_2,2
1566,2,8.775,0.02,0.001,NEXT_STEP,0,0.0360270635770207,0.016981872222493,1.0299921185064007,-0.0351174518183533,,,,,,,,Line_3,2,3,1.0,1.0299921185064007,-0.0351174518183533,1.0100737109939957,-0.0658849393827571,1.7628471836615915,Line_3,2,3,1.0,11.526633111303909,63.38321888602996,51.85658577472605,GENROU_4,6,GENROU_1,1,0.9999996377190732,1.0000004723276363,4.7232763633608965e-07,GENROU_2,2,GENROU_3,3,1.4712871077711789,2.034194680530301,GENROU_5,8,GENROU_2,2
1568,2,8.78,0.02,0.001,NEXT_STEP,1,0.0360270636327598,0.0169818722719045,1.0299921216690866,-0.0351177116498842,,,,,,,,Line_3,2,3,1.0,1.0299921216690866,-0.0351177116498842,1.0100735581591718,-0.0658851547284643,1.7628446348116429,Line_3,2,3,1.0,11.52661339819568,63.38319349981181,51.85658010161613,GENROU_4,6,GENROU_1,1,0.9999996385038268,1.0000004718027002,4.7180270024149706e-07,GENROU_2,2,GENROU_3,3,1.4712875517217776,2.0341950106735105,GENROU_5,8,GENROU_2,2
1570,2,8.8,0.02,0.001,NEXT_STEP,0,0.0360270635770335,0.0169818722225127,1.02999213457825,-0.0351187472249131,,,,,,,,Line_3,2,3,1.0,1.02999213457825,-0.0351187472249131,1.010072949432428,-0.065886013162838,1.7628344853997078,Line_3,2,3,1.0,11.52653454698975,63.38309195520941,51.85655740821966,GENROU_4,6,GENROU_1,1,0.9999996415998718,1.0000004696602438,4.69660243807013e-07,GENROU_2,2,GENROU_3,3,1.471289317645103,2.034196308288104,GENROU_5,8,GENROU_2,2
1572,2,8.805,0.02,0.001,NEXT_STEP,1,0.0360270636314535,0.0169818722707654,1.0299921378496752,-0.0351190052145179,,,,,,,,Line_3,2,3,1.0,1.0299921378496752,-0.0351190052145179,1.0100727978858712,-0.0658862270482436,1.7628319584152337,Line_3,2,3,1.0,11.526514834502684,63.383066569120885,51.8565517346182,GENROU_4,6,GENROU_1,1,0.999999642362588,1.0000004691143256,4.691143256074781e-07,GENROU_2,2,GENROU_3,3,1.4712897561230536,2.0341966268968927,GENROU_5,8,GENROU_2,2
1574,2,8.825,0.02,0.001,NEXT_STEP,0,0.036027063577014,0.016981872222511,1.029992151160583,-0.0351200336619424,,,,,,,,Line_3,2,3,1.0,1.029992151160583,-0.0351200336619424,1.0100721942864053,-0.0658870797618653,1.7628218896100236,Line_3,2,3,1.0,11.526435985827955,63.38296502499802,51.85652903917006,GENROU_4,6,GENROU_1,1,0.9999996453669012,1.0000004668896438,4.6688964383534426e-07,GENROU_2,2,GENROU_3,3,1.4712915002583873,2.034197878263493,GENROU_5,8,GENROU_2,2
1576,2,8.83,0.02,0.001,NEXT_STEP,1,0.0360270636314897,0.0169818722708033,1.02999215452453,-0.0351202899274776,,,,,,,,Line_3,2,3,1.0,1.02999215452453,-0.0351202899274776,1.0100720440151818,-0.0658872922554418,1.7628193816615294,Line_3,2,3,1.0,11.526416273985514,63.38293963902045,51.85652336503493,GENROU_4,6,GENROU_1,1,0.9999996461059129,1.0000004663233693,4.663233692525637e-07,GENROU_2,2,GENROU_3,3,1.4712919333056231,2.0341981853726088,GENROU_5,8,GENROU_2,2
1578,2,8.85,0.02,0.001,NEXT_STEP,0,0.036027063575743,0.0169818722213817,1.0299921681775597,-0.0351213116994486,,,,,,,,Line_3,2,3,1.0,1.0299921681775597,-0.0351213116994486,1.010071445490177,-0.0658881395840284,1.7628093867918435,Line_3,2,3,1.0,11.5263374279351,63.38283809530787,51.85650066737277,GENROU_4,6,GENROU_1,1,0.9999996490129968,1.000000464017292,4.6401729214551334e-07,GENROU_2,2,GENROU_3,3,1.4712936558198697,2.034199391437749,GENROU_5,8,GENROU_2,2
1580,2,8.855,0.02,0.001,NEXT_STEP,1,0.0360270636314902,0.0169818722708024,1.0299921716203475,-0.0351215663515803,,,,,,,,Line_3,2,3,1.0,1.0299921716203475,-0.0351215663515803,1.0100712964805325,-0.0658883507808544,1.762806896986234,Line_3,2,3,1.0,11.526317716760063,63.38281270942437,51.8564949926643,GENROU_4,6,GENROU_1,1,0.9999996497271804,1.0000004634306103,4.634306103312724e-07,GENROU_2,2,GENROU_3,3,1.4712940834801715,2.034199687446096,GENROU_5,8,GENROU_2,2
1582,2,8.875,0.02,0.001,NEXT_STEP,0,0.0360270635770102,0.0169818722225344,1.029992185566233,-0.0351225818874044,,,,,,,,Line_3,2,3,1.0,1.029992185566233,-0.0351225818874044,1.0100707029735263,-0.0658891931304943,1.762796974148813,Line_3,2,3,1.0,11.526238873421995,63.38271116605299,51.856472292631,GENROU_4,6,GENROU_1,1,0.9999996525333712,1.0000004610425313,4.6104253126344485e-07,GENROU_2,2,GENROU_3,3,1.4712957845535497,2.0342008501616866,GENROU_5,8,GENROU_2,2
1584,2,8.88,0.02,0.001,NEXT_STEP,1,0.0360270636302038,0.0169818722696615,1.0299921890771768,-0.0351228350352694,,,,,,,,Line_3,2,3,1.0,1.0299921890771768,-0.0351228350352694,1.0100705552113258,-0.0658894031364704,1.7627945023006362,Line_3,2,3,1.0,11.526219162935485,63.38268578024552,51.85646661731004,GENROU_4,6,GENROU_1,1,0.999999653222006,1.0000004604352537,4.604352537018741e-07,GENROU_2,2,GENROU_3,3,1.4712962068730129,2.0342011356054286,GENROU_5,8,GENROU_2,2
1586,2,8.9,0.02,0.001,NEXT_STEP,0,0.036027063575733,0.0169818722213941,1.0299922032755773,-0.035123844772768,,,,,,,,Line_3,2,3,1.0,1.0299922032755773,-0.035123844772768,1.010069966664085,-0.0658902409429912,1.7627846513812528,Line_3,2,3,1.0,11.526140322390296,63.38258423713855,51.85644391474825,GENROU_4,6,GENROU_1,1,0.9999996559251344,1.0000004579645243,4.579645243030228e-07,GENROU_2,2,GENROU_3,3,1.4712978866907624,2.0342022571236136,GENROU_5,8,GENROU_2,2
1588,2,8.905,0.02,0.001,NEXT_STEP,1,0.0360270636301928,0.0169818722696688,1.0299922068449463,-0.0351240965262639,,,,,,,,Line_3,2,3,1.0,1.0299922068449463,-0.0351240965262639,1.0100698201343388,-0.065890449869429,1.7627821975715676,Line_3,2,3,1.0,11.5261206126114,63.38255885138658,51.856438238775176,GENROU_4,6,GENROU_1,1,0.9999996565878508,1.0000004573365426,4.5733654263635525e-07,GENROU_2,2,GENROU_3,3,1.4712983037157137,2.0342025325247555,GENROU_5,8,GENROU_2,2
1590,2,8.925,0.02,0.001,NEXT_STEP,0,0.0360270635757304,0.0169818722213571,1.029992221260701,-0.035125100903613,,,,,,,,Line_3,2,3,1.0,1.029992221260701,-0.035125100903613,1.0100692364876616,-0.0658912835816218,1.7627724191783898,Line_3,2,3,1.0,11.52604177493119,63.38245730845604,51.85641553352485,GENROU_4,6,GENROU_1,1,0.9999996591870888,1.0000004547830468,4.5478304677715197e-07,GENROU_2,2,GENROU_3,3,1.471299962457834,2.034203614824227,GENROU_5,8,GENROU_2,2
1592,2,8.93,0.02,0.001,NEXT_STEP,1,0.0360270636302389,0.0169818722696868,1.0299922248803368,-0.0351253513719945,,,,,,,,Line_3,2,3,1.0,1.0299922248803368,-0.0351253513719945,1.0100690911756671,-0.0658914915413096,1.7627699836096724,Line_3,2,3,1.0,11.526022065876845,63.382431922736,51.85640985685916,GENROU_4,6,GENROU_1,1,0.9999996598238394,1.0000004541344245,4.541344242880996e-07,GENROU_2,2,GENROU_3,3,1.4713003742319033,2.0342038806486165,GENROU_5,8,GENROU_2,2
1594,2,8.95,0.02,0.001,NEXT_STEP,0,0.0360270635757227,0.0169818722213887,1.0299922394819996,-0.0351263508248911,,,,,,,,Line_3,2,3,1.0,1.0299922394819996,-0.0351263508248911,1.0100685123707898,-0.0658923216110153,1.762760278667713,Line_3,2,3,1.0,11.525943231125089,63.38233037988178,51.856387148756696,GENROU_4,6,GENROU_1,1,0.999999662319599,1.00000045149883,4.5149883010076053e-07,GENROU_2,2,GENROU_3,3,1.4713020120693483,2.034204925485956,GENROU_5,8,GENROU_2,2
1596,2,8.955,0.02,0.001,NEXT_STEP,1,0.0360270636302351,0.0169818722696671,1.0299922431444224,-0.0351266001164577,,,,,,,,Line_3,2,3,1.0,1.0299922431444224,-0.0351266001164577,1.010068368261991,-0.0658925287166711,1.7627578615930588,Line_3,2,3,1.0,11.52592352281008,63.38230499416728,51.8563814713572,GENROU_4,6,GENROU_1,1,0.9999996629306342,1.000000450829844,4.508298439009906e-07,GENROU_2,2,GENROU_3,3,1.471302418634723,2.0342051821484737,GENROU_5,8,GENROU_2,2
1598,2,8.975,0.02,0.001,NEXT_STEP,0,0.0360270635757411,0.0169818722213891,1.029992257903328,-0.0351275950744935,,,,,,,,Line_3,2,3,1.0,1.029992257903328,-0.0351275950744935,1.0100677942413605,-0.0658933555920257,1.7627482311648066,Line_3,2,3,1.0,11.525844691041703,63.3822034512772,51.85635876023549,GENROU_4,6,GENROU_1,1,0.9999996653244694,1.0000004481137137,4.481137134693114e-07,GENROU_2,2,GENROU_3,3,1.4713040357298808,2.034206191104167,GENROU_5,8,GENROU_2,2
1600,2,8.98,0.02,0.001,NEXT_STEP,1,0.0360270636289528,0.0169818722685354,1.0299922616018076,-0.0351278432954028,,,,,,,,Line_3,2,3,1.0,1.0299922616018076,-0.0351278432954028,1.0100676513216609,-0.0658935619546083,1.762745832859366,Line_3,2,3,1.0,11.52582498347872,63.38217806553848,51.85635308205976,GENROU_4,6,GENROU_1,1,0.9999996659103126,1.0000004474248705,4.474248702646122e-07,GENROU_2,2,GENROU_3,3,1.471304437125922,2.0342064389826477,GENROU_5,8,GENROU_2,2
1602,2,9.0,0.02,0.001,NEXT_STEP,0,0.0360270635757165,0.0169818722213531,1.0299922764916043,-0.0351288341781392,,,,,,,,Line_3,2,3,1.0,1.0299922764916043,-0.0351288341781392,1.0100670820294315,-0.0658943860744453,1.762736278049033,Line_3,2,3,1.0,11.52574615474042,63.38207652248824,51.856330367747816,GENROU_4,6,GENROU_1,1,0.9999996682048196,1.0000004446306878,4.446306878236328e-07,GENROU_2,2,GENROU_3,3,1.471306033634165,2.034207413511228,GENROU_5,8,GENROU_2,2
1604,2,9.005,0.02,0.001,NEXT_STEP,1,0.0360270636289374,0.016981872268519,1.0299922802197323,-0.0351290814317558,,,,,,,,Line_3,2,3,1.0,1.0299922802197323,-0.0351290814317558,1.0100669402850506,-0.0658945918021148,1.7627338987875305,Line_3,2,3,1.0,11.525726447940135,63.382051136692894,51.85632468875276,GENROU_4,6,GENROU_1,1,0.999999668766242,1.0000004439227244,4.439227243580035e-07,GENROU_2,2,GENROU_3,3,1.4713064298995338,2.0342076529565887,GENROU_5,8,GENROU_2,2
1606,2,9.025,0.02,0.001,NEXT_STEP,0,0.0360270635756889,0.0169818722213724,1.0299922952185288,-0.0351300686338278,,,,,,,,Line_3,2,3,1.0,1.0299922952185288,-0.0351300686338278,1.0100663756691937,-0.0658954135804926,1.7627244207080253,Line_3,2,3,1.0,11.52564762660728,63.38194959334732,51.85630196674004,GENROU_4,6,GENROU_1,1,0.9999996709649568,1.0000004410538854,4.410538854138224e-07,GENROU_2,2,GENROU_3,3,1.4713080059727104,2.0342085943971635,GENROU_5,8,GENROU_2,2
1608,2,9.03,0.02,0.001,NEXT_STEP,1,0.0360270636289928,0.0169818722685629,1.029992298993998,-0.0351303148936465,,,,,,,,Line_3,2,3,1.0,1.029992298993998,-0.0351303148936465,1.0100662351055076,-0.0658956186562381,1.7627220610344525,Line_3,2,3,1.0,11.525627970954034,63.3819242074616,51.85629623650757,GENROU_4,6,GENROU_1,1,0.999999671503031,1.0000004403278373,4.403278373033004e-07,GENROU_2,2,GENROU_3,3,1.47130839716239,2.0342088257318336,GENROU_5,8,GENROU_2,2
1610,2,9.05,0.02,0.001,NEXT_STEP,0,0.0360270635757263,0.0169818722213694,1.0299923144477725,-0.0351312968146299,,,,,,,,Line_3,2,3,1.0,1.0299923144477725,-0.0351312968146299,1.010065675406438,-0.0658964365845715,1.7627126649477418,Line_3,2,3,1.0,11.52554992022947,63.38182266375393,51.85627274352446,GENROU_4,6,GENROU_1,1,0.9999996736149352,1.0000004373931628,4.373931627998928e-07,GENROU_2,2,GENROU_3,3,1.4713099529693057,2.0342097350060317,GENROU_5,8,GENROU_2,2
1612,2,9.055,0.02,0.001,NEXT_STEP,1,0.0360270636276939,0.0169818722674299,1.029992318389233,-0.0351315415089029,,,,,,,,Line_3,2,3,1.0,1.029992318389233,-0.0351315415089029,1.0100655361098287,-0.0658966404636532,1.7627103264095183,Line_3,2,3,1.0,11.525530558258394,63.38179727778991,51.85626671953151,GENROU_4,6,GENROU_1,1,0.99999967413375,1.00000043665312,4.366531201061008e-07,GENROU_2,2,GENROU_3,3,1.4713103390084108,2.034209958138608,GENROU_5,8,GENROU_2,2
1614,2,9.075,0.02,0.001,NEXT_STEP,0,0.0360270635757033,0.0169818722213251,1.0299923345655777,-0.0351325170451661,,,,,,,,Line_3,2,3,1.0,1.0299923345655777,-0.0351325170451661,1.0100649815151648,-0.0658974534824153,1.7627010148426336,Line_3,2,3,1.0,11.525453734661728,63.38169573382219,51.85624199916046,GENROU_4,6,GENROU_1,1,0.9999996761787808,1.0000004336731525,4.336731522780468e-07,GENROU_2,2,GENROU_3,3,1.4713118736885913,2.034210831928731,GENROU_5,8,GENROU_2,2
1616,2,9.08,0.02,0.001,NEXT_STEP,1,0.0360270636276979,0.0169818722674783,1.029992338701369,-0.0351327601208822,,,,,,,,Line_3,2,3,1.0,1.029992338701369,-0.0351327601208822,1.010064843503316,-0.0658976561102544,1.7626986973499754,Line_3,2,3,1.0,11.52543469045422,63.38167034780381,51.85623565734959,GENROU_4,6,GENROU_1,1,0.9999996766833088,1.000000432924391,4.329243910028424e-07,GENROU_2,2,GENROU_3,3,1.4713122543312545,2.034211045277619,GENROU_5,8,GENROU_2,2
1618,2,9.1,0.02,0.001,NEXT_STEP,0,0.0360270635757004,0.0169818722213344,1.0299923556671493,-0.035133729863793,,,,,,,,Line_3,2,3,1.0,1.0299923556671493,-0.035133729863793,1.0100642940858593,-0.0658984645608733,1.7626894559823825,Line_3,2,3,1.0,11.525359169000303,63.381568803639205,51.8562096346389,GENROU_4,6,GENROU_1,1,0.9999996774858642,1.0000004299188696,4.299188696155199e-07,GENROU_2,2,GENROU_3,3,1.4713137671230292,2.034211876087256,GENROU_5,8,GENROU_2,2
1620,2,9.105,0.02,0.001,NEXT_STEP,1,0.0360270636264218,0.0169818722662973,1.0299923599845648,-0.0351339721018029,,,,,,,,Line_3,2,3,1.0,1.0299923599845648,-0.0351339721018029,1.010064157384443,-0.0658986664685713,1.7626871452257262,Line_3,2,3,1.0,11.525340456222018,63.38154341755892,51.856202961336905,GENROU_4,6,GENROU_1,1,0.9999996774858642,1.0000004291652145,4.291652144772229e-07,GENROU_2,2,GENROU_3,3,1.471314142234263,2.034212077818307,GENROU_5,8,GENROU_2,2
1622,2,9.125,0.02,0.001,NEXT_STEP,0,0.0360270635756671,0.0169818722213587,1.0299923776775757,-0.0351349390888432,,,,,,,,Line_3,2,3,1.0,1.0299923776775757,-0.0351349390888432,1.0100636132217966,-0.0658994726073737,1.7626779293005654,Line_3,2,3,1.0,11.525266271475688,63.38144187299071,51.85617560151503,GENROU_4,6,GENROU_1,1,0.9999996790970888,1.0000004261403446,4.261403445671164e-07,GENROU_2,2,GENROU_3,3,1.4713156328902668,2.0342128599424902,GENROU_5,8,GENROU_2,2
1624,2,9.13,0.02,0.001,NEXT_STEP,1,0.0360270636276758,0.0169818722674379,1.0299923822052586,-0.0351351799798852,,,,,,,,Line_3,2,3,1.0,1.0299923822052586,-0.0351351799798852,1.0100634778184785,-0.0658996735172507,1.7626756385485294,Line_3,2,3,1.0,11.525247893633312,63.38141648679114,51.85616859315783,GENROU_4,6,GENROU_1,1,0.9999996796047744,1.0000004253827282,4.2538272815306765e-07,GENROU_2,2,GENROU_3,3,1.4713160024675465,2.0342130491860924,GENROU_5,8,GENROU_2,2
1626,2,9.15,0.02,0.001,NEXT_STEP,0,0.0360270635756977,0.0169818722213229,1.0299924007904122,-0.035136140050727,,,,,,,,Line_3,2,3,1.0,1.0299924007904122,-0.035136140050727,1.0100629387963391,-0.0659004745395154,1.7626665257363356,Line_3,2,3,1.0,11.525175042004411,63.3813149418298,51.856139899825386,GENROU_4,6,GENROU_1,1,0.9999996816532638,1.0000004223527652,4.2235276520585785e-07,GENROU_2,2,GENROU_3,3,1.4713174708835586,2.0342137806667537,GENROU_5,8,GENROU_2,2
1628,2,9.155,0.02,0.001,NEXT_STEP,1,0.0360270636264287,0.0169818722663132,1.029992405538092,-0.0351363792126404,,,,,,,,Line_3,2,3,1.0,1.029992405538092,-0.0351363792126404,1.0100628046729758,-0.0659006741447024,1.762664259302852,Line_3,2,3,1.0,11.525156994442382,63.38128955555276,51.85613256111038,GENROU_4,6,GENROU_1,1,0.9999996821697826,1.0000004215966445,4.215966442622232e-07,GENROU_2,2,GENROU_3,3,1.4713178348599487,2.034213957024489,GENROU_5,8,GENROU_2,2
1630,2,9.175,0.02,0.001,NEXT_STEP,0,0.0360270635744156,0.0169818722202372,1.0299924249831935,-0.0351373324451486,,,,,,,,Line_3,2,3,1.0,1.0299924249831935,-0.0351373324451486,1.010062270750174,-0.0659014699424377,1.7626552389548351,Line_3,2,3,1.0,11.52508544471035,63.381188010332814,51.856102565622464,GENROU_4,6,GENROU_1,1,0.9999996842536756,1.0000004185821545,4.185821544933077e-07,GENROU_2,2,GENROU_3,3,1.471319280848868,2.03421463593421,GENROU_5,8,GENROU_2,2
1632,2,9.18,0.02,0.001,NEXT_STEP,1,0.0360270636264135,0.0169818722663102,1.0299924299397476,-0.0351375699119618,,,,,,,,Line_3,2,3,1.0,1.0299924299397476,-0.0351375699119618,1.010062137895488,-0.0659016682407213,1.7626529947633855,Line_3,2,3,1.0,11.525067716591067,63.381162624001234,51.85609490741017,GENROU_4,6,GENROU_1,1,0.999999684779259,1.0000004178321076,4.178321075798408e-07,GENROU_2,2,GENROU_3,3,1.4713196392165628,2.0342147989347525,GENROU_5,8,GENROU_2,2
1634,2,9.2,0.02,0.001,NEXT_STEP,0,0.0360270635744188,0.0169818722202289,1.0299924501905986,-0.0351385164091616,,,,,,,,Line_3,2,3,1.0,1.0299924501905986,-0.0351385164091616,1.0100616090167671,-0.0659024588143076,1.7626440609984115,Line_3,2,3,1.0,11.524997414357056,63.38106107859327,51.85606366423622,GENROU_4,6,GENROU_1,1,0.9999996869006592,1.0000004148496529,4.148496528522117e-07,GENROU_2,2,GENROU_3,3,1.4713210628264528,2.03421542406357,GENROU_5,8,GENROU_2,2
1636,2,9.205,0.02,0.001,NEXT_STEP,1,0.0360270636264218,0.0169818722663248,1.0299924553399784,-0.0351387522034821,,,,,,,,Line_3,2,3,1.0,1.0299924553399784,-0.0351387522034821,1.010061477414373,-0.0659026558088921,1.7626418379372808,Line_3,2,3,1.0,11.524979989460062,63.381035692221424,51.85605570276136,GENROU_4,6,GENROU_1,1,0.999999687435928,1.0000004141094188,4.141094187559702e-07,GENROU_2,2,GENROU_3,3,1.4713214156094492,2.034215573621103,GENROU_5,8,GENROU_2,2
1638,2,9.225,0.02,0.001,NEXT_STEP,0,0.0360270635744374,0.0169818722202098,1.029992476323556,-0.0351396920597124,,,,,,,,Line_3,2,3,1.0,1.029992476323556,-0.0351396920597124,1.010060953505344,-0.0659034411854297,1.7626329869028723,Line_3,2,3,1.0,11.524910860569024,63.38093414667544,51.85602328610642,GENROU_4,6,GENROU_1,1,0.999999689597027,1.0000004111724736,4.1117247362443276e-07,GENROU_2,2,GENROU_3,3,1.4713228169985575,2.034216145465789,GENROU_5,8,GENROU_2,2
1640,2,9.23,0.02,0.001,NEXT_STEP,1,0.036027063625136,0.0169818722651471,1.02999248164538,-0.0351399262097396,,,,,,,,Line_3,2,3,1.0,1.02999248164538,-0.0351399262097396,1.0100608231345425,-0.0659036368890769,1.7626307840875768,Line_3,2,3,1.0,11.524893717118,63.38090876027453,51.85601504315653,GENROU_4,6,GENROU_1,1,0.9999996901423968,1.000000410445052,4.104450519459846e-07,GENROU_2,2,GENROU_3,3,1.4713231642541549,2.034216281890157,GENROU_5,8,GENROU_2,2
1642,2,9.25,0.02,0.001,NEXT_STEP,0,0.0360270635744231,0.0169818722202364,1.0299925030557664,-0.0351408607309173,,,,,,,,Line_3,2,3,1.0,1.0299925030557664,-0.0351408607309173,1.0100603039335556,-0.0659044182700069,1.7626220097976957,Line_3,2,3,1.0,11.524825207520568,63.38080721459578,51.85598200707521,GENROU_4,6,GENROU_1,1,0.9999996923420256,1.0000004075620872,4.0756208719017206e-07,GENROU_2,2,GENROU_3,3,1.4713245436009788,2.034216802344998,GENROU_5,8,GENROU_2,2
1644,2,9.255,0.02,0.001,NEXT_STEP,1,0.0360270870817593,0.0169818684758057,1.0299925084980528,-0.0351410959537037,,,,,,,,Line_3,2,3,1.0,1.0299925084980528,-0.0351410959537037,1.0100601748386058,-0.0659046146965209,1.7626197869350335,Line_3,2,3,1.0,11.52480807992418,63.38078182810882,51.85597374818464,GENROU_4,6,GENROU_1,1,0.9999996928933388,1.000000406846331,4.068463310691328e-07,GENROU_2,2,GENROU_3,3,1.4713248854322227,2.0342169263712595,GENROU_5,8,GENROU_2,2
1646,2,9.275,0.02,0.001,NEXT_STEP,0,0.0360270799377673,0.0169818628855521,1.0299925308138245,-0.0351420267121199,,,,,,,,Line_3,2,3,1.0,1.0299925308138245,-0.0351420267121199,1.0100596606666932,-0.065905393629516,1.7626110879791668,Line_3,2,3,1.0,11.524739569002952,63.380680281999496,51.85594071299654,GENROU_4,6,GENROU_1,1,0.9999996951111344,1.000000404006938,4.0400693790410003e-07,GENROU_2,2,GENROU_3,3,1.4713262434713263,2.034217398167868,GENROU_5,8,GENROU_2,2
1648,2,9.28,0.02,0.001,NEXT_STEP,1,0.0360270798532745,0.0169818628189424,1.0299925362268136,-0.03514225907274,,,,,,,,Line_3,2,3,1.0,1.0299925362268136,-0.03514225907274,1.010059532547224,-0.0659055881619267,1.7626089205824371,Line_3,2,3,1.0,11.524722441157516,63.38065489542094,51.855932454263424,GENROU_4,6,GENROU_1,1,0.999999695667933,1.0000004033028684,4.033028684347073e-07,GENROU_2,2,GENROU_3,3,1.4713265799950657,2.034217509909915,GENROU_5,8,GENROU_2,2
1650,2,9.3,0.02,0.001,NEXT_STEP,0,0.0360270798024469,0.0169818627738692,1.0299925577905804,-0.0351431863606607,,,,,,,,Line_3,2,3,1.0,1.0299925577905804,-0.0351431863606607,1.0100590221493508,-0.0659063647516618,1.762600286212404,Line_3,2,3,1.0,11.524653929441138,63.38055334888093,51.855899419439794,GENROU_4,6,GENROU_1,1,0.9999996979014772,1.0000004005075118,4.0050751182185707e-07,GENROU_2,2,GENROU_3,3,1.471327917514817,2.034217937167123,GENROU_5,8,GENROU_2,2
1652,2,9.305,0.02,0.001,NEXT_STEP,1,0.0360270798519699,0.0169818628177996,1.029992563161949,-0.0351434175062545,,,,,,,,Line_3,2,3,1.0,1.029992563161949,-0.0351434175062545,1.010058895066362,-0.0659065583726364,1.7625981362101015,Line_3,2,3,1.0,11.524636801449914,63.38052796219007,51.85589116074015,GENROU_4,6,GENROU_1,1,0.9999996984614083,1.000000399814423,3.998144229022671e-07,GENROU_2,2,GENROU_3,3,1.4713282491458628,2.03421804002929,GENROU_5,8,GENROU_2,2
1654,2,9.325,0.02,0.001,NEXT_STEP,0,0.0360270798036998,0.0169818627750072,1.029992584774782,-0.0351443398334856,,,,,,,,Line_3,2,3,1.0,1.029992584774782,-0.0351443398334856,1.0100583889838526,-0.0659073309952898,1.7625895587696334,Line_3,2,3,1.0,11.524568289372706,63.38042626064075,51.85585797126805,GENROU_4,6,GENROU_1,1,0.9999997007073136,1.0000003970658633,3.970658633001279e-07,GENROU_2,2,GENROU_3,3,1.471329567955942,2.03421843958668,GENROU_5,8,GENROU_2,2
1656,2,9.33,0.02,0.001,NEXT_STEP,1,0.0360270798506963,0.0169818628166374,1.0299925902311573,-0.0351445700221641,,,,,,,,Line_3,2,3,1.0,1.0299925902311573,-0.0351445700221641,1.0100582630477044,-0.0659075238070998,1.7625874172328224,Line_3,2,3,1.0,11.524551161338024,63.38040075497318,51.85584959363516,GENROU_4,6,GENROU_1,1,0.999999701269512,1.0000003963846524,3.963846524346337e-07,GENROU_2,2,GENROU_3,3,1.4713298950990377,2.034218536776406,GENROU_5,8,GENROU_2,2
1658,2,9.35,0.02,0.001,NEXT_STEP,0,0.0360270798036816,0.0169818627749985,1.0299926121052942,-0.0351454875431871,,,,,,,,Line_3,2,3,1.0,1.0299926121052942,-0.0351454875431871,1.0100577614549802,-0.0659082925148979,1.7625788908630966,Line_3,2,3,1.0,11.524482649236989,63.380298732505096,51.85581608326811,GENROU_4,6,GENROU_1,1,0.999999703520766,1.0000003936832134,3.936832133621948e-07,GENROU_2,2,GENROU_3,3,1.4713311961028677,2.03421891381751,GENROU_5,8,GENROU_2,2
1660,2,9.355,0.02,0.001,NEXT_STEP,1,0.036027079850653,0.0169818628166535,1.0299926175761842,-0.035145716111167,,,,,,,,Line_3,2,3,1.0,1.0299926175761842,-0.035145716111167,1.0100576365840066,-0.0659084840413478,1.762576768539759,Line_3,2,3,1.0,11.52446552123891,63.38027322692969,51.85580770569078,GENROU_4,6,GENROU_1,1,0.999999704084581,1.000000393014476,3.930144758523824e-07,GENROU_2,2,GENROU_3,3,1.471331518781168,2.0342190048773587,GENROU_5,8,GENROU_2,2
1662,2,9.375,0.02,0.001,NEXT_STEP,0,0.0360270798024152,0.0169818627738638,1.0299926395475465,-0.0351466270579232,,,,,,,,Line_3,2,3,1.0,1.0299926395475465,-0.0351466270579232,1.010057139271158,-0.0659092474426038,1.7625683148053213,Line_3,2,3,1.0,11.524397009454775,63.38017120477838,51.855774195323605,GENROU_4,6,GENROU_1,1,0.9999997063453866,1.000000390367268,3.903672680660719e-07,GENROU_2,2,GENROU_3,3,1.471332801927002,2.0342193553686454,GENROU_5,8,GENROU_2,2
1664,2,9.38,0.02,0.001,NEXT_STEP,1,0.0360270798506981,0.0169818628166504,1.0299926450478445,-0.0351468539634556,,,,,,,,Line_3,2,3,1.0,1.0299926450478445,-0.0351468539634556,1.0100570154722972,-0.0659094376088337,1.7625662097983366,Line_3,2,3,1.0,11.5243798815761,63.38014569927677,51.85576581770066,GENROU_4,6,GENROU_1,1,0.9999997069121316,1.0000003897130163,3.897130163021956e-07,GENROU_2,2,GENROU_3,3,1.4713331201350432,2.034219439516705,GENROU_5,8,GENROU_2,2
1666,2,9.4,0.02,0.001,NEXT_STEP,0,0.0360270798024211,0.0169818627738371,1.0299926671474335,-0.0351477582018249,,,,,,,,Line_3,2,3,1.0,1.0299926671474335,-0.0351477582018249,1.0100565224507845,-0.0659101954675072,1.7625578228595489,Line_3,2,3,1.0,11.5243113704194,63.380043677427686,51.85573230700828,GENROU_4,6,GENROU_1,1,0.9999997091859504,1.000000387126583,3.871265830124315e-07,GENROU_2,2,GENROU_3,3,1.4713343853820575,2.034219762243484,GENROU_5,8,GENROU_2,2
1668,2,9.405,0.02,0.001,NEXT_STEP,1,0.0360270798506963,0.0169818628166984,1.0299926726818245,-0.0351479834177199,,,,,,,,Line_3,2,3,1.0,1.0299926726818245,-0.0351479834177199,1.0100563997251797,-0.0659103842262228,1.7625557340170417,Line_3,2,3,1.0,11.524294242734602,63.38001817200619,51.85572392927159,GENROU_4,6,GENROU_1,1,0.9999997097561844,1.000000386488115,3.864881150672517e-07,GENROU_2,2,GENROU_3,3,1.4713346991063343,2.0342198394832787,GENROU_5,8,GENROU_2,2
1670,2,9.425,0.02,0.001,NEXT_STEP,0,0.0360270798023939,0.0169818627738311,1.0299926949251732,-0.0351488808604401,,,,,,,,Line_3,2,3,1.0,1.0299926949251732,-0.0351488808604401,1.010055910997566,-0.0659111363868316,1.7625474099652363,Line_3,2,3,1.0,11.524225732483831,63.37991615049573,51.855690418011896,GENROU_4,6,GENROU_1,1,0.9999997120444798,1.0000003839664773,3.839664772797846e-07,GENROU_2,2,GENROU_3,3,1.47133594638897,2.034220134759984,GENROU_5,8,GENROU_2,2
1672,2,9.43,0.02,0.001,NEXT_STEP,1,0.0360270798506863,0.0169818628166436,1.0299927004973597,-0.0351491043699988,,,,,,,,Line_3,2,3,1.0,1.0299927004973597,-0.0351491043699988,1.0100557893456812,-0.065911323706493,1.7625453364368582,Line_3,2,3,1.0,11.524208605055884,63.37989064516498,51.8556820401091,GENROU_4,6,GENROU_1,1,0.9999997126184073,1.000000383344519,3.8334451901711485e-07,GENROU_2,2,GENROU_3,3,1.471336255610299,2.034220205169278,GENROU_5,8,GENROU_2,2
1674,2,9.45,0.02,0.001,NEXT_STEP,0,0.0360270798011564,0.0169818627727504,1.029992722901196,-0.0351499949594351,,,,,,,,Line_3,2,3,1.0,1.029992722901196,-0.0351499949594351,1.0100553049148713,-0.0659120700580186,1.7625370722133198,Line_3,2,3,1.0,11.52414010027542,63.379788624060495,51.85564852378508,GENROU_4,6,GENROU_1,1,0.9999997149214622,1.0000003808895397,3.8088953968618e-07,GENROU_2,2,GENROU_3,3,1.4713374848464202,2.034220473158024,GENROU_5,8,GENROU_2,2
1676,2,9.455,0.02,0.001,NEXT_STEP,1,0.0360270798494141,0.0169818628155389,1.0299927285379378,-0.035150216631253,,,,,,,,Line_3,2,3,1.0,1.0299927285379378,-0.035150216631253,1.010055184355153,-0.0659122557996729,1.762535013566577,Line_3,2,3,1.0,11.524123023148611,63.3797631188442,51.85564009569559,GENROU_4,6,GENROU_1,1,0.9999997154991044,1.0000003802843762,3.802843762112929e-07,GENROU_2,2,GENROU_3,3,1.471337789560445,2.034220536741209,GENROU_5,8,GENROU_2,2
1678,2,9.475,0.02,0.001,NEXT_STEP,0,0.0360270798024003,0.0169818627738566,1.029992751462673,-0.0351510985718529,,,,,,,,Line_3,2,3,1.0,1.029992751462673,-0.0351510985718529,1.010054704496531,-0.0659129945746344,1.7625268107797467,Line_3,2,3,1.0,11.5240552650313,63.37966109831379,51.85560583328249,GENROU_4,6,GENROU_1,1,0.999999717820602,1.0000003779002629,3.7790026286010914e-07,GENROU_2,2,GENROU_3,3,1.4713390007066875,2.0342207770344847,GENROU_5,8,GENROU_2,2
1680,2,9.48,0.02,0.001,NEXT_STEP,1,0.0360270798494212,0.0169818628155264,1.0299927572705836,-0.0351513179899321,,,,,,,,Line_3,2,3,1.0,1.0299927572705836,-0.0351513179899321,1.0100545851125884,-0.0659131783358825,1.762524767793792,Line_3,2,3,1.0,11.524038466584832,63.37963559327808,51.85559712669325,GENROU_4,6,GENROU_1,1,0.9999997184041476,1.000000377314118,3.773141179497231e-07,GENROU_2,2,GENROU_3,3,1.471339300801359,2.0342208333679275,GENROU_5,8,GENROU_2,2
1682,2,9.5,0.02,0.001,NEXT_STEP,0,0.0360270798011301,0.0169818627727297,1.0299927808842213,-0.0351521916090896,,,,,,,,Line_3,2,3,1.0,1.0299927808842213,-0.0351521916090896,1.0100541099672116,-0.0659139098538656,1.7625166259962557,Line_3,2,3,1.0,11.523971834980337,63.37953357356727,51.85556173858693,GENROU_4,6,GENROU_1,1,0.9999997207511008,1.000000375007879,3.750078789721556e-07,GENROU_2,2,GENROU_3,3,1.4713404925322278,2.0342210416451865,GENROU_5,8,GENROU_2,2
1684,2,9.505,0.02,0.001,NEXT_STEP,1,0.0360270798481646,0.0169818628144128,1.0299927868708978,-0.0351524090081957,,,,,,,,Line_3,2,3,1.0,1.0299927868708978,-0.0351524090081957,1.010053991767921,-0.0659140918518567,1.762514597661777,Line_3,2,3,1.0,11.52395531914619,63.37950806875385,51.85555274960766,GENROU_4,6,GENROU_1,1,0.9999997213410076,1.000000374441135,3.744411349870802e-07,GENROU_2,2,GENROU_3,3,1.4713407875125273,2.034221089078086,GENROU_5,8,GENROU_2,2
1686,2,9.525,0.02,0.001,NEXT_STEP,0,0.0360270798023786,0.016981862773857,1.0299928112138217,-0.0351532745765884,,,,,,,,Line_3,2,3,1.0,1.0299928112138217,-0.0351532745765884,1.010053521372142,-0.0659148163055297,1.762506512383908,Line_3,2,3,1.0,11.523889811610388,63.37940604999648,51.855516238386095,GENROU_4,6,GENROU_1,1,0.9999997237129016,1.0000003722114288,3.722114287896261e-07,GENROU_2,2,GENROU_3,3,1.47134195823344,2.0342212584606387,GENROU_5,8,GENROU_2,2
1688,2,9.53,0.02,0.001,NEXT_STEP,1,0.0360270798469089,0.0169818628132863,1.0299928173836423,-0.0351534899669082,,,,,,,,Line_3,2,3,1.0,1.0299928173836423,-0.0351534899669082,1.0100534043603169,-0.065914996533453,1.7625044977269797,Line_3,2,3,1.0,11.523873573718404,63.37938054543824,51.85550697171984,GENROU_4,6,GENROU_1,1,0.9999997243088776,1.0000003716634622,3.716634622286108e-07,GENROU_2,2,GENROU_3,3,1.4713422478855094,2.0342212954093264,GENROU_5,8,GENROU_2,2
1690,2,9.55,0.02,0.001,NEXT_STEP,0,0.0360270798023737,0.0169818627738079,1.0299928423330842,-0.0351543481284981,,,,,,,,Line_3,2,3,1.0,1.0299928423330842,-0.0351543481284981,1.0100529386098134,-0.0659157144849661,1.7624964642813268,Line_3,2,3,1.0,11.52380891763831,63.37927852775604,51.85546961011772,GENROU_4,6,GENROU_1,1,0.9999997267033476,1.0000003695062174,3.695062174013941e-07,GENROU_2,2,GENROU_3,3,1.4713433971921164,2.0342214138903474,GENROU_5,8,GENROU_2,2
1692,2,9.555,0.02,0.001,NEXT_STEP,1,0.0360270798469004,0.0169818628133123,1.0299928485881018,-0.0351545620050657,,,,,,,,Line_3,2,3,1.0,1.0299928485881018,-0.0351545620050657,1.0100528227050982,-0.0659158934068683,1.7624944615265292,Line_3,2,3,1.0,11.52379276002651,63.37925302346874,51.85546026344223,GENROU_4,6,GENROU_1,1,0.9999997273038104,1.000000368974939,3.689749390467512e-07,GENROU_2,2,GENROU_3,3,1.4713436814991734,2.03422143539512,GENROU_5,8,GENROU_2,2
1694,2,9.575,0.02,0.001,NEXT_STEP,0,0.0360270798010786,0.0169818627727187,1.029992873693407,-0.0351554149638553,,,,,,,,Line_3,2,3,1.0,1.029992873693407,-0.0351554149638553,1.0100523612255303,-0.0659166069442176,1.7624864732664491,Line_3,2,3,1.0,11.523728129386829,63.37915100681913,51.855422877432304,GENROU_4,6,GENROU_1,1,0.9999997297079346,1.000000366874662,3.668746619833741e-07,GENROU_2,2,GENROU_3,3,1.4713448099772717,2.03422150076227,GENROU_5,8,GENROU_2,2
1696,2,9.58,0.02,0.001,NEXT_STEP,1,0.0360270798469156,0.0169818628132808,1.029992879970328,-0.0351556275836298,,,,,,,,Line_3,2,3,1.0,1.029992879970328,-0.0351556275836298,1.0100522463715178,-0.0659167848044719,1.7624844816926384,Line_3,2,3,1.0,11.523711971699834,63.37912550277874,51.85541353107891,GENROU_4,6,GENROU_1,1,0.99999973030878,1.0000003663551202,3.663551202404136e-07,GENROU_2,2,GENROU_3,3,1.4713450892476776,2.0342215124551646,GENROU_5,8,GENROU_2,2
1698,2,9.6,0.02,0.001,NEXT_STEP,0,0.036027079801116,0.0169818627726832,1.0299929051136996,-0.0351564755920269,,,,,,,,Line_3,2,3,1.0,1.0299929051136996,-0.0351564755920269,1.010051789038677,-0.0659174941744254,1.7624765382949192,Line_3,2,3,1.0,11.523647340953524,63.37902348709459,51.85537614614107,GENROU_4,6,GENROU_1,1,0.9999997327076,1.0000003642927775,3.642927774993865e-07,GENROU_2,2,GENROU_3,3,1.4713461981131242,2.0342215453802024,GENROU_5,8,GENROU_2,2
1700,2,9.605,0.02,0.001,NEXT_STEP,1,0.0360270798469174,0.0169818628132891,1.0299929113892663,-0.0351566869911256,,,,,,,,Line_3,2,3,1.0,1.0299929113892663,-0.0351566869911256,1.010051675208358,-0.0659176710109681,1.762474558006346,Line_3,2,3,1.0,11.523631183281545,63.378997983292265,51.85536680001072,GENROU_4,6,GENROU_1,1,0.9999997333055232,1.0000003637805528,3.637805527922922e-07,GENROU_2,2,GENROU_3,3,1.4713464725889702,2.034221550420344,GENROU_5,8,GENROU_2,2
1702,2,9.625,0.02,0.001,NEXT_STEP,0,0.0360270798011199,0.016981862772708,1.0299929364952578,-0.0351575301784176,,,,,,,,Line_3,2,3,1.0,1.0299929364952578,-0.0351575301784176,1.0100512219271425,-0.0659183763544063,1.7624666601352883,Line_3,2,3,1.0,11.523566552728802,63.3788959685558,51.855329415827,GENROU_4,6,GENROU_1,1,0.999999735686924,1.0000003617394806,3.617394805921492e-07,GENROU_2,2,GENROU_3,3,1.47134756261259,2.0342215614567727,GENROU_5,8,GENROU_2,2
1704,2,9.63,0.02,0.001,NEXT_STEP,1,0.0360270798456621,0.0169818628121557,1.02999294275521,-0.0351577403877962,,,,,,,,Line_3,2,3,1.0,1.02999294275521,-0.0351577403877962,1.0100511091003257,-0.0659185522018488,1.7624646913413642,Line_3,2,3,1.0,11.523550395135292,63.378870464990186,51.8553200698549,GENROU_4,6,GENROU_1,1,0.999999736279117,1.0000003612306303,3.612306305189605e-07,GENROU_2,2,GENROU_3,3,1.4713478324494935,2.034221562789256,GENROU_5,8,GENROU_2,2
1706,2,9.65,0.02,0.001,NEXT_STEP,0,0.0360270798010782,0.0169818627726465,1.0299929678056765,-0.0351585785270399,,,,,,,,Line_3,2,3,1.0,1.0299929678056765,-0.0351585785270399,1.0100506598192112,-0.0659192533024811,1.7624568396073244,Line_3,2,3,1.0,11.523485765006187,63.37876845120972,51.85528268620354,GENROU_4,6,GENROU_1,1,0.9999997386329617,1.0000003591962772,3.591962771665181e-07,GENROU_2,2,GENROU_3,3,1.4713489041041292,2.0342215648354145,GENROU_5,8,GENROU_2,2
1708,2,9.655,0.02,0.001,NEXT_STEP,1,0.03602707984563,0.0169818628121841,1.0299929740707798,-0.0351587872211855,,,,,,,,Line_3,2,3,1.0,1.0299929740707798,-0.0351587872211855,1.01005054800161,-0.0659194278376136,1.7624548824400392,Line_3,2,3,1.0,11.52346962485082,63.37874294789329,51.85527332304248,GENROU_4,6,GENROU_1,1,0.999999739217605,1.0000003586879371,3.586879371297869e-07,GENROU_2,2,GENROU_3,3,1.471349169417583,2.0342215648354145,GENROU_5,8,GENROU_2,2
1710,2,9.675,0.02,0.001,NEXT_STEP,0,0.0360270798010629,0.0169818627726921,1.0299929994383326,-0.0351596172152626,,,,,,,,Line_3,2,3,1.0,1.0299929994383326,-0.0351596172152626,1.0100501029689568,-0.0659201216693085,1.7624470809101922,Line_3,2,3,1.0,11.523405605809462,63.37864093525194,51.85523532944248,GENROU_4,6,GENROU_1,1,0.9999997415448916,1.0000003566575937,3.566575934588201e-07,GENROU_2,2,GENROU_3,3,1.4713502236551252,2.0342215648354145,GENROU_5,8,GENROU_2,2
1712,2,9.68,0.02,0.001,NEXT_STEP,1,0.0360270798456455,0.0169818628121765,1.029993005849181,-0.0351598234887936,,,,,,,,Line_3,2,3,1.0,1.029993005849181,-0.0351598234887936,1.010049992261857,-0.0659202940182828,1.762445137176286,Line_3,2,3,1.0,11.523389738860056,63.37861543227095,51.85522569341089,GENROU_4,6,GENROU_1,1,0.9999997421247018,1.0000003561517268,3.561517267769432e-07,GENROU_2,2,GENROU_3,3,1.4713504847123455,2.0342215648354145,GENROU_5,8,GENROU_2,2
1714,2,9.7,0.02,0.001,NEXT_STEP,0,0.0360270797998033,0.0169818627715643,1.0299930318491162,-0.0351606438245244,,,,,,,,Line_3,2,3,1.0,1.0299930318491162,-0.0351606438245244,1.0100495517023902,-0.065920979132601,1.7624373895600345,Line_3,2,3,1.0,11.523326815744332,63.37851342117317,51.85518660542884,GENROU_4,6,GENROU_1,1,0.9999997444399572,1.0000003541378704,3.541378703619813e-07,GENROU_2,2,GENROU_3,3,1.471351521684397,2.034221545271009,GENROU_5,8,GENROU_2,2
1716,2,9.705,0.02,0.001,NEXT_STEP,1,0.0360270798443819,0.016981862811064,1.029993038420347,-0.0351608478521238,,,,,,,,Line_3,2,3,1.0,1.029993038420347,-0.0351608478521238,1.0100494421153572,-0.0659211494709128,1.7624354593060332,Line_3,2,3,1.0,11.52331122208018,63.37848791861762,51.85517669653744,GENROU_4,6,GENROU_1,1,0.9999997450179386,1.0000003536371749,3.536371746548639e-07,GENROU_2,2,GENROU_3,3,1.4713517783395915,2.0342215302376228,GENROU_5,8,GENROU_2,2
1718,2,9.725,0.02,0.001,NEXT_STEP,0,0.0360270798010193,0.016981862772652,1.0299930648860172,-0.0351616600672468,,,,,,,,Line_3,2,3,1.0,1.0299930648860172,-0.0351616600672468,1.010049006029063,-0.0659218264886202,1.7624277130647386,Line_3,2,3,1.0,11.523248994392794,63.37838590930251,51.855136914909714,GENROU_4,6,GENROU_1,1,0.9999997473262712,1.0000003526350587,3.526350587090832e-07,GENROU_2,2,GENROU_3,3,1.4713527969436986,2.034221445073272,GENROU_5,8,GENROU_2,2
1720,2,9.73,0.02,0.001,NEXT_STEP,1,0.0360270798443669,0.0169818628110613,1.0299930715141452,-0.035161862362393,,,,,,,,Line_3,2,3,1.0,1.0299930715141452,-0.035161862362393,1.0100488975286817,-0.0659219950151673,1.7624257782665325,Line_3,2,3,1.0,11.523233437435309,63.37836040720343,51.85512696976812,GENROU_4,6,GENROU_1,1,0.9999997479020823,1.0000003521319691,3.521319691390801e-07,GENROU_2,2,GENROU_3,3,1.471353048828098,2.034221419001461,GENROU_5,8,GENROU_2,2
1722,2,9.75,0.02,0.001,NEXT_STEP,0,0.036027079799792,0.0169818627715538,1.0299930981168255,-0.0351626689895874,,,,,,,,Line_3,2,3,1.0,1.0299930981168255,-0.0351626689895874,1.010048465564004,-0.0659226671636835,1.762418073205822,Line_3,2,3,1.0,11.523171209601143,63.378258399684334,51.85508719008319,GENROU_4,6,GENROU_1,1,0.9999997501955334,1.0000003501037318,3.501037317832356e-07,GENROU_2,2,GENROU_3,3,1.4713540484278018,2.0342212994077253,GENROU_5,8,GENROU_2,2
1724,2,9.755,0.02,0.001,NEXT_STEP,1,0.036027079844372,0.0169818628110678,1.029993104778936,-0.0351628699020304,,,,,,,,Line_3,2,3,1.0,1.029993104778936,-0.0351628699020304,1.010048358069473,-0.0659228345905074,1.762416154621178,Line_3,2,3,1.0,11.523155652661565,63.37823289802397,51.85507724536241,GENROU_4,6,GENROU_1,1,0.999999750765858,1.0000003495927576,3.495927576313562e-07,GENROU_2,2,GENROU_3,3,1.4713542956393575,2.034221265944045,GENROU_5,8,GENROU_2,2
1726,2,9.775,0.02,0.001,NEXT_STEP,0,0.0360270797997942,0.0169818627715525,1.0299931315313944,-0.0351636703197804,,,,,,,,Line_3,2,3,1.0,1.0299931315313944,-0.0351636703197804,1.0100479301135217,-0.0659235015917408,1.7624085104178562,Line_3,2,3,1.0,11.523093464057892,63.37813089228693,51.85503742822904,GENROU_4,6,GENROU_1,1,0.9999997530344474,1.0000003475339647,3.475339647174281e-07,GENROU_2,2,GENROU_3,3,1.4713552772996277,2.034221118775439,GENROU_5,8,GENROU_2,2
1728,2,9.78,0.02,0.001,NEXT_STEP,1,0.0360270798431211,0.0169818628099555,1.0299931382537009,-0.0351638695724768,,,,,,,,Line_3,2,3,1.0,1.0299931382537009,-0.0351638695724768,1.0100478236347072,-0.0659236676261722,1.762406607151462,Line_3,2,3,1.0,11.52307800043967,63.378105391086486,51.85502739064682,GENROU_4,6,GENROU_1,1,0.999999753598264,1.0000003470158665,3.470158664864442e-07,GENROU_2,2,GENROU_3,3,1.4713555202870925,2.03422107875754,GENROU_5,8,GENROU_2,2
1730,2,9.8,0.02,0.001,NEXT_STEP,0,0.0360270797997595,0.0169818627715328,1.0299931654280503,-0.0351646628850304,,,,,,,,Line_3,2,3,1.0,1.0299931654280503,-0.0351646628850304,1.0100473998770063,-0.06592432862897,1.7623990263608675,Line_3,2,3,1.0,11.52301668656808,63.378003387272095,51.85498670070402,GENROU_4,6,GENROU_1,1,0.999999755841126,1.0000003449314938,3.449314938119841e-07,GENROU_2,2,GENROU_3,3,1.4713564851117544,2.0342209059041263,GENROU_5,8,GENROU_2,2
1732,2,9.805,0.02,0.001,NEXT_STEP,1,0.0360270798431238,0.0169818628099393,1.0299931722722997,-0.035164860342701,,,,,,,,Line_3,2,3,1.0,1.0299931722722997,-0.035164860342701,1.0100472944590484,-0.0659244931435998,1.762397138863662,Line_3,2,3,1.0,11.523001477163673,63.37797788657635,51.854976409412686,GENROU_4,6,GENROU_1,1,0.9999997563986512,1.0000003444078929,3.44407892871601e-07,GENROU_2,2,GENROU_3,3,1.471356723706658,2.0342208593688675,GENROU_5,8,GENROU_2,2
1734,2,9.825,0.02,0.001,NEXT_STEP,0,0.0360270797997531,0.0169818627715214,1.0299931997233027,-0.035165647413842,,,,,,,,Line_3,2,3,1.0,1.0299931997233027,-0.035165647413842,1.010046874766366,-0.0659251489271335,1.7623896166378756,Line_3,2,3,1.0,11.522940639396056,63.377875884826544,51.85493524543049,GENROU_4,6,GENROU_1,1,0.999999758614141,1.0000003423023962,3.423023962056959e-07,GENROU_2,2,GENROU_3,3,1.4713576702387,2.03422065879395,GENROU_5,8,GENROU_2,2
1736,2,9.83,0.02,0.001,NEXT_STEP,1,0.0360270798418603,0.0169818628088331,1.0299932065923896,-0.0351658434107456,,,,,,,,Line_3,2,3,1.0,1.0299932065923896,-0.0351658434107456,1.0100467703252094,-0.0659253122196317,1.762387742813473,Line_3,2,3,1.0,11.52292542994763,63.37785038465196,51.85492495470433,GENROU_4,6,GENROU_1,1,0.9999997591640784,1.0000003417733825,3.417733824839786e-07,GENROU_2,2,GENROU_3,3,1.471357904258543,2.0342206049552267,GENROU_5,8,GENROU_2,2
1738,2,9.85,0.02,0.001,NEXT_STEP,0,0.0360270797997709,0.0169818627715204,1.0299932340990818,-0.0351666248607569,,,,,,,,Line_3,2,3,1.0,1.0299932340990818,-0.0351666248607569,1.010046354488513,-0.0659259633497241,1.7623802760321323,Line_3,2,3,1.0,11.522864593351091,63.37774838501152,51.85488379166042,GENROU_4,6,GENROU_1,1,0.9999997613470332,1.0000003396459562,3.396459562488019e-07,GENROU_2,2,GENROU_3,3,1.4713588335345,2.03422037536991,GENROU_5,8,GENROU_2,2
1740,2,9.855,0.02,0.001,NEXT_STEP,1,0.0360270798418579,0.0169818628088269,1.0299932409796388,-0.0351668196006303,,,,,,,,Line_3,2,3,1.0,1.0299932409796388,-0.0351668196006303,1.0100462510066843,-0.0659261256356956,1.762378416560523,Line_3,2,3,1.0,11.522849422894124,63.37772288536486,51.854873462470735,GENROU_4,6,GENROU_1,1,0.9999997618879612,1.0000003391110135,3.391110137140885e-07,GENROU_2,2,GENROU_3,3,1.471359063439915,2.034220314619932,GENROU_5,8,GENROU_2,2
1742,2,9.875,0.02,0.001,NEXT_STEP,0,0.0360270797997406,0.016981862771504,1.0299932687429507,-0.0351675952031883,,,,,,,,Line_3,2,3,1.0,1.0299932687429507,-0.0351675952031883,1.010045839163226,-0.0659267719726873,1.762371010189156,Line_3,2,3,1.0,11.522789262120494,63.37762088786252,51.85483162574202,GENROU_4,6,GENROU_1,1,0.9999997638862224,1.000000336959348,3.369593479796152e-07,GENROU_1,1,GENROU_3,3,1.4713599761500558,2.034220059492968,GENROU_5,8,GENROU_2,2
1744,2,9.88,0.02,0.001,NEXT_STEP,1,0.0360270798418476,0.0169818628088299,1.029993275701866,-0.0351677884300428,,,,,,,,Line_3,2,3,1.0,1.029993275701866,-0.0351677884300428,1.0100457366879645,-0.0659269330117634,1.762369165965282,Line_3,2,3,1.0,11.522774290907805,63.37759538876767,51.85482109785986,GENROU_4,6,GENROU_1,1,0.9999997638862224,1.0000003364188708,3.3641887076107935e-07,GENROU_1,1,GENROU_3,3,1.4713602017700882,2.0342199927441214,GENROU_5,8,GENROU_2,2
1746,2,9.9,0.02,0.001,NEXT_STEP,0,0.0360270797997717,0.0169818627715297,1.0299933035533588,-0.0351685591089775,,,,,,,,Line_3,2,3,1.0,1.0299933035533588,-0.0351685591089775,1.010045328678558,-0.0659275754293612,1.7623618171320174,Line_3,2,3,1.0,11.52271440598762,63.3774933934873,51.85477898749968,GENROU_4,6,GENROU_1,1,0.9999997638862224,1.0000003342445032,3.342445031861985e-07,GENROU_1,1,GENROU_3,3,1.4713610968731765,2.034219713563083,GENROU_5,8,GENROU_2,2
1748,2,9.905,0.02,0.001,NEXT_STEP,1,0.0360270798405945,0.0169818628077157,1.0299933105105856,-0.0351687511091921,,,,,,,,Line_3,2,3,1.0,1.0299933105105856,-0.0351687511091921,1.0100452271380396,-0.0659277354830151,1.76235998672891,Line_3,2,3,1.0,11.522699434764297,63.37746789494587,51.854768460181575,GENROU_4,6,GENROU_1,1,0.9999997638862224,1.0000003336979135,3.336979135237783e-07,GENROU_1,1,GENROU_3,3,1.4713613181219176,2.0342196407500213,GENROU_5,8,GENROU_2,2
1750,2,9.925,0.02,0.001,NEXT_STEP,0,0.0360270797997374,0.0169818627715178,1.0299933383753173,-0.0351695165389727,,,,,,,,Line_3,2,3,1.0,1.0299933383753173,-0.0351695165389727,1.0100448228626182,-0.0659283736380451,1.7623526944228445,Line_3,2,3,1.0,11.52263963766764,63.37736590191114,51.854726264243496,GENROU_4,6,GENROU_1,1,0.9999997638862224,1.000000331499867,3.31499866668139e-07,GENROU_1,1,GENROU_3,3,1.471362196681102,2.034219338155784,GENROU_5,8,GENROU_2,2
1752,2,9.93,0.02,0.001,NEXT_STEP,1,0.03602707984059,0.016981862807726,1.0299933453670975,-0.0351697071700103,,,,,,,,Line_3,2,3,1.0,1.0299933453670975,-0.0351697071700103,1.0100447222769051,-0.0659285325852493,1.762350879072926,Line_3,2,3,1.0,11.522624792155463,63.37734040394137,51.85471561178591,GENROU_4,6,GENROU_1,1,0.9999997638862224,1.0000003309476786,3.309476785950949e-07,GENROU_1,1,GENROU_3,3,1.4713624140121917,2.034219259838144,GENROU_5,8,GENROU_2,2
1754,2,9.95,0.02,0.001,NEXT_STEP,0,0.0360270797997264,0.0169818627714911,1.0299933734888966,-0.0351704669081215,,,,,,,,Line_3,2,3,1.0,1.0299933734888966,-0.0351704669081215,1.010044321905563,-0.0659291661306561,1.7623436487635615,Line_3,2,3,1.0,11.52256579231168,63.377238413255405,51.85467262094373,GENROU_4,6,GENROU_1,1,0.9999997638862224,1.000000328729872,3.287298719900633e-07,GENROU_1,1,GENROU_3,3,1.4713632765558489,2.034218936246211,GENROU_5,8,GENROU_2,2
1756,2,9.955,0.02,0.001,NEXT_STEP,1,0.036027079839332,0.01698186280661,1.0299933805067727,-0.0351706563913732,,,,,,,,Line_3,2,3,1.0,1.0299933805067727,-0.0351706563913732,1.0100442222644608,-0.0659293241818636,1.7623418478400763,Line_3,2,3,1.0,11.522551059353528,63.37721291588343,51.8546618565299,GENROU_4,6,GENROU_1,1,0.9999997638862224,1.000000328173177,3.28173177077673e-07,GENROU_1,1,GENROU_3,3,1.471363489689252,2.034218852686494,GENROU_5,8,GENROU_2,2
1758,2,9.975,0.02,0.001,NEXT_STEP,0,0.0360270797997115,0.0169818627714692,1.029993408462402,-0.0351714150661708,,,,,,,,Line_3,2,3,1.0,1.029993408462402,-0.0351714150661708,1.0100438255775706,-0.0659299567993932,1.7623346252906629,Line_3,2,3,1.0,11.522492127458309,63.37711092747308,51.85461880001477,GENROU_4,6,GENROU_1,1,0.9999997638862224,1.0000003259310477,3.25931047706618e-07,GENROU_1,1,GENROU_3,3,1.4713643352452064,2.034218507613083,GENROU_5,8,GENROU_2,2
1760,2,9.98,0.02,0.001,NEXT_STEP,1,0.0360270798405862,0.0169818628077041,1.0299934154093096,-0.0351716048828031,,,,,,,,Line_3,2,3,1.0,1.0299934154093096,-0.0351716048828031,1.010043726860853,-0.065930115041521,1.762332816204804,Line_3,2,3,1.0,11.522477394478104,63.377085430618926,51.85460803614082,GENROU_4,6,GENROU_1,1,0.9999997638862224,1.0000003253656329,3.2536563265850305e-07,GENROU_1,1,GENROU_3,3,1.471364544247109,2.034218418809949,GENROU_5,8,GENROU_2,2
1762,2,10.0,0.02,0.001,NEXT_STEP,0,0.036027079799716,0.0169818627714909,1.0299934431082511,-0.0351723635932841,,,,,,,,Line_3,2,3,1.0,1.0299934431082511,-0.0351723635932841,1.0100433337756365,-0.0659307478891454,1.762325604794313,Line_3,2,3,1.0,11.522418462570515,63.37698344410239,51.85456498153187,GENROU_4,6,GENROU_1,1,0.9999997638862224,1.0000003230789385,3.230789382691057e-07,GENROU_1,1,GENROU_3,3,1.471365374193768,2.0342180551938824,GENROU_5,8,GENROU_2,2
