t_granted,feeder,iter,state,vupdate,source_v_pu,source_ang_deg,dist_bus,vavg_pu,va_pu,vb_pu,vc_pu,vpos_pu,alert_signal,alert_bus,alert_v_pu,alert_vpos_pu,alert_vavg_pu,fidvr_stage,tx_v_pu,motor_p_scale,motor_q_scale,caps_status,caps_on,cap_fraction,tap_pu,restore_frac,thermal_restore_frac,motor_slip_avg,motor_slip_max,motor_pf_avg,motor_running_groups,motor_stalled_groups,motor_tripped_groups,motor_restoring_groups,motor_contactor_open_groups,motor_thermal_trip_groups,motor_locked_out_groups,dynamics_enabled,tap_reg1,tap_reg2,tap_reg3,cap1_state,cap1_enabled,cap2_state,cap2_enabled,fidvr_stage_effective
0.003,1,1,NEXT_STEP,False,1.008671,-10.163595,675,1.00357,0.986094,1.051992,0.972624,1.003331,dist_bus,675,1.003331,1.003331,1.00357,BASELINE,1.008671,1.0,1.0,on,True,1.0,1.05,1.0,0.0,,,,12,0,0,0,0,0,0,False,1.05625,1.0375,1.05625,on,True,on,True,BASELINE
0.006,1,3,NEXT_STEP,False,1.00867,-10.163594,675,1.003569,0.986093,1.051991,0.972623,1.00333,dist_bus,675,1.00333,1.00333,1.003569,BASELINE,1.00867,1.0,1.0,on,True,1.0,1.05,1.0,0.0,,,,12,0,0,0,0,0,0,False,1.05625,1.0375,1.05625,on,True,on,True,BASELINE
0.009,1,5,NEXT_STEP,False,1.00867,-10.163597,675,1.003569,0.986093,1.051991,0.972623,1.00333,dist_bus,675,1.00333,1.00333,1.003569,BASELINE,1.00867,1.0,1.0,on,True,1.0,1.05,1.0,0.0,,,,12,0,0,0,0,0,0,False,1.05625,1.0375,1.05625,on,True,on,True,BASELINE
0.012,1,7,NEXT_STEP,False,1.00867,-10.163597,675,1.003569,0.986093,1.051991,0.972623,1.00333,dist_bus,675,1.00333,1.00333,1.003569,BASELINE,1.00867,1.0,1.0,on,True,1.0,1.05,1.0,0.0,,,,12,0,0,0,0,0,0,False,1.05625,1.0375,1.05625,on,True,on,True,BASELINE
0.015,1,9,NEXT_STEP,False,1.00867,-10.163597,675,1.003569,0.986093,1.051991,0.972623,1.00333,dist_bus,675,1.00333,1.00333,1.003569,BASELINE,1.00867,1.0,1.0,on,True,1.0,1.05,1.0,0.0,,,,12,0,0,0,0,0,0,False,1.05625,1.0375,1.05625,on,True,on,True,BASELINE
0.018,1,11,NEXT_STEP,False,1.00867,-10.163597,675,1.003569,0.986093,1.051991,0.972623,1.00333,dist_bus,675,1.00333,1.00333,1.003569,BASELINE,1.00867,1.0,1.0,on,True,1.0,1.05,1.0,0.0,,,,12,0,0,0,0,0,0,False,1.05625,1.0375,1.05625,on,True,on,True,BASELINE
0.021,1,13,NEXT_STEP,False,1.00867,-10.163597,675,1.003569,0.986093,1.051991,0.972623,1.00333,dist_bus,675,1.00333,1.00333,1.003569,BASELINE,1.00867,1.0,1.0,on,True,1.0,1.05,1.0,0.0,,,,12,0,0,0,0,0,0,False,1.05625,1.0375,1.05625,on,True,on,True,BASELINE
0.024,1,15,NEXT_STEP,False,1.00867,-10.163597,675,1.003569,0.986093,1.051991,0.972623,1.00333,dist_bus,675,1.00333,1.00333,1.003569,BASELINE,1.00867,1.0,1.0,on,True,1.0,1.05,1.0,0.0,,,,12,0,0,0,0,0,0,False,1.05625,1.0375,1.05625,on,True,on,True,BASELINE
0.027,1,17,NEXT_STEP,False,1.00867,-10.163597,675,1.003569,0.986093,1.051991,0.972623,1.00333,dist_bus,675,1.00333,1.00333,1.003569,BASELINE,1.00867,1.0,1.0,on,True,1.0,1.05,1.0,0.0,,,,12,0,0,0,0,0,0,False,1.05625,1.0375,1.05625,on,True,on,True,BASELINE
0.03,1,19,NEXT_STEP,False,1.00867,-10.163597,675,1.003569,0.986093,1.051991,0.972623,1.00333,dist_bus,675,1.00333,1.00333,1.003569,BASELINE,1.00867,1.0,1.0,on,True,1.0,1.05,1.0,0.0,,,,12,0,0,0,0,0,0,False,1.05625,1.0375,1.05625,on,True,on,True,BASELINE
0.033,1,21,NEXT_STEP,False,1.00867,-10.163597,675,1.003569,0.986093,1.051991,0.972623,1.00333,dist_bus,675,1.00333,1.00333,1.003569,BASELINE,1.00867,1.0,1.0,on,True,1.0,1.05,1.0,0.0,,,,12,0,0,0,0,0,0,False,1.05625,1.0375,1.05625,on,True,on,True,BASELINE
0.036,1,23,NEXT_STEP,False,1.00867,-10.163597,675,1.003569,0.986093,1.051991,0.972623,1.00333,dist_bus,675,1.00333,1.00333,1.003569,BASELINE,1.00867,1.0,1.0,on,True,1.0,1.05,1.0,0.0,,,,12,0,0,0,0,0,0,False,1.05625,1.0375,1.05625,on,True,on,True,BASELINE
0.039,1,25,NEXT_STEP,False,1.00867,-10.163598,675,1.003569,0.986093,1.051991,0.972623,1.00333,dist_bus,675,1.00333,1.00333,1.003569,BASELINE,1.00867,1.0,1.0,on,True,1.0,1.05,1.0,0.0,,,,12,0,0,0,0,0,0,False,1.05625,1.0375,1.05625,on,True,on,True,BASELINE
0.042,1,27,NEXT_STEP,False,1.00867,-10.163598,675,1.003569,0.986093,1.051991,0.972623,1.00333,dist_bus,675,1.00333,1.00333,1.003569,BASELINE,1.00867,1.0,1.0,on,True,1.0,1.05,1.0,0.0,,,,12,0,0,0,0,0,0,False,1.05625,1.0375,1.05625,on,True,on,True,BASELINE
0.045,1,29,NEXT_STEP,False,1.00867,-10.163598,675,1.003569,0.986093,1.051991,0.972623,1.00333,dist_bus,675,1.00333,1.00333,1.003569,BASELINE,1.00867,1.0,1.0,on,True,1.0,1.05,1.0,0.0,,,,12,0,0,0,0,0,0,False,1.05625,1.0375,1.05625,on,True,on,True,BASELINE
0.048,1,31,NEXT_STEP,False,1.00867,-10.163598,675,1.003569,0.986093,1.051991,0.972623,1.00333,dist_bus,675,1.00333,1.00333,1.003569,BASELINE,1.00867,1.0,1.0,on,True,1.0,1.05,1.0,0.0,,,,12,0,0,0,0,0,0,False,1.05625,1.0375,1.05625,on,True,on,True,BASELINE
0.051,1,33,NEXT_STEP,False,1.00867,-10.163598,675,1.003569,0.986093,1.051991,0.972623,1.00333,dist_bus,675,1.00333,1.00333,1.003569,BASELINE,1.00867,1.0,1.0,on,True,1.0,1.05,1.0,0.0,,,,12,0,0,0,0,0,0,False,1.05625,1.0375,1.05625,on,True,on,True,BASELINE
0.054,1,35,NEXT_STEP,False,1.00867,-10.163598,675,1.003569,0.986093,1.051991,0.972623,1.00333,dist_bus,675,1.00333,1.00333,1.003569,BASELINE,1.00867,1.0,1.0,on,True,1.0,1.05,1.0,0.0,,,,12,0,0,0,0,0,0,False,1.05625,1.0375,1.05625,on,True,on,True,BASELINE
0.057,1,37,NEXT_STEP,False,1.00867,-10.163598,675,1.003569,0.986093,1.051991,0.972623,1.00333,dist_bus,675,1.00333,1.00333,1.003569,BASELINE,1.00867,1.0,1.0,on,True,1.0,1.05,1.0,0.0,,,,12,0,0,0,0,0,0,False,1.05625,1.0375,1.05625,on,True,on,True,BASELINE
0.06,1,39,NEXT_STEP,False,1.00867,-10.163598,675,1.003569,0.986093,1.051991,0.972623,1.00333,dist_bus,675,1.00333,1.00333,1.003569,BASELINE,1.00867,1.0,1.0,on,True,1.0,1.05,1.0,0.0,,,,12,0,0,0,0,0,0,False,1.05625,1.0375,1.05625,on,True,on,True,BASELINE
0.063,1,41,NEXT_STEP,False,1.00867,-10.163598,675,1.003569,0.986093,1.051991,0.972623,1.00333,dist_bus,675,1.00333,1.00333,1.003569,BASELINE,1.00867,1.0,1.0,on,True,1.0,1.05,1.0,0.0,,,,12,0,0,0,0,0,0,False,1.05625,1.0375,1.05625,on,True,on,True,BASELINE
0.066,1,43,NEXT_STEP,False,1.00867,-10.163598,675,1.003569,0.986093,1.051991,0.972623,1.00333,dist_bus,675,1.00333,1.00333,1.003569,BASELINE,1.00867,1.0,1.0,on,True,1.0,1.05,1.0,0.0,,,,12,0,0,0,0,0,0,False,1.05625,1.0375,1.05625,on,True,on,True,BASELINE
0.069,1,45,NEXT_STEP,False,1.00867,-10.163598,675,1.003569,0.986093,1.051991,0.972623,1.00333,dist_bus,675,1.00333,1.00333,1.003569,BASELINE,1.00867,1.0,1.0,on,True,1.0,1.05,1.0,0.0,,,,12,0,0,0,0,0,0,False,1.05625,1.0375,1.05625,on,True,on,True,BASELINE
0.072,1,47,NEXT_STEP,False,1.00867,-10.163598,675,1.003569,0.986093,1.051991,0.972623,1.00333,dist_bus,675,1.00333,1.00333,1.003569,BASELINE,1.00867,1.0,1.0,on,True,1.0,1.05,1.0,0.0,,,,12,0,0,0,0,0,0,False,1.05625,1.0375,1.05625,on,True,on,True,BASELINE
0.075,1,49,NEXT_STEP,False,1.00867,-10.163598,675,1.003569,0.986093,1.051991,0.972623,1.00333,dist_bus,675,1.00333,1.00333,1.003569,BASELINE,1.00867,1.0,1.0,on,True,1.0,1.05,1.0,0.0,,,,12,0,0,0,0,0,0,False,1.05625,1.0375,1.05625,on,True,on,True,BASELINE
0.078,1,51,NEXT_STEP,False,1.00867,-10.163598,675,1.003569,0.986093,1.051991,0.972623,1.00333,dist_bus,675,1.00333,1.00333,1.003569,BASELINE,1.00867,1.0,1.0,on,True,1.0,1.05,1.0,0.0,,,,12,0,0,0,0,0,0,False,1.05625,1.0375,1.05625,on,True,on,True,BASELINE
0.081,1,53,NEXT_STEP,False,1.00867,-10.163598,675,1.003569,0.986093,1.051991,0.972623,1.00333,dist_bus,675,1.00333,1.00333,1.003569,BASELINE,1.00867,1.0,1.0,on,True,1.0,1.05,1.0,0.0,,,,12,0,0,0,0,0,0,False,1.05625,1.0375,1.05625,on,True,on,True,BASELINE
0.084,1,55,NEXT_STEP,False,1.00867,-10.163598,675,1.003569,0.986093,1.051991,0.972623,1.00333,dist_bus,675,1.00333,1.00333,1.003569,BASELINE,1.00867,1.0,1.0,on,True,1.0,1.05,1.0,0.0,,,,12,0,0,0,0,0,0,False,1.05625,1.0375,1.05625,on,True,on,True,BASELINE
0.087,1,57,NEXT_STEP,False,1.00867,-10.163598,675,1.003569,0.986093,1.051991,0.972623,1.00333,dist_bus,675,1.00333,1.00333,1.003569,BASELINE,1.00867,1.0,1.0,on,True,1.0,1.05,1.0,0.0,,,,12,0,0,0,0,0,0,False,1.05625,1.0375,1.05625,on,True,on,True,BASELINE
0.09,1,59,NEXT_STEP,False,1.00867,-10.163598,675,1.003569,0.986093,1.051991,0.972623,1.00333,dist_bus,675,1.00333,1.00333,1.003569,BASELINE,1.00867,1.0,1.0,on,True,1.0,1.05,1.0,0.0,,,,12,0,0,0,0,0,0,False,1.05625,1.0375,1.05625,on,True,on,True,BASELINE
0.093,1,61,NEXT_STEP,False,1.00867,-10.163598,675,1.003569,0.986093,1.051991,0.972623,1.00333,dist_bus,675,1.00333,1.00333,1.003569,BASELINE,1.00867,1.0,1.0,on,True,1.0,1.05,1.0,0.0,,,,12,0,0,0,0,0,0,False,1.05625,1.0375,1.05625,on,True,on,True,BASELINE
0.096,1,63,NEXT_STEP,False,1.00867,-10.163598,675,1.003569,0.986093,1.051991,0.972623,1.00333,dist_bus,675,1.00333,1.00333,1.003569,BASELINE,1.00867,1.0,1.0,on,True,1.0,1.05,1.0,0.0,,,,12,0,0,0,0,0,0,False,1.05625,1.0375,1.05625,on,True,on,True,BASELINE
0.099,1,65,NEXT_STEP,False,1.00867,-10.163598,675,1.003569,0.986093,1.051991,0.972623,1.00333,dist_bus,675,1.00333,1.00333,1.003569,BASELINE,1.00867,1.0,1.0,on,True,1.0,1.05,1.0,0.0,,,,12,0,0,0,0,0,0,False,1.05625,1.0375,1.05625,on,True,on,True,BASELINE
0.102,1,67,NEXT_STEP,False,1.00867,-10.163598,675,1.003569,0.986093,1.051991,0.972623,1.00333,dist_bus,675,1.00333,1.00333,1.003569,BASELINE,1.00867,1.0,1.0,on,True,1.0,1.05,1.0,0.0,,,,12,0,0,0,0,0,0,False,1.05625,1.0375,1.05625,on,True,on,True,BASELINE
0.105,1,69,NEXT_STEP,False,1.00867,-10.163598,675,1.003569,0.986093,1.051991,0.972623,1.00333,dist_bus,675,1.00333,1.00333,1.003569,BASELINE,1.00867,1.0,1.0,on,True,1.0,1.05,1.0,0.0,,,,12,0,0,0,0,0,0,False,1.05625,1.0375,1.05625,on,True,on,True,BASELINE
0.108,1,71,NEXT_STEP,False,1.00867,-10.163598,675,1.003569,0.986093,1.051991,0.972623,1.00333,dist_bus,675,1.00333,1.00333,1.003569,BASELINE,1.00867,1.0,1.0,on,True,1.0,1.05,1.0,0.0,,,,12,0,0,0,0,0,0,False,1.05625,1.0375,1.05625,on,True,on,True,BASELINE
0.111,1,73,NEXT_STEP,False,1.00867,-10.163598,675,1.003569,0.986093,1.051991,0.972623,1.00333,dist_bus,675,1.00333,1.00333,1.003569,BASELINE,1.00867,1.0,1.0,on,True,1.0,1.05,1.0,0.0,,,,12,0,0,0,0,0,0,False,1.05625,1.0375,1.05625,on,True,on,True,BASELINE
0.114,1,75,NEXT_STEP,False,1.00867,-10.163598,675,1.003569,0.986093,1.051991,0.972623,1.00333,dist_bus,675,1.00333,1.00333,1.003569,BASELINE,1.00867,1.0,1.0,on,True,1.0,1.05,1.0,0.0,,,,12,0,0,0,0,0,0,False,1.05625,1.0375,1.05625,on,True,on,True,BASELINE
0.117,1,77,NEXT_STEP,False,1.00867,-10.163599,675,1.003569,0.986093,1.051991,0.972623,1.00333,dist_bus,675,1.00333,1.00333,1.003569,BASELINE,1.00867,1.0,1.0,on,True,1.0,1.05,1.0,0.0,,,,12,0,0,0,0,0,0,False,1.05625,1.0375,1.05625,on,True,on,True,BASELINE
0.12,1,79,NEXT_STEP,False,1.00867,-10.163599,675,1.003569,0.986093,1.051991,0.972623,1.00333,dist_bus,675,1.00333,1.00333,1.003569,BASELINE,1.00867,1.0,1.0,on,True,1.0,1.05,1.0,0.0,,,,12,0,0,0,0,0,0,False,1.05625,1.0375,1.05625,on,True,on,True,BASELINE
0.123,1,81,NEXT_STEP,False,1.00867,-10.163599,675,1.003569,0.986093,1.051991,0.972623,1.00333,dist_bus,675,1.00333,1.00333,1.003569,BASELINE,1.00867,1.0,1.0,on,True,1.0,1.05,1.0,0.0,,,,12,0,0,0,0,0,0,False,1.05625,1.0375,1.05625,on,True,on,True,BASELINE
0.126,1,83,NEXT_STEP,False,1.00867,-10.163599,675,1.003569,0.986093,1.051991,0.972623,1.00333,dist_bus,675,1.00333,1.00333,1.003569,BASELINE,1.00867,1.0,1.0,on,True,1.0,1.05,1.0,0.0,,,,12,0,0,0,0,0,0,False,1.05625,1.0375,1.05625,on,True,on,True,BASELINE
0.129,1,85,NEXT_STEP,False,1.00867,-10.163599,675,1.003569,0.986093,1.051991,0.972623,1.00333,dist_bus,675,1.00333,1.00333,1.003569,BASELINE,1.00867,1.0,1.0,on,True,1.0,1.05,1.0,0.0,,,,12,0,0,0,0,0,0,False,1.05625,1.0375,1.05625,on,True,on,True,BASELINE
0.132,1,87,NEXT_STEP,False,1.00867,-10.163599,675,1.003569,0.986093,1.051991,0.972623,1.00333,dist_bus,675,1.00333,1.00333,1.003569,BASELINE,1.00867,1.0,1.0,on,True,1.0,1.05,1.0,0.0,,,,12,0,0,0,0,0,0,False,1.05625,1.0375,1.05625,on,True,on,True,BASELINE
0.135,1,89,NEXT_STEP,False,1.00867,-10.163599,675,1.003569,0.986093,1.051991,0.972623,1.00333,dist_bus,675,1.00333,1.00333,1.003569,BASELINE,1.00867,1.0,1.0,on,True,1.0,1.05,1.0,0.0,,,,12,0,0,0,0,0,0,False,1.05625,1.0375,1.05625,on,True,on,True,BASELINE
0.138,1,91,NEXT_STEP,False,1.00867,-10.163599,675,1.003569,0.986093,1.051991,0.972623,1.00333,dist_bus,675,1.00333,1.00333,1.003569,BASELINE,1.00867,1.0,1.0,on,True,1.0,1.05,1.0,0.0,,,,12,0,0,0,0,0,0,False,1.05625,1.0375,1.05625,on,True,on,True,BASELINE
0.141,1,93,NEXT_STEP,False,1.00867,-10.163599,675,1.003569,0.986093,1.051991,0.972623,1.00333,dist_bus,675,1.00333,1.00333,1.003569,BASELINE,1.00867,1.0,1.0,on,True,1.0,1.05,1.0,0.0,,,,12,0,0,0,0,0,0,False,1.05625,1.0375,1.05625,on,True,on,True,BASELINE
0.144,1,95,NEXT_STEP,False,1.00867,-10.163599,675,1.003569,0.986093,1.051991,0.972623,1.00333,dist_bus,675,1.00333,1.00333,1.003569,BASELINE,1.00867,1.0,1.0,on,True,1.0,1.05,1.0,0.0,,,,12,0,0,0,0,0,0,False,1.05625,1.0375,1.05625,on,True,on,True,BASELINE
0.147,1,97,NEXT_STEP,False,1.00867,-10.163599,675,1.003569,0.986093,1.051991,0.972623,1.00333,dist_bus,675,1.00333,1.00333,1.003569,BASELINE,1.00867,1.0,1.0,on,True,1.0,1.05,1.0,0.0,,,,12,0,0,0,0,0,0,False,1.05625,1.0375,1.05625,on,True,on,True,BASELINE
0.15,1,99,NEXT_STEP,False,1.00867,-10.163599,675,1.003569,0.986093,1.051991,0.972623,1.00333,dist_bus,675,1.00333,1.00333,1.003569,BASELINE,1.00867,1.0,1.0,on,True,1.0,1.05,1.0,0.0,,,,12,0,0,0,0,0,0,False,1.05625,1.0375,1.05625,on,True,on,True,BASELINE
0.153,1,101,NEXT_STEP,False,1.00867,-10.163599,675,1.003569,0.986093,1.051991,0.972623,1.00333,dist_bus,675,1.00333,1.00333,1.003569,BASELINE,1.00867,1.0,1.0,on,True,1.0,1.05,1.0,0.0,,,,12,0,0,0,0,0,0,False,1.05625,1.0375,1.05625,on,True,on,True,BASELINE
0.156,1,103,NEXT_STEP,False,1.00867,-10.163599,675,1.003569,0.986093,1.051991,0.972623,1.00333,dist_bus,675,1.00333,1.00333,1.003569,BASELINE,1.00867,1.0,1.0,on,True,1.0,1.05,1.0,0.0,,,,12,0,0,0,0,0,0,False,1.05625,1.0375,1.05625,on,True,on,True,BASELINE
0.159,1,105,NEXT_STEP,False,1.00867,-10.163599,675,1.003569,0.986093,1.051991,0.972623,1.00333,dist_bus,675,1.00333,1.00333,1.003569,BASELINE,1.00867,1.0,1.0,on,True,1.0,1.05,1.0,0.0,,,,12,0,0,0,0,0,0,False,1.05625,1.0375,1.05625,on,True,on,True,BASELINE
0.162,1,107,NEXT_STEP,False,1.00867,-10.163599,675,1.003569,0.986093,1.051991,0.972623,1.00333,dist_bus,675,1.00333,1.00333,1.003569,BASELINE,1.00867,1.0,1.0,on,True,1.0,1.05,1.0,0.0,,,,12,0,0,0,0,0,0,False,1.05625,1.0375,1.05625,on,True,on,True,BASELINE
0.165,1,109,NEXT_STEP,False,1.00867,-10.163599,675,1.003569,0.986093,1.051991,0.972623,1.00333,dist_bus,675,1.00333,1.00333,1.003569,BASELINE,1.00867,1.0,1.0,on,True,1.0,1.05,1.0,0.0,,,,12,0,0,0,0,0,0,False,1.05625,1.0375,1.05625,on,True,on,True,BASELINE
0.168,1,111,NEXT_STEP,False,1.00867,-10.163599,675,1.003569,0.986093,1.051991,0.972623,1.00333,dist_bus,675,1.00333,1.00333,1.003569,BASELINE,1.00867,1.0,1.0,on,True,1.0,1.05,1.0,0.0,,,,12,0,0,0,0,0,0,False,1.05625,1.0375,1.05625,on,True,on,True,BASELINE
0.171,1,113,NEXT_STEP,False,1.00867,-10.163599,675,1.003569,0.986093,1.051991,0.972623,1.00333,dist_bus,675,1.00333,1.00333,1.003569,BASELINE,1.00867,1.0,1.0,on,True,1.0,1.05,1.0,0.0,,,,12,0,0,0,0,0,0,False,1.05625,1.0375,1.05625,on,True,on,True,BASELINE
0.174,1,115,NEXT_STEP,False,1.00867,-10.163599,675,1.003569,0.986093,1.051991,0.972623,1.00333,dist_bus,675,1.00333,1.00333,1.003569,BASELINE,1.00867,1.0,1.0,on,True,1.0,1.05,1.0,0.0,,,,12,0,0,0,0,0,0,False,1.05625,1.0375,1.05625,on,True,on,True,BASELINE
0.177,1,117,NEXT_STEP,False,1.00867,-10.163599,675,1.003569,0.986093,1.051991,0.972623,1.00333,dist_bus,675,1.00333,1.00333,1.003569,BASELINE,1.00867,1.0,1.0,on,True,1.0,1.05,1.0,0.0,,,,12,0,0,0,0,0,0,False,1.05625,1.0375,1.05625,on,True,on,True,BASELINE
0.18,1,119,NEXT_STEP,False,1.00867,-10.163599,675,1.003569,0.986093,1.051991,0.972623,1.00333,dist_bus,675,1.00333,1.00333,1.003569,BASELINE,1.00867,1.0,1.0,on,True,1.0,1.05,1.0,0.0,,,,12,0,0,0,0,0,0,False,1.05625,1.0375,1.05625,on,True,on,True,BASELINE
0.183,1,121,NEXT_STEP,False,1.00867,-10.163599,675,1.003569,0.986093,1.051991,0.972623,1.00333,dist_bus,675,1.00333,1.00333,1.003569,BASELINE,1.00867,1.0,1.0,on,True,1.0,1.05,1.0,0.0,,,,12,0,0,0,0,0,0,False,1.05625,1.0375,1.05625,on,True,on,True,BASELINE
0.186,1,123,NEXT_STEP,False,1.00867,-10.163599,675,1.003569,0.986093,1.051991,0.972623,1.00333,dist_bus,675,1.00333,1.00333,1.003569,BASELINE,1.00867,1.0,1.0,on,True,1.0,1.05,1.0,0.0,,,,12,0,0,0,0,0,0,False,1.05625,1.0375,1.05625,on,True,on,True,BASELINE
0.189,1,125,NEXT_STEP,False,1.00867,-10.163599,675,1.003569,0.986093,1.051991,0.972623,1.00333,dist_bus,675,1.00333,1.00333,1.003569,BASELINE,1.00867,1.0,1.0,on,True,1.0,1.05,1.0,0.0,,,,12,0,0,0,0,0,0,False,1.05625,1.0375,1.05625,on,True,on,True,BASELINE
0.192,1,127,NEXT_STEP,False,1.00867,-10.163599,675,1.003569,0.986093,1.051991,0.972623,1.00333,dist_bus,675,1.00333,1.00333,1.003569,BASELINE,1.00867,1.0,1.0,on,True,1.0,1.05,1.0,0.0,,,,12,0,0,0,0,0,0,False,1.05625,1.0375,1.05625,on,True,on,True,BASELINE
0.195,1,129,NEXT_STEP,False,1.00867,-10.163599,675,1.003569,0.986093,1.051991,0.972623,1.00333,dist_bus,675,1.00333,1.00333,1.003569,BASELINE,1.00867,1.0,1.0,on,True,1.0,1.05,1.0,0.0,,,,12,0,0,0,0,0,0,False,1.05625,1.0375,1.05625,on,True,on,True,BASELINE
0.198,1,131,NEXT_STEP,False,1.00867,-10.163599,675,1.003569,0.986093,1.051991,0.972623,1.00333,dist_bus,675,1.00333,1.00333,1.003569,BASELINE,1.00867,1.0,1.0,on,True,1.0,1.05,1.0,0.0,,,,12,0,0,0,0,0,0,False,1.05625,1.0375,1.05625,on,True,on,True,BASELINE
0.201,1,133,NEXT_STEP,False,1.00867,-10.163599,675,1.003569,0.986093,1.051991,0.972623,1.00333,dist_bus,675,1.00333,1.00333,1.003569,BASELINE,1.00867,1.0,1.0,on,True,1.0,1.05,1.0,0.0,,,,12,0,0,0,0,0,0,False,1.05625,1.0375,1.05625,on,True,on,True,BASELINE
0.204,1,134,NEXT_STEP,False,1.00867,-10.163599,675,1.003569,0.986093,1.051991,0.972623,1.00333,dist_bus,675,1.00333,1.00333,1.003569,BASELINE,1.00867,1.0,1.0,on,True,1.0,1.05,1.0,0.0,,,,12,0,0,0,0,0,0,False,1.05625,1.0375,1.05625,on,True,on,True,BASELINE
0.207,1,136,NEXT_STEP,False,1.00867,-10.163599,675,1.003569,0.986093,1.051991,0.972623,1.00333,dist_bus,675,1.00333,1.00333,1.003569,BASELINE,1.00867,1.0,1.0,on,True,1.0,1.05,1.0,0.0,,,,12,0,0,0,0,0,0,False,1.05625,1.0375,1.05625,on,True,on,True,BASELINE
0.21,1,138,NEXT_STEP,False,1.00867,-10.163599,675,1.003569,0.986093,1.051991,0.972623,1.00333,dist_bus,675,1.00333,1.00333,1.003569,BASELINE,1.00867,1.0,1.0,on,True,1.0,1.05,1.0,0.0,,,,12,0,0,0,0,0,0,False,1.05625,1.0375,1.05625,on,True,on,True,BASELINE
0.213,1,139,NEXT_STEP,False,1.00867,-10.163599,675,1.003569,0.986093,1.051991,0.972623,1.00333,dist_bus,675,1.00333,1.00333,1.003569,BASELINE,1.00867,1.0,1.0,on,True,1.0,1.05,1.0,0.0,,,,12,0,0,0,0,0,0,False,1.05625,1.0375,1.05625,on,True,on,True,BASELINE
0.216,1,141,NEXT_STEP,False,1.00867,-10.163599,675,1.003569,0.986093,1.051991,0.972623,1.00333,dist_bus,675,1.00333,1.00333,1.003569,BASELINE,1.00867,1.0,1.0,on,True,1.0,1.05,1.0,0.0,,,,12,0,0,0,0,0,0,False,1.05625,1.0375,1.05625,on,True,on,True,BASELINE
0.219,1,142,NEXT_STEP,False,1.00867,-10.163599,675,1.003569,0.986093,1.051991,0.972623,1.00333,dist_bus,675,1.00333,1.00333,1.003569,BASELINE,1.00867,1.0,1.0,on,True,1.0,1.05,1.0,0.0,,,,12,0,0,0,0,0,0,False,1.05625,1.0375,1.05625,on,True,on,True,BASELINE
0.222,1,144,NEXT_STEP,False,1.00867,-10.163599,675,1.003569,0.986093,1.051991,0.972623,1.00333,dist_bus,675,1.00333,1.00333,1.003569,BASELINE,1.00867,1.0,1.0,on,True,1.0,1.05,1.0,0.0,,,,12,0,0,0,0,0,0,False,1.05625,1.0375,1.05625,on,True,on,True,BASELINE
0.225,1,146,NEXT_STEP,False,1.00867,-10.163599,675,1.003569,0.986093,1.051991,0.972623,1.00333,dist_bus,675,1.00333,1.00333,1.003569,BASELINE,1.00867,1.0,1.0,on,True,1.0,1.05,1.0,0.0,,,,12,0,0,0,0,0,0,False,1.05625,1.0375,1.05625,on,True,on,True,BASELINE
0.228,1,148,NEXT_STEP,False,1.00867,-10.163599,675,1.003569,0.986093,1.051991,0.972623,1.00333,dist_bus,675,1.00333,1.00333,1.003569,BASELINE,1.00867,1.0,1.0,on,True,1.0,1.05,1.0,0.0,,,,12,0,0,0,0,0,0,False,1.05625,1.0375,1.05625,on,True,on,True,BASELINE
0.231,1,149,NEXT_STEP,False,1.00867,-10.163599,675,1.003569,0.986093,1.051991,0.972623,1.00333,dist_bus,675,1.00333,1.00333,1.003569,BASELINE,1.00867,1.0,1.0,on,True,1.0,1.05,1.0,0.0,,,,12,0,0,0,0,0,0,False,1.05625,1.0375,1.05625,on,True,on,True,BASELINE
0.234,1,151,NEXT_STEP,False,1.00867,-10.163599,675,1.003569,0.986093,1.051991,0.972623,1.00333,dist_bus,675,1.00333,1.00333,1.003569,BASELINE,1.00867,1.0,1.0,on,True,1.0,1.05,1.0,0.0,,,,12,0,0,0,0,0,0,False,1.05625,1.0375,1.05625,on,True,on,True,BASELINE
0.237,1,152,NEXT_STEP,False,1.00867,-10.163599,675,1.003569,0.986093,1.051991,0.972623,1.00333,dist_bus,675,1.00333,1.00333,1.003569,BASELINE,1.00867,1.0,1.0,on,True,1.0,1.05,1.0,0.0,,,,12,0,0,0,0,0,0,False,1.05625,1.0375,1.05625,on,True,on,True,BASELINE
0.24,1,154,NEXT_STEP,False,1.00867,-10.163599,675,1.003569,0.986093,1.051991,0.972623,1.00333,dist_bus,675,1.00333,1.00333,1.003569,BASELINE,1.00867,1.0,1.0,on,True,1.0,1.05,1.0,0.0,,,,12,0,0,0,0,0,0,False,1.05625,1.0375,1.05625,on,True,on,True,BASELINE
0.243,1,155,NEXT_STEP,False,1.00867,-10.163599,675,1.003569,0.986093,1.051991,0.972623,1.00333,dist_bus,675,1.00333,1.00333,1.003569,BASELINE,1.00867,1.0,1.0,on,True,1.0,1.05,1.0,0.0,,,,12,0,0,0,0,0,0,False,1.05625,1.0375,1.05625,on,True,on,True,BASELINE
0.246,1,157,NEXT_STEP,False,1.00867,-10.163599,675,1.003569,0.986093,1.051991,0.972623,1.00333,dist_bus,675,1.00333,1.00333,1.003569,BASELINE,1.00867,1.0,1.0,on,True,1.0,1.05,1.0,0.0,,,,12,0,0,0,0,0,0,False,1.05625,1.0375,1.05625,on,True,on,True,BASELINE
0.249,1,158,NEXT_STEP,False,1.00867,-10.163599,675,1.003569,0.986093,1.051991,0.972623,1.00333,dist_bus,675,1.00333,1.00333,1.003569,BASELINE,1.00867,1.0,1.0,on,True,1.0,1.05,1.0,0.0,,,,12,0,0,0,0,0,0,False,1.05625,1.0375,1.05625,on,True,on,True,BASELINE
0.252,1,160,NEXT_STEP,False,1.00867,-10.163599,675,1.003569,0.986093,1.051991,0.972623,1.00333,dist_bus,675,1.00333,1.00333,1.003569,BASELINE,1.00867,1.0,1.0,on,True,1.0,1.05,1.0,0.0,,,,12,0,0,0,0,0,0,False,1.05625,1.0375,1.05625,on,True,on,True,BASELINE
0.255,1,162,NEXT_STEP,False,1.00867,-10.163599,675,1.003569,0.986093,1.051991,0.972623,1.00333,dist_bus,675,1.00333,1.00333,1.003569,BASELINE,1.00867,1.0,1.0,on,True,1.0,1.05,1.0,0.0,,,,12,0,0,0,0,0,0,False,1.05625,1.0375,1.05625,on,True,on,True,BASELINE
0.258,1,164,NEXT_STEP,False,1.00867,-10.163599,675,1.003569,0.986093,1.051991,0.972623,1.00333,dist_bus,675,1.00333,1.00333,1.003569,BASELINE,1.00867,1.0,1.0,on,True,1.0,1.05,1.0,0.0,,,,12,0,0,0,0,0,0,False,1.05625,1.0375,1.05625,on,True,on,True,BASELINE
0.261,1,165,NEXT_STEP,False,1.00867,-10.163599,675,1.003569,0.986093,1.051991,0.972623,1.00333,dist_bus,675,1.00333,1.00333,1.003569,BASELINE,1.00867,1.0,1.0,on,True,1.0,1.05,1.0,0.0,,,,12,0,0,0,0,0,0,False,1.05625,1.0375,1.05625,on,True,on,True,BASELINE
0.264,1,167,NEXT_STEP,False,1.00867,-10.163599,675,1.003569,0.986093,1.051991,0.972623,1.00333,dist_bus,675,1.00333,1.00333,1.003569,BASELINE,1.00867,1.0,1.0,on,True,1.0,1.05,1.0,0.0,,,,12,0,0,0,0,0,0,False,1.05625,1.0375,1.05625,on,True,on,True,BASELINE
0.267,1,168,NEXT_STEP,False,1.00867,-10.163599,675,1.003569,0.986093,1.051991,0.972623,1.00333,dist_bus,675,1.00333,1.00333,1.003569,BASELINE,1.00867,1.0,1.0,on,True,1.0,1.05,1.0,0.0,,,,12,0,0,0,0,0,0,False,1.05625,1.0375,1.05625,on,True,on,True,BASELINE
0.27,1,170,NEXT_STEP,False,1.00867,-10.163599,675,1.003569,0.986093,1.051991,0.972623,1.00333,dist_bus,675,1.00333,1.00333,1.003569,BASELINE,1.00867,1.0,1.0,on,True,1.0,1.05,1.0,0.0,,,,12,0,0,0,0,0,0,False,1.05625,1.0375,1.05625,on,True,on,True,BASELINE
0.273,1,172,NEXT_STEP,False,1.00867,-10.163599,675,1.003569,0.986093,1.051991,0.972623,1.00333,dist_bus,675,1.00333,1.00333,1.003569,BASELINE,1.00867,1.0,1.0,on,True,1.0,1.05,1.0,0.0,,,,12,0,0,0,0,0,0,False,1.05625,1.0375,1.05625,on,True,on,True,BASELINE
0.276,1,174,NEXT_STEP,False,1.00867,-10.163599,675,1.003569,0.986093,1.051991,0.972623,1.00333,dist_bus,675,1.00333,1.00333,1.003569,BASELINE,1.00867,1.0,1.0,on,True,1.0,1.05,1.0,0.0,,,,12,0,0,0,0,0,0,False,1.05625,1.0375,1.05625,on,True,on,True,BASELINE
0.279,1,175,NEXT_STEP,False,1.00867,-10.163599,675,1.003569,0.986093,1.051991,0.972623,1.00333,dist_bus,675,1.00333,1.00333,1.003569,BASELINE,1.00867,1.0,1.0,on,True,1.0,1.05,1.0,0.0,,,,12,0,0,0,0,0,0,False,1.05625,1.0375,1.05625,on,True,on,True,BASELINE
0.282,1,177,NEXT_STEP,False,1.00867,-10.163599,675,1.003569,0.986093,1.051991,0.972623,1.00333,dist_bus,675,1.00333,1.00333,1.003569,BASELINE,1.00867,1.0,1.0,on,True,1.0,1.05,1.0,0.0,,,,12,0,0,0,0,0,0,False,1.05625,1.0375,1.05625,on,True,on,True,BASELINE
0.285,1,178,NEXT_STEP,False,1.00867,-10.163599,675,1.003569,0.986093,1.051991,0.972623,1.00333,dist_bus,675,1.00333,1.00333,1.003569,BASELINE,1.00867,1.0,1.0,on,True,1.0,1.05,1.0,0.0,,,,12,0,0,0,0,0,0,False,1.05625,1.0375,1.05625,on,True,on,True,BASELINE
0.288,1,180,NEXT_STEP,False,1.00867,-10.163599,675,1.003569,0.986093,1.051991,0.972623,1.00333,dist_bus,675,1.00333,1.00333,1.003569,BASELINE,1.00867,1.0,1.0,on,True,1.0,1.05,1.0,0.0,,,,12,0,0,0,0,0,0,False,1.05625,1.0375,1.05625,on,True,on,True,BASELINE
0.291,1,182,NEXT_STEP,False,1.00867,-10.163599,675,1.003569,0.986093,1.051991,0.972623,1.00333,dist_bus,675,1.00333,1.00333,1.003569,BASELINE,1.00867,1.0,1.0,on,True,1.0,1.05,1.0,0.0,,,,12,0,0,0,0,0,0,False,1.05625,1.0375,1.05625,on,True,on,True,BASELINE
0.294,1,184,NEXT_STEP,False,1.00867,-10.163599,675,1.003569,0.986093,1.051991,0.972623,1.00333,dist_bus,675,1.00333,1.00333,1.003569,BASELINE,1.00867,1.0,1.0,on,True,1.0,1.05,1.0,0.0,,,,12,0,0,0,0,0,0,False,1.05625,1.0375,1.05625,on,True,on,True,BASELINE
0.297,1,185,NEXT_STEP,False,1.00867,-10.163599,675,1.003569,0.986093,1.051991,0.972623,1.00333,dist_bus,675,1.00333,1.00333,1.003569,BASELINE,1.00867,1.0,1.0,on,True,1.0,1.05,1.0,0.0,,,,12,0,0,0,0,0,0,False,1.05625,1.0375,1.05625,on,True,on,True,BASELINE
0.3,1,187,NEXT_STEP,False,1.00867,-10.163599,675,1.003569,0.986093,1.051991,0.972623,1.00333,dist_bus,675,1.00333,1.00333,1.003569,BASELINE,1.00867,1.0,1.0,on,True,1.0,1.05,1.0,0.0,,,,12,0,0,0,0,0,0,False,1.05625,1.0375,1.05625,on,True,on,True,BASELINE
0.303,1,188,NEXT_STEP,False,1.00867,-10.163599,675,1.003569,0.986093,1.051991,0.972623,1.00333,dist_bus,675,1.00333,1.00333,1.003569,BASELINE,1.00867,1.0,1.0,on,True,1.0,1.05,1.0,0.0,,,,12,0,0,0,0,0,0,False,1.05625,1.0375,1.05625,on,True,on,True,BASELINE
0.306,1,190,NEXT_STEP,False,1.00867,-10.163599,675,1.003569,0.986093,1.051991,0.972623,1.00333,dist_bus,675,1.00333,1.00333,1.003569,BASELINE,1.00867,1.0,1.0,on,True,1.0,1.05,1.0,0.0,,,,12,0,0,0,0,0,0,False,1.05625,1.0375,1.05625,on,True,on,True,BASELINE
0.309,1,192,NEXT_STEP,False,1.00867,-10.163599,675,1.003569,0.986093,1.051991,0.972623,1.00333,dist_bus,675,1.00333,1.00333,1.003569,BASELINE,1.00867,1.0,1.0,on,True,1.0,1.05,1.0,0.0,,,,12,0,0,0,0,0,0,False,1.05625,1.0375,1.05625,on,True,on,True,BASELINE
0.312,1,194,NEXT_STEP,False,1.00867,-10.163599,675,1.003569,0.986093,1.051991,0.972623,1.00333,dist_bus,675,1.00333,1.00333,1.003569,BASELINE,1.00867,1.0,1.0,on,True,1.0,1.05,1.0,0.0,,,,12,0,0,0,0,0,0,False,1.05625,1.0375,1.05625,on,True,on,True,BASELINE
0.315,1,195,NEXT_STEP,False,1.00867,-10.163599,675,1.003569,0.986093,1.051991,0.972623,1.00333,dist_bus,675,1.00333,1.00333,1.003569,BASELINE,1.00867,1.0,1.0,on,True,1.0,1.05,1.0,0.0,,,,12,0,0,0,0,0,0,False,1.05625,1.0375,1.05625,on,True,on,True,BASELINE
0.318,1,197,NEXT_STEP,False,1.00867,-10.163599,675,1.003569,0.986093,1.051991,0.972623,1.00333,dist_bus,675,1.00333,1.00333,1.003569,BASELINE,1.00867,1.0,1.0,on,True,1.0,1.05,1.0,0.0,,,,12,0,0,0,0,0,0,False,1.05625,1.0375,1.05625,on,True,on,True,BASELINE
0.321,1,198,NEXT_STEP,False,1.00867,-10.163599,675,1.003569,0.986093,1.051991,0.972623,1.00333,dist_bus,675,1.00333,1.00333,1.003569,BASELINE,1.00867,1.0,1.0,on,True,1.0,1.05,1.0,0.0,,,,12,0,0,0,0,0,0,False,1.05625,1.0375,1.05625,on,True,on,True,BASELINE
0.324,1,200,NEXT_STEP,False,1.00867,-10.163599,675,1.003569,0.986093,1.051991,0.972623,1.00333,dist_bus,675,1.00333,1.00333,1.003569,BASELINE,1.00867,1.0,1.0,on,True,1.0,1.05,1.0,0.0,,,,12,0,0,0,0,0,0,False,1.05625,1.0375,1.05625,on,True,on,True,BASELINE
0.327,1,202,NEXT_STEP,False,1.00867,-10.163599,675,1.003569,0.986093,1.051991,0.972623,1.00333,dist_bus,675,1.00333,1.00333,1.003569,BASELINE,1.00867,1.0,1.0,on,True,1.0,1.05,1.0,0.0,,,,12,0,0,0,0,0,0,False,1.05625,1.0375,1.05625,on,True,on,True,BASELINE
0.33,1,204,NEXT_STEP,False,1.00867,-10.163599,675,1.003569,0.986093,1.051991,0.972623,1.00333,dist_bus,675,1.00333,1.00333,1.003569,BASELINE,1.00867,1.0,1.0,on,True,1.0,1.05,1.0,0.0,,,,12,0,0,0,0,0,0,False,1.05625,1.0375,1.05625,on,True,on,True,BASELINE
0.333,1,206,NEXT_STEP,False,1.00867,-10.163599,675,1.003569,0.986093,1.051991,0.972623,1.00333,dist_bus,675,1.00333,1.00333,1.003569,BASELINE,1.00867,1.0,1.0,on,True,1.0,1.05,1.0,0.0,,,,12,0,0,0,0,0,0,False,1.05625,1.0375,1.05625,on,True,on,True,BASELINE
0.336,1,208,NEXT_STEP,False,1.00867,-10.163599,675,1.003569,0.986093,1.051991,0.972623,1.00333,dist_bus,675,1.00333,1.00333,1.003569,BASELINE,1.00867,1.0,1.0,on,True,1.0,1.05,1.0,0.0,,,,12,0,0,0,0,0,0,False,1.05625,1.0375,1.05625,on,True,on,True,BASELINE
0.339,1,210,NEXT_STEP,False,1.00867,-10.163599,675,1.003569,0.986093,1.051991,0.972623,1.00333,dist_bus,675,1.00333,1.00333,1.003569,BASELINE,1.00867,1.0,1.0,on,True,1.0,1.05,1.0,0.0,,,,12,0,0,0,0,0,0,False,1.05625,1.0375,1.05625,on,True,on,True,BASELINE
0.342,1,212,NEXT_STEP,False,1.00867,-10.163599,675,1.003569,0.986093,1.051991,0.972623,1.00333,dist_bus,675,1.00333,1.00333,1.003569,BASELINE,1.00867,1.0,1.0,on,True,1.0,1.05,1.0,0.0,,,,12,0,0,0,0,0,0,False,1.05625,1.0375,1.05625,on,True,on,True,BASELINE
0.345,1,214,NEXT_STEP,False,1.00867,-10.163599,675,1.003569,0.986093,1.051991,0.972623,1.00333,dist_bus,675,1.00333,1.00333,1.003569,BASELINE,1.00867,1.0,1.0,on,True,1.0,1.05,1.0,0.0,,,,12,0,0,0,0,0,0,False,1.05625,1.0375,1.05625,on,True,on,True,BASELINE
0.348,1,216,NEXT_STEP,False,1.00867,-10.163599,675,1.003569,0.986093,1.051991,0.972623,1.00333,dist_bus,675,1.00333,1.00333,1.003569,BASELINE,1.00867,1.0,1.0,on,True,1.0,1.05,1.0,0.0,,,,12,0,0,0,0,0,0,False,1.05625,1.0375,1.05625,on,True,on,True,BASELINE
0.351,1,218,NEXT_STEP,False,1.00867,-10.163599,675,1.003569,0.986093,1.051991,0.972623,1.00333,dist_bus,675,1.00333,1.00333,1.003569,BASELINE,1.00867,1.0,1.0,on,True,1.0,1.05,1.0,0.0,,,,12,0,0,0,0,0,0,False,1.05625,1.0375,1.05625,on,True,on,True,BASELINE
0.354,1,220,NEXT_STEP,False,1.00867,-10.163599,675,1.003569,0.986093,1.051991,0.972623,1.00333,dist_bus,675,1.00333,1.00333,1.003569,BASELINE,1.00867,1.0,1.0,on,True,1.0,1.05,1.0,0.0,,,,12,0,0,0,0,0,0,False,1.05625,1.0375,1.05625,on,True,on,True,BASELINE
0.357,1,222,NEXT_STEP,False,1.00867,-10.163599,675,1.003569,0.986093,1.051991,0.972623,1.00333,dist_bus,675,1.00333,1.00333,1.003569,BASELINE,1.00867,1.0,1.0,on,True,1.0,1.05,1.0,0.0,,,,12,0,0,0,0,0,0,False,1.05625,1.0375,1.05625,on,True,on,True,BASELINE
0.36,1,224,NEXT_STEP,False,1.00867,-10.163599,675,1.003569,0.986093,1.051991,0.972623,1.00333,dist_bus,675,1.00333,1.00333,1.003569,BASELINE,1.00867,1.0,1.0,on,True,1.0,1.05,1.0,0.0,,,,12,0,0,0,0,0,0,False,1.05625,1.0375,1.05625,on,True,on,True,BASELINE
0.363,1,226,NEXT_STEP,False,1.00867,-10.163599,675,1.003569,0.986093,1.051991,0.972623,1.00333,dist_bus,675,1.00333,1.00333,1.003569,BASELINE,1.00867,1.0,1.0,on,True,1.0,1.05,1.0,0.0,,,,12,0,0,0,0,0,0,False,1.05625,1.0375,1.05625,on,True,on,True,BASELINE
0.366,1,228,NEXT_STEP,False,1.00867,-10.163599,675,1.003569,0.986093,1.051991,0.972623,1.00333,dist_bus,675,1.00333,1.00333,1.003569,BASELINE,1.00867,1.0,1.0,on,True,1.0,1.05,1.0,0.0,,,,12,0,0,0,0,0,0,False,1.05625,1.0375,1.05625,on,True,on,True,BASELINE
0.369,1,230,NEXT_STEP,False,1.00867,-10.163599,675,1.003569,0.986093,1.051991,0.972623,1.00333,dist_bus,675,1.00333,1.00333,1.003569,BASELINE,1.00867,1.0,1.0,on,True,1.0,1.05,1.0,0.0,,,,12,0,0,0,0,0,0,False,1.05625,1.0375,1.05625,on,True,on,True,BASELINE
0.372,1,232,NEXT_STEP,False,1.00867,-10.163599,675,1.003569,0.986093,1.051991,0.972623,1.00333,dist_bus,675,1.00333,1.00333,1.003569,BASELINE,1.00867,1.0,1.0,on,True,1.0,1.05,1.0,0.0,,,,12,0,0,0,0,0,0,False,1.05625,1.0375,1.05625,on,True,on,True,BASELINE
0.375,1,234,NEXT_STEP,False,1.00867,-10.163599,675,1.003569,0.986093,1.051991,0.972623,1.00333,dist_bus,675,1.00333,1.00333,1.003569,BASELINE,1.00867,1.0,1.0,on,True,1.0,1.05,1.0,0.0,,,,12,0,0,0,0,0,0,False,1.05625,1.0375,1.05625,on,True,on,True,BASELINE
0.378,1,236,NEXT_STEP,False,1.00867,-10.163599,675,1.003569,0.986093,1.051991,0.972623,1.00333,dist_bus,675,1.00333,1.00333,1.003569,BASELINE,1.00867,1.0,1.0,on,True,1.0,1.05,1.0,0.0,,,,12,0,0,0,0,0,0,False,1.05625,1.0375,1.05625,on,True,on,True,BASELINE
0.381,1,238,NEXT_STEP,False,1.00867,-10.163599,675,1.003569,0.986093,1.051991,0.972623,1.00333,dist_bus,675,1.00333,1.00333,1.003569,BASELINE,1.00867,1.0,1.0,on,True,1.0,1.05,1.0,0.0,,,,12,0,0,0,0,0,0,False,1.05625,1.0375,1.05625,on,True,on,True,BASELINE
0.384,1,240,NEXT_STEP,False,1.00867,-10.163599,675,1.003569,0.986093,1.051991,0.972623,1.00333,dist_bus,675,1.00333,1.00333,1.003569,BASELINE,1.00867,1.0,1.0,on,True,1.0,1.05,1.0,0.0,,,,12,0,0,0,0,0,0,False,1.05625,1.0375,1.05625,on,True,on,True,BASELINE
0.387,1,242,NEXT_STEP,False,1.00867,-10.163599,675,1.003569,0.986093,1.051991,0.972623,1.00333,dist_bus,675,1.00333,1.00333,1.003569,BASELINE,1.00867,1.0,1.0,on,True,1.0,1.05,1.0,0.0,,,,12,0,0,0,0,0,0,False,1.05625,1.0375,1.05625,on,True,on,True,BASELINE
0.39,1,244,NEXT_STEP,False,1.00867,-10.163599,675,1.003569,0.986093,1.051991,0.972623,1.00333,dist_bus,675,1.00333,1.00333,1.003569,BASELINE,1.00867,1.0,1.0,on,True,1.0,1.05,1.0,0.0,,,,12,0,0,0,0,0,0,False,1.05625,1.0375,1.05625,on,True,on,True,BASELINE
0.393,1,246,NEXT_STEP,False,1.00867,-10.163599,675,1.003569,0.986093,1.051991,0.972623,1.00333,dist_bus,675,1.00333,1.00333,1.003569,BASELINE,1.00867,1.0,1.0,on,True,1.0,1.05,1.0,0.0,,,,12,0,0,0,0,0,0,False,1.05625,1.0375,1.05625,on,True,on,True,BASELINE
0.396,1,248,NEXT_STEP,False,1.00867,-10.163599,675,1.003569,0.986093,1.051991,0.972623,1.00333,dist_bus,675,1.00333,1.00333,1.003569,BASELINE,1.00867,1.0,1.0,on,True,1.0,1.05,1.0,0.0,,,,12,0,0,0,0,0,0,False,1.05625,1.0375,1.05625,on,True,on,True,BASELINE
0.399,1,250,NEXT_STEP,False,1.00867,-10.163599,675,1.003569,0.986093,1.051991,0.972623,1.00333,dist_bus,675,1.00333,1.00333,1.003569,BASELINE,1.00867,1.0,1.0,on,True,1.0,1.05,1.0,0.0,,,,12,0,0,0,0,0,0,False,1.05625,1.0375,1.05625,on,True,on,True,BASELINE
0.402,1,252,NEXT_STEP,False,1.00867,-10.163599,675,1.003569,0.986093,1.051991,0.972623,1.00333,dist_bus,675,1.00333,1.00333,1.003569,BASELINE,1.00867,1.0,1.0,on,True,1.0,1.05,1.0,0.0,,,,12,0,0,0,0,0,0,False,1.05625,1.0375,1.05625,on,True,on,True,BASELINE
0.405,1,254,NEXT_STEP,False,1.00867,-10.163599,675,1.003569,0.986093,1.051991,0.972623,1.00333,dist_bus,675,1.00333,1.00333,1.003569,BASELINE,1.00867,1.0,1.0,on,True,1.0,1.05,1.0,0.0,,,,12,0,0,0,0,0,0,False,1.05625,1.0375,1.05625,on,True,on,True,BASELINE
0.408,1,256,NEXT_STEP,False,1.00867,-10.163599,675,1.003569,0.986093,1.051991,0.972623,1.00333,dist_bus,675,1.00333,1.00333,1.003569,BASELINE,1.00867,1.0,1.0,on,True,1.0,1.05,1.0,0.0,,,,12,0,0,0,0,0,0,False,1.05625,1.0375,1.05625,on,True,on,True,BASELINE
0.411,1,258,NEXT_STEP,False,1.00867,-10.163599,675,1.003569,0.986093,1.051991,0.972623,1.00333,dist_bus,675,1.00333,1.00333,1.003569,BASELINE,1.00867,1.0,1.0,on,True,1.0,1.05,1.0,0.0,,,,12,0,0,0,0,0,0,False,1.05625,1.0375,1.05625,on,True,on,True,BASELINE
0.414,1,260,NEXT_STEP,False,1.00867,-10.163599,675,1.003569,0.986093,1.051991,0.972623,1.00333,dist_bus,675,1.00333,1.00333,1.003569,BASELINE,1.00867,1.0,1.0,on,True,1.0,1.05,1.0,0.0,,,,12,0,0,0,0,0,0,False,1.05625,1.0375,1.05625,on,True,on,True,BASELINE
0.417,1,262,NEXT_STEP,False,1.00867,-10.163599,675,1.003569,0.986093,1.051991,0.972623,1.00333,dist_bus,675,1.00333,1.00333,1.003569,BASELINE,1.00867,1.0,1.0,on,True,1.0,1.05,1.0,0.0,,,,12,0,0,0,0,0,0,False,1.05625,1.0375,1.05625,on,True,on,True,BASELINE
0.42,1,264,NEXT_STEP,False,1.00867,-10.163599,675,1.003569,0.986093,1.051991,0.972623,1.00333,dist_bus,675,1.00333,1.00333,1.003569,BASELINE,1.00867,1.0,1.0,on,True,1.0,1.05,1.0,0.0,,,,12,0,0,0,0,0,0,False,1.05625,1.0375,1.05625,on,True,on,True,BASELINE
0.423,1,266,NEXT_STEP,False,1.00867,-10.163599,675,1.003569,0.986093,1.051991,0.972623,1.00333,dist_bus,675,1.00333,1.00333,1.003569,BASELINE,1.00867,1.0,1.0,on,True,1.0,1.05,1.0,0.0,,,,12,0,0,0,0,0,0,False,1.05625,1.0375,1.05625,on,True,on,True,BASELINE
0.426,1,268,NEXT_STEP,False,1.00867,-10.163599,675,1.003569,0.986093,1.051991,0.972623,1.00333,dist_bus,675,1.00333,1.00333,1.003569,BASELINE,1.00867,1.0,1.0,on,True,1.0,1.05,1.0,0.0,,,,12,0,0,0,0,0,0,False,1.05625,1.0375,1.05625,on,True,on,True,BASELINE
0.429,1,270,NEXT_STEP,False,1.00867,-10.163599,675,1.003569,0.986093,1.051991,0.972623,1.00333,dist_bus,675,1.00333,1.00333,1.003569,BASELINE,1.00867,1.0,1.0,on,True,1.0,1.05,1.0,0.0,,,,12,0,0,0,0,0,0,False,1.05625,1.0375,1.05625,on,True,on,True,BASELINE
0.432,1,272,NEXT_STEP,False,1.00867,-10.163599,675,1.003569,0.986093,1.051991,0.972623,1.00333,dist_bus,675,1.00333,1.00333,1.003569,BASELINE,1.00867,1.0,1.0,on,True,1.0,1.05,1.0,0.0,,,,12,0,0,0,0,0,0,False,1.05625,1.0375,1.05625,on,True,on,True,BASELINE
0.435,1,274,NEXT_STEP,False,1.00867,-10.163599,675,1.003569,0.986093,1.051991,0.972623,1.00333,dist_bus,675,1.00333,1.00333,1.003569,BASELINE,1.00867,1.0,1.0,on,True,1.0,1.05,1.0,0.0,,,,12,0,0,0,0,0,0,False,1.05625,1.0375,1.05625,on,True,on,True,BASELINE
0.438,1,276,NEXT_STEP,False,1.00867,-10.163599,675,1.003569,0.986093,1.051991,0.972623,1.00333,dist_bus,675,1.00333,1.00333,1.003569,BASELINE,1.00867,1.0,1.0,on,True,1.0,1.05,1.0,0.0,,,,12,0,0,0,0,0,0,False,1.05625,1.0375,1.05625,on,True,on,True,BASELINE
0.441,1,278,NEXT_STEP,False,1.00867,-10.163599,675,1.003569,0.986093,1.051991,0.972623,1.00333,dist_bus,675,1.00333,1.00333,1.003569,BASELINE,1.00867,1.0,1.0,on,True,1.0,1.05,1.0,0.0,,,,12,0,0,0,0,0,0,False,1.05625,1.0375,1.05625,on,True,on,True,BASELINE
0.444,1,280,NEXT_STEP,False,1.00867,-10.163599,675,1.003569,0.986093,1.051991,0.972623,1.00333,dist_bus,675,1.00333,1.00333,1.003569,BASELINE,1.00867,1.0,1.0,on,True,1.0,1.05,1.0,0.0,,,,12,0,0,0,0,0,0,False,1.05625,1.0375,1.05625,on,True,on,True,BASELINE
0.447,1,282,NEXT_STEP,False,1.00867,-10.163599,675,1.003569,0.986093,1.051991,0.972623,1.00333,dist_bus,675,1.00333,1.00333,1.003569,BASELINE,1.00867,1.0,1.0,on,True,1.0,1.05,1.0,0.0,,,,12,0,0,0,0,0,0,False,1.05625,1.0375,1.05625,on,True,on,True,BASELINE
0.45,1,284,NEXT_STEP,False,1.00867,-10.163599,675,1.003569,0.986093,1.051991,0.972623,1.00333,dist_bus,675,1.00333,1.00333,1.003569,BASELINE,1.00867,1.0,1.0,on,True,1.0,1.05,1.0,0.0,,,,12,0,0,0,0,0,0,False,1.05625,1.0375,1.05625,on,True,on,True,BASELINE
0.453,1,286,NEXT_STEP,False,1.00867,-10.163599,675,1.003569,0.986093,1.051991,0.972623,1.00333,dist_bus,675,1.00333,1.00333,1.003569,BASELINE,1.00867,1.0,1.0,on,True,1.0,1.05,1.0,0.0,,,,12,0,0,0,0,0,0,False,1.05625,1.0375,1.05625,on,True,on,True,BASELINE
0.456,1,288,NEXT_STEP,False,1.00867,-10.163599,675,1.003569,0.986093,1.051991,0.972623,1.00333,dist_bus,675,1.00333,1.00333,1.003569,BASELINE,1.00867,1.0,1.0,on,True,1.0,1.05,1.0,0.0,,,,12,0,0,0,0,0,0,False,1.05625,1.0375,1.05625,on,True,on,True,BASELINE
0.459,1,290,NEXT_STEP,False,1.00867,-10.163599,675,1.003569,0.986093,1.051991,0.972623,1.00333,dist_bus,675,1.00333,1.00333,1.003569,BASELINE,1.00867,1.0,1.0,on,True,1.0,1.05,1.0,0.0,,,,12,0,0,0,0,0,0,False,1.05625,1.0375,1.05625,on,True,on,True,BASELINE
0.462,1,292,NEXT_STEP,False,1.00867,-10.163599,675,1.003569,0.986093,1.051991,0.972623,1.00333,dist_bus,675,1.00333,1.00333,1.003569,BASELINE,1.00867,1.0,1.0,on,True,1.0,1.05,1.0,0.0,,,,12,0,0,0,0,0,0,False,1.05625,1.0375,1.05625,on,True,on,True,BASELINE
0.465,1,294,NEXT_STEP,False,1.00867,-10.163599,675,1.003569,0.986093,1.051991,0.972623,1.00333,dist_bus,675,1.00333,1.00333,1.003569,BASELINE,1.00867,1.0,1.0,on,True,1.0,1.05,1.0,0.0,,,,12,0,0,0,0,0,0,False,1.05625,1.0375,1.05625,on,True,on,True,BASELINE
0.468,1,296,NEXT_STEP,False,1.00867,-10.163599,675,1.003569,0.986093,1.051991,0.972623,1.00333,dist_bus,675,1.00333,1.00333,1.003569,BASELINE,1.00867,1.0,1.0,on,True,1.0,1.05,1.0,0.0,,,,12,0,0,0,0,0,0,False,1.05625,1.0375,1.05625,on,True,on,True,BASELINE
0.471,1,298,NEXT_STEP,False,1.00867,-10.163599,675,1.003569,0.986093,1.051991,0.972623,1.00333,dist_bus,675,1.00333,1.00333,1.003569,BASELINE,1.00867,1.0,1.0,on,True,1.0,1.05,1.0,0.0,,,,12,0,0,0,0,0,0,False,1.05625,1.0375,1.05625,on,True,on,True,BASELINE
0.474,1,300,NEXT_STEP,False,1.00867,-10.163599,675,1.003569,0.986093,1.051991,0.972623,1.00333,dist_bus,675,1.00333,1.00333,1.003569,BASELINE,1.00867,1.0,1.0,on,True,1.0,1.05,1.0,0.0,,,,12,0,0,0,0,0,0,False,1.05625,1.0375,1.05625,on,True,on,True,BASELINE
0.477,1,302,NEXT_STEP,False,1.00867,-10.163599,675,1.003569,0.986093,1.051991,0.972623,1.00333,dist_bus,675,1.00333,1.00333,1.003569,BASELINE,1.00867,1.0,1.0,on,True,1.0,1.05,1.0,0.0,,,,12,0,0,0,0,0,0,False,1.05625,1.0375,1.05625,on,True,on,True,BASELINE
0.48,1,304,NEXT_STEP,False,1.00867,-10.163599,675,1.003569,0.986093,1.051991,0.972623,1.00333,dist_bus,675,1.00333,1.00333,1.003569,BASELINE,1.00867,1.0,1.0,on,True,1.0,1.05,1.0,0.0,,,,12,0,0,0,0,0,0,False,1.05625,1.0375,1.05625,on,True,on,True,BASELINE
0.483,1,306,NEXT_STEP,False,1.00867,-10.163599,675,1.003569,0.986093,1.051991,0.972623,1.00333,dist_bus,675,1.00333,1.00333,1.003569,BASELINE,1.00867,1.0,1.0,on,True,1.0,1.05,1.0,0.0,,,,12,0,0,0,0,0,0,False,1.05625,1.0375,1.05625,on,True,on,True,BASELINE
0.486,1,308,NEXT_STEP,False,1.00867,-10.163599,675,1.003569,0.986093,1.051991,0.972623,1.00333,dist_bus,675,1.00333,1.00333,1.003569,BASELINE,1.00867,1.0,1.0,on,True,1.0,1.05,1.0,0.0,,,,12,0,0,0,0,0,0,False,1.05625,1.0375,1.05625,on,True,on,True,BASELINE
0.489,1,310,NEXT_STEP,False,1.00867,-10.163599,675,1.003569,0.986093,1.051991,0.972623,1.00333,dist_bus,675,1.00333,1.00333,1.003569,BASELINE,1.00867,1.0,1.0,on,True,1.0,1.05,1.0,0.0,,,,12,0,0,0,0,0,0,False,1.05625,1.0375,1.05625,on,True,on,True,BASELINE
0.492,1,312,NEXT_STEP,False,1.00867,-10.163599,675,1.003569,0.986093,1.051991,0.972623,1.00333,dist_bus,675,1.00333,1.00333,1.003569,BASELINE,1.00867,1.0,1.0,on,True,1.0,1.05,1.0,0.0,,,,12,0,0,0,0,0,0,False,1.05625,1.0375,1.05625,on,True,on,True,BASELINE
0.495,1,314,NEXT_STEP,False,1.00867,-10.163599,675,1.003569,0.986093,1.051991,0.972623,1.00333,dist_bus,675,1.00333,1.00333,1.003569,BASELINE,1.00867,1.0,1.0,on,True,1.0,1.05,1.0,0.0,,,,12,0,0,0,0,0,0,False,1.05625,1.0375,1.05625,on,True,on,True,BASELINE
0.498,1,316,NEXT_STEP,False,1.00867,-10.163599,675,1.003569,0.986093,1.051991,0.972623,1.00333,dist_bus,675,1.00333,1.00333,1.003569,BASELINE,1.00867,1.0,1.0,on,True,1.0,1.05,1.0,0.0,,,,12,0,0,0,0,0,0,False,1.05625,1.0375,1.05625,on,True,on,True,BASELINE
0.501,1,318,NEXT_STEP,False,1.00867,-10.163599,675,1.003569,0.986093,1.051991,0.972623,1.00333,dist_bus,675,1.00333,1.00333,1.003569,BASELINE,1.00867,1.0,1.0,on,True,1.0,1.05,1.0,0.0,,,,12,0,0,0,0,0,0,False,1.05625,1.0375,1.05625,on,True,on,True,BASELINE
0.504,1,320,NEXT_STEP,False,1.00867,-10.163599,675,1.003569,0.986093,1.051991,0.972623,1.00333,dist_bus,675,1.00333,1.00333,1.003569,BASELINE,1.00867,1.0,1.0,on,True,1.0,1.05,1.0,0.0,,,,12,0,0,0,0,0,0,False,1.05625,1.0375,1.05625,on,True,on,True,BASELINE
0.507,1,322,NEXT_STEP,False,1.00867,-10.163599,675,1.003569,0.986093,1.051991,0.972623,1.00333,dist_bus,675,1.00333,1.00333,1.003569,BASELINE,1.00867,1.0,1.0,on,True,1.0,1.05,1.0,0.0,,,,12,0,0,0,0,0,0,False,1.05625,1.0375,1.05625,on,True,on,True,BASELINE
0.51,1,324,NEXT_STEP,False,1.00867,-10.163599,675,1.003569,0.986093,1.051991,0.972623,1.00333,dist_bus,675,1.00333,1.00333,1.003569,BASELINE,1.00867,1.0,1.0,on,True,1.0,1.05,1.0,0.0,,,,12,0,0,0,0,0,0,False,1.05625,1.0375,1.05625,on,True,on,True,BASELINE
0.513,1,326,NEXT_STEP,False,1.00867,-10.163599,675,1.003569,0.986093,1.051991,0.972623,1.00333,dist_bus,675,1.00333,1.00333,1.003569,BASELINE,1.00867,1.0,1.0,on,True,1.0,1.05,1.0,0.0,,,,12,0,0,0,0,0,0,False,1.05625,1.0375,1.05625,on,True,on,True,BASELINE
0.516,1,328,NEXT_STEP,False,1.00867,-10.163599,675,1.003569,0.986093,1.051991,0.972623,1.00333,dist_bus,675,1.00333,1.00333,1.003569,BASELINE,1.00867,1.0,1.0,on,True,1.0,1.05,1.0,0.0,,,,12,0,0,0,0,0,0,False,1.05625,1.0375,1.05625,on,True,on,True,BASELINE
0.519,1,330,NEXT_STEP,False,1.00867,-10.163599,675,1.003569,0.986093,1.051991,0.972623,1.00333,dist_bus,675,1.00333,1.00333,1.003569,BASELINE,1.00867,1.0,1.0,on,True,1.0,1.05,1.0,0.0,,,,12,0,0,0,0,0,0,False,1.05625,1.0375,1.05625,on,True,on,True,BASELINE
0.522,1,332,NEXT_STEP,False,1.00867,-10.163599,675,1.003569,0.986093,1.051991,0.972623,1.00333,dist_bus,675,1.00333,1.00333,1.003569,BASELINE,1.00867,1.0,1.0,on,True,1.0,1.05,1.0,0.0,,,,12,0,0,0,0,0,0,False,1.05625,1.0375,1.05625,on,True,on,True,BASELINE
0.525,1,334,NEXT_STEP,False,1.00867,-10.163599,675,1.003569,0.986093,1.051991,0.972623,1.00333,dist_bus,675,1.00333,1.00333,1.003569,BASELINE,1.00867,1.0,1.0,on,True,1.0,1.05,1.0,0.0,,,,12,0,0,0,0,0,0,False,1.05625,1.0375,1.05625,on,True,on,True,BASELINE
0.528,1,336,NEXT_STEP,False,1.00867,-10.163599,675,1.003569,0.986093,1.051991,0.972623,1.00333,dist_bus,675,1.00333,1.00333,1.003569,BASELINE,1.00867,1.0,1.0,on,True,1.0,1.05,1.0,0.0,,,,12,0,0,0,0,0,0,False,1.05625,1.0375,1.05625,on,True,on,True,BASELINE
0.531,1,338,NEXT_STEP,False,1.00867,-10.163599,675,1.003569,0.986093,1.051991,0.972623,1.00333,dist_bus,675,1.00333,1.00333,1.003569,BASELINE,1.00867,1.0,1.0,on,True,1.0,1.05,1.0,0.0,,,,12,0,0,0,0,0,0,False,1.05625,1.0375,1.05625,on,True,on,True,BASELINE
0.534,1,340,NEXT_STEP,False,1.00867,-10.163599,675,1.003569,0.986093,1.051991,0.972623,1.00333,dist_bus,675,1.00333,1.00333,1.003569,BASELINE,1.00867,1.0,1.0,on,True,1.0,1.05,1.0,0.0,,,,12,0,0,0,0,0,0,False,1.05625,1.0375,1.05625,on,True,on,True,BASELINE
0.537,1,342,NEXT_STEP,False,1.00867,-10.163599,675,1.003569,0.986093,1.051991,0.972623,1.00333,dist_bus,675,1.00333,1.00333,1.003569,BASELINE,1.00867,1.0,1.0,on,True,1.0,1.05,1.0,0.0,,,,12,0,0,0,0,0,0,False,1.05625,1.0375,1.05625,on,True,on,True,BASELINE
0.54,1,344,NEXT_STEP,False,1.00867,-10.163599,675,1.003569,0.986093,1.051991,0.972623,1.00333,dist_bus,675,1.00333,1.00333,1.003569,BASELINE,1.00867,1.0,1.0,on,True,1.0,1.05,1.0,0.0,,,,12,0,0,0,0,0,0,False,1.05625,1.0375,1.05625,on,True,on,True,BASELINE
0.543,1,346,NEXT_STEP,False,1.00867,-10.163599,675,1.003569,0.986093,1.051991,0.972623,1.00333,dist_bus,675,1.00333,1.00333,1.003569,BASELINE,1.00867,1.0,1.0,on,True,1.0,1.05,1.0,0.0,,,,12,0,0,0,0,0,0,False,1.05625,1.0375,1.05625,on,True,on,True,BASELINE
0.546,1,347,NEXT_STEP,False,1.00867,-10.163599,675,1.003569,0.986093,1.051991,0.972623,1.00333,dist_bus,675,1.00333,1.00333,1.003569,BASELINE,1.00867,1.0,1.0,on,True,1.0,1.05,1.0,0.0,,,,12,0,0,0,0,0,0,False,1.05625,1.0375,1.05625,on,True,on,True,BASELINE
0.549,1,349,NEXT_STEP,False,1.00867,-10.163599,675,1.003569,0.986093,1.051991,0.972623,1.00333,dist_bus,675,1.00333,1.00333,1.003569,BASELINE,1.00867,1.0,1.0,on,True,1.0,1.05,1.0,0.0,,,,12,0,0,0,0,0,0,False,1.05625,1.0375,1.05625,on,True,on,True,BASELINE
0.552,1,350,NEXT_STEP,False,1.00867,-10.163599,675,1.003569,0.986093,1.051991,0.972623,1.00333,dist_bus,675,1.00333,1.00333,1.003569,BASELINE,1.00867,1.0,1.0,on,True,1.0,1.05,1.0,0.0,,,,12,0,0,0,0,0,0,False,1.05625,1.0375,1.05625,on,True,on,True,BASELINE
0.555,1,352,NEXT_STEP,False,1.00867,-10.163599,675,1.003569,0.986093,1.051991,0.972623,1.00333,dist_bus,675,1.00333,1.00333,1.003569,BASELINE,1.00867,1.0,1.0,on,True,1.0,1.05,1.0,0.0,,,,12,0,0,0,0,0,0,False,1.05625,1.0375,1.05625,on,True,on,True,BASELINE
0.558,1,354,NEXT_STEP,False,1.00867,-10.163599,675,1.003569,0.986093,1.051991,0.972623,1.00333,dist_bus,675,1.00333,1.00333,1.003569,BASELINE,1.00867,1.0,1.0,on,True,1.0,1.05,1.0,0.0,,,,12,0,0,0,0,0,0,False,1.05625,1.0375,1.05625,on,True,on,True,BASELINE
0.561,1,356,NEXT_STEP,False,1.00867,-10.163599,675,1.003569,0.986093,1.051991,0.972623,1.00333,dist_bus,675,1.00333,1.00333,1.003569,BASELINE,1.00867,1.0,1.0,on,True,1.0,1.05,1.0,0.0,,,,12,0,0,0,0,0,0,False,1.05625,1.0375,1.05625,on,True,on,True,BASELINE
0.564,1,357,NEXT_STEP,False,1.00867,-10.163599,675,1.003569,0.986093,1.051991,0.972623,1.00333,dist_bus,675,1.00333,1.00333,1.003569,BASELINE,1.00867,1.0,1.0,on,True,1.0,1.05,1.0,0.0,,,,12,0,0,0,0,0,0,False,1.05625,1.0375,1.05625,on,True,on,True,BASELINE
0.567,1,359,NEXT_STEP,False,1.00867,-10.163599,675,1.003569,0.986093,1.051991,0.972623,1.00333,dist_bus,675,1.00333,1.00333,1.003569,BASELINE,1.00867,1.0,1.0,on,True,1.0,1.05,1.0,0.0,,,,12,0,0,0,0,0,0,False,1.05625,1.0375,1.05625,on,True,on,True,BASELINE
0.57,1,361,NEXT_STEP,False,1.00867,-10.163599,675,1.003569,0.986093,1.051991,0.972623,1.00333,dist_bus,675,1.00333,1.00333,1.003569,BASELINE,1.00867,1.0,1.0,on,True,1.0,1.05,1.0,0.0,,,,12,0,0,0,0,0,0,False,1.05625,1.0375,1.05625,on,True,on,True,BASELINE
0.573,1,363,NEXT_STEP,False,1.00867,-10.163599,675,1.003569,0.986093,1.051991,0.972623,1.00333,dist_bus,675,1.00333,1.00333,1.003569,BASELINE,1.00867,1.0,1.0,on,True,1.0,1.05,1.0,0.0,,,,12,0,0,0,0,0,0,False,1.05625,1.0375,1.05625,on,True,on,True,BASELINE
0.576,1,365,NEXT_STEP,False,1.00867,-10.163599,675,1.003569,0.986093,1.051991,0.972623,1.00333,dist_bus,675,1.00333,1.00333,1.003569,BASELINE,1.00867,1.0,1.0,on,True,1.0,1.05,1.0,0.0,,,,12,0,0,0,0,0,0,False,1.05625,1.0375,1.05625,on,True,on,True,BASELINE
0.579,1,367,NEXT_STEP,False,1.00867,-10.163598,675,1.003569,0.986093,1.051991,0.972623,1.00333,dist_bus,675,1.00333,1.00333,1.003569,BASELINE,1.00867,1.0,1.0,on,True,1.0,1.05,1.0,0.0,,,,12,0,0,0,0,0,0,False,1.05625,1.0375,1.05625,on,True,on,True,BASELINE
0.582,1,369,NEXT_STEP,False,1.00867,-10.163598,675,1.003569,0.986093,1.051991,0.972623,1.00333,dist_bus,675,1.00333,1.00333,1.003569,BASELINE,1.00867,1.0,1.0,on,True,1.0,1.05,1.0,0.0,,,,12,0,0,0,0,0,0,False,1.05625,1.0375,1.05625,on,True,on,True,BASELINE
0.585,1,371,NEXT_STEP,False,1.00867,-10.163598,675,1.003569,0.986093,1.051991,0.972623,1.00333,dist_bus,675,1.00333,1.00333,1.003569,BASELINE,1.00867,1.0,1.0,on,True,1.0,1.05,1.0,0.0,,,,12,0,0,0,0,0,0,False,1.05625,1.0375,1.05625,on,True,on,True,BASELINE
0.588,1,373,NEXT_STEP,False,1.00867,-10.163598,675,1.003569,0.986093,1.051991,0.972623,1.00333,dist_bus,675,1.00333,1.00333,1.003569,BASELINE,1.00867,1.0,1.0,on,True,1.0,1.05,1.0,0.0,,,,12,0,0,0,0,0,0,False,1.05625,1.0375,1.05625,on,True,on,True,BASELINE
0.591,1,375,NEXT_STEP,False,1.00867,-10.163598,675,1.003569,0.986093,1.051991,0.972623,1.00333,dist_bus,675,1.00333,1.00333,1.003569,BASELINE,1.00867,1.0,1.0,on,True,1.0,1.05,1.0,0.0,,,,12,0,0,0,0,0,0,False,1.05625,1.0375,1.05625,on,True,on,True,BASELINE
0.594,1,377,NEXT_STEP,False,1.00867,-10.163598,675,1.003569,0.986093,1.051991,0.972623,1.00333,dist_bus,675,1.00333,1.00333,1.003569,BASELINE,1.00867,1.0,1.0,on,True,1.0,1.05,1.0,0.0,,,,12,0,0,0,0,0,0,False,1.05625,1.0375,1.05625,on,True,on,True,BASELINE
0.597,1,379,NEXT_STEP,False,1.00867,-10.163598,675,1.003569,0.986093,1.051991,0.972623,1.00333,dist_bus,675,1.00333,1.00333,1.003569,BASELINE,1.00867,1.0,1.0,on,True,1.0,1.05,1.0,0.0,,,,12,0,0,0,0,0,0,False,1.05625,1.0375,1.05625,on,True,on,True,BASELINE
0.6,1,381,NEXT_STEP,False,1.00867,-10.163598,675,1.003569,0.986093,1.051991,0.972623,1.00333,dist_bus,675,1.00333,1.00333,1.003569,BASELINE,1.00867,1.0,1.0,on,True,1.0,1.05,1.0,0.0,,,,12,0,0,0,0,0,0,False,1.05625,1.0375,1.05625,on,True,on,True,BASELINE
0.603,1,383,NEXT_STEP,False,1.00867,-10.163598,675,1.003569,0.986093,1.051991,0.972623,1.00333,dist_bus,675,1.00333,1.00333,1.003569,BASELINE,1.00867,1.0,1.0,on,True,1.0,1.05,1.0,0.0,,,,12,0,0,0,0,0,0,False,1.05625,1.0375,1.05625,on,True,on,True,BASELINE
0.606,1,385,NEXT_STEP,False,1.00867,-10.163598,675,1.003569,0.986093,1.051991,0.972623,1.00333,dist_bus,675,1.00333,1.00333,1.003569,BASELINE,1.00867,1.0,1.0,on,True,1.0,1.05,1.0,0.0,,,,12,0,0,0,0,0,0,False,1.05625,1.0375,1.05625,on,True,on,True,BASELINE
0.609,1,387,NEXT_STEP,False,1.00867,-10.163598,675,1.003569,0.986093,1.051991,0.972623,1.00333,dist_bus,675,1.00333,1.00333,1.003569,BASELINE,1.00867,1.0,1.0,on,True,1.0,1.05,1.0,0.0,,,,12,0,0,0,0,0,0,False,1.05625,1.0375,1.05625,on,True,on,True,BASELINE
0.612,1,388,NEXT_STEP,False,1.00867,-10.163598,675,1.003569,0.986093,1.051991,0.972623,1.00333,dist_bus,675,1.00333,1.00333,1.003569,BASELINE,1.00867,1.0,1.0,on,True,1.0,1.05,1.0,0.0,,,,12,0,0,0,0,0,0,False,1.05625,1.0375,1.05625,on,True,on,True,BASELINE
0.615,1,390,NEXT_STEP,False,1.00867,-10.163598,675,1.003569,0.986093,1.051991,0.972623,1.00333,dist_bus,675,1.00333,1.00333,1.003569,BASELINE,1.00867,1.0,1.0,on,True,1.0,1.05,1.0,0.0,,,,12,0,0,0,0,0,0,False,1.05625,1.0375,1.05625,on,True,on,True,BASELINE
0.618,1,392,NEXT_STEP,False,1.00867,-10.163598,675,1.003569,0.986093,1.051991,0.972623,1.00333,dist_bus,675,1.00333,1.00333,1.003569,BASELINE,1.00867,1.0,1.0,on,True,1.0,1.05,1.0,0.0,,,,12,0,0,0,0,0,0,False,1.05625,1.0375,1.05625,on,True,on,True,BASELINE
0.621,1,394,NEXT_STEP,False,1.00867,-10.163598,675,1.003569,0.986093,1.051991,0.972623,1.00333,dist_bus,675,1.00333,1.00333,1.003569,BASELINE,1.00867,1.0,1.0,on,True,1.0,1.05,1.0,0.0,,,,12,0,0,0,0,0,0,False,1.05625,1.0375,1.05625,on,True,on,True,BASELINE
0.624,1,396,NEXT_STEP,False,1.00867,-10.163598,675,1.003569,0.986093,1.051991,0.972623,1.00333,dist_bus,675,1.00333,1.00333,1.003569,BASELINE,1.00867,1.0,1.0,on,True,1.0,1.05,1.0,0.0,,,,12,0,0,0,0,0,0,False,1.05625,1.0375,1.05625,on,True,on,True,BASELINE
0.627,1,398,NEXT_STEP,False,1.00867,-10.163598,675,1.003569,0.986093,1.051991,0.972623,1.00333,dist_bus,675,1.00333,1.00333,1.003569,BASELINE,1.00867,1.0,1.0,on,True,1.0,1.05,1.0,0.0,,,,12,0,0,0,0,0,0,False,1.05625,1.0375,1.05625,on,True,on,True,BASELINE
0.63,1,400,NEXT_STEP,False,1.00867,-10.163598,675,1.003569,0.986093,1.051991,0.972623,1.00333,dist_bus,675,1.00333,1.00333,1.003569,BASELINE,1.00867,1.0,1.0,on,True,1.0,1.05,1.0,0.0,,,,12,0,0,0,0,0,0,False,1.05625,1.0375,1.05625,on,True,on,True,BASELINE
0.633,1,402,NEXT_STEP,False,1.00867,-10.163598,675,1.003569,0.986093,1.051991,0.972623,1.00333,dist_bus,675,1.00333,1.00333,1.003569,BASELINE,1.00867,1.0,1.0,on,True,1.0,1.05,1.0,0.0,,,,12,0,0,0,0,0,0,False,1.05625,1.0375,1.05625,on,True,on,True,BASELINE
0.636,1,404,NEXT_STEP,False,1.00867,-10.163598,675,1.003569,0.986093,1.051991,0.972623,1.00333,dist_bus,675,1.00333,1.00333,1.003569,BASELINE,1.00867,1.0,1.0,on,True,1.0,1.05,1.0,0.0,,,,12,0,0,0,0,0,0,False,1.05625,1.0375,1.05625,on,True,on,True,BASELINE
0.639,1,406,NEXT_STEP,False,1.00867,-10.163598,675,1.003569,0.986093,1.051991,0.972623,1.00333,dist_bus,675,1.00333,1.00333,1.003569,BASELINE,1.00867,1.0,1.0,on,True,1.0,1.05,1.0,0.0,,,,12,0,0,0,0,0,0,False,1.05625,1.0375,1.05625,on,True,on,True,BASELINE
0.642,1,407,NEXT_STEP,False,1.00867,-10.163598,675,1.003569,0.986093,1.051991,0.972623,1.00333,dist_bus,675,1.00333,1.00333,1.003569,BASELINE,1.00867,1.0,1.0,on,True,1.0,1.05,1.0,0.0,,,,12,0,0,0,0,0,0,False,1.05625,1.0375,1.05625,on,True,on,True,BASELINE
0.645,1,409,NEXT_STEP,False,1.00867,-10.163598,675,1.003569,0.986093,1.051991,0.972623,1.00333,dist_bus,675,1.00333,1.00333,1.003569,BASELINE,1.00867,1.0,1.0,on,True,1.0,1.05,1.0,0.0,,,,12,0,0,0,0,0,0,False,1.05625,1.0375,1.05625,on,True,on,True,BASELINE
0.648,1,410,NEXT_STEP,False,1.00867,-10.163598,675,1.003569,0.986093,1.051991,0.972623,1.00333,dist_bus,675,1.00333,1.00333,1.003569,BASELINE,1.00867,1.0,1.0,on,True,1.0,1.05,1.0,0.0,,,,12,0,0,0,0,0,0,False,1.05625,1.0375,1.05625,on,True,on,True,BASELINE
0.651,1,412,NEXT_STEP,False,1.00867,-10.163598,675,1.003569,0.986093,1.051991,0.972623,1.00333,dist_bus,675,1.00333,1.00333,1.003569,BASELINE,1.00867,1.0,1.0,on,True,1.0,1.05,1.0,0.0,,,,12,0,0,0,0,0,0,False,1.05625,1.0375,1.05625,on,True,on,True,BASELINE
0.654,1,414,NEXT_STEP,False,1.00867,-10.163598,675,1.003569,0.986093,1.051991,0.972623,1.00333,dist_bus,675,1.00333,1.00333,1.003569,BASELINE,1.00867,1.0,1.0,on,True,1.0,1.05,1.0,0.0,,,,12,0,0,0,0,0,0,False,1.05625,1.0375,1.05625,on,True,on,True,BASELINE
0.657,1,415,NEXT_STEP,False,1.00867,-10.163598,675,1.003569,0.986093,1.051991,0.972623,1.00333,dist_bus,675,1.00333,1.00333,1.003569,BASELINE,1.00867,1.0,1.0,on,True,1.0,1.05,1.0,0.0,,,,12,0,0,0,0,0,0,False,1.05625,1.0375,1.05625,on,True,on,True,BASELINE
0.66,1,417,NEXT_STEP,False,1.00867,-10.163598,675,1.003569,0.986093,1.051991,0.972623,1.00333,dist_bus,675,1.00333,1.00333,1.003569,BASELINE,1.00867,1.0,1.0,on,True,1.0,1.05,1.0,0.0,,,,12,0,0,0,0,0,0,False,1.05625,1.0375,1.05625,on,True,on,True,BASELINE
0.663,1,418,NEXT_STEP,False,1.00867,-10.163598,675,1.003569,0.986093,1.051991,0.972623,1.00333,dist_bus,675,1.00333,1.00333,1.003569,BASELINE,1.00867,1.0,1.0,on,True,1.0,1.05,1.0,0.0,,,,12,0,0,0,0,0,0,False,1.05625,1.0375,1.05625,on,True,on,True,BASELINE
0.666,1,420,NEXT_STEP,False,1.00867,-10.163598,675,1.003569,0.986093,1.051991,0.972623,1.00333,dist_bus,675,1.00333,1.00333,1.003569,BASELINE,1.00867,1.0,1.0,on,True,1.0,1.05,1.0,0.0,,,,12,0,0,0,0,0,0,False,1.05625,1.0375,1.05625,on,True,on,True,BASELINE
0.669,1,421,NEXT_STEP,False,1.00867,-10.163598,675,1.003569,0.986093,1.051991,0.972623,1.00333,dist_bus,675,1.00333,1.00333,1.003569,BASELINE,1.00867,1.0,1.0,on,True,1.0,1.05,1.0,0.0,,,,12,0,0,0,0,0,0,False,1.05625,1.0375,1.05625,on,True,on,True,BASELINE
0.672,1,423,NEXT_STEP,False,1.00867,-10.163598,675,1.003569,0.986093,1.051991,0.972623,1.00333,dist_bus,675,1.00333,1.00333,1.003569,BASELINE,1.00867,1.0,1.0,on,True,1.0,1.05,1.0,0.0,,,,12,0,0,0,0,0,0,False,1.05625,1.0375,1.05625,on,True,on,True,BASELINE
0.675,1,424,NEXT_STEP,False,1.00867,-10.163598,675,1.003569,0.986093,1.051991,0.972623,1.00333,dist_bus,675,1.00333,1.00333,1.003569,BASELINE,1.00867,1.0,1.0,on,True,1.0,1.05,1.0,0.0,,,,12,0,0,0,0,0,0,False,1.05625,1.0375,1.05625,on,True,on,True,BASELINE
0.678,1,426,NEXT_STEP,False,1.00867,-10.163598,675,1.003569,0.986093,1.051991,0.972623,1.00333,dist_bus,675,1.00333,1.00333,1.003569,BASELINE,1.00867,1.0,1.0,on,True,1.0,1.05,1.0,0.0,,,,12,0,0,0,0,0,0,False,1.05625,1.0375,1.05625,on,True,on,True,BASELINE
0.681,1,428,NEXT_STEP,False,1.00867,-10.163598,675,1.003569,0.986093,1.051991,0.972623,1.00333,dist_bus,675,1.00333,1.00333,1.003569,BASELINE,1.00867,1.0,1.0,on,True,1.0,1.05,1.0,0.0,,,,12,0,0,0,0,0,0,False,1.05625,1.0375,1.05625,on,True,on,True,BASELINE
0.684,1,430,NEXT_STEP,False,1.00867,-10.163598,675,1.003569,0.986093,1.051991,0.972623,1.00333,dist_bus,675,1.00333,1.00333,1.003569,BASELINE,1.00867,1.0,1.0,on,True,1.0,1.05,1.0,0.0,,,,12,0,0,0,0,0,0,False,1.05625,1.0375,1.05625,on,True,on,True,BASELINE
0.687,1,431,NEXT_STEP,False,1.00867,-10.163598,675,1.003569,0.986093,1.051991,0.972623,1.00333,dist_bus,675,1.00333,1.00333,1.003569,BASELINE,1.00867,1.0,1.0,on,True,1.0,1.05,1.0,0.0,,,,12,0,0,0,0,0,0,False,1.05625,1.0375,1.05625,on,True,on,True,BASELINE
0.69,1,433,NEXT_STEP,False,1.00867,-10.163598,675,1.003569,0.986093,1.051991,0.972623,1.00333,dist_bus,675,1.00333,1.00333,1.003569,BASELINE,1.00867,1.0,1.0,on,True,1.0,1.05,1.0,0.0,,,,12,0,0,0,0,0,0,False,1.05625,1.0375,1.05625,on,True,on,True,BASELINE
0.693,1,435,NEXT_STEP,False,1.00867,-10.163598,675,1.003569,0.986093,1.051991,0.972623,1.00333,dist_bus,675,1.00333,1.00333,1.003569,BASELINE,1.00867,1.0,1.0,on,True,1.0,1.05,1.0,0.0,,,,12,0,0,0,0,0,0,False,1.05625,1.0375,1.05625,on,True,on,True,BASELINE
0.696,1,437,NEXT_STEP,False,1.00867,-10.163598,675,1.003569,0.986093,1.051991,0.972623,1.00333,dist_bus,675,1.00333,1.00333,1.003569,BASELINE,1.00867,1.0,1.0,on,True,1.0,1.05,1.0,0.0,,,,12,0,0,0,0,0,0,False,1.05625,1.0375,1.05625,on,True,on,True,BASELINE
0.699,1,438,NEXT_STEP,False,1.00867,-10.163598,675,1.003569,0.986093,1.051991,0.972623,1.00333,dist_bus,675,1.00333,1.00333,1.003569,BASELINE,1.00867,1.0,1.0,on,True,1.0,1.05,1.0,0.0,,,,12,0,0,0,0,0,0,False,1.05625,1.0375,1.05625,on,True,on,True,BASELINE
0.702,1,439,NEXT_STEP,False,1.00867,-10.163598,675,1.003569,0.986093,1.051991,0.972623,1.00333,dist_bus,675,1.00333,1.00333,1.003569,BASELINE,1.00867,1.0,1.0,on,True,1.0,1.05,1.0,0.0,,,,12,0,0,0,0,0,0,False,1.05625,1.0375,1.05625,on,True,on,True,BASELINE
0.705,1,441,NEXT_STEP,False,1.00867,-10.163598,675,1.003569,0.986093,1.051991,0.972623,1.00333,dist_bus,675,1.00333,1.00333,1.003569,BASELINE,1.00867,1.0,1.0,on,True,1.0,1.05,1.0,0.0,,,,12,0,0,0,0,0,0,False,1.05625,1.0375,1.05625,on,True,on,True,BASELINE
0.708,1,443,NEXT_STEP,False,1.00867,-10.163598,675,1.003569,0.986093,1.051991,0.972623,1.00333,dist_bus,675,1.00333,1.00333,1.003569,BASELINE,1.00867,1.0,1.0,on,True,1.0,1.05,1.0,0.0,,,,12,0,0,0,0,0,0,False,1.05625,1.0375,1.05625,on,True,on,True,BASELINE
0.711,1,444,NEXT_STEP,False,1.00867,-10.163598,675,1.003569,0.986093,1.051991,0.972623,1.00333,dist_bus,675,1.00333,1.00333,1.003569,BASELINE,1.00867,1.0,1.0,on,True,1.0,1.05,1.0,0.0,,,,12,0,0,0,0,0,0,False,1.05625,1.0375,1.05625,on,True,on,True,BASELINE
0.714,1,446,NEXT_STEP,False,1.00867,-10.163598,675,1.003569,0.986093,1.051991,0.972623,1.00333,dist_bus,675,1.00333,1.00333,1.003569,BASELINE,1.00867,1.0,1.0,on,True,1.0,1.05,1.0,0.0,,,,12,0,0,0,0,0,0,False,1.05625,1.0375,1.05625,on,True,on,True,BASELINE
0.717,1,447,NEXT_STEP,False,1.00867,-10.163598,675,1.003569,0.986093,1.051991,0.972623,1.00333,dist_bus,675,1.00333,1.00333,1.003569,BASELINE,1.00867,1.0,1.0,on,True,1.0,1.05,1.0,0.0,,,,12,0,0,0,0,0,0,False,1.05625,1.0375,1.05625,on,True,on,True,BASELINE
0.72,1,449,NEXT_STEP,False,1.00867,-10.163598,675,1.003569,0.986093,1.051991,0.972623,1.00333,dist_bus,675,1.00333,1.00333,1.003569,BASELINE,1.00867,1.0,1.0,on,True,1.0,1.05,1.0,0.0,,,,12,0,0,0,0,0,0,False,1.05625,1.0375,1.05625,on,True,on,True,BASELINE
0.723,1,450,NEXT_STEP,False,1.00867,-10.163598,675,1.003569,0.986093,1.051991,0.972623,1.00333,dist_bus,675,1.00333,1.00333,1.003569,BASELINE,1.00867,1.0,1.0,on,True,1.0,1.05,1.0,0.0,,,,12,0,0,0,0,0,0,False,1.05625,1.0375,1.05625,on,True,on,True,BASELINE
0.726,1,452,NEXT_STEP,False,1.00867,-10.163598,675,1.003569,0.986093,1.051991,0.972623,1.00333,dist_bus,675,1.00333,1.00333,1.003569,BASELINE,1.00867,1.0,1.0,on,True,1.0,1.05,1.0,0.0,,,,12,0,0,0,0,0,0,False,1.05625,1.0375,1.05625,on,True,on,True,BASELINE
0.729,1,454,NEXT_STEP,False,1.00867,-10.163598,675,1.003569,0.986093,1.051991,0.972623,1.00333,dist_bus,675,1.00333,1.00333,1.003569,BASELINE,1.00867,1.0,1.0,on,True,1.0,1.05,1.0,0.0,,,,12,0,0,0,0,0,0,False,1.05625,1.0375,1.05625,on,True,on,True,BASELINE
0.732,1,456,NEXT_STEP,False,1.00867,-10.163598,675,1.003569,0.986093,1.051991,0.972623,1.00333,dist_bus,675,1.00333,1.00333,1.003569,BASELINE,1.00867,1.0,1.0,on,True,1.0,1.05,1.0,0.0,,,,12,0,0,0,0,0,0,False,1.05625,1.0375,1.05625,on,True,on,True,BASELINE
0.735,1,457,NEXT_STEP,False,1.00867,-10.163598,675,1.003569,0.986093,1.051991,0.972623,1.00333,dist_bus,675,1.00333,1.00333,1.003569,BASELINE,1.00867,1.0,1.0,on,True,1.0,1.05,1.0,0.0,,,,12,0,0,0,0,0,0,False,1.05625,1.0375,1.05625,on,True,on,True,BASELINE
0.738,1,459,NEXT_STEP,False,1.00867,-10.163598,675,1.003569,0.986093,1.051991,0.972623,1.00333,dist_bus,675,1.00333,1.00333,1.003569,BASELINE,1.00867,1.0,1.0,on,True,1.0,1.05,1.0,0.0,,,,12,0,0,0,0,0,0,False,1.05625,1.0375,1.05625,on,True,on,True,BASELINE
0.741,1,460,NEXT_STEP,False,1.00867,-10.163598,675,1.003569,0.986093,1.051991,0.972623,1.00333,dist_bus,675,1.00333,1.00333,1.003569,BASELINE,1.00867,1.0,1.0,on,True,1.0,1.05,1.0,0.0,,,,12,0,0,0,0,0,0,False,1.05625,1.0375,1.05625,on,True,on,True,BASELINE
0.744,1,462,NEXT_STEP,False,1.00867,-10.163598,675,1.003569,0.986093,1.051991,0.972623,1.00333,dist_bus,675,1.00333,1.00333,1.003569,BASELINE,1.00867,1.0,1.0,on,True,1.0,1.05,1.0,0.0,,,,12,0,0,0,0,0,0,False,1.05625,1.0375,1.05625,on,True,on,True,BASELINE
0.747,1,463,NEXT_STEP,False,1.00867,-10.163598,675,1.003569,0.986093,1.051991,0.972623,1.00333,dist_bus,675,1.00333,1.00333,1.003569,BASELINE,1.00867,1.0,1.0,on,True,1.0,1.05,1.0,0.0,,,,12,0,0,0,0,0,0,False,1.05625,1.0375,1.05625,on,True,on,True,BASELINE
0.75,1,465,NEXT_STEP,False,1.00867,-10.163598,675,1.003569,0.986093,1.051991,0.972623,1.00333,dist_bus,675,1.00333,1.00333,1.003569,BASELINE,1.00867,1.0,1.0,on,True,1.0,1.05,1.0,0.0,,,,12,0,0,0,0,0,0,False,1.05625,1.0375,1.05625,on,True,on,True,BASELINE
0.753,1,467,NEXT_STEP,False,1.00867,-10.163598,675,1.003569,0.986093,1.051991,0.972623,1.00333,dist_bus,675,1.00333,1.00333,1.003569,BASELINE,1.00867,1.0,1.0,on,True,1.0,1.05,1.0,0.0,,,,12,0,0,0,0,0,0,False,1.05625,1.0375,1.05625,on,True,on,True,BASELINE
0.756,1,469,NEXT_STEP,False,1.00867,-10.163598,675,1.003569,0.986093,1.051991,0.972623,1.00333,dist_bus,675,1.00333,1.00333,1.003569,BASELINE,1.00867,1.0,1.0,on,True,1.0,1.05,1.0,0.0,,,,12,0,0,0,0,0,0,False,1.05625,1.0375,1.05625,on,True,on,True,BASELINE
0.759,1,470,NEXT_STEP,False,1.00867,-10.163598,675,1.003569,0.986093,1.051991,0.972623,1.00333,dist_bus,675,1.00333,1.00333,1.003569,BASELINE,1.00867,1.0,1.0,on,True,1.0,1.05,1.0,0.0,,,,12,0,0,0,0,0,0,False,1.05625,1.0375,1.05625,on,True,on,True,BASELINE
0.762,1,472,NEXT_STEP,False,1.00867,-10.163598,675,1.003569,0.986093,1.051991,0.972623,1.00333,dist_bus,675,1.00333,1.00333,1.003569,BASELINE,1.00867,1.0,1.0,on,True,1.0,1.05,1.0,0.0,,,,12,0,0,0,0,0,0,False,1.05625,1.0375,1.05625,on,True,on,True,BASELINE
0.765,1,473,NEXT_STEP,False,1.00867,-10.163598,675,1.003569,0.986093,1.051991,0.972623,1.00333,dist_bus,675,1.00333,1.00333,1.003569,BASELINE,1.00867,1.0,1.0,on,True,1.0,1.05,1.0,0.0,,,,12,0,0,0,0,0,0,False,1.05625,1.0375,1.05625,on,True,on,True,BASELINE
0.768,1,474,NEXT_STEP,False,1.00867,-10.163598,675,1.003569,0.986093,1.051991,0.972623,1.00333,dist_bus,675,1.00333,1.00333,1.003569,BASELINE,1.00867,1.0,1.0,on,True,1.0,1.05,1.0,0.0,,,,12,0,0,0,0,0,0,False,1.05625,1.0375,1.05625,on,True,on,True,BASELINE
0.771,1,476,NEXT_STEP,False,1.00867,-10.163598,675,1.003569,0.986093,1.051991,0.972623,1.00333,dist_bus,675,1.00333,1.00333,1.003569,BASELINE,1.00867,1.0,1.0,on,True,1.0,1.05,1.0,0.0,,,,12,0,0,0,0,0,0,False,1.05625,1.0375,1.05625,on,True,on,True,BASELINE
0.774,1,478,NEXT_STEP,False,1.00867,-10.163598,675,1.003569,0.986093,1.051991,0.972623,1.00333,dist_bus,675,1.00333,1.00333,1.003569,BASELINE,1.00867,1.0,1.0,on,True,1.0,1.05,1.0,0.0,,,,12,0,0,0,0,0,0,False,1.05625,1.0375,1.05625,on,True,on,True,BASELINE
0.777,1,480,NEXT_STEP,False,1.00867,-10.163598,675,1.003569,0.986093,1.051991,0.972623,1.00333,dist_bus,675,1.00333,1.00333,1.003569,BASELINE,1.00867,1.0,1.0,on,True,1.0,1.05,1.0,0.0,,,,12,0,0,0,0,0,0,False,1.05625,1.0375,1.05625,on,True,on,True,BASELINE
0.78,1,481,NEXT_STEP,False,1.00867,-10.163598,675,1.003569,0.986093,1.051991,0.972623,1.00333,dist_bus,675,1.00333,1.00333,1.003569,BASELINE,1.00867,1.0,1.0,on,True,1.0,1.05,1.0,0.0,,,,12,0,0,0,0,0,0,False,1.05625,1.0375,1.05625,on,True,on,True,BASELINE
0.783,1,483,NEXT_STEP,False,1.00867,-10.163598,675,1.003569,0.986093,1.051991,0.972623,1.00333,dist_bus,675,1.00333,1.00333,1.003569,BASELINE,1.00867,1.0,1.0,on,True,1.0,1.05,1.0,0.0,,,,12,0,0,0,0,0,0,False,1.05625,1.0375,1.05625,on,True,on,True,BASELINE
0.786,1,484,NEXT_STEP,False,1.00867,-10.163598,675,1.003569,0.986093,1.051991,0.972623,1.00333,dist_bus,675,1.00333,1.00333,1.003569,BASELINE,1.00867,1.0,1.0,on,True,1.0,1.05,1.0,0.0,,,,12,0,0,0,0,0,0,False,1.05625,1.0375,1.05625,on,True,on,True,BASELINE
0.789,1,486,NEXT_STEP,False,1.00867,-10.163598,675,1.003569,0.986093,1.051991,0.972623,1.00333,dist_bus,675,1.00333,1.00333,1.003569,BASELINE,1.00867,1.0,1.0,on,True,1.0,1.05,1.0,0.0,,,,12,0,0,0,0,0,0,False,1.05625,1.0375,1.05625,on,True,on,True,BASELINE
0.792,1,488,NEXT_STEP,False,1.00867,-10.163598,675,1.003569,0.986093,1.051991,0.972623,1.00333,dist_bus,675,1.00333,1.00333,1.003569,BASELINE,1.00867,1.0,1.0,on,True,1.0,1.05,1.0,0.0,,,,12,0,0,0,0,0,0,False,1.05625,1.0375,1.05625,on,True,on,True,BASELINE
0.795,1,489,NEXT_STEP,False,1.00867,-10.163598,675,1.003569,0.986093,1.051991,0.972623,1.00333,dist_bus,675,1.00333,1.00333,1.003569,BASELINE,1.00867,1.0,1.0,on,True,1.0,1.05,1.0,0.0,,,,12,0,0,0,0,0,0,False,1.05625,1.0375,1.05625,on,True,on,True,BASELINE
0.798,1,491,NEXT_STEP,False,1.00867,-10.163598,675,1.003569,0.986093,1.051991,0.972623,1.00333,dist_bus,675,1.00333,1.00333,1.003569,BASELINE,1.00867,1.0,1.0,on,True,1.0,1.05,1.0,0.0,,,,12,0,0,0,0,0,0,False,1.05625,1.0375,1.05625,on,True,on,True,BASELINE
0.801,1,493,NEXT_STEP,False,1.00867,-10.163598,675,1.003569,0.986093,1.051991,0.972623,1.00333,dist_bus,675,1.00333,1.00333,1.003569,BASELINE,1.00867,1.0,1.0,on,True,1.0,1.05,1.0,0.0,,,,12,0,0,0,0,0,0,False,1.05625,1.0375,1.05625,on,True,on,True,BASELINE
0.804,1,495,NEXT_STEP,False,1.00867,-10.163598,675,1.003569,0.986093,1.051991,0.972623,1.00333,dist_bus,675,1.00333,1.00333,1.003569,BASELINE,1.00867,1.0,1.0,on,True,1.0,1.05,1.0,0.0,,,,12,0,0,0,0,0,0,False,1.05625,1.0375,1.05625,on,True,on,True,BASELINE
0.807,1,496,NEXT_STEP,False,1.00867,-10.163598,675,1.003569,0.986093,1.051991,0.972623,1.00333,dist_bus,675,1.00333,1.00333,1.003569,BASELINE,1.00867,1.0,1.0,on,True,1.0,1.05,1.0,0.0,,,,12,0,0,0,0,0,0,False,1.05625,1.0375,1.05625,on,True,on,True,BASELINE
0.81,1,498,NEXT_STEP,False,1.00867,-10.163598,675,1.003569,0.986093,1.051991,0.972623,1.00333,dist_bus,675,1.00333,1.00333,1.003569,BASELINE,1.00867,1.0,1.0,on,True,1.0,1.05,1.0,0.0,,,,12,0,0,0,0,0,0,False,1.05625,1.0375,1.05625,on,True,on,True,BASELINE
0.813,1,499,NEXT_STEP,False,1.00867,-10.163598,675,1.003569,0.986093,1.051991,0.972623,1.00333,dist_bus,675,1.00333,1.00333,1.003569,BASELINE,1.00867,1.0,1.0,on,True,1.0,1.05,1.0,0.0,,,,12,0,0,0,0,0,0,False,1.05625,1.0375,1.05625,on,True,on,True,BASELINE
0.816,1,501,NEXT_STEP,False,1.00867,-10.163598,675,1.003569,0.986093,1.051991,0.972623,1.00333,dist_bus,675,1.00333,1.00333,1.003569,BASELINE,1.00867,1.0,1.0,on,True,1.0,1.05,1.0,0.0,,,,12,0,0,0,0,0,0,False,1.05625,1.0375,1.05625,on,True,on,True,BASELINE
0.819,1,503,NEXT_STEP,False,1.00867,-10.163598,675,1.003569,0.986093,1.051991,0.972623,1.00333,dist_bus,675,1.00333,1.00333,1.003569,BASELINE,1.00867,1.0,1.0,on,True,1.0,1.05,1.0,0.0,,,,12,0,0,0,0,0,0,False,1.05625,1.0375,1.05625,on,True,on,True,BASELINE
0.822,1,505,NEXT_STEP,False,1.00867,-10.163598,675,1.003569,0.986093,1.051991,0.972623,1.00333,dist_bus,675,1.00333,1.00333,1.003569,BASELINE,1.00867,1.0,1.0,on,True,1.0,1.05,1.0,0.0,,,,12,0,0,0,0,0,0,False,1.05625,1.0375,1.05625,on,True,on,True,BASELINE
0.825,1,506,NEXT_STEP,False,1.00867,-10.163598,675,1.003569,0.986093,1.051991,0.972623,1.00333,dist_bus,675,1.00333,1.00333,1.003569,BASELINE,1.00867,1.0,1.0,on,True,1.0,1.05,1.0,0.0,,,,12,0,0,0,0,0,0,False,1.05625,1.0375,1.05625,on,True,on,True,BASELINE
0.828,1,507,NEXT_STEP,False,1.00867,-10.163598,675,1.003569,0.986093,1.051991,0.972623,1.00333,dist_bus,675,1.00333,1.00333,1.003569,BASELINE,1.00867,1.0,1.0,on,True,1.0,1.05,1.0,0.0,,,,12,0,0,0,0,0,0,False,1.05625,1.0375,1.05625,on,True,on,True,BASELINE
0.831,1,509,NEXT_STEP,False,1.00867,-10.163598,675,1.003569,0.986093,1.051991,0.972623,1.00333,dist_bus,675,1.00333,1.00333,1.003569,BASELINE,1.00867,1.0,1.0,on,True,1.0,1.05,1.0,0.0,,,,12,0,0,0,0,0,0,False,1.05625,1.0375,1.05625,on,True,on,True,BASELINE
0.834,1,510,NEXT_STEP,False,1.00867,-10.163598,675,1.003569,0.986093,1.051991,0.972623,1.00333,dist_bus,675,1.00333,1.00333,1.003569,BASELINE,1.00867,1.0,1.0,on,True,1.0,1.05,1.0,0.0,,,,12,0,0,0,0,0,0,False,1.05625,1.0375,1.05625,on,True,on,True,BASELINE
0.837,1,511,NEXT_STEP,False,1.00867,-10.163598,675,1.003569,0.986093,1.051991,0.972623,1.00333,dist_bus,675,1.00333,1.00333,1.003569,BASELINE,1.00867,1.0,1.0,on,True,1.0,1.05,1.0,0.0,,,,12,0,0,0,0,0,0,False,1.05625,1.0375,1.05625,on,True,on,True,BASELINE
0.84,1,513,NEXT_STEP,False,1.00867,-10.163598,675,1.003569,0.986093,1.051991,0.972623,1.00333,dist_bus,675,1.00333,1.00333,1.003569,BASELINE,1.00867,1.0,1.0,on,True,1.0,1.05,1.0,0.0,,,,12,0,0,0,0,0,0,False,1.05625,1.0375,1.05625,on,True,on,True,BASELINE
0.843,1,514,NEXT_STEP,False,1.00867,-10.163598,675,1.003569,0.986093,1.051991,0.972623,1.00333,dist_bus,675,1.00333,1.00333,1.003569,BASELINE,1.00867,1.0,1.0,on,True,1.0,1.05,1.0,0.0,,,,12,0,0,0,0,0,0,False,1.05625,1.0375,1.05625,on,True,on,True,BASELINE
0.846,1,515,NEXT_STEP,False,1.00867,-10.163598,675,1.003569,0.986093,1.051991,0.972623,1.00333,dist_bus,675,1.00333,1.00333,1.003569,BASELINE,1.00867,1.0,1.0,on,True,1.0,1.05,1.0,0.0,,,,12,0,0,0,0,0,0,False,1.05625,1.0375,1.05625,on,True,on,True,BASELINE
0.849,1,517,NEXT_STEP,False,1.00867,-10.163598,675,1.003569,0.986093,1.051991,0.972623,1.00333,dist_bus,675,1.00333,1.00333,1.003569,BASELINE,1.00867,1.0,1.0,on,True,1.0,1.05,1.0,0.0,,,,12,0,0,0,0,0,0,False,1.05625,1.0375,1.05625,on,True,on,True,BASELINE
0.852,1,519,NEXT_STEP,False,1.00867,-10.163598,675,1.003569,0.986093,1.051991,0.972623,1.00333,dist_bus,675,1.00333,1.00333,1.003569,BASELINE,1.00867,1.0,1.0,on,True,1.0,1.05,1.0,0.0,,,,12,0,0,0,0,0,0,False,1.05625,1.0375,1.05625,on,True,on,True,BASELINE
0.855,1,521,NEXT_STEP,False,1.00867,-10.163598,675,1.003569,0.986093,1.051991,0.972623,1.00333,dist_bus,675,1.00333,1.00333,1.003569,BASELINE,1.00867,1.0,1.0,on,True,1.0,1.05,1.0,0.0,,,,12,0,0,0,0,0,0,False,1.05625,1.0375,1.05625,on,True,on,True,BASELINE
0.858,1,522,NEXT_STEP,False,1.00867,-10.163598,675,1.003569,0.986093,1.051991,0.972623,1.00333,dist_bus,675,1.00333,1.00333,1.003569,BASELINE,1.00867,1.0,1.0,on,True,1.0,1.05,1.0,0.0,,,,12,0,0,0,0,0,0,False,1.05625,1.0375,1.05625,on,True,on,True,BASELINE
0.861,1,523,NEXT_STEP,False,1.00867,-10.163598,675,1.003569,0.986093,1.051991,0.972623,1.00333,dist_bus,675,1.00333,1.00333,1.003569,BASELINE,1.00867,1.0,1.0,on,True,1.0,1.05,1.0,0.0,,,,12,0,0,0,0,0,0,False,1.05625,1.0375,1.05625,on,True,on,True,BASELINE
0.864,1,525,NEXT_STEP,False,1.00867,-10.163598,675,1.003569,0.986093,1.051991,0.972623,1.00333,dist_bus,675,1.00333,1.00333,1.003569,BASELINE,1.00867,1.0,1.0,on,True,1.0,1.05,1.0,0.0,,,,12,0,0,0,0,0,0,False,1.05625,1.0375,1.05625,on,True,on,True,BASELINE
0.867,1,526,NEXT_STEP,False,1.00867,-10.163598,675,1.003569,0.986093,1.051991,0.972623,1.00333,dist_bus,675,1.00333,1.00333,1.003569,BASELINE,1.00867,1.0,1.0,on,True,1.0,1.05,1.0,0.0,,,,12,0,0,0,0,0,0,False,1.05625,1.0375,1.05625,on,True,on,True,BASELINE
0.87,1,528,NEXT_STEP,False,1.00867,-10.163598,675,1.003569,0.986093,1.051991,0.972623,1.00333,dist_bus,675,1.00333,1.00333,1.003569,BASELINE,1.00867,1.0,1.0,on,True,1.0,1.05,1.0,0.0,,,,12,0,0,0,0,0,0,False,1.05625,1.0375,1.05625,on,True,on,True,BASELINE
0.873,1,529,NEXT_STEP,False,1.00867,-10.163598,675,1.003569,0.986093,1.051991,0.972623,1.00333,dist_bus,675,1.00333,1.00333,1.003569,BASELINE,1.00867,1.0,1.0,on,True,1.0,1.05,1.0,0.0,,,,12,0,0,0,0,0,0,False,1.05625,1.0375,1.05625,on,True,on,True,BASELINE
0.876,1,531,NEXT_STEP,False,1.00867,-10.163598,675,1.003569,0.986093,1.051991,0.972623,1.00333,dist_bus,675,1.00333,1.00333,1.003569,BASELINE,1.00867,1.0,1.0,on,True,1.0,1.05,1.0,0.0,,,,12,0,0,0,0,0,0,False,1.05625,1.0375,1.05625,on,True,on,True,BASELINE
0.879,1,532,NEXT_STEP,False,1.00867,-10.163598,675,1.003569,0.986093,1.051991,0.972623,1.00333,dist_bus,675,1.00333,1.00333,1.003569,BASELINE,1.00867,1.0,1.0,on,True,1.0,1.05,1.0,0.0,,,,12,0,0,0,0,0,0,False,1.05625,1.0375,1.05625,on,True,on,True,BASELINE
0.882,1,533,NEXT_STEP,False,1.00867,-10.163598,675,1.003569,0.986093,1.051991,0.972623,1.00333,dist_bus,675,1.00333,1.00333,1.003569,BASELINE,1.00867,1.0,1.0,on,True,1.0,1.05,1.0,0.0,,,,12,0,0,0,0,0,0,False,1.05625,1.0375,1.05625,on,True,on,True,BASELINE
0.885,1,535,NEXT_STEP,False,1.00867,-10.163598,675,1.003569,0.986093,1.051991,0.972623,1.00333,dist_bus,675,1.00333,1.00333,1.003569,BASELINE,1.00867,1.0,1.0,on,True,1.0,1.05,1.0,0.0,,,,12,0,0,0,0,0,0,False,1.05625,1.0375,1.05625,on,True,on,True,BASELINE
0.888,1,537,NEXT_STEP,False,1.00867,-10.163598,675,1.003569,0.986093,1.051991,0.972623,1.00333,dist_bus,675,1.00333,1.00333,1.003569,BASELINE,1.00867,1.0,1.0,on,True,1.0,1.05,1.0,0.0,,,,12,0,0,0,0,0,0,False,1.05625,1.0375,1.05625,on,True,on,True,BASELINE
0.891,1,538,NEXT_STEP,False,1.00867,-10.163598,675,1.003569,0.986093,1.051991,0.972623,1.00333,dist_bus,675,1.00333,1.00333,1.003569,BASELINE,1.00867,1.0,1.0,on,True,1.0,1.05,1.0,0.0,,,,12,0,0,0,0,0,0,False,1.05625,1.0375,1.05625,on,True,on,True,BASELINE
0.894,1,539,NEXT_STEP,False,1.00867,-10.163598,675,1.003569,0.986093,1.051991,0.972623,1.00333,dist_bus,675,1.00333,1.00333,1.003569,BASELINE,1.00867,1.0,1.0,on,True,1.0,1.05,1.0,0.0,,,,12,0,0,0,0,0,0,False,1.05625,1.0375,1.05625,on,True,on,True,BASELINE
0.897,1,541,NEXT_STEP,False,1.00867,-10.163598,675,1.003569,0.986093,1.051991,0.972623,1.00333,dist_bus,675,1.00333,1.00333,1.003569,BASELINE,1.00867,1.0,1.0,on,True,1.0,1.05,1.0,0.0,,,,12,0,0,0,0,0,0,False,1.05625,1.0375,1.05625,on,True,on,True,BASELINE
0.9,1,543,NEXT_STEP,False,1.00867,-10.163598,675,1.003569,0.986093,1.051991,0.972623,1.00333,dist_bus,675,1.00333,1.00333,1.003569,BASELINE,1.00867,1.0,1.0,on,True,1.0,1.05,1.0,0.0,,,,12,0,0,0,0,0,0,False,1.05625,1.0375,1.05625,on,True,on,True,BASELINE
0.903,1,544,NEXT_STEP,False,1.00867,-10.163598,675,1.003569,0.986093,1.051991,0.972623,1.00333,dist_bus,675,1.00333,1.00333,1.003569,BASELINE,1.00867,1.0,1.0,on,True,1.0,1.05,1.0,0.0,,,,12,0,0,0,0,0,0,False,1.05625,1.0375,1.05625,on,True,on,True,BASELINE
0.906,1,546,NEXT_STEP,False,1.00867,-10.163598,675,1.003569,0.986093,1.051991,0.972623,1.00333,dist_bus,675,1.00333,1.00333,1.003569,BASELINE,1.00867,1.0,1.0,on,True,1.0,1.05,1.0,0.0,,,,12,0,0,0,0,0,0,False,1.05625,1.0375,1.05625,on,True,on,True,BASELINE
0.909,1,547,NEXT_STEP,False,1.00867,-10.163598,675,1.003569,0.986093,1.051991,0.972623,1.00333,dist_bus,675,1.00333,1.00333,1.003569,BASELINE,1.00867,1.0,1.0,on,True,1.0,1.05,1.0,0.0,,,,12,0,0,0,0,0,0,False,1.05625,1.0375,1.05625,on,True,on,True,BASELINE
0.912,1,548,NEXT_STEP,False,1.00867,-10.163598,675,1.003569,0.986093,1.051991,0.972623,1.00333,dist_bus,675,1.00333,1.00333,1.003569,BASELINE,1.00867,1.0,1.0,on,True,1.0,1.05,1.0,0.0,,,,12,0,0,0,0,0,0,False,1.05625,1.0375,1.05625,on,True,on,True,BASELINE
0.915,1,550,NEXT_STEP,False,1.00867,-10.163598,675,1.003569,0.986093,1.051991,0.972623,1.00333,dist_bus,675,1.00333,1.00333,1.003569,BASELINE,1.00867,1.0,1.0,on,True,1.0,1.05,1.0,0.0,,,,12,0,0,0,0,0,0,False,1.05625,1.0375,1.05625,on,True,on,True,BASELINE
0.918,1,551,NEXT_STEP,False,1.00867,-10.163598,675,1.003569,0.986093,1.051991,0.972623,1.00333,dist_bus,675,1.00333,1.00333,1.003569,BASELINE,1.00867,1.0,1.0,on,True,1.0,1.05,1.0,0.0,,,,12,0,0,0,0,0,0,False,1.05625,1.0375,1.05625,on,True,on,True,BASELINE
0.921,1,553,NEXT_STEP,False,1.00867,-10.163598,675,1.003569,0.986093,1.051991,0.972623,1.00333,dist_bus,675,1.00333,1.00333,1.003569,BASELINE,1.00867,1.0,1.0,on,True,1.0,1.05,1.0,0.0,,,,12,0,0,0,0,0,0,False,1.05625,1.0375,1.05625,on,True,on,True,BASELINE
0.924,1,555,NEXT_STEP,False,1.00867,-10.163598,675,1.003569,0.986093,1.051991,0.972623,1.00333,dist_bus,675,1.00333,1.00333,1.003569,BASELINE,1.00867,1.0,1.0,on,True,1.0,1.05,1.0,0.0,,,,12,0,0,0,0,0,0,False,1.05625,1.0375,1.05625,on,True,on,True,BASELINE
0.927,1,557,NEXT_STEP,False,1.00867,-10.163598,675,1.003569,0.986093,1.051991,0.972623,1.00333,dist_bus,675,1.00333,1.00333,1.003569,BASELINE,1.00867,1.0,1.0,on,True,1.0,1.05,1.0,0.0,,,,12,0,0,0,0,0,0,False,1.05625,1.0375,1.05625,on,True,on,True,BASELINE
0.93,1,558,NEXT_STEP,False,1.00867,-10.163598,675,1.003569,0.986093,1.051991,0.972623,1.00333,dist_bus,675,1.00333,1.00333,1.003569,BASELINE,1.00867,1.0,1.0,on,True,1.0,1.05,1.0,0.0,,,,12,0,0,0,0,0,0,False,1.05625,1.0375,1.05625,on,True,on,True,BASELINE
0.933,1,559,NEXT_STEP,False,1.00867,-10.163598,675,1.003569,0.986093,1.051991,0.972623,1.00333,dist_bus,675,1.00333,1.00333,1.003569,BASELINE,1.00867,1.0,1.0,on,True,1.0,1.05,1.0,0.0,,,,12,0,0,0,0,0,0,False,1.05625,1.0375,1.05625,on,True,on,True,BASELINE
0.936,1,560,NEXT_STEP,False,1.00867,-10.163598,675,1.003569,0.986093,1.051991,0.972623,1.00333,dist_bus,675,1.00333,1.00333,1.003569,BASELINE,1.00867,1.0,1.0,on,True,1.0,1.05,1.0,0.0,,,,12,0,0,0,0,0,0,False,1.05625,1.0375,1.05625,on,True,on,True,BASELINE
0.939,1,562,NEXT_STEP,False,1.00867,-10.163598,675,1.003569,0.986093,1.051991,0.972623,1.00333,dist_bus,675,1.00333,1.00333,1.003569,BASELINE,1.00867,1.0,1.0,on,True,1.0,1.05,1.0,0.0,,,,12,0,0,0,0,0,0,False,1.05625,1.0375,1.05625,on,True,on,True,BASELINE
0.942,1,564,NEXT_STEP,False,1.00867,-10.163598,675,1.003569,0.986093,1.051991,0.972623,1.00333,dist_bus,675,1.00333,1.00333,1.003569,BASELINE,1.00867,1.0,1.0,on,True,1.0,1.05,1.0,0.0,,,,12,0,0,0,0,0,0,False,1.05625,1.0375,1.05625,on,True,on,True,BASELINE
0.945,1,565,NEXT_STEP,False,1.00867,-10.163598,675,1.003569,0.986093,1.051991,0.972623,1.00333,dist_bus,675,1.00333,1.00333,1.003569,BASELINE,1.00867,1.0,1.0,on,True,1.0,1.05,1.0,0.0,,,,12,0,0,0,0,0,0,False,1.05625,1.0375,1.05625,on,True,on,True,BASELINE
0.948,1,566,NEXT_STEP,False,1.00867,-10.163598,675,1.003569,0.986093,1.051991,0.972623,1.00333,dist_bus,675,1.00333,1.00333,1.003569,BASELINE,1.00867,1.0,1.0,on,True,1.0,1.05,1.0,0.0,,,,12,0,0,0,0,0,0,False,1.05625,1.0375,1.05625,on,True,on,True,BASELINE
0.951,1,568,NEXT_STEP,False,1.00867,-10.163598,675,1.003569,0.986093,1.051991,0.972623,1.00333,dist_bus,675,1.00333,1.00333,1.003569,BASELINE,1.00867,1.0,1.0,on,True,1.0,1.05,1.0,0.0,,,,12,0,0,0,0,0,0,False,1.05625,1.0375,1.05625,on,True,on,True,BASELINE
0.954,1,570,NEXT_STEP,False,1.00867,-10.163598,675,1.003569,0.986093,1.051991,0.972623,1.00333,dist_bus,675,1.00333,1.00333,1.003569,BASELINE,1.00867,1.0,1.0,on,True,1.0,1.05,1.0,0.0,,,,12,0,0,0,0,0,0,False,1.05625,1.0375,1.05625,on,True,on,True,BASELINE
0.957,1,572,NEXT_STEP,False,1.00867,-10.163598,675,1.003569,0.986093,1.051991,0.972623,1.00333,dist_bus,675,1.00333,1.00333,1.003569,BASELINE,1.00867,1.0,1.0,on,True,1.0,1.05,1.0,0.0,,,,12,0,0,0,0,0,0,False,1.05625,1.0375,1.05625,on,True,on,True,BASELINE
0.96,1,573,NEXT_STEP,False,1.00867,-10.163598,675,1.003569,0.986093,1.051991,0.972623,1.00333,dist_bus,675,1.00333,1.00333,1.003569,BASELINE,1.00867,1.0,1.0,on,True,1.0,1.05,1.0,0.0,,,,12,0,0,0,0,0,0,False,1.05625,1.0375,1.05625,on,True,on,True,BASELINE
0.963,1,574,NEXT_STEP,False,1.00867,-10.163598,675,1.003569,0.986093,1.051991,0.972623,1.00333,dist_bus,675,1.00333,1.00333,1.003569,BASELINE,1.00867,1.0,1.0,on,True,1.0,1.05,1.0,0.0,,,,12,0,0,0,0,0,0,False,1.05625,1.0375,1.05625,on,True,on,True,BASELINE
0.966,1,575,NEXT_STEP,False,1.00867,-10.163598,675,1.003569,0.986093,1.051991,0.972623,1.00333,dist_bus,675,1.00333,1.00333,1.003569,BASELINE,1.00867,1.0,1.0,on,True,1.0,1.05,1.0,0.0,,,,12,0,0,0,0,0,0,False,1.05625,1.0375,1.05625,on,True,on,True,BASELINE
0.969,1,577,NEXT_STEP,False,1.00867,-10.163598,675,1.003569,0.986093,1.051991,0.972623,1.00333,dist_bus,675,1.00333,1.00333,1.003569,BASELINE,1.00867,1.0,1.0,on,True,1.0,1.05,1.0,0.0,,,,12,0,0,0,0,0,0,False,1.05625,1.0375,1.05625,on,True,on,True,BASELINE
0.972,1,578,NEXT_STEP,False,1.00867,-10.163598,675,1.003569,0.986093,1.051991,0.972623,1.00333,dist_bus,675,1.00333,1.00333,1.003569,BASELINE,1.00867,1.0,1.0,on,True,1.0,1.05,1.0,0.0,,,,12,0,0,0,0,0,0,False,1.05625,1.0375,1.05625,on,True,on,True,BASELINE
0.975,1,579,NEXT_STEP,False,1.00867,-10.163598,675,1.003569,0.986093,1.051991,0.972623,1.00333,dist_bus,675,1.00333,1.00333,1.003569,BASELINE,1.00867,1.0,1.0,on,True,1.0,1.05,1.0,0.0,,,,12,0,0,0,0,0,0,False,1.05625,1.0375,1.05625,on,True,on,True,BASELINE
0.978,1,580,NEXT_STEP,False,1.00867,-10.163598,675,1.003569,0.986093,1.051991,0.972623,1.00333,dist_bus,675,1.00333,1.00333,1.003569,BASELINE,1.00867,1.0,1.0,on,True,1.0,1.05,1.0,0.0,,,,12,0,0,0,0,0,0,False,1.05625,1.0375,1.05625,on,True,on,True,BASELINE
0.981,1,582,NEXT_STEP,False,1.00867,-10.163598,675,1.003569,0.986093,1.051991,0.972623,1.00333,dist_bus,675,1.00333,1.00333,1.003569,BASELINE,1.00867,1.0,1.0,on,True,1.0,1.05,1.0,0.0,,,,12,0,0,0,0,0,0,False,1.05625,1.0375,1.05625,on,True,on,True,BASELINE
0.984,1,583,NEXT_STEP,False,1.00867,-10.163598,675,1.003569,0.986093,1.051991,0.972623,1.00333,dist_bus,675,1.00333,1.00333,1.003569,BASELINE,1.00867,1.0,1.0,on,True,1.0,1.05,1.0,0.0,,,,12,0,0,0,0,0,0,False,1.05625,1.0375,1.05625,on,True,on,True,BASELINE
0.987,1,585,NEXT_STEP,False,1.00867,-10.163598,675,1.003569,0.986093,1.051991,0.972623,1.00333,dist_bus,675,1.00333,1.00333,1.003569,BASELINE,1.00867,1.0,1.0,on,True,1.0,1.05,1.0,0.0,,,,12,0,0,0,0,0,0,False,1.05625,1.0375,1.05625,on,True,on,True,BASELINE
0.99,1,587,NEXT_STEP,False,1.00867,-10.163598,675,1.003569,0.986093,1.051991,0.972623,1.00333,dist_bus,675,1.00333,1.00333,1.003569,BASELINE,1.00867,1.0,1.0,on,True,1.0,1.05,1.0,0.0,,,,12,0,0,0,0,0,0,False,1.05625,1.0375,1.05625,on,True,on,True,BASELINE
0.993,1,588,NEXT_STEP,False,1.00867,-10.163598,675,1.003569,0.986093,1.051991,0.972623,1.00333,dist_bus,675,1.00333,1.00333,1.003569,BASELINE,1.00867,1.0,1.0,on,True,1.0,1.05,1.0,0.0,,,,12,0,0,0,0,0,0,False,1.05625,1.0375,1.05625,on,True,on,True,BASELINE
0.996,1,590,NEXT_STEP,False,1.00867,-10.163598,675,1.003569,0.986093,1.051991,0.972623,1.00333,dist_bus,675,1.00333,1.00333,1.003569,BASELINE,1.00867,1.0,1.0,on,True,1.0,1.05,1.0,0.0,,,,12,0,0,0,0,0,0,False,1.05625,1.0375,1.05625,on,True,on,True,BASELINE
0.999,1,592,NEXT_STEP,False,1.00867,-10.163598,675,1.003569,0.986093,1.051991,0.972623,1.00333,dist_bus,675,1.00333,1.00333,1.003569,BASELINE,1.00867,1.0,1.0,on,True,1.0,1.05,1.0,0.0,,,,12,0,0,0,0,0,0,False,1.05625,1.0375,1.05625,on,True,on,True,BASELINE
1.002,1,593,NEXT_STEP,False,1.00867,-10.163598,675,1.004167,0.989047,1.048359,0.975095,1.00393,dist_bus,675,1.00393,1.00393,1.004167,FAULT_ACTIVE,1.00867,1.0,1.047,on,True,1.0,1.05,1.0,0.0,,,,12,0,0,0,0,0,0,False,1.05625,1.0375,1.05625,on,True,on,True,FAULT_ACTIVE
1.005,1,595,NEXT_STEP,False,0.44369,-9.038303,675,0.43545,0.422719,0.453551,0.430081,0.435433,dist_bus,675,0.435433,0.435433,0.43545,FAULT_ACTIVE,0.44369,0.716,3.105,on,True,1.0,1.05,0.908,0.0,,,,3,0,9,0,9,0,0,False,1.05625,1.0375,1.05625,on,True,on,True,FAULT_ACTIVE
1.008,1,597,NEXT_STEP,False,0.447602,-8.100184,675,0.43947,0.427491,0.45763,0.433289,0.439455,dist_bus,675,0.439455,0.439455,0.43947,FAULT_ACTIVE,0.447602,0.709,3.075,on,True,1.0,1.05,0.901,0.0,,,,3,0,9,0,9,0,0,False,1.05625,1.0375,1.05625,on,True,on,True,FAULT_ACTIVE
1.011,1,599,NEXT_STEP,False,0.441745,-8.398187,675,0.435167,0.425831,0.450775,0.428895,0.43516,dist_bus,675,0.43516,0.43516,0.435167,FAULT_ACTIVE,0.441745,0.65,2.819,on,True,1.0,1.05,0.851,0.0,,,,1,0,11,0,11,0,0,False,1.05625,1.0375,1.05625,on,True,on,True,FAULT_ACTIVE
1.014,1,601,NEXT_STEP,False,0.436521,-8.750842,675,0.431028,0.422573,0.445423,0.42509,0.431023,dist_bus,675,0.431023,0.431023,0.431028,FAULT_ACTIVE,0.436521,0.605,2.627,on,True,1.0,1.05,0.808,0.0,,,,0,0,12,0,12,0,0,False,1.05625,1.0375,1.05625,on,True,on,True,FAULT_ACTIVE
1.017,1,603,NEXT_STEP,False,0.431667,-9.090245,675,0.427076,0.41896,0.440725,0.421543,0.427071,dist_bus,675,0.427071,0.427071,0.427076,FAULT_ACTIVE,0.431667,0.566,2.458,on,True,1.0,1.05,0.77,0.0,,,,0,0,12,0,12,0,0,False,1.05625,1.0375,1.05625,on,True,on,True,FAULT_ACTIVE
1.02,1,605,NEXT_STEP,False,0.427026,-9.426603,675,0.423297,0.415662,0.436109,0.418119,0.423292,dist_bus,675,0.423292,0.423292,0.423297,FAULT_ACTIVE,0.427026,0.529,2.298,on,True,1.0,1.05,0.733,0.0,,,,0,0,12,0,12,0,0,False,1.05625,1.0375,1.05625,on,True,on,True,FAULT_ACTIVE
1.023,1,607,NEXT_STEP,False,0.422569,-9.761072,675,0.419633,0.412405,0.431691,0.414804,0.419629,dist_bus,675,0.419629,0.419629,0.419633,FAULT_ACTIVE,0.422569,0.495,2.147,on,True,1.0,1.05,0.697,0.0,,,,0,0,12,0,12,0,0,False,1.05625,1.0375,1.05625,on,True,on,True,FAULT_ACTIVE
1.026,1,609,NEXT_STEP,False,0.418292,-10.092709,675,0.416095,0.409266,0.427426,0.411593,0.416091,dist_bus,675,0.416091,0.416091,0.416095,FAULT_ACTIVE,0.418292,0.462,2.005,on,True,1.0,1.05,0.662,0.0,,,,0,0,12,0,12,0,0,False,1.05625,1.0375,1.05625,on,True,on,True,FAULT_ACTIVE
1.029,1,611,NEXT_STEP,False,0.414185,-10.421384,675,0.412674,0.406219,0.423319,0.408483,0.41267,dist_bus,675,0.41267,0.41267,0.412674,FAULT_ACTIVE,0.414185,0.431,1.871,on,True,1.0,1.05,0.628,0.0,,,,0,0,12,0,12,0,0,False,1.05625,1.0375,1.05625,on,True,on,True,FAULT_ACTIVE
1.032,1,613,NEXT_STEP,False,0.410239,-10.74681,675,0.409365,0.403266,0.419359,0.40547,0.409362,dist_bus,675,0.409362,0.409362,0.409365,FAULT_ACTIVE,0.410239,0.402,1.745,on,True,1.0,1.05,0.595,0.0,,,,0,0,12,0,12,0,0,False,1.05625,1.0375,1.05625,on,True,on,True,FAULT_ACTIVE
1.035,1,615,NEXT_STEP,False,0.406447,-11.068767,675,0.406166,0.400404,0.415543,0.402552,0.406163,dist_bus,675,0.406163,0.406163,0.406166,FAULT_ACTIVE,0.406447,0.375,1.627,on,True,1.0,1.05,0.563,0.0,,,,0,0,12,0,12,0,0,False,1.05625,1.0375,1.05625,on,True,on,True,FAULT_ACTIVE
1.038,1,617,NEXT_STEP,False,0.402799,-11.387043,675,0.403071,0.397628,0.411862,0.399723,0.403068,dist_bus,675,0.403068,0.403068,0.403071,FAULT_ACTIVE,0.402799,0.349,1.515,on,True,1.0,1.05,0.0,0.0,,,,0,0,12,0,12,0,0,False,1.05625,1.0375,1.05625,on,True,on,True,FAULT_ACTIVE
1.041,1,619,NEXT_STEP,False,0.39929,-11.701448,675,0.400076,0.394935,0.408313,0.396981,0.400073,dist_bus,675,0.400073,0.400073,0.400076,FAULT_ACTIVE,0.39929,0.325,1.409,on,True,1.0,1.05,0.0,0.0,,,,0,0,12,0,12,0,0,False,1.05625,1.0375,1.05625,on,True,on,True,FAULT_ACTIVE
1.044,1,621,NEXT_STEP,False,0.395913,-12.011811,675,0.397179,0.392324,0.404889,0.394325,0.397176,dist_bus,675,0.397176,0.397176,0.397179,FAULT_ACTIVE,0.395913,0.302,1.31,on,True,1.0,1.05,0.0,0.0,,,,0,0,12,0,12,0,0,False,1.05625,1.0375,1.05625,on,True,on,True,FAULT_ACTIVE
1.047,1,623,NEXT_STEP,False,0.392662,-12.317986,675,0.394376,0.389792,0.401586,0.391749,0.394372,dist_bus,675,0.394372,0.394372,0.394376,FAULT_ACTIVE,0.392662,0.28,1.216,on,True,1.0,1.05,0.0,0.0,,,,0,0,12,0,12,0,0,False,1.05625,1.0375,1.05625,on,True,on,True,FAULT_ACTIVE
1.05,1,625,NEXT_STEP,False,0.389531,-12.61984,675,0.391662,0.387336,0.398398,0.389253,0.391658,dist_bus,675,0.391658,0.391658,0.391662,FAULT_ACTIVE,0.389531,0.26,1.127,on,True,1.0,1.05,0.0,0.0,,,,0,0,12,0,12,0,0,False,1.05625,1.0375,1.05625,on,True,on,True,FAULT_ACTIVE
1.053,1,627,NEXT_STEP,False,0.386515,-12.91725,675,0.389036,0.384953,0.395322,0.386833,0.389032,dist_bus,675,0.389032,0.389032,0.389036,FAULT_ACTIVE,0.386515,0.24,1.043,on,True,1.0,1.05,0.0,0.0,,,,0,0,12,0,12,0,0,False,1.05625,1.0375,1.05625,on,True,on,True,FAULT_ACTIVE
1.056,1,629,NEXT_STEP,False,0.383608,-13.210109,675,0.386493,0.382642,0.392352,0.384486,0.386489,dist_bus,675,0.386489,0.386489,0.386493,FAULT_ACTIVE,0.383608,0.222,0.963,on,True,1.0,1.05,0.0,0.0,,,,0,0,12,0,12,0,0,False,1.05625,1.0375,1.05625,on,True,on,True,FAULT_ACTIVE
1.059,1,631,NEXT_STEP,False,0.380808,-13.49832,675,0.384034,0.380401,0.389488,0.382212,0.384029,dist_bus,675,0.384029,0.384029,0.384034,FAULT_ACTIVE,0.380808,0.205,0.888,on,True,1.0,1.05,0.0,0.0,,,,0,0,12,0,12,0,0,False,1.05625,1.0375,1.05625,on,True,on,True,FAULT_ACTIVE
1.062,1,633,NEXT_STEP,False,0.378108,-13.7818,675,0.381652,0.378227,0.386721,0.380007,0.381647,dist_bus,675,0.381647,0.381647,0.381652,FAULT_ACTIVE,0.378108,0.188,0.817,on,True,1.0,1.05,0.0,0.0,,,,0,0,12,0,12,0,0,False,1.05625,1.0375,1.05625,on,True,on,True,FAULT_ACTIVE
1.065,1,635,NEXT_STEP,False,0.375505,-14.060478,675,0.379347,0.376119,0.384051,0.37787,0.379342,dist_bus,675,0.379342,0.379342,0.379347,FAULT_ACTIVE,0.375505,0.173,0.749,on,True,1.0,1.05,0.0,0.0,,,,0,0,12,0,12,0,0,False,1.05625,1.0375,1.05625,on,True,on,True,FAULT_ACTIVE
1.068,1,637,NEXT_STEP,False,0.372996,-14.334287,675,0.377116,0.374075,0.381474,0.375799,0.377111,dist_bus,675,0.377111,0.377111,0.377116,FAULT_ACTIVE,0.372996,0.158,0.685,on,True,1.0,1.05,0.0,0.0,,,,0,0,12,0,12,0,0,False,1.05625,1.0375,1.05625,on,True,on,True,FAULT_ACTIVE
1.071,1,639,NEXT_STEP,False,0.370577,-14.603178,675,0.374958,0.372094,0.378987,0.373793,0.374952,dist_bus,675,0.374952,0.374952,0.374958,FAULT_ACTIVE,0.370577,0.144,0.625,on,True,1.0,1.05,0.0,0.0,,,,0,0,12,0,12,0,0,False,1.05625,1.0375,1.05625,on,True,on,True,FAULT_ACTIVE
1.074,1,641,NEXT_STEP,False,0.368245,-14.867107,675,0.37287,0.370174,0.376587,0.371849,0.372864,dist_bus,675,0.372864,0.372864,0.37287,FAULT_ACTIVE,0.368245,0.131,0.567,on,True,1.0,1.05,0.0,0.0,,,,0,0,12,0,12,0,0,False,1.05625,1.0375,1.05625,on,True,on,True,FAULT_ACTIVE
1.077,1,643,NEXT_STEP,False,0.365996,-15.126039,675,0.370849,0.368313,0.37427,0.369966,0.370843,dist_bus,675,0.370843,0.370843,0.370849,FAULT_ACTIVE,0.365996,0.118,0.513,on,True,1.0,1.05,0.0,0.0,,,,0,0,12,0,12,0,0,False,1.05625,1.0375,1.05625,on,True,on,True,FAULT_ACTIVE
1.08,1,645,NEXT_STEP,False,0.363827,-15.379947,675,0.368895,0.366509,0.372034,0.368141,0.368888,dist_bus,675,0.368888,0.368888,0.368895,RECOVERED,0.363827,0.106,0.461,on,True,1.0,1.05,0.0,0.0,,,,0,0,12,0,12,0,0,False,1.05625,1.0375,1.05625,on,True,on,True,RECOVERED
1.083,1,647,NEXT_STEP,False,1.00867,-15.628805,675,0.831699,0.723536,1.016598,0.754963,0.830821,dist_bus,675,0.830821,0.830821,0.831699,STALLED_MOTORS,1.00867,4.235,18.38,on,True,1.0,1.05,0.0,0.0,,,,0,12,0,0,0,0,0,False,1.05625,1.0375,1.05625,on,True,on,True,STALLED_MOTORS
1.086,1,649,NEXT_STEP,False,0.852473,-14.438524,675,0.770995,0.716966,0.863067,0.732951,0.770738,dist_bus,675,0.770738,0.770738,0.770995,STALLED_MOTORS,0.852473,2.327,10.098,on,True,1.0,1.05,0.0,0.0,,,,0,12,0,0,0,0,0,False,1.05625,1.0375,1.05625,on,True,on,True,STALLED_MOTORS
1.089,1,651,NEXT_STEP,False,0.841483,-14.734017,675,0.761387,0.712103,0.846585,0.725473,0.761182,dist_bus,675,0.761182,0.761182,0.761387,STALLED_MOTORS,0.841483,2.334,10.13,on,True,1.0,1.05,0.0,0.0,,,,0,12,0,0,0,0,0,False,1.05625,1.0375,1.05625,on,True,on,True,STALLED_MOTORS
1.092,1,653,NEXT_STEP,False,0.851316,-14.508879,675,0.767815,0.717288,0.855424,0.730733,0.767602,dist_bus,675,0.767602,0.767602,0.767815,STALLED_MOTORS,0.851316,2.402,10.423,on,True,1.0,1.05,0.0,0.0,,,,0,12,0,0,0,0,0,False,1.05625,1.0375,1.05625,on,True,on,True,STALLED_MOTORS
1.095,1,655,NEXT_STEP,False,0.857802,-14.376258,675,0.772669,0.721503,0.861446,0.735059,0.772453,dist_bus,675,0.772453,0.772453,0.772669,STALLED_MOTORS,0.857802,2.43,10.546,on,True,1.0,1.05,0.0,0.0,,,,0,12,0,0,0,0,0,False,1.05625,1.0375,1.05625,on,True,on,True,STALLED_MOTORS
1.098,1,657,NEXT_STEP,False,0.863533,-14.259995,675,0.776917,0.725176,0.866721,0.738854,0.776698,dist_bus,675,0.776698,0.776698,0.776917,STALLED_MOTORS,0.863533,2.456,10.658,on,True,1.0,1.05,0.0,0.0,,,,0,12,0,0,0,0,0,False,1.05625,1.0375,1.05625,on,True,on,True,STALLED_MOTORS
1.101,1,659,NEXT_STEP,False,0.869085,-14.146585,675,0.780995,0.728671,0.87183,0.742483,0.780772,dist_bus,675,0.780772,0.780772,0.780995,STALLED_MOTORS,0.869085,2.482,10.77,on,True,1.0,1.05,0.0,0.0,,,,0,12,0,0,0,0,0,False,1.05625,1.0375,1.05625,on,True,on,True,STALLED_MOTORS
1.104,1,661,NEXT_STEP,False,0.87441,-14.037604,675,0.784895,0.732009,0.876724,0.745953,0.78467,dist_bus,675,0.78467,0.78467,0.784895,STALLED_MOTORS,0.87441,2.506,10.877,on,True,1.0,1.05,0.0,0.0,,,,0,12,0,0,0,0,0,False,1.05625,1.0375,1.05625,on,True,on,True,STALLED_MOTORS
1.107,1,663,NEXT_STEP,False,0.879512,-13.9329,675,0.788623,0.735197,0.881406,0.749267,0.788395,dist_bus,675,0.788395,0.788395,0.788623,STALLED_MOTORS,0.879512,2.53,10.98,on,True,1.0,1.05,0.0,0.0,,,,0,12,0,0,0,0,0,False,1.05625,1.0375,1.05625,on,True,on,True,STALLED_MOTORS
1.11,1,665,NEXT_STEP,False,0.884404,-13.832283,675,0.792189,0.738244,0.885888,0.752435,0.791958,dist_bus,675,0.791958,0.791958,0.792189,STALLED_MOTORS,0.884404,2.553,11.079,on,True,1.0,1.05,0.0,0.0,,,,0,12,0,0,0,0,0,False,1.05625,1.0375,1.05625,on,True,on,True,STALLED_MOTORS
1.113,1,667,NEXT_STEP,False,0.889098,-13.735525,675,0.795602,0.741158,0.890181,0.755467,0.795368,dist_bus,675,0.795368,0.795368,0.795602,STALLED_MOTORS,0.889098,2.575,11.174,on,True,1.0,1.05,0.0,0.0,,,,0,12,0,0,0,0,0,False,1.05625,1.0375,1.05625,on,True,on,True,STALLED_MOTORS
1.116,1,669,NEXT_STEP,False,0.893605,-13.642428,675,0.798872,0.743949,0.894297,0.758369,0.798635,dist_bus,675,0.798635,0.798635,0.798872,STALLED_MOTORS,0.893605,2.596,11.266,on,True,1.0,1.05,0.0,0.0,,,,0,12,0,0,0,0,0,False,1.05625,1.0375,1.05625,on,True,on,True,STALLED_MOTORS
1.119,1,671,NEXT_STEP,False,0.897935,-13.552817,675,0.802006,0.746622,0.898246,0.76115,0.801767,dist_bus,675,0.801767,0.801767,0.802006,STALLED_MOTORS,0.897935,2.616,11.354,on,True,1.0,1.05,0.0,0.0,,,,0,12,0,0,0,0,0,False,1.05625,1.0375,1.05625,on,True,on,True,STALLED_MOTORS
1.122,1,673,NEXT_STEP,False,0.902097,-13.46654,675,0.805012,0.749185,0.902035,0.763816,0.804771,dist_bus,675,0.804771,0.804771,0.805012,STALLED_MOTORS,0.902097,2.636,11.439,on,True,1.0,1.05,0.0,0.0,,,,0,12,0,0,0,0,0,False,1.05625,1.0375,1.05625,on,True,on,True,STALLED_MOTORS
1.125,1,675,NEXT_STEP,False,0.906098,-13.383462,675,0.807897,0.751643,0.905673,0.766373,0.807653,dist_bus,675,0.807653,0.807653,0.807897,STALLED_MOTORS,0.906098,2.654,11.521,on,True,1.0,1.05,0.0,0.0,,,,0,12,0,0,0,0,0,False,1.05625,1.0375,1.05625,on,True,on,True,STALLED_MOTORS
1.128,1,677,NEXT_STEP,False,0.909948,-13.303459,675,0.810666,0.754003,0.90917,0.768827,0.810421,dist_bus,675,0.810421,0.810421,0.810666,STALLED_MOTORS,0.909948,2.673,11.599,on,True,1.0,1.05,0.0,0.0,,,,0,12,0,0,0,0,0,False,1.05625,1.0375,1.05625,on,True,on,True,STALLED_MOTORS
1.131,1,679,NEXT_STEP,False,0.913652,-13.226419,675,0.813326,0.756267,0.912529,0.771183,0.813079,dist_bus,675,0.813079,0.813079,0.813326,STALLED_MOTORS,0.913652,2.69,11.675,on,True,1.0,1.05,0.0,0.0,,,,0,12,0,0,0,0,0,False,1.05625,1.0375,1.05625,on,True,on,True,STALLED_MOTORS
1.134,1,681,NEXT_STEP,False,0.917217,-13.152233,675,0.815882,0.758442,0.915758,0.773446,0.815632,dist_bus,675,0.815632,0.815632,0.815882,STALLED_MOTORS,0.917217,2.707,11.748,on,True,1.0,1.05,0.0,0.0,,,,0,12,0,0,0,0,0,False,1.05625,1.0375,1.05625,on,True,on,True,STALLED_MOTORS
1.137,1,683,NEXT_STEP,False,0.92065,-13.080799,675,0.818339,0.760532,0.918864,0.77562,0.818087,dist_bus,675,0.818087,0.818087,0.818339,STALLED_MOTORS,0.92065,2.723,11.819,on,True,1.0,1.05,0.0,0.0,,,,0,12,0,0,0,0,0,False,1.05625,1.0375,1.05625,on,True,on,True,STALLED_MOTORS
1.14,1,685,NEXT_STEP,False,0.923956,-13.012025,675,0.8207,0.76254,0.921851,0.77771,0.820447,dist_bus,675,0.820447,0.820447,0.8207,STALLED_MOTORS,0.923956,2.739,11.887,on,True,1.0,1.05,0.0,0.0,,,,0,12,0,0,0,0,0,False,1.05625,1.0375,1.05625,on,True,on,True,STALLED_MOTORS
1.143,1,687,NEXT_STEP,False,0.927141,-12.945825,675,0.822972,0.764471,0.924726,0.779719,0.822717,dist_bus,675,0.822717,0.822717,0.822972,STALLED_MOTORS,0.927141,2.754,11.953,on,True,1.0,1.05,0.0,0.0,,,,0,12,0,0,0,0,0,False,1.05625,1.0375,1.05625,on,True,on,True,STALLED_MOTORS
1.146,1,689,NEXT_STEP,False,0.930208,-12.882118,675,0.825156,0.766327,0.927492,0.78165,0.8249,dist_bus,675,0.8249,0.8249,0.825156,STALLED_MOTORS,0.930208,2.769,12.016,on,True,1.0,1.05,0.0,0.0,,,,0,12,0,0,0,0,0,False,1.05625,1.0375,1.05625,on,True,on,True,STALLED_MOTORS
1.149,1,691,NEXT_STEP,False,0.933164,-12.820823,675,0.827258,0.768113,0.930154,0.783508,0.827,dist_bus,675,0.827,0.827,0.827258,STALLED_MOTORS,0.933164,2.783,12.077,on,True,1.0,1.05,0.0,0.0,,,,0,12,0,0,0,0,0,False,1.05625,1.0375,1.05625,on,True,on,True,STALLED_MOTORS
1.152,1,693,NEXT_STEP,False,0.936013,-12.761865,675,0.829281,0.769831,0.932718,0.785296,0.829022,dist_bus,675,0.829022,0.829022,0.829281,STALLED_MOTORS,0.936013,2.796,12.136,on,True,1.0,1.05,0.0,0.0,,,,0,12,0,0,0,0,0,False,1.05625,1.0375,1.05625,on,True,on,True,STALLED_MOTORS
1.155,1,695,NEXT_STEP,False,0.938758,-12.705172,675,0.831228,0.771484,0.935185,0.787016,0.830967,dist_bus,675,0.830967,0.830967,0.831228,STALLED_MOTORS,0.938758,2.809,12.192,on,True,1.0,1.05,0.0,0.0,,,,0,12,0,0,0,0,0,False,1.05625,1.0375,1.05625,on,True,on,True,STALLED_MOTORS
1.158,1,697,NEXT_STEP,False,0.941404,-12.65067,675,0.833102,0.773074,0.937562,0.78867,0.832839,dist_bus,675,0.832839,0.832839,0.833102,STALLED_MOTORS,0.941404,2.822,12.247,on,True,1.0,1.05,0.0,0.0,,,,0,12,0,0,0,0,0,False,1.05625,1.0375,1.05625,on,True,on,True,STALLED_MOTORS
1.161,1,699,NEXT_STEP,False,0.943954,-12.598292,675,0.834906,0.774604,0.93985,0.790263,0.834641,dist_bus,675,0.834641,0.834641,0.834906,STALLED_MOTORS,0.943954,2.834,12.3,on,True,1.0,1.05,0.0,0.0,,,,0,12,0,0,0,0,0,False,1.05625,1.0375,1.05625,on,True,on,True,STALLED_MOTORS
1.164,1,701,NEXT_STEP,False,0.946413,-12.54797,675,0.836643,0.776078,0.942054,0.791796,0.836377,dist_bus,675,0.836377,0.836377,0.836643,STALLED_MOTORS,0.946413,2.846,12.351,on,True,1.0,1.05,0.0,0.0,,,,0,12,0,0,0,0,0,False,1.05625,1.0375,1.05625,on,True,on,True,STALLED_MOTORS
1.167,1,703,NEXT_STEP,False,0.948784,-12.499642,675,0.838316,0.777497,0.944178,0.793273,0.838049,dist_bus,675,0.838049,0.838049,0.838316,STALLED_MOTORS,0.948784,2.857,12.4,on,True,1.0,1.05,0.0,0.0,,,,0,12,0,0,0,0,0,False,1.05625,1.0375,1.05625,on,True,on,True,STALLED_MOTORS
1.17,1,705,NEXT_STEP,False,0.95107,-12.453247,675,0.839927,0.778863,0.946224,0.794694,0.839659,dist_bus,675,0.839659,0.839659,0.839927,STALLED_MOTORS,0.95107,2.868,12.448,on,True,1.0,1.05,0.0,0.0,,,,0,12,0,0,0,0,0,False,1.05625,1.0375,1.05625,on,True,on,True,STALLED_MOTORS
1.173,1,707,NEXT_STEP,False,0.953274,-12.408723,675,0.841479,0.780178,0.948195,0.796063,0.841209,dist_bus,675,0.841209,0.841209,0.841479,STALLED_MOTORS,0.953274,2.879,12.494,on,True,1.0,1.05,0.0,0.0,,,,0,12,0,0,0,0,0,False,1.05625,1.0375,1.05625,on,True,on,True,STALLED_MOTORS
1.176,1,709,NEXT_STEP,False,0.9554,-12.366012,675,0.842974,0.781445,0.950095,0.797382,0.842703,dist_bus,675,0.842703,0.842703,0.842974,STALLED_MOTORS,0.9554,2.889,12.538,on,True,1.0,1.05,0.0,0.0,,,,0,12,0,0,0,0,0,False,1.05625,1.0375,1.05625,on,True,on,True,STALLED_MOTORS
1.179,1,711,NEXT_STEP,False,0.95745,-12.325061,675,0.844414,0.782666,0.951926,0.798652,0.844143,dist_bus,675,0.844143,0.844143,0.844414,STALLED_MOTORS,0.95745,2.899,12.581,on,True,1.0,1.05,0.0,0.0,,,,0,12,0,0,0,0,0,False,1.05625,1.0375,1.05625,on,True,on,True,STALLED_MOTORS
1.182,1,713,NEXT_STEP,False,0.959428,-12.285815,675,0.845803,0.783842,0.953691,0.799876,0.84553,dist_bus,675,0.84553,0.84553,0.845803,STALLED_MOTORS,0.959428,2.908,12.622,on,True,1.0,1.05,0.0,0.0,,,,0,12,0,0,0,0,0,False,1.05625,1.0375,1.05625,on,True,on,True,STALLED_MOTORS
1.185,1,715,NEXT_STEP,False,0.961335,-12.248223,675,0.84714,0.784974,0.955391,0.801054,0.846866,dist_bus,675,0.846866,0.846866,0.84714,STALLED_MOTORS,0.961335,2.917,12.662,on,True,1.0,1.05,0.0,0.0,,,,0,12,0,0,0,0,0,False,1.05625,1.0375,1.05625,on,True,on,True,STALLED_MOTORS
1.188,1,717,NEXT_STEP,False,0.963174,-12.212234,675,0.848428,0.786065,0.95703,0.80219,0.848154,dist_bus,675,0.848154,0.848154,0.848428,STALLED_MOTORS,0.963174,2.926,12.7,on,True,1.0,1.05,0.0,0.0,,,,0,12,0,0,0,0,0,False,1.05625,1.0375,1.05625,on,True,on,True,STALLED_MOTORS
1.191,1,719,NEXT_STEP,False,0.964949,-12.177799,675,0.849671,0.787117,0.958611,0.803284,0.849395,dist_bus,675,0.849395,0.849395,0.849671,STALLED_MOTORS,0.964949,2.935,12.737,on,True,1.0,1.05,0.0,0.0,,,,0,12,0,0,0,0,0,False,1.05625,1.0375,1.05625,on,True,on,True,STALLED_MOTORS
1.194,1,721,NEXT_STEP,False,0.96666,-12.144875,675,0.850868,0.78813,0.960134,0.804339,0.850591,dist_bus,675,0.850591,0.850591,0.850868,STALLED_MOTORS,0.96666,2.943,12.773,on,True,1.0,1.05,0.0,0.0,,,,0,12,0,0,0,0,0,False,1.05625,1.0375,1.05625,on,True,on,True,STALLED_MOTORS
1.197,1,723,NEXT_STEP,False,0.968311,-12.113414,675,0.852021,0.789107,0.961603,0.805355,0.851744,dist_bus,675,0.851744,0.851744,0.852021,STALLED_MOTORS,0.968311,2.951,12.807,on,True,1.0,1.05,0.0,0.0,,,,0,12,0,0,0,0,0,False,1.05625,1.0375,1.05625,on,True,on,True,STALLED_MOTORS
1.2,1,725,NEXT_STEP,False,0.969904,-12.083374,675,0.853134,0.790048,0.963019,0.806334,0.852855,dist_bus,675,0.852855,0.852855,0.853134,STALLED_MOTORS,0.969904,2.959,12.841,on,True,1.0,1.05,0.0,0.0,,,,0,12,0,0,0,0,0,False,1.05625,1.0375,1.05625,on,True,on,True,STALLED_MOTORS
1.203,1,727,NEXT_STEP,False,0.971441,-12.054714,675,0.854206,0.790956,0.964384,0.807279,0.853927,dist_bus,675,0.853927,0.853927,0.854206,STALLED_MOTORS,0.971441,2.966,12.873,on,True,1.0,1.05,0.0,0.0,,,,0,12,0,0,0,0,0,False,1.05625,1.0375,1.05625,on,True,on,True,STALLED_MOTORS
1.206,1,729,NEXT_STEP,False,0.972923,-12.027395,675,0.85524,0.79183,0.9657,0.808188,0.854959,dist_bus,675,0.854959,0.854959,0.85524,STALLED_MOTORS,0.972923,2.973,12.904,on,True,1.0,1.05,0.0,0.0,,,,0,12,0,0,0,0,0,False,1.05625,1.0375,1.05625,on,True,on,True,STALLED_MOTORS
1.209,1,731,NEXT_STEP,False,0.974354,-12.001376,675,0.856237,0.792673,0.966971,0.809066,0.855956,dist_bus,675,0.855956,0.855956,0.856237,STALLED_MOTORS,0.974354,2.98,12.934,on,True,1.0,1.05,0.0,0.0,,,,0,12,0,0,0,0,0,False,1.05625,1.0375,1.05625,on,True,on,True,STALLED_MOTORS
1.212,1,733,NEXT_STEP,False,0.975734,-11.976622,675,0.857198,0.793486,0.968195,0.809912,0.856916,dist_bus,675,0.856916,0.856916,0.857198,STALLED_MOTORS,0.975734,2.987,12.963,on,True,1.0,1.05,0.0,0.0,,,,0,12,0,0,0,0,0,False,1.05625,1.0375,1.05625,on,True,on,True,STALLED_MOTORS
1.215,1,735,NEXT_STEP,False,0.977065,-11.953097,675,0.858124,0.794269,0.969375,0.810727,0.857841,dist_bus,675,0.857841,0.857841,0.858124,STALLED_MOTORS,0.977065,2.993,12.99,on,True,1.0,1.05,0.0,0.0,,,,0,12,0,0,0,0,0,False,1.05625,1.0375,1.05625,on,True,on,True,STALLED_MOTORS
1.218,1,737,NEXT_STEP,False,0.97835,-11.930764,675,0.859017,0.795025,0.970514,0.811513,0.858734,dist_bus,675,0.858734,0.858734,0.859017,STALLED_MOTORS,0.97835,2.999,13.017,on,True,1.0,1.05,0.0,0.0,,,,0,12,0,0,0,0,0,False,1.05625,1.0375,1.05625,on,True,on,True,STALLED_MOTORS
1.221,1,739,NEXT_STEP,False,0.979589,-11.909593,675,0.859878,0.795753,0.971612,0.812271,0.859595,dist_bus,675,0.859595,0.859595,0.859878,STALLED_MOTORS,0.979589,3.005,13.043,on,True,1.0,1.05,0.0,0.0,,,,0,12,0,0,0,0,0,False,1.05625,1.0375,1.05625,on,True,on,True,STALLED_MOTORS
1.224,1,741,NEXT_STEP,False,0.980785,-11.88955,675,0.860709,0.796455,0.972671,0.813002,0.860425,dist_bus,675,0.860425,0.860425,0.860709,STALLED_MOTORS,0.980785,3.011,13.068,on,True,1.0,1.05,0.0,0.0,,,,0,12,0,0,0,0,0,False,1.05625,1.0375,1.05625,on,True,on,True,STALLED_MOTORS
1.227,1,743,NEXT_STEP,False,0.981938,-11.870605,675,0.86151,0.797132,0.973691,0.813706,0.861225,dist_bus,675,0.861225,0.861225,0.86151,STALLED_MOTORS,0.981938,3.017,13.093,on,True,1.0,1.05,0.0,0.0,,,,0,12,0,0,0,0,0,False,1.05625,1.0375,1.05625,on,True,on,True,STALLED_MOTORS
1.23,1,745,NEXT_STEP,False,0.983051,-11.852726,675,0.862282,0.797784,0.974676,0.814385,0.861996,dist_bus,675,0.861996,0.861996,0.862282,STALLED_MOTORS,0.983051,3.022,13.116,on,True,1.0,1.05,0.0,0.0,,,,0,12,0,0,0,0,0,False,1.05625,1.0375,1.05625,on,True,on,True,STALLED_MOTORS
1.233,1,747,NEXT_STEP,False,0.984125,-11.835886,675,0.863026,0.798413,0.975626,0.81504,0.86274,dist_bus,675,0.86274,0.86274,0.863026,STALLED_MOTORS,0.984125,3.027,13.139,on,True,1.0,1.05,0.0,0.0,,,,0,12,0,0,0,0,0,False,1.05625,1.0375,1.05625,on,True,on,True,STALLED_MOTORS
1.236,1,749,NEXT_STEP,False,0.985161,-11.820059,675,0.863745,0.79902,0.976542,0.815671,0.863458,dist_bus,675,0.863458,0.863458,0.863745,STALLED_MOTORS,0.985161,3.032,13.16,on,True,1.0,1.05,0.0,0.0,,,,0,12,0,0,0,0,0,False,1.05625,1.0375,1.05625,on,True,on,True,STALLED_MOTORS
1.239,1,751,NEXT_STEP,False,0.986161,-11.805216,675,0.864437,0.799606,0.977426,0.81628,0.86415,dist_bus,675,0.86415,0.86415,0.864437,STALLED_MOTORS,0.986161,3.037,13.181,on,True,1.0,1.05,0.0,0.0,,,,0,12,0,0,0,0,0,False,1.05625,1.0375,1.05625,on,True,on,True,STALLED_MOTORS
1.242,1,753,NEXT_STEP,False,0.987125,-11.791333,675,0.865105,0.80017,0.978278,0.816867,0.864817,dist_bus,675,0.864817,0.864817,0.865105,STALLED_MOTORS,0.987125,3.042,13.202,on,True,1.0,1.05,0.0,0.0,,,,0,12,0,0,0,0,0,False,1.05625,1.0375,1.05625,on,True,on,True,STALLED_MOTORS
1.245,1,755,NEXT_STEP,False,0.988056,-11.778382,675,0.865749,0.800714,0.9791,0.817434,0.865461,dist_bus,675,0.865461,0.865461,0.865749,STALLED_MOTORS,0.988056,3.046,13.221,on,True,1.0,1.05,0.0,0.0,,,,0,12,0,0,0,0,0,False,1.05625,1.0375,1.05625,on,True,on,True,STALLED_MOTORS
1.248,1,757,NEXT_STEP,False,0.988954,-11.766342,675,0.86637,0.801239,0.979893,0.81798,0.866082,dist_bus,675,0.866082,0.866082,0.86637,STALLED_MOTORS,0.988954,3.051,13.24,on,True,1.0,1.05,0.0,0.0,,,,0,12,0,0,0,0,0,False,1.05625,1.0375,1.05625,on,True,on,True,STALLED_MOTORS
1.251,1,759,NEXT_STEP,False,0.98982,-11.755189,675,0.866969,0.801745,0.980657,0.818506,0.86668,dist_bus,675,0.86668,0.86668,0.866969,STALLED_MOTORS,0.98982,3.055,13.258,on,True,1.0,1.05,0.0,0.0,,,,0,12,0,0,0,0,0,False,1.05625,1.0375,1.05625,on,True,on,True,STALLED_MOTORS
1.254,1,761,NEXT_STEP,False,0.990655,-11.7449,675,0.867547,0.802232,0.981394,0.819013,0.867257,dist_bus,675,0.867257,0.867257,0.867547,STALLED_MOTORS,0.990655,3.059,13.276,on,True,1.0,1.05,0.0,0.0,,,,0,12,0,0,0,0,0,False,1.05625,1.0375,1.05625,on,True,on,True,STALLED_MOTORS
1.257,1,763,NEXT_STEP,False,0.991461,-11.735452,675,0.868103,0.802702,0.982105,0.819503,0.867813,dist_bus,675,0.867813,0.867813,0.868103,STALLED_MOTORS,0.991461,3.063,13.293,on,True,1.0,1.05,0.0,0.0,,,,0,12,0,0,0,0,0,False,1.05625,1.0375,1.05625,on,True,on,True,STALLED_MOTORS
1.26,1,765,NEXT_STEP,False,0.992239,-11.726826,675,0.868641,0.803156,0.982791,0.819975,0.86835,dist_bus,675,0.86835,0.86835,0.868641,STALLED_MOTORS,0.992239,3.067,13.309,on,True,1.0,1.05,0.0,0.0,,,,0,12,0,0,0,0,0,False,1.05625,1.0375,1.05625,on,True,on,True,STALLED_MOTORS
1.263,1,767,NEXT_STEP,False,0.992989,-11.719003,675,0.869159,0.803593,0.983452,0.82043,0.868868,dist_bus,675,0.868868,0.868868,0.869159,STALLED_MOTORS,0.992989,3.07,13.325,on,True,1.0,1.05,0.0,0.0,,,,0,12,0,0,0,0,0,False,1.05625,1.0375,1.05625,on,True,on,True,STALLED_MOTORS
1.266,1,769,NEXT_STEP,False,0.993712,-11.711962,675,0.869658,0.804015,0.98409,0.820869,0.869366,dist_bus,675,0.869366,0.869366,0.869658,STALLED_MOTORS,0.993712,3.074,13.34,on,True,1.0,1.05,0.0,0.0,,,,0,12,0,0,0,0,0,False,1.05625,1.0375,1.05625,on,True,on,True,STALLED_MOTORS
1.269,1,771,NEXT_STEP,False,0.994411,-11.705682,675,0.87014,0.804422,0.984706,0.821292,0.869848,dist_bus,675,0.869848,0.869848,0.87014,STALLED_MOTORS,0.994411,3.077,13.355,on,True,1.0,1.05,0.0,0.0,,,,0,12,0,0,0,0,0,False,1.05625,1.0375,1.05625,on,True,on,True,STALLED_MOTORS
1.272,1,773,NEXT_STEP,False,0.995084,-11.70015,675,0.870604,0.804814,0.985298,0.8217,0.870312,dist_bus,675,0.870312,0.870312,0.870604,STALLED_MOTORS,0.995084,3.08,13.369,on,True,1.0,1.05,0.0,0.0,,,,0,12,0,0,0,0,0,False,1.05625,1.0375,1.05625,on,True,on,True,STALLED_MOTORS
1.275,1,775,NEXT_STEP,False,0.995733,-11.695345,675,0.871052,0.805192,0.98587,0.822093,0.870759,dist_bus,675,0.870759,0.870759,0.871052,STALLED_MOTORS,0.995733,3.084,13.383,on,True,1.0,1.05,0.0,0.0,,,,0,12,0,0,0,0,0,False,1.05625,1.0375,1.05625,on,True,on,True,STALLED_MOTORS
1.278,1,777,NEXT_STEP,False,0.99636,-11.691249,675,0.871484,0.805557,0.986422,0.822473,0.871191,dist_bus,675,0.871191,0.871191,0.871484,STALLED_MOTORS,0.99636,3.087,13.396,on,True,1.0,1.05,0.0,0.0,,,,0,12,0,0,0,0,0,False,1.05625,1.0375,1.05625,on,True,on,True,STALLED_MOTORS
1.281,1,779,NEXT_STEP,False,0.996964,-11.687848,675,0.8719,0.805908,0.986954,0.822839,0.871607,dist_bus,675,0.871607,0.871607,0.8719,STALLED_MOTORS,0.996964,3.09,13.409,on,True,1.0,1.05,0.0,0.0,,,,0,12,0,0,0,0,0,False,1.05625,1.0375,1.05625,on,True,on,True,STALLED_MOTORS
1.284,1,781,NEXT_STEP,False,0.997546,-11.685126,675,0.872301,0.806247,0.987466,0.823191,0.872008,dist_bus,675,0.872008,0.872008,0.872301,STALLED_MOTORS,0.997546,3.092,13.421,on,True,1.0,1.05,0.0,0.0,,,,0,12,0,0,0,0,0,False,1.05625,1.0375,1.05625,on,True,on,True,STALLED_MOTORS
1.287,1,783,NEXT_STEP,False,0.998108,-11.683065,675,0.872688,0.806573,0.987961,0.823531,0.872395,dist_bus,675,0.872395,0.872395,0.872688,STALLED_MOTORS,0.998108,3.095,13.433,on,True,1.0,1.05,0.0,0.0,,,,0,12,0,0,0,0,0,False,1.05625,1.0375,1.05625,on,True,on,True,STALLED_MOTORS
1.29,1,785,NEXT_STEP,False,0.99865,-11.681652,675,0.873061,0.806888,0.988438,0.823859,0.872768,dist_bus,675,0.872768,0.872768,0.873061,STALLED_MOTORS,0.99865,3.098,13.444,on,True,1.0,1.05,0.0,0.0,,,,0,12,0,0,0,0,0,False,1.05625,1.0375,1.05625,on,True,on,True,STALLED_MOTORS
1.293,1,787,NEXT_STEP,False,0.999173,-11.680874,675,0.873422,0.807192,0.988898,0.824175,0.873127,dist_bus,675,0.873127,0.873127,0.873422,STALLED_MOTORS,0.999173,3.1,13.455,on,True,1.0,1.05,0.0,0.0,,,,0,12,0,0,0,0,0,False,1.05625,1.0375,1.05625,on,True,on,True,STALLED_MOTORS
1.296,1,789,NEXT_STEP,False,0.999677,-11.680717,675,0.873768,0.807485,0.989341,0.824479,0.873474,dist_bus,675,0.873474,0.873474,0.873768,STALLED_MOTORS,0.999677,3.103,13.466,on,True,1.0,1.05,0.0,0.0,,,,0,12,0,0,0,0,0,False,1.05625,1.0375,1.05625,on,True,on,True,STALLED_MOTORS
1.299,1,791,NEXT_STEP,False,1.000163,-11.681165,675,0.874103,0.807767,0.989768,0.824773,0.873808,dist_bus,675,0.873808,0.873808,0.874103,STALLED_MOTORS,1.000163,3.105,13.476,on,True,1.0,1.05,0.0,0.0,,,,0,12,0,0,0,0,0,False,1.05625,1.0375,1.05625,on,True,on,True,STALLED_MOTORS
1.302,1,793,NEXT_STEP,False,1.000631,-11.682204,675,0.874425,0.808039,0.99018,0.825056,0.87413,dist_bus,675,0.87413,0.87413,0.874425,STALLED_MOTORS,1.000631,3.107,13.486,on,True,1.0,1.05,0.0,0.0,,,,0,12,0,0,0,0,0,False,1.05625,1.0375,1.05625,on,True,on,True,STALLED_MOTORS
1.305,1,795,NEXT_STEP,False,1.001083,-11.683825,675,0.874736,0.808301,0.990577,0.825329,0.874441,dist_bus,675,0.874441,0.874441,0.874736,STALLED_MOTORS,1.001083,3.11,13.496,on,True,1.0,1.05,0.0,0.0,,,,0,12,0,0,0,0,0,False,1.05625,1.0375,1.05625,on,True,on,True,STALLED_MOTORS
1.308,1,797,NEXT_STEP,False,1.001518,-11.686015,675,0.875035,0.808554,0.990959,0.825591,0.874739,dist_bus,675,0.874739,0.874739,0.875035,STALLED_MOTORS,1.001518,3.112,13.505,on,True,1.0,1.05,0.0,0.0,,,,0,12,0,0,0,0,0,False,1.05625,1.0375,1.05625,on,True,on,True,STALLED_MOTORS
1.311,1,799,NEXT_STEP,False,1.001938,-11.688761,675,0.875324,0.808797,0.991328,0.825845,0.875028,dist_bus,675,0.875028,0.875028,0.875324,STALLED_MOTORS,1.001938,3.114,13.514,on,True,1.0,1.05,0.0,0.0,,,,0,12,0,0,0,0,0,False,1.05625,1.0375,1.05625,on,True,on,True,STALLED_MOTORS
1.314,1,801,NEXT_STEP,False,1.002342,-11.692053,675,0.875601,0.809032,0.991683,0.826089,0.875306,dist_bus,675,0.875306,0.875306,0.875601,STALLED_MOTORS,1.002342,3.116,13.522,on,True,1.0,1.05,0.0,0.0,,,,0,12,0,0,0,0,0,False,1.05625,1.0375,1.05625,on,True,on,True,STALLED_MOTORS
1.317,1,803,NEXT_STEP,False,1.002732,-11.695879,675,0.875869,0.809258,0.992026,0.826324,0.875573,dist_bus,675,0.875573,0.875573,0.875869,STALLED_MOTORS,1.002732,3.118,13.53,on,True,1.0,1.05,0.0,0.0,,,,0,12,0,0,0,0,0,False,1.05625,1.0375,1.05625,on,True,on,True,STALLED_MOTORS
1.32,1,805,NEXT_STEP,False,1.003107,-11.700228,675,0.876127,0.809475,0.992355,0.82655,0.875831,dist_bus,675,0.875831,0.875831,0.876127,STALLED_MOTORS,1.003107,3.119,13.538,on,True,1.0,1.05,0.0,0.0,,,,0,12,0,0,0,0,0,False,1.05625,1.0375,1.05625,on,True,on,True,STALLED_MOTORS
1.323,1,807,NEXT_STEP,False,1.003469,-11.705088,675,0.876376,0.809685,0.992673,0.826769,0.876079,dist_bus,675,0.876079,0.876079,0.876376,STALLED_MOTORS,1.003469,3.121,13.546,on,True,1.0,1.05,0.0,0.0,,,,0,12,0,0,0,0,0,False,1.05625,1.0375,1.05625,on,True,on,True,STALLED_MOTORS
1.326,1,809,NEXT_STEP,False,1.003818,-11.710452,675,0.876615,0.809887,0.99298,0.826979,0.876319,dist_bus,675,0.876319,0.876319,0.876615,STALLED_MOTORS,1.003818,3.123,13.553,on,True,1.0,1.05,0.0,0.0,,,,0,12,0,0,0,0,0,False,1.05625,1.0375,1.05625,on,True,on,True,STALLED_MOTORS
1.329,1,811,NEXT_STEP,False,1.004154,-11.71631,675,0.876846,0.810082,0.993275,0.827182,0.876549,dist_bus,675,0.876549,0.876549,0.876846,STALLED_MOTORS,1.004154,3.124,13.56,on,True,1.0,1.05,0.0,0.0,,,,0,12,0,0,0,0,0,False,1.05625,1.0375,1.05625,on,True,on,True,STALLED_MOTORS
1.332,1,813,NEXT_STEP,False,1.004477,-11.722651,675,0.877068,0.810269,0.993558,0.827377,0.876771,dist_bus,675,0.876771,0.876771,0.877068,STALLED_MOTORS,1.004477,3.126,13.567,on,True,1.0,1.05,0.0,0.0,,,,0,12,0,0,0,0,0,False,1.05625,1.0375,1.05625,on,True,on,True,STALLED_MOTORS
1.335,1,815,NEXT_STEP,False,1.004789,-11.729465,675,0.877282,0.81045,0.993832,0.827565,0.876985,dist_bus,675,0.876985,0.876985,0.877282,STALLED_MOTORS,1.004789,3.128,13.574,on,True,1.0,1.05,0.0,0.0,,,,0,12,0,0,0,0,0,False,1.05625,1.0375,1.05625,on,True,on,True,STALLED_MOTORS
1.338,1,817,NEXT_STEP,False,1.005089,-11.736745,675,0.877488,0.810624,0.994096,0.827745,0.877191,dist_bus,675,0.877191,0.877191,0.877488,STALLED_MOTORS,1.005089,3.129,13.58,on,True,1.0,1.05,0.0,0.0,,,,0,12,0,0,0,0,0,False,1.05625,1.0375,1.05625,on,True,on,True,STALLED_MOTORS
1.341,1,819,NEXT_STEP,False,1.005378,-11.744481,675,0.877687,0.810791,0.994349,0.82792,0.877389,dist_bus,675,0.877389,0.877389,0.877687,STALLED_MOTORS,1.005378,3.13,13.586,on,True,1.0,1.05,0.0,0.0,,,,0,12,0,0,0,0,0,False,1.05625,1.0375,1.05625,on,True,on,True,STALLED_MOTORS
1.344,1,821,NEXT_STEP,False,1.005656,-11.752666,675,0.877877,0.810952,0.994593,0.828087,0.87758,dist_bus,675,0.87758,0.87758,0.877877,STALLED_MOTORS,1.005656,3.132,13.592,on,True,1.0,1.05,0.0,0.0,,,,0,12,0,0,0,0,0,False,1.05625,1.0375,1.05625,on,True,on,True,STALLED_MOTORS
1.347,1,823,NEXT_STEP,False,1.005923,-11.76129,675,0.878061,0.811107,0.994827,0.828248,0.877763,dist_bus,675,0.877763,0.877763,0.878061,STALLED_MOTORS,1.005923,3.133,13.598,on,True,1.0,1.05,0.0,0.0,,,,0,12,0,0,0,0,0,False,1.05625,1.0375,1.05625,on,True,on,True,STALLED_MOTORS
1.35,1,825,NEXT_STEP,False,1.006181,-11.770347,675,0.878238,0.811256,0.995054,0.828403,0.87794,dist_bus,675,0.87794,0.87794,0.878238,STALLED_MOTORS,1.006181,3.134,13.603,on,True,1.0,1.05,0.0,0.0,,,,0,12,0,0,0,0,0,False,1.05625,1.0375,1.05625,on,True,on,True,STALLED_MOTORS
1.353,1,827,NEXT_STEP,False,1.006428,-11.779827,675,0.878407,0.811399,0.995271,0.828552,0.878109,dist_bus,675,0.878109,0.878109,0.878407,STALLED_MOTORS,1.006428,3.136,13.609,on,True,1.0,1.05,0.0,0.0,,,,0,12,0,0,0,0,0,False,1.05625,1.0375,1.05625,on,True,on,True,STALLED_MOTORS
1.356,1,829,NEXT_STEP,False,1.006666,-11.789721,675,0.878571,0.811537,0.995479,0.828695,0.878273,dist_bus,675,0.878273,0.878273,0.878571,STALLED_MOTORS,1.006666,3.137,13.614,on,True,1.0,1.05,0.0,0.0,,,,0,12,0,0,0,0,0,False,1.05625,1.0375,1.05625,on,True,on,True,STALLED_MOTORS
1.359,1,831,NEXT_STEP,False,1.006895,-11.800024,675,0.878728,0.81167,0.99568,0.828833,0.878429,dist_bus,675,0.878429,0.878429,0.878728,STALLED_MOTORS,1.006895,3.138,13.618,on,True,1.0,1.05,0.0,0.0,,,,0,12,0,0,0,0,0,False,1.05625,1.0375,1.05625,on,True,on,True,STALLED_MOTORS
1.362,1,833,NEXT_STEP,False,1.007116,-11.810726,675,0.878879,0.811797,0.995874,0.828966,0.878581,dist_bus,675,0.878581,0.878581,0.878879,STALLED_MOTORS,1.007116,3.139,13.623,on,True,1.0,1.05,0.0,0.0,,,,0,12,0,0,0,0,0,False,1.05625,1.0375,1.05625,on,True,on,True,STALLED_MOTORS
1.365,1,835,NEXT_STEP,False,1.007327,-11.821822,675,0.879024,0.81192,0.996059,0.829093,0.878726,dist_bus,675,0.878726,0.878726,0.879024,STALLED_MOTORS,1.007327,3.14,13.627,on,True,1.0,1.05,0.0,0.0,,,,0,12,0,0,0,0,0,False,1.05625,1.0375,1.05625,on,True,on,True,STALLED_MOTORS
1.368,1,837,NEXT_STEP,False,1.00753,-11.833302,675,0.879163,0.812037,0.996237,0.829216,0.878865,dist_bus,675,0.878865,0.878865,0.879163,STALLED_MOTORS,1.00753,3.141,13.632,on,True,1.0,1.05,0.0,0.0,,,,0,12,0,0,0,0,0,False,1.05625,1.0375,1.05625,on,True,on,True,STALLED_MOTORS
1.371,1,839,NEXT_STEP,False,1.007725,-11.845159,675,0.879297,0.81215,0.996408,0.829333,0.878998,dist_bus,675,0.878998,0.878998,0.879297,STALLED_MOTORS,1.007725,3.142,13.636,on,True,1.0,1.05,0.0,0.0,,,,0,12,0,0,0,0,0,False,1.05625,1.0375,1.05625,on,True,on,True,STALLED_MOTORS
1.374,1,841,NEXT_STEP,False,1.007913,-11.857388,675,0.879426,0.812259,0.996573,0.829446,0.879127,dist_bus,675,0.879127,0.879127,0.879426,STALLED_MOTORS,1.007913,3.143,13.64,on,True,1.0,1.05,0.0,0.0,,,,0,12,0,0,0,0,0,False,1.05625,1.0375,1.05625,on,True,on,True,STALLED_MOTORS
1.377,1,843,NEXT_STEP,False,1.008092,-11.869982,675,0.879549,0.812362,0.99673,0.829554,0.87925,dist_bus,675,0.87925,0.87925,0.879549,STALLED_MOTORS,1.008092,3.144,13.644,on,True,1.0,1.05,0.0,0.0,,,,0,12,0,0,0,0,0,False,1.05625,1.0375,1.05625,on,True,on,True,STALLED_MOTORS
1.38,1,845,NEXT_STEP,False,1.008265,-11.882932,675,0.879667,0.812462,0.996881,0.829658,0.879368,dist_bus,675,0.879368,0.879368,0.879667,STALLED_MOTORS,1.008265,3.145,13.647,on,True,1.0,1.05,0.0,0.0,,,,0,12,0,0,0,0,0,False,1.05625,1.0375,1.05625,on,True,on,True,STALLED_MOTORS
1.383,1,847,NEXT_STEP,False,1.00843,-11.896235,675,0.879781,0.812558,0.997026,0.829758,0.879482,dist_bus,675,0.879482,0.879482,0.879781,STALLED_MOTORS,1.00843,3.145,13.651,on,True,1.0,1.05,0.0,0.0,,,,0,12,0,0,0,0,0,False,1.05625,1.0375,1.05625,on,True,on,True,STALLED_MOTORS
1.386,1,849,NEXT_STEP,False,1.008588,-11.909882,675,0.879889,0.812649,0.997165,0.829853,0.87959,dist_bus,675,0.87959,0.87959,0.879889,STALLED_MOTORS,1.008588,3.146,13.654,on,True,1.0,1.05,0.0,0.0,,,,0,12,0,0,0,0,0,False,1.05625,1.0375,1.05625,on,True,on,True,STALLED_MOTORS
1.389,1,851,NEXT_STEP,False,1.00874,-11.923868,675,0.879993,0.812737,0.997298,0.829944,0.879694,dist_bus,675,0.879694,0.879694,0.879993,STALLED_MOTORS,1.00874,3.147,13.657,on,True,1.0,1.05,0.0,0.0,,,,0,12,0,0,0,0,0,False,1.05625,1.0375,1.05625,on,True,on,True,STALLED_MOTORS
1.392,1,853,NEXT_STEP,False,1.008885,-11.938189,675,0.880093,0.812821,0.997425,0.830031,0.879793,dist_bus,675,0.879793,0.879793,0.880093,STALLED_MOTORS,1.008885,3.148,13.66,on,True,1.0,1.05,0.0,0.0,,,,0,12,0,0,0,0,0,False,1.05625,1.0375,1.05625,on,True,on,True,STALLED_MOTORS
1.395,1,855,NEXT_STEP,False,1.009024,-11.952836,675,0.880188,0.812902,0.997547,0.830115,0.879889,dist_bus,675,0.879889,0.879889,0.880188,STALLED_MOTORS,1.009024,3.148,13.663,on,True,1.0,1.05,0.0,0.0,,,,0,12,0,0,0,0,0,False,1.05625,1.0375,1.05625,on,True,on,True,STALLED_MOTORS
1.398,1,857,NEXT_STEP,False,1.009157,-11.967806,675,0.880279,0.812979,0.997663,0.830195,0.87998,dist_bus,675,0.87998,0.87998,0.880279,STALLED_MOTORS,1.009157,3.149,13.666,on,True,1.0,1.05,0.0,0.0,,,,0,12,0,0,0,0,0,False,1.05625,1.0375,1.05625,on,True,on,True,STALLED_MOTORS
1.401,1,859,NEXT_STEP,False,1.009284,-11.983092,675,0.880366,0.813052,0.997774,0.830272,0.880067,dist_bus,675,0.880067,0.880067,0.880366,STALLED_MOTORS,1.009284,3.149,13.669,on,True,1.0,1.05,0.0,0.0,,,,0,12,0,0,0,0,0,False,1.05625,1.0375,1.05625,on,True,on,True,STALLED_MOTORS
1.404,1,861,NEXT_STEP,False,1.009405,-11.99869,675,0.880449,0.813122,0.99788,0.830344,0.88015,dist_bus,675,0.88015,0.88015,0.880449,STALLED_MOTORS,1.009405,3.15,13.671,on,True,1.0,1.05,0.0,0.0,,,,0,12,0,0,0,0,0,False,1.05625,1.0375,1.05625,on,True,on,True,STALLED_MOTORS
1.407,1,863,NEXT_STEP,False,1.00952,-12.014594,675,0.880528,0.813189,0.997981,0.830414,0.880228,dist_bus,675,0.880228,0.880228,0.880528,STALLED_MOTORS,1.00952,3.151,13.674,on,True,1.0,1.05,0.0,0.0,,,,0,12,0,0,0,0,0,False,1.05625,1.0375,1.05625,on,True,on,True,STALLED_MOTORS
1.41,1,865,NEXT_STEP,False,1.00963,-12.030798,675,0.880603,0.813253,0.998078,0.83048,0.880304,dist_bus,675,0.880304,0.880304,0.880603,STALLED_MOTORS,1.00963,3.151,13.676,on,True,1.0,1.05,0.0,0.0,,,,0,12,0,0,0,0,0,False,1.05625,1.0375,1.05625,on,True,on,True,STALLED_MOTORS
1.413,1,867,NEXT_STEP,False,1.009735,-12.047299,675,0.880675,0.813313,0.99817,0.830543,0.880376,dist_bus,675,0.880376,0.880376,0.880675,STALLED_MOTORS,1.009735,3.152,13.678,on,True,1.0,1.05,0.0,0.0,,,,0,12,0,0,0,0,0,False,1.05625,1.0375,1.05625,on,True,on,True,STALLED_MOTORS
1.416,1,869,NEXT_STEP,False,1.009835,-12.064092,675,0.880744,0.813371,0.998257,0.830603,0.880444,dist_bus,675,0.880444,0.880444,0.880744,STALLED_MOTORS,1.009835,3.152,13.68,on,True,1.0,1.05,0.0,0.0,,,,0,12,0,0,0,0,0,False,1.05625,1.0375,1.05625,on,True,on,True,STALLED_MOTORS
1.419,1,871,NEXT_STEP,False,1.009929,-12.081171,675,0.880809,0.813426,0.99834,0.83066,0.880509,dist_bus,675,0.880509,0.880509,0.880809,STALLED_MOTORS,1.009929,3.153,13.682,on,True,1.0,1.05,0.0,0.0,,,,0,12,0,0,0,0,0,False,1.05625,1.0375,1.05625,on,True,on,True,STALLED_MOTORS
1.422,1,873,NEXT_STEP,False,1.010019,-12.098532,675,0.88087,0.813478,0.998418,0.830714,0.88057,dist_bus,675,0.88057,0.88057,0.88087,STALLED_MOTORS,1.010019,3.153,13.684,on,True,1.0,1.05,0.0,0.0,,,,0,12,0,0,0,0,0,False,1.05625,1.0375,1.05625,on,True,on,True,STALLED_MOTORS
1.425,1,875,NEXT_STEP,False,1.010104,-12.116171,675,0.880929,0.813527,0.998493,0.830766,0.880629,dist_bus,675,0.880629,0.880629,0.880929,STALLED_MOTORS,1.010104,3.153,13.686,on,True,1.0,1.05,0.0,0.0,,,,0,12,0,0,0,0,0,False,1.05625,1.0375,1.05625,on,True,on,True,STALLED_MOTORS
1.428,1,877,NEXT_STEP,False,1.010184,-12.134084,675,0.880983,0.813574,0.998563,0.830814,0.880684,dist_bus,675,0.880684,0.880684,0.880983,STALLED_MOTORS,1.010184,3.154,13.688,on,True,1.0,1.05,0.0,0.0,,,,0,12,0,0,0,0,0,False,1.05625,1.0375,1.05625,on,True,on,True,STALLED_MOTORS
1.431,1,879,NEXT_STEP,False,1.01026,-12.152265,675,0.881036,0.813618,0.998629,0.83086,0.880736,dist_bus,675,0.880736,0.880736,0.881036,STALLED_MOTORS,1.01026,3.154,13.689,on,True,1.0,1.05,0.0,0.0,,,,0,12,0,0,0,0,0,False,1.05625,1.0375,1.05625,on,True,on,True,STALLED_MOTORS
1.434,1,881,NEXT_STEP,False,1.010331,-12.170712,675,0.881084,0.813659,0.998692,0.830902,0.880784,dist_bus,675,0.880784,0.880784,0.881084,STALLED_MOTORS,1.010331,3.155,13.691,on,True,1.0,1.05,0.0,0.0,,,,0,12,0,0,0,0,0,False,1.05625,1.0375,1.05625,on,True,on,True,STALLED_MOTORS
1.437,1,883,NEXT_STEP,False,1.010399,-12.18942,675,0.881131,0.813698,0.998751,0.830943,0.880831,dist_bus,675,0.880831,0.880831,0.881131,STALLED_MOTORS,1.010399,3.155,13.692,on,True,1.0,1.05,0.0,0.0,,,,0,12,0,0,0,0,0,False,1.05625,1.0375,1.05625,on,True,on,True,STALLED_MOTORS
1.44,1,885,NEXT_STEP,False,1.010462,-12.208385,675,0.881174,0.813735,0.998806,0.830981,0.880874,dist_bus,675,0.880874,0.880874,0.881174,STALLED_MOTORS,1.010462,3.155,13.694,on,True,1.0,1.05,0.0,0.0,,,,0,12,0,0,0,0,0,False,1.05625,1.0375,1.05625,on,True,on,True,STALLED_MOTORS
1.443,1,887,NEXT_STEP,False,1.01052,-12.227604,675,0.881214,0.813769,0.998857,0.831017,0.880914,dist_bus,675,0.880914,0.880914,0.881214,STALLED_MOTORS,1.01052,3.155,13.695,on,True,1.0,1.05,0.0,0.0,,,,0,12,0,0,0,0,0,False,1.05625,1.0375,1.05625,on,True,on,True,STALLED_MOTORS
1.446,1,889,NEXT_STEP,False,1.010576,-12.24707,675,0.881253,0.813801,0.998906,0.83105,0.880952,dist_bus,675,0.880952,0.880952,0.881253,STALLED_MOTORS,1.010576,3.156,13.696,on,True,1.0,1.05,0.0,0.0,,,,0,12,0,0,0,0,0,False,1.05625,1.0375,1.05625,on,True,on,True,STALLED_MOTORS
1.449,1,891,NEXT_STEP,False,1.010627,-12.266784,675,0.881288,0.813831,0.998951,0.831081,0.880987,dist_bus,675,0.880987,0.880987,0.881288,STALLED_MOTORS,1.010627,3.156,13.697,on,True,1.0,1.05,0.0,0.0,,,,0,12,0,0,0,0,0,False,1.05625,1.0375,1.05625,on,True,on,True,STALLED_MOTORS
1.452,1,893,NEXT_STEP,False,1.010674,-12.286739,675,0.88132,0.813859,0.998992,0.83111,0.88102,dist_bus,675,0.88102,0.88102,0.88132,STALLED_MOTORS,1.010674,3.156,13.698,on,True,1.0,1.05,0.0,0.0,,,,0,12,0,0,0,0,0,False,1.05625,1.0375,1.05625,on,True,on,True,STALLED_MOTORS
1.455,1,895,NEXT_STEP,False,1.010718,-12.306933,675,0.88135,0.813884,0.99903,0.831136,0.88105,dist_bus,675,0.88105,0.88105,0.88135,STALLED_MOTORS,1.010718,3.156,13.699,on,True,1.0,1.05,0.0,0.0,,,,0,12,0,0,0,0,0,False,1.05625,1.0375,1.05625,on,True,on,True,STALLED_MOTORS
1.458,1,897,NEXT_STEP,False,1.010758,-12.327362,675,0.881378,0.813908,0.999065,0.83116,0.881078,dist_bus,675,0.881078,0.881078,0.881378,STALLED_MOTORS,1.010758,3.157,13.7,on,True,1.0,1.05,0.0,0.0,,,,0,12,0,0,0,0,0,False,1.05625,1.0375,1.05625,on,True,on,True,STALLED_MOTORS
1.461,1,899,NEXT_STEP,False,1.010794,-12.348022,675,0.881403,0.813929,0.999097,0.831182,0.881102,dist_bus,675,0.881102,0.881102,0.881403,STALLED_MOTORS,1.010794,3.157,13.701,on,True,1.0,1.05,0.0,0.0,,,,0,12,0,0,0,0,0,False,1.05625,1.0375,1.05625,on,True,on,True,STALLED_MOTORS
1.464,1,901,NEXT_STEP,False,1.010827,-12.36891,675,0.881425,0.813948,0.999126,0.831202,0.881125,dist_bus,675,0.881125,0.881125,0.881425,STALLED_MOTORS,1.010827,3.157,13.701,on,True,1.0,1.05,0.0,0.0,,,,0,12,0,0,0,0,0,False,1.05625,1.0375,1.05625,on,True,on,True,STALLED_MOTORS
1.467,1,903,NEXT_STEP,False,1.010857,-12.390023,675,0.881446,0.813966,0.999152,0.831221,0.881146,dist_bus,675,0.881146,0.881146,0.881446,STALLED_MOTORS,1.010857,3.157,13.702,on,True,1.0,1.05,0.0,0.0,,,,0,12,0,0,0,0,0,False,1.05625,1.0375,1.05625,on,True,on,True,STALLED_MOTORS
1.47,1,905,NEXT_STEP,False,1.010884,-12.411359,675,0.881465,0.813981,0.999175,0.831237,0.881164,dist_bus,675,0.881164,0.881164,0.881465,STALLED_MOTORS,1.010884,3.157,13.702,on,True,1.0,1.05,0.0,0.0,,,,0,12,0,0,0,0,0,False,1.05625,1.0375,1.05625,on,True,on,True,STALLED_MOTORS
1.473,1,907,NEXT_STEP,False,1.010907,-12.432914,675,0.881481,0.813995,0.999195,0.831251,0.88118,dist_bus,675,0.88118,0.88118,0.881481,STALLED_MOTORS,1.010907,3.157,13.703,on,True,1.0,1.05,0.0,0.0,,,,0,12,0,0,0,0,0,False,1.05625,1.0375,1.05625,on,True,on,True,STALLED_MOTORS
1.476,1,909,NEXT_STEP,False,1.010927,-12.454684,675,0.881494,0.814007,0.999213,0.831263,0.881194,dist_bus,675,0.881194,0.881194,0.881494,STALLED_MOTORS,1.010927,3.157,13.703,on,True,1.0,1.05,0.0,0.0,,,,0,12,0,0,0,0,0,False,1.05625,1.0375,1.05625,on,True,on,True,STALLED_MOTORS
1.479,1,911,NEXT_STEP,False,1.010944,-12.476666,675,0.881506,0.814017,0.999228,0.831274,0.881206,dist_bus,675,0.881206,0.881206,0.881506,STALLED_MOTORS,1.010944,3.157,13.704,on,True,1.0,1.05,0.0,0.0,,,,0,12,0,0,0,0,0,False,1.05625,1.0375,1.05625,on,True,on,True,STALLED_MOTORS
1.482,1,913,NEXT_STEP,False,1.010958,-12.498859,675,0.881516,0.814025,0.99924,0.831282,0.881216,dist_bus,675,0.881216,0.881216,0.881516,STALLED_MOTORS,1.010958,3.158,13.704,on,True,1.0,1.05,0.0,0.0,,,,0,12,0,0,0,0,0,False,1.05625,1.0375,1.05625,on,True,on,True,STALLED_MOTORS
1.485,1,915,NEXT_STEP,False,1.010969,-12.521258,675,0.881524,0.814032,0.99925,0.831289,0.881223,dist_bus,675,0.881223,0.881223,0.881524,STALLED_MOTORS,1.010969,3.158,13.704,on,True,1.0,1.05,0.0,0.0,,,,0,12,0,0,0,0,0,False,1.05625,1.0375,1.05625,on,True,on,True,STALLED_MOTORS
1.488,1,917,NEXT_STEP,False,1.010977,-12.543861,675,0.881529,0.814037,0.999257,0.831294,0.881229,dist_bus,675,0.881229,0.881229,0.881529,STALLED_MOTORS,1.010977,3.158,13.704,on,True,1.0,1.05,0.0,0.0,,,,0,12,0,0,0,0,0,False,1.05625,1.0375,1.05625,on,True,on,True,STALLED_MOTORS
1.491,1,919,NEXT_STEP,False,1.010982,-12.566665,675,0.881533,0.81404,0.999261,0.831298,0.881233,dist_bus,675,0.881233,0.881233,0.881533,STALLED_MOTORS,1.010982,3.158,13.704,on,True,1.0,1.05,0.0,0.0,,,,0,12,0,0,0,0,0,False,1.05625,1.0375,1.05625,on,True,on,True,STALLED_MOTORS
1.494,1,921,NEXT_STEP,False,1.010985,-12.589667,675,0.881535,0.814042,0.999263,0.8313,0.881235,dist_bus,675,0.881235,0.881235,0.881535,STALLED_MOTORS,1.010985,3.158,13.704,on,True,1.0,1.05,0.0,0.0,,,,0,12,0,0,0,0,0,False,1.05625,1.0375,1.05625,on,True,on,True,STALLED_MOTORS
1.497,1,923,NEXT_STEP,False,1.010984,-12.612867,675,0.881535,0.814042,0.999262,0.831299,0.881234,dist_bus,675,0.881234,0.881234,0.881535,STALLED_MOTORS,1.010984,3.158,13.704,on,True,1.0,1.05,0.0,0.0,,,,0,12,0,0,0,0,0,False,1.05625,1.0375,1.05625,on,True,on,True,STALLED_MOTORS
1.5,1,925,NEXT_STEP,False,1.010981,-12.636257,675,0.881533,0.814041,0.99926,0.831298,0.881233,dist_bus,675,0.881233,0.881233,0.881533,STALLED_MOTORS,1.010981,3.158,13.704,on,True,1.0,1.05,0.0,0.0,,,,0,12,0,0,0,0,0,False,1.05625,1.0375,1.05625,on,True,on,True,STALLED_MOTORS
1.503,1,927,NEXT_STEP,False,1.010976,-12.659839,675,0.88153,0.814038,0.999255,0.831295,0.881229,dist_bus,675,0.881229,0.881229,0.88153,STALLED_MOTORS,1.010976,3.158,13.704,on,True,1.0,1.05,0.0,0.0,,,,0,12,0,0,0,0,0,False,1.05625,1.0375,1.05625,on,True,on,True,STALLED_MOTORS
1.506,1,929,NEXT_STEP,False,1.010968,-12.68361,675,0.881524,0.814034,0.999248,0.831291,0.881224,dist_bus,675,0.881224,0.881224,0.881524,STALLED_MOTORS,1.010968,3.158,13.704,on,True,1.0,1.05,0.0,0.0,,,,0,12,0,0,0,0,0,False,1.05625,1.0375,1.05625,on,True,on,True,STALLED_MOTORS
1.509,1,931,NEXT_STEP,False,1.010957,-12.707567,675,0.881517,0.814028,0.999239,0.831284,0.881217,dist_bus,675,0.881217,0.881217,0.881517,STALLED_MOTORS,1.010957,3.158,13.704,on,True,1.0,1.05,0.0,0.0,,,,0,12,0,0,0,0,0,False,1.05625,1.0375,1.05625,on,True,on,True,STALLED_MOTORS
1.512,1,933,NEXT_STEP,False,1.010944,-12.731705,675,0.881508,0.814021,0.999227,0.831277,0.881208,dist_bus,675,0.881208,0.881208,0.881508,STALLED_MOTORS,1.010944,3.157,13.703,on,True,1.0,1.05,0.0,0.0,,,,0,12,0,0,0,0,0,False,1.05625,1.0375,1.05625,on,True,on,True,STALLED_MOTORS
1.515,1,935,NEXT_STEP,False,1.010928,-12.756025,675,0.881498,0.814012,0.999213,0.831268,0.881197,dist_bus,675,0.881197,0.881197,0.881498,STALLED_MOTORS,1.010928,3.157,13.703,on,True,1.0,1.05,0.0,0.0,,,,0,12,0,0,0,0,0,False,1.05625,1.0375,1.05625,on,True,on,True,STALLED_MOTORS
1.518,1,937,NEXT_STEP,False,1.01091,-12.780523,675,0.881485,0.814002,0.999197,0.831257,0.881185,dist_bus,675,0.881185,0.881185,0.881485,STALLED_MOTORS,1.01091,3.157,13.703,on,True,1.0,1.05,0.0,0.0,,,,0,12,0,0,0,0,0,False,1.05625,1.0375,1.05625,on,True,on,True,STALLED_MOTORS
1.521,1,939,NEXT_STEP,False,1.010889,-12.805196,675,0.881471,0.81399,0.999179,0.831245,0.881171,dist_bus,675,0.881171,0.881171,0.881471,STALLED_MOTORS,1.010889,3.157,13.702,on,True,1.0,1.05,0.0,0.0,,,,0,12,0,0,0,0,0,False,1.05625,1.0375,1.05625,on,True,on,True,STALLED_MOTORS
1.524,1,941,NEXT_STEP,False,1.010867,-12.830043,675,0.883626,0.812747,1.008063,0.830068,0.88327,dist_bus,675,0.88327,0.88327,0.883626,STALLED_MOTORS,1.010867,3.107,13.428,on,True,1.0,1.05,0.017,0.0,,,,0,12,0,0,0,0,0,False,1.05625,1.0375,1.05625,on,True,on,True,STALLED_MOTORS
1.527,1,943,NEXT_STEP,False,1.010842,-12.855062,675,0.88343,0.813072,1.006825,0.830393,0.883083,dist_bus,675,0.883083,0.883083,0.88343,STALLED_MOTORS,1.010842,3.114,13.461,on,True,1.0,1.05,0.017,0.0,,,,0,12,0,0,0,0,0,False,1.05625,1.0375,1.05625,on,True,on,True,STALLED_MOTORS
1.53,1,945,NEXT_STEP,False,1.01103,-12.877197,675,0.88356,0.813236,1.00686,0.830584,0.883214,dist_bus,675,0.883214,0.883214,0.88356,STALLED_MOTORS,1.01103,3.116,13.467,on,True,1.0,1.05,0.017,0.0,,,,0,12,0,0,0,0,0,False,1.05625,1.0375,1.05625,on,True,on,True,STALLED_MOTORS
1.533,1,947,NEXT_STEP,False,1.010993,-12.902675,675,0.883551,0.813247,1.006804,0.830603,0.883206,dist_bus,675,0.883206,0.883206,0.883551,STALLED_MOTORS,1.010993,3.115,13.465,on,True,1.0,1.05,0.017,0.0,,,,0,12,0,0,0,0,0,False,1.05625,1.0375,1.05625,on,True,on,True,STALLED_MOTORS
1.536,1,949,NEXT_STEP,False,1.010957,-12.928209,675,0.883529,0.813232,1.006766,0.830589,0.883184,dist_bus,675,0.883184,0.883184,0.883529,STALLED_MOTORS,1.010957,3.115,13.464,on,True,1.0,1.05,0.017,0.0,,,,0,12,0,0,0,0,0,False,1.05625,1.0375,1.05625,on,True,on,True,STALLED_MOTORS
1.539,1,951,NEXT_STEP,False,1.010926,-12.953789,675,0.884678,0.812658,1.011539,0.829837,0.884301,dist_bus,675,0.884301,0.884301,0.884678,STALLED_MOTORS,1.010926,3.067,13.197,on,True,1.0,1.05,0.033,0.0,,,,0,12,0,0,0,0,0,False,1.05625,1.0375,1.05625,on,True,on,True,STALLED_MOTORS
1.542,1,953,NEXT_STEP,False,1.010893,-12.979502,675,0.884506,0.812817,1.010649,0.830052,0.884135,dist_bus,675,0.884135,0.884135,0.884506,STALLED_MOTORS,1.010893,3.072,13.221,on,True,1.0,1.05,0.033,0.0,,,,0,12,0,0,0,0,0,False,1.05625,1.0375,1.05625,on,True,on,True,STALLED_MOTORS
1.545,1,955,NEXT_STEP,False,1.011053,-13.002528,675,0.884612,0.81293,1.010698,0.830207,0.884241,dist_bus,675,0.884241,0.884241,0.884612,STALLED_MOTORS,1.011053,3.073,13.226,on,True,1.0,1.05,0.033,0.0,,,,0,12,0,0,0,0,0,False,1.05625,1.0375,1.05625,on,True,on,True,STALLED_MOTORS
1.548,1,957,NEXT_STEP,False,1.01101,-13.028685,675,0.884596,0.812927,1.010644,0.830216,0.884226,dist_bus,675,0.884226,0.884226,0.884596,STALLED_MOTORS,1.01101,3.073,13.224,on,True,1.0,1.05,0.033,0.0,,,,0,12,0,0,0,0,0,False,1.05625,1.0375,1.05625,on,True,on,True,STALLED_MOTORS
1.551,1,959,NEXT_STEP,False,1.010967,-13.054913,675,0.884568,0.812906,1.010601,0.830198,0.884198,dist_bus,675,0.884198,0.884198,0.884568,STALLED_MOTORS,1.010967,3.072,13.223,on,True,1.0,1.05,0.033,0.0,,,,0,12,0,0,0,0,0,False,1.05625,1.0375,1.05625,on,True,on,True,STALLED_MOTORS
1.554,1,961,NEXT_STEP,False,1.010927,-13.081194,675,0.884541,0.812883,1.010565,0.830176,0.884171,dist_bus,675,0.884171,0.884171,0.884541,STALLED_MOTORS,1.010927,3.072,13.222,on,True,1.0,1.05,0.033,0.0,,,,0,12,0,0,0,0,0,False,1.05625,1.0375,1.05625,on,True,on,True,STALLED_MOTORS
1.557,1,963,NEXT_STEP,False,1.010886,-13.107629,675,0.884513,0.812859,1.010528,0.830152,0.884143,dist_bus,675,0.884143,0.884143,0.884513,STALLED_MOTORS,1.010886,3.072,13.221,on,True,1.0,1.05,0.033,0.0,,,,0,12,0,0,0,0,0,False,1.05625,1.0375,1.05625,on,True,on,True,STALLED_MOTORS
1.56,1,965,NEXT_STEP,False,1.010842,-13.134221,675,0.884483,0.812834,1.010488,0.830126,0.884113,dist_bus,675,0.884113,0.884113,0.884483,STALLED_MOTORS,1.010842,3.072,13.22,on,True,1.0,1.05,0.033,0.0,,,,0,12,0,0,0,0,0,False,1.05625,1.0375,1.05625,on,True,on,True,STALLED_MOTORS
1.563,1,967,NEXT_STEP,False,1.010797,-13.160962,675,0.884452,0.812809,1.010447,0.8301,0.884082,dist_bus,675,0.884082,0.884082,0.884452,STALLED_MOTORS,1.010797,3.072,13.219,on,True,1.0,1.05,0.033,0.0,,,,0,12,0,0,0,0,0,False,1.05625,1.0375,1.05625,on,True,on,True,STALLED_MOTORS
1.566,1,969,NEXT_STEP,False,1.010749,-13.187854,675,0.884419,0.812782,1.010404,0.830071,0.884049,dist_bus,675,0.884049,0.884049,0.884419,STALLED_MOTORS,1.010749,3.071,13.218,on,True,1.0,1.05,0.033,0.0,,,,0,12,0,0,0,0,0,False,1.05625,1.0375,1.05625,on,True,on,True,STALLED_MOTORS
1.569,1,971,NEXT_STEP,False,1.010699,-13.214891,675,0.884385,0.812753,1.010359,0.830042,0.884015,dist_bus,675,0.884015,0.884015,0.884385,STALLED_MOTORS,1.010699,3.071,13.217,on,True,1.0,1.05,0.033,0.0,,,,0,12,0,0,0,0,0,False,1.05625,1.0375,1.05625,on,True,on,True,STALLED_MOTORS
1.572,1,973,NEXT_STEP,False,1.010647,-13.242072,675,0.884349,0.812724,1.010312,0.830011,0.883979,dist_bus,675,0.883979,0.883979,0.884349,STALLED_MOTORS,1.010647,3.071,13.216,on,True,1.0,1.05,0.033,0.0,,,,0,12,0,0,0,0,0,False,1.05625,1.0375,1.05625,on,True,on,True,STALLED_MOTORS
1.575,1,975,NEXT_STEP,False,1.010594,-13.269395,675,0.884313,0.812694,1.010264,0.82998,0.883943,dist_bus,675,0.883943,0.883943,0.884313,STALLED_MOTORS,1.010594,3.071,13.215,on,True,1.0,1.05,0.033,0.0,,,,0,12,0,0,0,0,0,False,1.05625,1.0375,1.05625,on,True,on,True,STALLED_MOTORS
1.578,1,977,NEXT_STEP,False,1.010538,-13.29686,675,0.886224,0.811709,1.018199,0.828766,0.885798,dist_bus,675,0.885798,0.885798,0.886224,STALLED_MOTORS,1.010538,3.026,12.963,on,True,1.0,1.05,0.05,0.0,,,,0,12,0,0,0,0,0,False,1.05625,1.0375,1.05625,on,True,on,True,STALLED_MOTORS
1.581,1,979,NEXT_STEP,False,1.010481,-13.324461,675,0.885819,0.812001,1.016315,0.82914,0.885407,dist_bus,675,0.885407,0.885407,0.885819,STALLED_MOTORS,1.010481,3.038,13.016,on,True,1.0,1.05,0.05,0.0,,,,0,12,0,0,0,0,0,False,1.05625,1.0375,1.05625,on,True,on,True,STALLED_MOTORS
1.584,1,981,NEXT_STEP,True,1.010778,-13.373916,675,0.885996,0.812194,1.016379,0.829416,0.885586,dist_bus,675,0.885586,0.885586,0.885996,STALLED_MOTORS,1.010778,3.041,13.027,on,True,1.0,1.05,0.05,0.0,,,,0,12,0,0,0,0,0,False,1.05625,1.0375,1.05625,on,True,on,True,STALLED_MOTORS
1.617,1,982,NEXT_STEP,False,1.010778,-13.373916,675,0.886054,0.812276,1.016326,0.829559,0.885644,dist_bus,675,0.885644,0.885644,0.886054,STALLED_MOTORS,1.010778,3.04,13.022,on,True,1.0,1.05,0.05,0.0,,,,0,12,0,0,0,0,0,False,1.05625,1.0375,1.05625,on,True,on,True,STALLED_MOTORS
1.62,1,984,NEXT_STEP,True,1.009934,-13.716352,675,0.885498,0.811848,1.015559,0.829087,0.885089,dist_bus,675,0.885089,0.885089,0.885498,STALLED_MOTORS,1.009934,3.035,13.002,on,True,1.0,1.05,0.05,0.0,,,,0,12,0,0,0,0,0,False,1.05625,1.0375,1.05625,on,True,on,True,STALLED_MOTORS
1.653,1,985,NEXT_STEP,False,1.009934,-13.716352,675,0.885438,0.811738,1.015594,0.828983,0.885028,dist_bus,675,0.885028,0.885028,0.885438,STALLED_MOTORS,1.009934,3.036,13.008,on,True,1.0,1.05,0.05,0.0,,,,0,12,0,0,0,0,0,False,1.05625,1.0375,1.05625,on,True,on,True,STALLED_MOTORS
1.656,1,987,NEXT_STEP,True,1.008885,-14.074151,675,0.884774,0.811253,1.014608,0.82846,0.884365,dist_bus,675,0.884365,0.884365,0.884774,STALLED_MOTORS,1.008885,3.03,12.98,on,True,1.0,1.05,0.05,0.0,,,,0,12,0,0,0,0,0,False,1.05625,1.0375,1.05625,on,True,on,True,STALLED_MOTORS
1.689,1,988,NEXT_STEP,False,1.008885,-14.074151,675,0.884711,0.811135,1.014636,0.828362,0.884302,dist_bus,675,0.884302,0.884302,0.884711,STALLED_MOTORS,1.008885,3.031,12.986,on,True,1.0,1.05,0.05,0.0,,,,0,12,0,0,0,0,0,False,1.05625,1.0375,1.05625,on,True,on,True,STALLED_MOTORS
1.692,1,990,NEXT_STEP,True,1.007656,-14.444014,675,0.883931,0.810565,1.013484,0.827745,0.883524,dist_bus,675,0.883524,0.883524,0.883931,STALLED_MOTORS,1.007656,3.024,12.954,on,True,1.0,1.05,0.05,0.0,,,,0,12,0,0,0,0,0,False,1.05625,1.0375,1.05625,on,True,on,True,STALLED_MOTORS
1.725,1,991,NEXT_STEP,False,1.007656,-14.444014,675,0.884005,0.81122,1.013304,0.827492,0.883602,dist_bus,675,0.883602,0.883602,0.884005,STALLED_MOTORS,1.007656,2.988,12.734,on,True,1.0,1.05,0.067,0.0,,,,0,12,0,0,0,0,0,False,1.05625,1.0375,1.05625,on,True,on,True,STALLED_MOTORS
1.728,1,993,NEXT_STEP,True,1.00633,-14.82201,675,0.883144,0.810423,1.012133,0.826876,0.882741,dist_bus,675,0.882741,0.882741,0.883144,STALLED_MOTORS,1.00633,2.98,12.702,on,True,1.0,1.05,0.067,0.0,,,,0,12,0,0,0,0,0,False,1.05625,1.0375,1.05625,on,True,on,True,STALLED_MOTORS
1.761,1,994,NEXT_STEP,False,1.00633,-14.82201,675,0.883042,0.810112,1.012225,0.826789,0.882637,dist_bus,675,0.882637,0.882637,0.883042,STALLED_MOTORS,1.00633,2.983,12.711,on,True,1.0,1.05,0.067,0.0,,,,0,12,0,0,0,0,0,False,1.05625,1.0375,1.05625,on,True,on,True,STALLED_MOTORS
1.764,1,996,NEXT_STEP,True,1.004892,-15.205499,675,0.882134,0.809483,1.01086,0.826058,0.881731,dist_bus,675,0.881731,0.881731,0.882134,STALLED_MOTORS,1.004892,2.974,12.674,on,True,1.0,1.05,0.067,0.0,,,,0,12,0,0,0,0,0,False,1.05625,1.0375,1.05625,on,True,on,True,STALLED_MOTORS
1.797,1,997,NEXT_STEP,False,1.004892,-15.205499,675,0.882049,0.809352,1.010888,0.825907,0.881646,dist_bus,675,0.881646,0.881646,0.882049,STALLED_MOTORS,1.004892,2.976,12.681,on,True,1.0,1.05,0.067,0.0,,,,0,12,0,0,0,0,0,False,1.05625,1.0375,1.05625,on,True,on,True,STALLED_MOTORS
1.8,1,999,NEXT_STEP,True,1.00341,-15.591187,675,0.881108,0.808659,1.009497,0.825169,0.880707,dist_bus,675,0.880707,0.880707,0.881108,STALLED_MOTORS,1.00341,2.967,12.644,on,True,1.0,1.05,0.067,0.0,,,,0,12,0,0,0,0,0,False,1.05625,1.0375,1.05625,on,True,on,True,STALLED_MOTORS
1.833,1,1000,NEXT_STEP,False,1.00341,-15.591187,675,0.881018,0.808486,1.00954,0.825028,0.880616,dist_bus,675,0.880616,0.880616,0.881018,STALLED_MOTORS,1.00341,2.969,12.652,on,True,1.0,1.05,0.067,0.0,,,,0,12,0,0,0,0,0,False,1.05625,1.0375,1.05625,on,True,on,True,STALLED_MOTORS
1.836,1,1002,NEXT_STEP,True,1.001931,-15.976156,675,0.88008,0.807803,1.008148,0.824288,0.87968,dist_bus,675,0.87968,0.87968,0.88008,STALLED_MOTORS,1.001931,2.96,12.614,on,True,1.0,1.05,0.067,0.0,,,,0,12,0,0,0,0,0,False,1.05625,1.0375,1.05625,on,True,on,True,STALLED_MOTORS
1.869,1,1003,NEXT_STEP,False,1.001931,-15.976156,675,0.87999,0.807638,1.008187,0.824144,0.879589,dist_bus,675,0.879589,0.879589,0.87999,STALLED_MOTORS,1.001931,2.962,12.622,on,True,1.0,1.05,0.067,0.0,,,,0,12,0,0,0,0,0,False,1.05625,1.0375,1.05625,on,True,on,True,STALLED_MOTORS
1.872,1,1005,NEXT_STEP,True,1.000496,-16.357802,675,0.87908,0.806975,1.006836,0.823428,0.878681,dist_bus,675,0.878681,0.878681,0.87908,STALLED_MOTORS,1.000496,2.954,12.585,on,True,1.0,1.05,0.067,0.0,,,,0,12,0,0,0,0,0,False,1.05625,1.0375,1.05625,on,True,on,True,STALLED_MOTORS
1.905,1,1006,NEXT_STEP,False,1.000496,-16.357802,675,0.878992,0.806813,1.006875,0.823288,0.878592,dist_bus,675,0.878592,0.878592,0.878992,STALLED_MOTORS,1.000496,2.956,12.593,on,True,1.0,1.05,0.067,0.0,,,,0,12,0,0,0,0,0,False,1.05625,1.0375,1.05625,on,True,on,True,STALLED_MOTORS
1.908,1,1008,NEXT_STEP,True,0.999141,-16.733845,675,0.878132,0.806188,1.005598,0.822612,0.877735,dist_bus,675,0.877735,0.877735,0.878132,STALLED_MOTORS,0.999141,2.948,12.558,on,True,1.0,1.05,0.067,0.0,,,,0,12,0,0,0,0,0,False,1.05625,1.0375,1.05625,on,True,on,True,STALLED_MOTORS
1.941,1,1009,NEXT_STEP,False,0.999141,-16.733845,675,0.87805,0.806036,1.005634,0.822481,0.877651,dist_bus,675,0.877651,0.877651,0.87805,STALLED_MOTORS,0.999141,2.95,12.566,on,True,1.0,1.05,0.067,0.0,,,,0,12,0,0,0,0,0,False,1.05625,1.0375,1.05625,on,True,on,True,STALLED_MOTORS
1.944,1,1011,NEXT_STEP,True,0.9979,-17.102393,675,0.877263,0.805463,1.004463,0.821861,0.876866,dist_bus,675,0.876866,0.876866,0.877263,STALLED_MOTORS,0.9979,2.942,12.534,on,True,1.0,1.05,0.067,0.0,,,,0,12,0,0,0,0,0,False,1.05625,1.0375,1.05625,on,True,on,True,STALLED_MOTORS
1.977,1,1012,NEXT_STEP,False,0.9979,-17.102393,675,0.877187,0.805325,1.004496,0.821741,0.87679,dist_bus,675,0.87679,0.87679,0.877187,STALLED_MOTORS,0.9979,2.944,12.54,on,True,1.0,1.05,0.067,0.0,,,,0,12,0,0,0,0,0,False,1.05625,1.0375,1.05625,on,True,on,True,STALLED_MOTORS
1.98,1,1014,NEXT_STEP,True,0.996798,-17.461992,675,0.876488,0.804817,1.003456,0.821192,0.876092,dist_bus,675,0.876092,0.876092,0.876488,STALLED_MOTORS,0.996798,2.937,12.512,on,True,1.0,1.05,0.067,0.0,,,,0,12,0,0,0,0,0,False,1.05625,1.0375,1.05625,on,True,on,True,STALLED_MOTORS
2.013,1,1015,NEXT_STEP,False,0.996798,-17.461992,675,0.876421,0.804694,1.003485,0.821085,0.876025,dist_bus,675,0.876025,0.876025,0.876421,STALLED_MOTORS,0.996798,2.939,12.518,on,True,1.0,1.05,0.067,0.0,,,,0,12,0,0,0,0,0,False,1.05625,1.0375,1.05625,on,True,on,True,STALLED_MOTORS
2.016,1,1017,NEXT_STEP,True,0.995851,-17.811654,675,0.875821,0.804258,1.002591,0.820614,0.875426,dist_bus,675,0.875426,0.875426,0.875821,STALLED_MOTORS,0.995851,2.933,12.494,on,True,1.0,1.05,0.067,0.0,,,,0,12,0,0,0,0,0,False,1.05625,1.0375,1.05625,on,True,on,True,STALLED_MOTORS
2.049,1,1018,NEXT_STEP,False,0.995851,-17.811654,675,0.875764,0.804153,1.002616,0.820522,0.875367,dist_bus,675,0.875367,0.875367,0.875764,STALLED_MOTORS,0.995851,2.934,12.499,on,True,1.0,1.05,0.067,0.0,,,,0,12,0,0,0,0,0,False,1.05625,1.0375,1.05625,on,True,on,True,STALLED_MOTORS
2.052,1,1020,NEXT_STEP,True,0.995068,-18.150857,675,0.875268,0.803794,1.001876,0.820134,0.874873,dist_bus,675,0.874873,0.874873,0.875268,STALLED_MOTORS,0.995068,2.93,12.479,on,True,1.0,1.05,0.067,0.0,,,,0,12,0,0,0,0,0,False,1.05625,1.0375,1.05625,on,True,on,True,STALLED_MOTORS
2.085,1,1021,NEXT_STEP,False,0.995068,-18.150857,675,0.87522,0.803706,1.001896,0.820057,0.874824,dist_bus,675,0.874824,0.874824,0.87522,STALLED_MOTORS,0.995068,2.931,12.483,on,True,1.0,1.05,0.067,0.0,,,,0,12,0,0,0,0,0,False,1.05625,1.0375,1.05625,on,True,on,True,STALLED_MOTORS
2.088,1,1023,NEXT_STEP,True,0.994447,-18.47953,675,0.874827,0.803422,1.001309,0.81975,0.874433,dist_bus,675,0.874433,0.874433,0.874827,STALLED_MOTORS,0.994447,2.927,12.467,on,True,1.0,1.05,0.067,0.0,,,,0,12,0,0,0,0,0,False,1.05625,1.0375,1.05625,on,True,on,True,STALLED_MOTORS
2.121,1,1024,NEXT_STEP,False,0.994447,-18.47953,675,0.874789,0.803353,1.001324,0.819689,0.874394,dist_bus,675,0.874394,0.874394,0.874789,STALLED_MOTORS,0.994447,2.928,12.47,on,True,1.0,1.05,0.067,0.0,,,,0,12,0,0,0,0,0,False,1.05625,1.0375,1.05625,on,True,on,True,STALLED_MOTORS
2.124,1,1026,NEXT_STEP,True,0.99398,-18.798009,675,0.874494,0.80314,1.000883,0.819459,0.8741,dist_bus,675,0.8741,0.8741,0.874494,STALLED_MOTORS,0.99398,2.925,12.458,on,True,1.0,1.05,0.067,0.0,,,,0,12,0,0,0,0,0,False,1.05625,1.0375,1.05625,on,True,on,True,STALLED_MOTORS
2.157,1,1027,NEXT_STEP,False,0.99398,-18.798009,675,0.874465,0.803088,1.000894,0.819413,0.874071,dist_bus,675,0.874071,0.874071,0.874465,STALLED_MOTORS,0.99398,2.926,12.461,on,True,1.0,1.05,0.067,0.0,,,,0,12,0,0,0,0,0,False,1.05625,1.0375,1.05625,on,True,on,True,STALLED_MOTORS
2.16,1,1029,NEXT_STEP,True,0.993652,-19.106967,675,0.874259,0.80294,1.000584,0.819253,0.873865,dist_bus,675,0.873865,0.873865,0.874259,STALLED_MOTORS,0.993652,2.924,12.452,on,True,1.0,1.05,0.067,0.0,,,,0,12,0,0,0,0,0,False,1.05625,1.0375,1.05625,on,True,on,True,STALLED_MOTORS
2.193,1,1030,NEXT_STEP,False,0.993652,-19.106967,675,0.874238,0.802903,1.000591,0.81922,0.873844,dist_bus,675,0.873844,0.873844,0.874238,STALLED_MOTORS,0.993652,2.924,12.454,on,True,1.0,1.05,0.067,0.0,,,,0,12,0,0,0,0,0,False,1.05625,1.0375,1.05625,on,True,on,True,STALLED_MOTORS
2.196,1,1032,NEXT_STEP,True,0.993442,-19.40733,675,0.874107,0.802809,1.000392,0.819118,0.873713,dist_bus,675,0.873713,0.873713,0.874107,STALLED_MOTORS,0.993442,2.923,12.448,on,True,1.0,1.05,0.067,0.0,,,,0,12,0,0,0,0,0,False,1.05625,1.0375,1.05625,on,True,on,True,STALLED_MOTORS
2.229,1,1033,NEXT_STEP,False,0.993442,-19.40733,675,0.874094,0.802786,1.000397,0.819098,0.8737,dist_bus,675,0.8737,0.8737,0.874094,STALLED_MOTORS,0.993442,2.923,12.45,on,True,1.0,1.05,0.067,0.0,,,,0,12,0,0,0,0,0,False,1.05625,1.0375,1.05625,on,True,on,True,STALLED_MOTORS
2.232,1,1035,NEXT_STEP,True,0.993329,-19.700238,675,0.874023,0.802736,1.00029,0.819044,0.873629,dist_bus,675,0.873629,0.873629,0.874023,STALLED_MOTORS,0.993329,2.922,12.447,on,True,1.0,1.05,0.067,0.0,,,,0,12,0,0,0,0,0,False,1.05625,1.0375,1.05625,on,True,on,True,STALLED_MOTORS
2.265,1,1036,NEXT_STEP,False,0.993329,-19.700238,675,0.874016,0.802724,1.000292,0.819032,0.873622,dist_bus,675,0.873622,0.873622,0.874016,STALLED_MOTORS,0.993329,2.923,12.447,on,True,1.0,1.05,0.067,0.0,,,,0,12,0,0,0,0,0,False,1.05625,1.0375,1.05625,on,True,on,True,STALLED_MOTORS
2.268,1,1038,NEXT_STEP,True,0.993288,-19.986911,675,0.873991,0.802707,1.000253,0.819014,0.873598,dist_bus,675,0.873598,0.873598,0.873991,STALLED_MOTORS,0.993288,2.922,12.446,on,True,1.0,1.05,0.067,0.0,,,,0,12,0,0,0,0,0,False,1.05625,1.0375,1.05625,on,True,on,True,STALLED_MOTORS
2.301,1,1039,NEXT_STEP,False,0.993288,-19.986911,675,0.873989,0.802703,1.000254,0.81901,0.873595,dist_bus,675,0.873595,0.873595,0.873989,STALLED_MOTORS,0.993288,2.922,12.446,on,True,1.0,1.05,0.067,0.0,,,,0,12,0,0,0,0,0,False,1.05625,1.0375,1.05625,on,True,on,True,STALLED_MOTORS
2.304,1,1041,NEXT_STEP,True,0.993297,-20.268585,675,0.873996,0.802709,1.000262,0.819016,0.873602,dist_bus,675,0.873602,0.873602,0.873996,STALLED_MOTORS,0.993297,2.922,12.446,on,True,1.0,1.05,0.067,0.0,,,,0,12,0,0,0,0,0,False,1.05625,1.0375,1.05625,on,True,on,True,STALLED_MOTORS
2.337,1,1042,NEXT_STEP,False,0.993297,-20.268585,675,0.873996,0.802709,1.000261,0.819017,0.873602,dist_bus,675,0.873602,0.873602,0.873996,STALLED_MOTORS,0.993297,2.922,12.446,on,True,1.0,1.05,0.067,0.0,,,,0,12,0,0,0,0,0,False,1.05625,1.0375,1.05625,on,True,on,True,STALLED_MOTORS
2.34,1,1044,NEXT_STEP,True,0.993333,-20.546451,675,0.874019,0.802727,1.000295,0.819036,0.873625,dist_bus,675,0.873625,0.873625,0.874019,STALLED_MOTORS,0.993333,2.923,12.447,on,True,1.0,1.05,0.067,0.0,,,,0,12,0,0,0,0,0,False,1.05625,1.0375,1.05625,on,True,on,True,STALLED_MOTORS
2.373,1,1045,NEXT_STEP,False,0.993333,-20.546451,675,0.874021,0.802731,1.000294,0.819039,0.873627,dist_bus,675,0.873627,0.873627,0.874021,STALLED_MOTORS,0.993333,2.923,12.447,on,True,1.0,1.05,0.067,0.0,,,,0,12,0,0,0,0,0,False,1.05625,1.0375,1.05625,on,True,on,True,STALLED_MOTORS
2.376,1,1047,NEXT_STEP,True,0.99338,-20.821598,675,0.874051,0.802753,1.000338,0.819063,0.873657,dist_bus,675,0.873657,0.873657,0.874051,STALLED_MOTORS,0.99338,2.923,12.448,on,True,1.0,1.05,0.067,0.0,,,,0,12,0,0,0,0,0,False,1.05625,1.0375,1.05625,on,True,on,True,STALLED_MOTORS
2.409,1,1048,NEXT_STEP,False,0.99338,-20.821598,675,0.874054,0.802759,1.000337,0.819068,0.87366,dist_bus,675,0.87366,0.87366,0.874054,STALLED_MOTORS,0.99338,2.923,12.448,on,True,1.0,1.05,0.067,0.0,,,,0,12,0,0,0,0,0,False,1.05625,1.0375,1.05625,on,True,on,True,STALLED_MOTORS
2.412,1,1050,NEXT_STEP,True,0.993423,-21.09497,675,0.874082,0.802779,1.000377,0.819089,0.873688,dist_bus,675,0.873688,0.873688,0.874082,STALLED_MOTORS,0.993423,2.923,12.449,on,True,1.0,1.05,0.067,0.0,,,,0,12,0,0,0,0,0,False,1.05625,1.0375,1.05625,on,True,on,True,STALLED_MOTORS
2.445,1,1051,NEXT_STEP,False,0.993423,-21.09497,675,0.874084,0.802784,1.000376,0.819093,0.87369,dist_bus,675,0.87369,0.87369,0.874084,STALLED_MOTORS,0.993423,2.923,12.449,on,True,1.0,1.05,0.067,0.0,,,,0,12,0,0,0,0,0,False,1.05625,1.0375,1.05625,on,True,on,True,STALLED_MOTORS
2.448,1,1053,NEXT_STEP,True,0.993452,-21.367345,675,0.874103,0.802797,1.000404,0.819107,0.873709,dist_bus,675,0.873709,0.873709,0.874103,STALLED_MOTORS,0.993452,2.923,12.45,on,True,1.0,1.05,0.067,0.0,,,,0,12,0,0,0,0,0,False,1.05625,1.0375,1.05625,on,True,on,True,STALLED_MOTORS
2.481,1,1054,NEXT_STEP,False,0.993452,-21.367345,675,0.874104,0.8028,1.000403,0.81911,0.87371,dist_bus,675,0.87371,0.87371,0.874104,STALLED_MOTORS,0.993452,2.923,12.449,on,True,1.0,1.05,0.067,0.0,,,,0,12,0,0,0,0,0,False,1.05625,1.0375,1.05625,on,True,on,True,STALLED_MOTORS
2.484,1,1056,NEXT_STEP,True,0.993458,-21.639315,675,0.874108,0.802802,1.000409,0.819112,0.873714,dist_bus,675,0.873714,0.873714,0.874108,STALLED_MOTORS,0.993458,2.923,12.45,on,True,1.0,1.05,0.067,0.0,,,,0,12,0,0,0,0,0,False,1.05625,1.0375,1.05625,on,True,on,True,STALLED_MOTORS
2.517,1,1057,NEXT_STEP,False,0.993458,-21.639315,675,0.874108,0.802803,1.000409,0.819113,0.873714,dist_bus,675,0.873714,0.873714,0.874108,STALLED_MOTORS,0.993458,2.923,12.45,on,True,1.0,1.05,0.067,0.0,,,,0,12,0,0,0,0,0,False,1.05625,1.0375,1.05625,on,True,on,True,STALLED_MOTORS
2.52,1,1059,NEXT_STEP,True,0.99344,-21.911278,675,0.874096,0.802793,1.000392,0.819103,0.873702,dist_bus,675,0.873702,0.873702,0.874096,STALLED_MOTORS,0.99344,2.923,12.449,on,True,1.0,1.05,0.067,0.0,,,,0,12,0,0,0,0,0,False,1.05625,1.0375,1.05625,on,True,on,True,STALLED_MOTORS
2.553,1,1060,NEXT_STEP,False,0.99344,-21.911278,675,0.874095,0.802791,1.000393,0.819102,0.873701,dist_bus,675,0.873701,0.873701,0.874095,STALLED_MOTORS,0.99344,2.923,12.449,on,True,1.0,1.05,0.067,0.0,,,,0,12,0,0,0,0,0,False,1.05625,1.0375,1.05625,on,True,on,True,STALLED_MOTORS
2.556,1,1062,NEXT_STEP,True,0.993395,-22.183451,675,0.874066,0.802769,1.00035,0.819078,0.873672,dist_bus,675,0.873672,0.873672,0.874066,STALLED_MOTORS,0.993395,2.923,12.448,on,True,1.0,1.05,0.067,0.0,,,,0,12,0,0,0,0,0,False,1.05625,1.0375,1.05625,on,True,on,True,STALLED_MOTORS
2.589,1,1063,NEXT_STEP,False,0.993395,-22.183451,675,0.874063,0.802764,1.000352,0.819074,0.87367,dist_bus,675,0.87367,0.87367,0.874063,STALLED_MOTORS,0.993395,2.923,12.448,on,True,1.0,1.05,0.067,0.0,,,,0,12,0,0,0,0,0,False,1.05625,1.0375,1.05625,on,True,on,True,STALLED_MOTORS
2.592,1,1065,NEXT_STEP,True,0.993327,-22.455876,675,0.874019,0.802731,1.000288,0.819039,0.873625,dist_bus,675,0.873625,0.873625,0.874019,STALLED_MOTORS,0.993327,2.923,12.447,on,True,1.0,1.05,0.067,0.0,,,,0,12,0,0,0,0,0,False,1.05625,1.0375,1.05625,on,True,on,True,STALLED_MOTORS
2.625,1,1066,NEXT_STEP,False,0.993327,-22.455876,675,0.874016,0.802724,1.00029,0.819033,0.873622,dist_bus,675,0.873622,0.873622,0.874016,STALLED_MOTORS,0.993327,2.923,12.447,on,True,1.0,1.05,0.067,0.0,,,,0,12,0,0,0,0,0,False,1.05625,1.0375,1.05625,on,True,on,True,STALLED_MOTORS
2.628,1,1068,NEXT_STEP,True,0.993238,-22.728442,675,0.873958,0.802682,1.000206,0.818987,0.873565,dist_bus,675,0.873565,0.873565,0.873958,STALLED_MOTORS,0.993238,2.922,12.445,on,True,1.0,1.05,0.067,0.0,,,,0,12,0,0,0,0,0,False,1.05625,1.0375,1.05625,on,True,on,True,STALLED_MOTORS
2.661,1,1069,NEXT_STEP,False,0.993238,-22.728442,675,0.873953,0.802672,1.000209,0.818979,0.873559,dist_bus,675,0.873559,0.873559,0.873953,STALLED_MOTORS,0.993238,2.922,12.445,on,True,1.0,1.05,0.067,0.0,,,,0,12,0,0,0,0,0,False,1.05625,1.0375,1.05625,on,True,on,True,STALLED_MOTORS
2.664,1,1071,NEXT_STEP,True,0.993134,-23.000912,675,0.873886,0.802623,1.000111,0.818926,0.873493,dist_bus,675,0.873493,0.873493,0.873886,STALLED_MOTORS,0.993134,2.922,12.443,on,True,1.0,1.05,0.067,0.0,,,,0,12,0,0,0,0,0,False,1.05625,1.0375,1.05625,on,True,on,True,STALLED_MOTORS
2.697,1,1072,NEXT_STEP,False,0.993134,-23.000912,675,0.87388,0.802611,1.000113,0.818916,0.873486,dist_bus,675,0.873486,0.873486,0.87388,STALLED_MOTORS,0.993134,2.922,12.443,on,True,1.0,1.05,0.067,0.0,,,,0,12,0,0,0,0,0,False,1.05625,1.0375,1.05625,on,True,on,True,STALLED_MOTORS
2.7,1,1074,NEXT_STEP,True,0.993019,-23.272948,675,0.873806,0.802557,1.000005,0.818857,0.873413,dist_bus,675,0.873413,0.873413,0.873806,STALLED_MOTORS,0.993019,2.921,12.44,on,True,1.0,1.05,0.067,0.0,,,,0,12,0,0,0,0,0,False,1.05625,1.0375,1.05625,on,True,on,True,STALLED_MOTORS
2.733,1,1075,NEXT_STEP,False,0.993019,-23.272948,675,0.8738,0.802545,1.000008,0.818847,0.873406,dist_bus,675,0.873406,0.873406,0.8738,STALLED_MOTORS,0.993019,2.921,12.441,on,True,1.0,1.05,0.067,0.0,,,,0,12,0,0,0,0,0,False,1.05625,1.0375,1.05625,on,True,on,True,STALLED_MOTORS
2.736,1,1077,NEXT_STEP,True,0.9929,-23.544139,675,0.873724,0.802489,0.999896,0.818786,0.87333,dist_bus,675,0.87333,0.87333,0.873724,STALLED_MOTORS,0.9929,2.921,12.438,on,True,1.0,1.05,0.067,0.0,,,,0,12,0,0,0,0,0,False,1.05625,1.0375,1.05625,on,True,on,True,STALLED_MOTORS
2.769,1,1078,NEXT_STEP,False,0.9929,-23.544139,675,0.873717,0.802476,0.999899,0.818775,0.873323,dist_bus,675,0.873323,0.873323,0.873717,STALLED_MOTORS,0.9929,2.921,12.439,on,True,1.0,1.05,0.067,0.0,,,,0,12,0,0,0,0,0,False,1.05625,1.0375,1.05625,on,True,on,True,STALLED_MOTORS
2.772,1,1080,NEXT_STEP,True,0.992781,-23.814035,675,0.873641,0.80242,0.999787,0.818715,0.873247,dist_bus,675,0.873247,0.873247,0.873641,STALLED_MOTORS,0.992781,2.92,12.436,on,True,1.0,1.05,0.067,0.0,,,,0,12,0,0,0,0,0,False,1.05625,1.0375,1.05625,on,True,on,True,STALLED_MOTORS
2.805,1,1081,NEXT_STEP,False,0.992781,-23.814035,675,0.873633,0.802407,0.99979,0.818703,0.87324,dist_bus,675,0.87324,0.87324,0.873633,STALLED_MOTORS,0.992781,2.92,12.436,on,True,1.0,1.05,0.067,0.0,,,,0,12,0,0,0,0,0,False,1.05625,1.0375,1.05625,on,True,on,True,STALLED_MOTORS
2.808,1,1083,NEXT_STEP,True,0.992667,-24.082175,675,0.873561,0.802354,0.999682,0.818646,0.873167,dist_bus,675,0.873167,0.873167,0.873561,STALLED_MOTORS,0.992667,2.919,12.433,on,True,1.0,1.05,0.067,0.0,,,,0,12,0,0,0,0,0,False,1.05625,1.0375,1.05625,on,True,on,True,STALLED_MOTORS
2.841,1,1084,NEXT_STEP,False,0.992667,-24.082175,675,0.873554,0.802341,0.999685,0.818635,0.87316,dist_bus,675,0.87316,0.87316,0.873554,STALLED_MOTORS,0.992667,2.92,12.434,on,True,1.0,1.05,0.067,0.0,,,,0,12,0,0,0,0,0,False,1.05625,1.0375,1.05625,on,True,on,True,STALLED_MOTORS
2.844,1,1086,NEXT_STEP,True,0.992563,-24.348111,675,0.873488,0.802293,0.999587,0.818583,0.873094,dist_bus,675,0.873094,0.873094,0.873488,STALLED_MOTORS,0.992563,2.919,12.431,on,True,1.0,1.05,0.067,0.0,,,,0,12,0,0,0,0,0,False,1.05625,1.0375,1.05625,on,True,on,True,STALLED_MOTORS
2.877,1,1087,NEXT_STEP,False,0.992563,-24.348111,675,0.873481,0.802281,0.99959,0.818573,0.873088,dist_bus,675,0.873088,0.873088,0.873481,STALLED_MOTORS,0.992563,2.919,12.432,on,True,1.0,1.05,0.067,0.0,,,,0,12,0,0,0,0,0,False,1.05625,1.0375,1.05625,on,True,on,True,STALLED_MOTORS
2.88,1,1089,NEXT_STEP,True,0.992471,-24.611438,675,0.873423,0.802239,0.999503,0.818527,0.87303,dist_bus,675,0.87303,0.87303,0.873423,STALLED_MOTORS,0.992471,2.919,12.429,on,True,1.0,1.05,0.067,0.0,,,,0,12,0,0,0,0,0,False,1.05625,1.0375,1.05625,on,True,on,True,STALLED_MOTORS
2.913,1,1090,NEXT_STEP,False,0.992471,-24.611438,675,0.873417,0.802228,0.999505,0.818518,0.873024,dist_bus,675,0.873024,0.873024,0.873417,STALLED_MOTORS,0.992471,2.919,12.43,on,True,1.0,1.05,0.067,0.0,,,,0,12,0,0,0,0,0,False,1.05625,1.0375,1.05625,on,True,on,True,STALLED_MOTORS
2.916,1,1092,NEXT_STEP,True,0.992393,-24.871801,675,0.873368,0.802193,0.999432,0.818479,0.872975,dist_bus,675,0.872975,0.872975,0.873368,STALLED_MOTORS,0.992393,2.918,12.428,on,True,1.0,1.05,0.067,0.0,,,,0,12,0,0,0,0,0,False,1.05625,1.0375,1.05625,on,True,on,True,STALLED_MOTORS
2.949,1,1093,NEXT_STEP,False,0.992393,-24.871801,675,0.873363,0.802184,0.999434,0.818472,0.87297,dist_bus,675,0.87297,0.87297,0.873363,STALLED_MOTORS,0.992393,2.918,12.428,on,True,1.0,1.05,0.067,0.0,,,,0,12,0,0,0,0,0,False,1.05625,1.0375,1.05625,on,True,on,True,STALLED_MOTORS
2.952,1,1095,NEXT_STEP,True,0.992331,-25.128924,675,0.873324,0.802155,0.999375,0.818441,0.872931,dist_bus,675,0.872931,0.872931,0.873324,STALLED_MOTORS,0.992331,2.918,12.427,on,True,1.0,1.05,0.067,0.0,,,,0,12,0,0,0,0,0,False,1.05625,1.0375,1.05625,on,True,on,True,STALLED_MOTORS
2.985,1,1096,NEXT_STEP,False,0.992331,-25.128924,675,0.87332,0.802148,0.999376,0.818435,0.872927,dist_bus,675,0.872927,0.872927,0.87332,STALLED_MOTORS,0.992331,2.918,12.427,on,True,1.0,1.05,0.067,0.0,,,,0,12,0,0,0,0,0,False,1.05625,1.0375,1.05625,on,True,on,True,STALLED_MOTORS
2.988,1,1098,NEXT_STEP,True,0.992285,-25.382604,675,0.873291,0.802128,0.999333,0.818412,0.872898,dist_bus,675,0.872898,0.872898,0.873291,STALLED_MOTORS,0.992285,2.918,12.426,on,True,1.0,1.05,0.067,0.0,,,,0,12,0,0,0,0,0,False,1.05625,1.0375,1.05625,on,True,on,True,STALLED_MOTORS
3.021,1,1099,NEXT_STEP,False,0.992285,-25.382604,675,0.873288,0.802122,0.999334,0.818408,0.872895,dist_bus,675,0.872895,0.872895,0.873288,STALLED_MOTORS,0.992285,2.918,12.426,on,True,1.0,1.05,0.067,0.0,,,,0,12,0,0,0,0,0,False,1.05625,1.0375,1.05625,on,True,on,True,STALLED_MOTORS
3.024,1,1101,NEXT_STEP,True,0.992254,-25.632727,675,0.873268,0.802108,0.999305,0.818392,0.872875,dist_bus,675,0.872875,0.872875,0.873268,STALLED_MOTORS,0.992254,2.918,12.425,on,True,1.0,1.05,0.067,0.0,,,,0,12,0,0,0,0,0,False,1.05625,1.0375,1.05625,on,True,on,True,STALLED_MOTORS
3.057,1,1102,NEXT_STEP,False,0.992254,-25.632727,675,0.873267,0.802105,0.999305,0.818389,0.872874,dist_bus,675,0.872874,0.872874,0.873267,STALLED_MOTORS,0.992254,2.918,12.425,on,True,1.0,1.05,0.067,0.0,,,,0,12,0,0,0,0,0,False,1.05625,1.0375,1.05625,on,True,on,True,STALLED_MOTORS
3.06,1,1104,NEXT_STEP,True,0.992238,-25.87925,675,0.873257,0.802098,0.99929,0.818382,0.872864,dist_bus,675,0.872864,0.872864,0.873257,STALLED_MOTORS,0.992238,2.918,12.425,on,True,1.0,1.05,0.067,0.0,,,,0,12,0,0,0,0,0,False,1.05625,1.0375,1.05625,on,True,on,True,STALLED_MOTORS
3.093,1,1105,NEXT_STEP,False,0.992238,-25.87925,675,0.873256,0.802096,0.99929,0.81838,0.872863,dist_bus,675,0.872863,0.872863,0.873256,STALLED_MOTORS,0.992238,2.918,12.425,on,True,1.0,1.05,0.067,0.0,,,,0,12,0,0,0,0,0,False,1.05625,1.0375,1.05625,on,True,on,True,STALLED_MOTORS
3.096,1,1107,NEXT_STEP,True,0.992234,-26.122224,675,0.873253,0.802095,0.999287,0.818379,0.87286,dist_bus,675,0.87286,0.87286,0.873253,STALLED_MOTORS,0.992234,2.918,12.425,on,True,1.0,1.05,0.067,0.0,,,,0,12,0,0,0,0,0,False,1.05625,1.0375,1.05625,on,True,on,True,STALLED_MOTORS
3.129,1,1108,NEXT_STEP,False,0.992234,-26.122224,675,0.873253,0.802094,0.999287,0.818378,0.87286,dist_bus,675,0.87286,0.87286,0.873253,STALLED_MOTORS,0.992234,2.918,12.425,on,True,1.0,1.05,0.067,0.0,,,,0,12,0,0,0,0,0,False,1.05625,1.0375,1.05625,on,True,on,True,STALLED_MOTORS
3.132,1,1110,NEXT_STEP,True,0.992241,-26.361758,675,0.873258,0.802098,0.999293,0.818382,0.872865,dist_bus,675,0.872865,0.872865,0.873258,STALLED_MOTORS,0.992241,2.918,12.425,on,True,1.0,1.05,0.067,0.0,,,,0,12,0,0,0,0,0,False,1.05625,1.0375,1.05625,on,True,on,True,STALLED_MOTORS
3.165,1,1111,NEXT_STEP,False,0.992241,-26.361758,675,0.873258,0.802099,0.999293,0.818383,0.872865,dist_bus,675,0.872865,0.872865,0.873258,STALLED_MOTORS,0.992241,2.918,12.425,on,True,1.0,1.05,0.067,0.0,,,,0,12,0,0,0,0,0,False,1.05625,1.0375,1.05625,on,True,on,True,STALLED_MOTORS
3.168,1,1113,NEXT_STEP,True,0.992257,-26.598018,675,0.873269,0.802107,0.999308,0.818391,0.872875,dist_bus,675,0.872875,0.872875,0.873269,STALLED_MOTORS,0.992257,2.918,12.426,on,True,1.0,1.05,0.067,0.0,,,,0,12,0,0,0,0,0,False,1.05625,1.0375,1.05625,on,True,on,True,STALLED_MOTORS
3.201,1,1114,NEXT_STEP,False,0.992257,-26.598018,675,0.873269,0.802108,0.999307,0.818392,0.872876,dist_bus,675,0.872876,0.872876,0.873269,STALLED_MOTORS,0.992257,2.918,12.425,on,True,1.0,1.05,0.067,0.0,,,,0,12,0,0,0,0,0,False,1.05625,1.0375,1.05625,on,True,on,True,STALLED_MOTORS
3.204,1,1116,NEXT_STEP,True,0.99228,-26.831218,675,0.873284,0.802119,0.999329,0.818404,0.872891,dist_bus,675,0.872891,0.872891,0.873284,STALLED_MOTORS,0.99228,2.918,12.426,on,True,1.0,1.05,0.067,0.0,,,,0,12,0,0,0,0,0,False,1.05625,1.0375,1.05625,on,True,on,True,STALLED_MOTORS
3.237,1,1117,NEXT_STEP,False,0.99228,-26.831218,675,0.873286,0.802122,0.999328,0.818406,0.872893,dist_bus,675,0.872893,0.872893,0.873286,STALLED_MOTORS,0.99228,2.918,12.426,on,True,1.0,1.05,0.067,0.0,,,,0,12,0,0,0,0,0,False,1.05625,1.0375,1.05625,on,True,on,True,STALLED_MOTORS
3.24,1,1119,NEXT_STEP,True,0.992308,-27.061597,675,0.873304,0.802135,0.999355,0.818421,0.87291,dist_bus,675,0.87291,0.87291,0.873304,STALLED_MOTORS,0.992308,2.918,12.427,on,True,1.0,1.05,0.067,0.0,,,,0,12,0,0,0,0,0,False,1.05625,1.0375,1.05625,on,True,on,True,STALLED_MOTORS
3.273,1,1120,NEXT_STEP,False,0.992308,-27.061597,675,0.873305,0.802138,0.999354,0.818423,0.872912,dist_bus,675,0.872912,0.872912,0.873305,STALLED_MOTORS,0.992308,2.918,12.427,on,True,1.0,1.05,0.067,0.0,,,,0,12,0,0,0,0,0,False,1.05625,1.0375,1.05625,on,True,on,True,STALLED_MOTORS
3.276,1,1122,NEXT_STEP,True,0.992339,-27.289411,675,0.873325,0.802153,0.999383,0.818439,0.872932,dist_bus,675,0.872932,0.872932,0.873325,STALLED_MOTORS,0.992339,2.918,12.427,on,True,1.0,1.05,0.067,0.0,,,,0,12,0,0,0,0,0,False,1.05625,1.0375,1.05625,on,True,on,True,STALLED_MOTORS
3.309,1,1123,NEXT_STEP,False,0.992339,-27.289411,675,0.873327,0.802156,0.999382,0.818442,0.872934,dist_bus,675,0.872934,0.872934,0.873327,STALLED_MOTORS,0.992339,2.918,12.427,on,True,1.0,1.05,0.067,0.0,,,,0,12,0,0,0,0,0,False,1.05625,1.0375,1.05625,on,True,on,True,STALLED_MOTORS
3.312,1,1125,NEXT_STEP,True,0.992371,-27.514924,675,0.873347,0.802171,0.999413,0.818458,0.872954,dist_bus,675,0.872954,0.872954,0.873347,STALLED_MOTORS,0.992371,2.918,12.428,on,True,1.0,1.05,0.067,0.0,,,,0,12,0,0,0,0,0,False,1.05625,1.0375,1.05625,on,True,on,True,STALLED_MOTORS
3.345,1,1126,NEXT_STEP,False,0.992371,-27.514924,675,0.873349,0.802175,0.999412,0.818461,0.872956,dist_bus,675,0.872956,0.872956,0.873349,STALLED_MOTORS,0.992371,2.918,12.428,on,True,1.0,1.05,0.067,0.0,,,,0,12,0,0,0,0,0,False,1.05625,1.0375,1.05625,on,True,on,True,STALLED_MOTORS
3.348,1,1128,NEXT_STEP,True,0.992404,-27.738388,675,0.873371,0.80219,0.999443,0.818478,0.872977,dist_bus,675,0.872977,0.872977,0.873371,STALLED_MOTORS,0.992404,2.918,12.429,on,True,1.0,1.05,0.067,0.0,,,,0,12,0,0,0,0,0,False,1.05625,1.0375,1.05625,on,True,on,True,STALLED_MOTORS
3.381,1,1129,NEXT_STEP,False,0.992404,-27.738388,675,0.873372,0.802194,0.999442,0.818481,0.872979,dist_bus,675,0.872979,0.872979,0.873372,STALLED_MOTORS,0.992404,2.918,12.428,on,True,1.0,1.05,0.067,0.0,,,,0,12,0,0,0,0,0,False,1.05625,1.0375,1.05625,on,True,on,True,STALLED_MOTORS
3.384,1,1131,NEXT_STEP,True,0.992435,-27.960042,675,0.873392,0.802208,0.999471,0.818497,0.872999,dist_bus,675,0.872999,0.872999,0.873392,STALLED_MOTORS,0.992435,2.919,12.429,on,True,1.0,1.05,0.067,0.0,,,,0,12,0,0,0,0,0,False,1.05625,1.0375,1.05625,on,True,on,True,STALLED_MOTORS
3.417,1,1132,NEXT_STEP,False,0.992435,-27.960042,675,0.873394,0.802212,0.99947,0.8185,0.873001,dist_bus,675,0.873001,0.873001,0.873394,STALLED_MOTORS,0.992435,2.918,12.429,on,True,1.0,1.05,0.067,0.0,,,,0,12,0,0,0,0,0,False,1.05625,1.0375,1.05625,on,True,on,True,STALLED_MOTORS
3.42,1,1134,NEXT_STEP,True,0.992466,-28.180094,675,0.873414,0.802226,0.9995,0.818515,0.873021,dist_bus,675,0.873021,0.873021,0.873414,STALLED_MOTORS,0.992466,2.919,12.43,on,True,1.0,1.05,0.067,0.0,,,,0,12,0,0,0,0,0,False,1.05625,1.0375,1.05625,on,True,on,True,STALLED_MOTORS
3.453,1,1135,NEXT_STEP,False,0.992466,-28.180094,675,0.873416,0.80223,0.999499,0.818518,0.873022,dist_bus,675,0.873022,0.873022,0.873416,STALLED_MOTORS,0.992466,2.919,12.43,on,True,1.0,1.05,0.067,0.0,,,,0,12,0,0,0,0,0,False,1.05625,1.0375,1.05625,on,True,on,True,STALLED_MOTORS
3.456,1,1137,NEXT_STEP,True,0.992494,-28.398725,675,0.873433,0.802243,0.999525,0.818532,0.87304,dist_bus,675,0.87304,0.87304,0.873433,STALLED_MOTORS,0.992494,2.919,12.43,on,True,1.0,1.05,0.067,0.0,,,,0,12,0,0,0,0,0,False,1.05625,1.0375,1.05625,on,True,on,True,STALLED_MOTORS
3.489,1,1138,NEXT_STEP,False,0.992494,-28.398725,675,0.873435,0.802246,0.999525,0.818535,0.873042,dist_bus,675,0.873042,0.873042,0.873435,STALLED_MOTORS,0.992494,2.919,12.43,on,True,1.0,1.05,0.067,0.0,,,,0,12,0,0,0,0,0,False,1.05625,1.0375,1.05625,on,True,on,True,STALLED_MOTORS
3.492,1,1140,NEXT_STEP,True,0.99252,-28.616078,675,0.873452,0.802258,0.999549,0.818548,0.873059,dist_bus,675,0.873059,0.873059,0.873452,STALLED_MOTORS,0.99252,2.919,12.431,on,True,1.0,1.05,0.067,0.0,,,,0,12,0,0,0,0,0,False,1.05625,1.0375,1.05625,on,True,on,True,STALLED_MOTORS
3.525,1,1141,NEXT_STEP,False,0.99252,-28.616078,675,0.873453,0.802261,0.999549,0.818551,0.87306,dist_bus,675,0.87306,0.87306,0.873453,STALLED_MOTORS,0.99252,2.919,12.431,on,True,1.0,1.05,0.067,0.0,,,,0,12,0,0,0,0,0,False,1.05625,1.0375,1.05625,on,True,on,True,STALLED_MOTORS
3.528,1,1143,NEXT_STEP,True,0.992543,-28.832261,675,0.873468,0.802271,0.99957,0.818562,0.873074,dist_bus,675,0.873074,0.873074,0.873468,STALLED_MOTORS,0.992543,2.919,12.431,on,True,1.0,1.05,0.067,0.0,,,,0,12,0,0,0,0,0,False,1.05625,1.0375,1.05625,on,True,on,True,STALLED_MOTORS
3.561,1,1144,NEXT_STEP,False,0.992543,-28.832261,675,0.873469,0.802274,0.99957,0.818565,0.873076,dist_bus,675,0.873076,0.873076,0.873469,STALLED_MOTORS,0.992543,2.919,12.431,on,True,1.0,1.05,0.067,0.0,,,,0,12,0,0,0,0,0,False,1.05625,1.0375,1.05625,on,True,on,True,STALLED_MOTORS
3.564,1,1146,NEXT_STEP,True,0.992564,-29.047346,675,0.873483,0.802283,0.999589,0.818575,0.873089,dist_bus,675,0.873089,0.873089,0.873483,STALLED_MOTORS,0.992564,2.919,12.432,on,True,1.0,1.05,0.067,0.0,,,,0,12,0,0,0,0,0,False,1.05625,1.0375,1.05625,on,True,on,True,STALLED_MOTORS
3.597,1,1147,NEXT_STEP,False,0.992564,-29.047346,675,0.873484,0.802286,0.999589,0.818577,0.873091,dist_bus,675,0.873091,0.873091,0.873484,STALLED_MOTORS,0.992564,2.919,12.432,on,True,1.0,1.05,0.067,0.0,,,,0,12,0,0,0,0,0,False,1.05625,1.0375,1.05625,on,True,on,True,STALLED_MOTORS
3.6,1,1149,NEXT_STEP,True,0.992583,-29.261371,675,0.873496,0.802295,0.999607,0.818587,0.873103,dist_bus,675,0.873103,0.873103,0.873496,STALLED_MOTORS,0.992583,2.919,12.432,on,True,1.0,1.05,0.067,0.0,,,,0,12,0,0,0,0,0,False,1.05625,1.0375,1.05625,on,True,on,True,STALLED_MOTORS
3.633,1,1150,NEXT_STEP,False,0.992583,-29.261371,675,0.873497,0.802297,0.999606,0.818588,0.873104,dist_bus,675,0.873104,0.873104,0.873497,STALLED_MOTORS,0.992583,2.919,12.432,on,True,1.0,1.05,0.067,0.0,,,,0,12,0,0,0,0,0,False,1.05625,1.0375,1.05625,on,True,on,True,STALLED_MOTORS
3.636,1,1152,NEXT_STEP,True,0.992599,-29.474349,675,0.873507,0.802304,0.999621,0.818596,0.873114,dist_bus,675,0.873114,0.873114,0.873507,STALLED_MOTORS,0.992599,2.919,12.432,on,True,1.0,1.05,0.067,0.0,,,,0,12,0,0,0,0,0,False,1.05625,1.0375,1.05625,on,True,on,True,STALLED_MOTORS
3.669,1,1153,NEXT_STEP,False,0.992599,-29.474349,675,0.873508,0.802306,0.999621,0.818598,0.873115,dist_bus,675,0.873115,0.873115,0.873508,STALLED_MOTORS,0.992599,2.919,12.432,on,True,1.0,1.05,0.067,0.0,,,,0,12,0,0,0,0,0,False,1.05625,1.0375,1.05625,on,True,on,True,STALLED_MOTORS
3.672,1,1155,NEXT_STEP,True,0.992614,-29.686258,675,0.873518,0.802313,0.999635,0.818606,0.873125,dist_bus,675,0.873125,0.873125,0.873518,STALLED_MOTORS,0.992614,2.919,12.433,on,True,1.0,1.05,0.067,0.0,,,,0,12,0,0,0,0,0,False,1.05625,1.0375,1.05625,on,True,on,True,STALLED_MOTORS
3.705,1,1156,NEXT_STEP,False,0.992614,-29.686258,675,0.873519,0.802315,0.999635,0.818607,0.873125,dist_bus,675,0.873125,0.873125,0.873519,STALLED_MOTORS,0.992614,2.919,12.433,on,True,1.0,1.05,0.067,0.0,,,,0,12,0,0,0,0,0,False,1.05625,1.0375,1.05625,on,True,on,True,STALLED_MOTORS
3.708,1,1158,NEXT_STEP,True,0.992626,-29.897067,675,0.873526,0.80232,0.999646,0.818613,0.873133,dist_bus,675,0.873133,0.873133,0.873526,STALLED_MOTORS,0.992626,2.919,12.433,on,True,1.0,1.05,0.067,0.0,,,,0,12,0,0,0,0,0,False,1.05625,1.0375,1.05625,on,True,on,True,STALLED_MOTORS
3.741,1,1159,NEXT_STEP,False,0.992626,-29.897067,675,0.873527,0.802322,0.999646,0.818614,0.873134,dist_bus,675,0.873134,0.873134,0.873527,STALLED_MOTORS,0.992626,2.919,12.433,on,True,1.0,1.05,0.067,0.0,,,,0,12,0,0,0,0,0,False,1.05625,1.0375,1.05625,on,True,on,True,STALLED_MOTORS
3.744,1,1161,NEXT_STEP,True,0.992637,-30.106725,675,0.873534,0.802327,0.999656,0.818619,0.873141,dist_bus,675,0.873141,0.873141,0.873534,STALLED_MOTORS,0.992637,2.919,12.433,on,True,1.0,1.05,0.067,0.0,,,,0,12,0,0,0,0,0,False,1.05625,1.0375,1.05625,on,True,on,True,STALLED_MOTORS
3.777,1,1162,NEXT_STEP,False,0.992637,-30.106725,675,0.873535,0.802328,0.999656,0.818621,0.873141,dist_bus,675,0.873141,0.873141,0.873535,STALLED_MOTORS,0.992637,2.919,12.433,on,True,1.0,1.05,0.067,0.0,,,,0,12,0,0,0,0,0,False,1.05625,1.0375,1.05625,on,True,on,True,STALLED_MOTORS
3.78,1,1164,NEXT_STEP,True,0.992647,-30.315177,675,0.873541,0.802332,0.999665,0.818625,0.873148,dist_bus,675,0.873148,0.873148,0.873541,STALLED_MOTORS,0.992647,2.919,12.433,on,True,1.0,1.05,0.067,0.0,,,,0,12,0,0,0,0,0,False,1.05625,1.0375,1.05625,on,True,on,True,STALLED_MOTORS
3.813,1,1165,NEXT_STEP,False,0.992647,-30.315177,675,0.873542,0.802334,0.999665,0.818627,0.873148,dist_bus,675,0.873148,0.873148,0.873542,STALLED_MOTORS,0.992647,2.919,12.433,on,True,1.0,1.05,0.067,0.0,,,,0,12,0,0,0,0,0,False,1.05625,1.0375,1.05625,on,True,on,True,STALLED_MOTORS
3.816,1,1167,NEXT_STEP,True,0.992657,-30.522364,675,0.873548,0.802339,0.999675,0.818632,0.873155,dist_bus,675,0.873155,0.873155,0.873548,STALLED_MOTORS,0.992657,2.92,12.434,on,True,1.0,1.05,0.067,0.0,,,,0,12,0,0,0,0,0,False,1.05625,1.0375,1.05625,on,True,on,True,STALLED_MOTORS
3.849,1,1168,NEXT_STEP,False,0.992657,-30.522364,675,0.873549,0.802339,0.999674,0.818632,0.873155,dist_bus,675,0.873155,0.873155,0.873549,STALLED_MOTORS,0.992657,2.92,12.434,on,True,1.0,1.05,0.067,0.0,,,,0,12,0,0,0,0,0,False,1.05625,1.0375,1.05625,on,True,on,True,STALLED_MOTORS
3.852,1,1170,NEXT_STEP,True,0.992665,-30.728234,675,0.873554,0.802343,0.999682,0.818636,0.87316,dist_bus,675,0.87316,0.87316,0.873554,STALLED_MOTORS,0.992665,2.92,12.434,on,True,1.0,1.05,0.067,0.0,,,,0,12,0,0,0,0,0,False,1.05625,1.0375,1.05625,on,True,on,True,STALLED_MOTORS
3.885,1,1171,NEXT_STEP,False,0.992665,-30.728234,675,0.873554,0.802344,0.999682,0.818637,0.873161,dist_bus,675,0.873161,0.873161,0.873554,STALLED_MOTORS,0.992665,2.92,12.434,on,True,1.0,1.05,0.067,0.0,,,,0,12,0,0,0,0,0,False,1.05625,1.0375,1.05625,on,True,on,True,STALLED_MOTORS
3.888,1,1173,NEXT_STEP,True,0.992673,-30.932734,675,0.873559,0.802348,0.999689,0.818641,0.873166,dist_bus,675,0.873166,0.873166,0.873559,STALLED_MOTORS,0.992673,2.92,12.434,on,True,1.0,1.05,0.067,0.0,,,,0,12,0,0,0,0,0,False,1.05625,1.0375,1.05625,on,True,on,True,STALLED_MOTORS
3.921,1,1174,NEXT_STEP,False,0.992673,-30.932734,675,0.87356,0.802349,0.999689,0.818642,0.873167,dist_bus,675,0.873167,0.873167,0.87356,STALLED_MOTORS,0.992673,2.92,12.434,on,True,1.0,1.05,0.067,0.0,,,,0,12,0,0,0,0,0,False,1.05625,1.0375,1.05625,on,True,on,True,STALLED_MOTORS
3.924,1,1176,NEXT_STEP,True,0.992681,-31.135829,675,0.873565,0.802352,0.999697,0.818646,0.873172,dist_bus,675,0.873172,0.873172,0.873565,STALLED_MOTORS,0.992681,2.92,12.434,on,True,1.0,1.05,0.067,0.0,,,,0,12,0,0,0,0,0,False,1.05625,1.0375,1.05625,on,True,on,True,STALLED_MOTORS
3.957,1,1177,NEXT_STEP,False,0.992681,-31.135829,675,0.873566,0.802353,0.999696,0.818647,0.873172,dist_bus,675,0.873172,0.873172,0.873566,STALLED_MOTORS,0.992681,2.92,12.434,on,True,1.0,1.05,0.067,0.0,,,,0,12,0,0,0,0,0,False,1.05625,1.0375,1.05625,on,True,on,True,STALLED_MOTORS
3.96,1,1179,NEXT_STEP,True,0.992689,-31.337494,675,0.873571,0.802357,0.999704,0.818651,0.873177,dist_bus,675,0.873177,0.873177,0.873571,STALLED_MOTORS,0.992689,2.92,12.434,on,True,1.0,1.05,0.067,0.0,,,,0,12,0,0,0,0,0,False,1.05625,1.0375,1.05625,on,True,on,True,STALLED_MOTORS
3.993,1,1180,NEXT_STEP,False,0.992689,-31.337494,675,0.873571,0.802358,0.999704,0.818652,0.873178,dist_bus,675,0.873178,0.873178,0.873571,STALLED_MOTORS,0.992689,2.92,12.434,on,True,1.0,1.05,0.067,0.0,,,,0,12,0,0,0,0,0,False,1.05625,1.0375,1.05625,on,True,on,True,STALLED_MOTORS
3.996,1,1182,NEXT_STEP,True,0.992698,-31.537722,675,0.873577,0.802362,0.999712,0.818656,0.873183,dist_bus,675,0.873183,0.873183,0.873577,STALLED_MOTORS,0.992698,2.92,12.434,on,True,1.0,1.05,0.067,0.0,,,,0,12,0,0,0,0,0,False,1.05625,1.0375,1.05625,on,True,on,True,STALLED_MOTORS
4.029,1,1183,NEXT_STEP,False,0.992698,-31.537722,675,0.873577,0.802363,0.999712,0.818657,0.873184,dist_bus,675,0.873184,0.873184,0.873577,STALLED_MOTORS,0.992698,2.92,12.434,on,True,1.0,1.05,0.067,0.0,,,,0,12,0,0,0,0,0,False,1.05625,1.0375,1.05625,on,True,on,True,STALLED_MOTORS
4.032,1,1185,NEXT_STEP,True,0.992707,-31.736517,675,0.873583,0.802367,0.99972,0.818662,0.87319,dist_bus,675,0.87319,0.87319,0.873583,STALLED_MOTORS,0.992707,2.92,12.435,on,True,1.0,1.05,0.067,0.0,,,,0,12,0,0,0,0,0,False,1.05625,1.0375,1.05625,on,True,on,True,STALLED_MOTORS
4.065,1,1186,NEXT_STEP,False,0.992707,-31.736517,675,0.873584,0.802368,0.99972,0.818663,0.87319,dist_bus,675,0.87319,0.87319,0.873584,STALLED_MOTORS,0.992707,2.92,12.435,on,True,1.0,1.05,0.067,0.0,,,,0,12,0,0,0,0,0,False,1.05625,1.0375,1.05625,on,True,on,True,STALLED_MOTORS
4.068,1,1188,NEXT_STEP,True,0.992717,-31.9339,675,0.87359,0.802373,0.99973,0.818668,0.873197,dist_bus,675,0.873197,0.873197,0.87359,STALLED_MOTORS,0.992717,2.92,12.435,on,True,1.0,1.05,0.067,0.0,,,,0,12,0,0,0,0,0,False,1.05625,1.0375,1.05625,on,True,on,True,STALLED_MOTORS
4.101,1,1189,NEXT_STEP,False,0.992717,-31.9339,675,0.873591,0.802374,0.999729,0.818668,0.873197,dist_bus,675,0.873197,0.873197,0.873591,STALLED_MOTORS,0.992717,2.92,12.435,on,True,1.0,1.05,0.067,0.0,,,,0,12,0,0,0,0,0,False,1.05625,1.0375,1.05625,on,True,on,True,STALLED_MOTORS
4.104,1,1191,NEXT_STEP,True,0.992727,-32.129907,675,0.873597,0.802379,0.999739,0.818673,0.873204,dist_bus,675,0.873204,0.873204,0.873597,STALLED_MOTORS,0.992727,2.92,12.435,on,True,1.0,1.05,0.067,0.0,,,,0,12,0,0,0,0,0,False,1.05625,1.0375,1.05625,on,True,on,True,STALLED_MOTORS
4.137,1,1192,NEXT_STEP,False,0.992727,-32.129907,675,0.873598,0.80238,0.999739,0.818675,0.873204,dist_bus,675,0.873204,0.873204,0.873598,STALLED_MOTORS,0.992727,2.92,12.435,on,True,1.0,1.05,0.067,0.0,,,,0,12,0,0,0,0,0,False,1.05625,1.0375,1.05625,on,True,on,True,STALLED_MOTORS
4.14,1,1194,NEXT_STEP,True,0.992738,-32.324584,675,0.873605,0.802385,0.999749,0.81868,0.873211,dist_bus,675,0.873211,0.873211,0.873605,STALLED_MOTORS,0.992738,2.92,12.435,on,True,1.0,1.05,0.067,0.0,,,,0,12,0,0,0,0,0,False,1.05625,1.0375,1.05625,on,True,on,True,STALLED_MOTORS
4.173,1,1195,NEXT_STEP,False,0.992738,-32.324584,675,0.873605,0.802386,0.999749,0.818681,0.873212,dist_bus,675,0.873212,0.873212,0.873605,STALLED_MOTORS,0.992738,2.92,12.435,on,True,1.0,1.05,0.067,0.0,,,,0,12,0,0,0,0,0,False,1.05625,1.0375,1.05625,on,True,on,True,STALLED_MOTORS
4.176,1,1197,NEXT_STEP,True,0.99275,-32.51799,675,0.873613,0.802392,0.99976,0.818687,0.87322,dist_bus,675,0.87322,0.87322,0.873613,STALLED_MOTORS,0.99275,2.92,12.435,on,True,1.0,1.05,0.067,0.0,,,,0,12,0,0,0,0,0,False,1.05625,1.0375,1.05625,on,True,on,True,STALLED_MOTORS
4.209,1,1198,NEXT_STEP,False,0.99275,-32.51799,675,0.873614,0.802393,0.99976,0.818688,0.87322,dist_bus,675,0.87322,0.87322,0.873614,STALLED_MOTORS,0.99275,2.92,12.435,on,True,1.0,1.05,0.067,0.0,,,,0,12,0,0,0,0,0,False,1.05625,1.0375,1.05625,on,True,on,True,STALLED_MOTORS
4.212,1,1200,NEXT_STEP,True,0.992763,-32.710191,675,0.873622,0.802399,0.999772,0.818695,0.873229,dist_bus,675,0.873229,0.873229,0.873622,STALLED_MOTORS,0.992763,2.92,12.436,on,True,1.0,1.05,0.067,0.0,,,,0,12,0,0,0,0,0,False,1.05625,1.0375,1.05625,on,True,on,True,STALLED_MOTORS
4.245,1,1201,NEXT_STEP,False,0.992763,-32.710191,675,0.873623,0.802401,0.999772,0.818696,0.873229,dist_bus,675,0.873229,0.873229,0.873623,STALLED_MOTORS,0.992763,2.92,12.436,on,True,1.0,1.05,0.067,0.0,,,,0,12,0,0,0,0,0,False,1.05625,1.0375,1.05625,on,True,on,True,STALLED_MOTORS
4.248,1,1203,NEXT_STEP,True,0.992777,-32.901257,675,0.873632,0.802408,0.999785,0.818703,0.873238,dist_bus,675,0.873238,0.873238,0.873632,STALLED_MOTORS,0.992777,2.92,12.436,on,True,1.0,1.05,0.067,0.0,,,,0,12,0,0,0,0,0,False,1.05625,1.0375,1.05625,on,True,on,True,STALLED_MOTORS
4.281,1,1204,NEXT_STEP,False,0.992777,-32.901257,675,0.873633,0.802409,0.999784,0.818705,0.873239,dist_bus,675,0.873239,0.873239,0.873633,STALLED_MOTORS,0.992777,2.92,12.436,on,True,1.0,1.05,0.067,0.0,,,,0,12,0,0,0,0,0,False,1.05625,1.0375,1.05625,on,True,on,True,STALLED_MOTORS
4.284,1,1206,NEXT_STEP,True,0.992791,-33.091263,675,0.873642,0.802416,0.999798,0.818712,0.873248,dist_bus,675,0.873248,0.873248,0.873642,STALLED_MOTORS,0.992791,2.92,12.436,on,True,1.0,1.05,0.067,0.0,,,,0,12,0,0,0,0,0,False,1.05625,1.0375,1.05625,on,True,on,True,STALLED_MOTORS
4.317,1,1207,NEXT_STEP,False,0.992791,-33.091263,675,0.873642,0.802417,0.999797,0.818713,0.873249,dist_bus,675,0.873249,0.873249,0.873642,STALLED_MOTORS,0.992791,2.92,12.436,on,True,1.0,1.05,0.067,0.0,,,,0,12,0,0,0,0,0,False,1.05625,1.0375,1.05625,on,True,on,True,STALLED_MOTORS
4.32,1,1209,NEXT_STEP,True,0.992806,-33.280284,675,0.873652,0.802424,0.999811,0.818721,0.873259,dist_bus,675,0.873259,0.873259,0.873652,STALLED_MOTORS,0.992806,2.92,12.437,on,True,1.0,1.05,0.067,0.0,,,,0,12,0,0,0,0,0,False,1.05625,1.0375,1.05625,on,True,on,True,STALLED_MOTORS
4.353,1,1210,NEXT_STEP,False,0.992806,-33.280284,675,0.873653,0.802426,0.999811,0.818722,0.873259,dist_bus,675,0.873259,0.873259,0.873653,STALLED_MOTORS,0.992806,2.92,12.437,on,True,1.0,1.05,0.067,0.0,,,,0,12,0,0,0,0,0,False,1.05625,1.0375,1.05625,on,True,on,True,STALLED_MOTORS
4.356,1,1212,NEXT_STEP,True,0.992821,-33.46839,675,0.873663,0.802433,0.999825,0.81873,0.873269,dist_bus,675,0.873269,0.873269,0.873663,STALLED_MOTORS,0.992821,2.92,12.437,on,True,1.0,1.05,0.067,0.0,,,,0,12,0,0,0,0,0,False,1.05625,1.0375,1.05625,on,True,on,True,STALLED_MOTORS
4.389,1,1213,NEXT_STEP,False,0.992821,-33.46839,675,0.873663,0.802434,0.999825,0.818731,0.87327,dist_bus,675,0.87327,0.87327,0.873663,STALLED_MOTORS,0.992821,2.92,12.437,on,True,1.0,1.05,0.067,0.0,,,,0,12,0,0,0,0,0,False,1.05625,1.0375,1.05625,on,True,on,True,STALLED_MOTORS
4.392,1,1215,NEXT_STEP,True,0.992836,-33.655652,675,0.873673,0.802442,0.999839,0.818739,0.87328,dist_bus,675,0.87328,0.87328,0.873673,STALLED_MOTORS,0.992836,2.92,12.437,on,True,1.0,1.05,0.067,0.0,,,,0,12,0,0,0,0,0,False,1.05625,1.0375,1.05625,on,True,on,True,STALLED_MOTORS
4.425,1,1216,NEXT_STEP,False,0.992836,-33.655652,675,0.873674,0.802443,0.999838,0.81874,0.87328,dist_bus,675,0.87328,0.87328,0.873674,STALLED_MOTORS,0.992836,2.92,12.437,on,True,1.0,1.05,0.067,0.0,,,,0,12,0,0,0,0,0,False,1.05625,1.0375,1.05625,on,True,on,True,STALLED_MOTORS
4.428,1,1218,NEXT_STEP,True,0.992851,-33.842131,675,0.873684,0.80245,0.999853,0.818748,0.87329,dist_bus,675,0.87329,0.87329,0.873684,STALLED_MOTORS,0.992851,2.92,12.437,on,True,1.0,1.05,0.067,0.0,,,,0,12,0,0,0,0,0,False,1.05625,1.0375,1.05625,on,True,on,True,STALLED_MOTORS
4.461,1,1219,NEXT_STEP,False,0.992851,-33.842131,675,0.873684,0.802452,0.999852,0.818749,0.873291,dist_bus,675,0.873291,0.873291,0.873684,STALLED_MOTORS,0.992851,2.92,12.437,on,True,1.0,1.05,0.067,0.0,,,,0,12,0,0,0,0,0,False,1.05625,1.0375,1.05625,on,True,on,True,STALLED_MOTORS
4.464,1,1221,NEXT_STEP,True,0.992866,-34.027887,675,0.873694,0.802459,0.999866,0.818757,0.873301,dist_bus,675,0.873301,0.873301,0.873694,STALLED_MOTORS,0.992866,2.92,12.438,on,True,1.0,1.05,0.067,0.0,,,,0,12,0,0,0,0,0,False,1.05625,1.0375,1.05625,on,True,on,True,STALLED_MOTORS
4.497,1,1222,NEXT_STEP,False,0.992866,-34.027887,675,0.873695,0.80246,0.999866,0.818758,0.873301,dist_bus,675,0.873301,0.873301,0.873695,STALLED_MOTORS,0.992866,2.92,12.438,on,True,1.0,1.05,0.067,0.0,,,,0,12,0,0,0,0,0,False,1.05625,1.0375,1.05625,on,True,on,True,STALLED_MOTORS
4.5,1,1224,NEXT_STEP,True,0.99288,-34.212969,675,0.873704,0.802467,0.999879,0.818765,0.87331,dist_bus,675,0.87331,0.87331,0.873704,STALLED_MOTORS,0.99288,2.921,12.438,on,True,1.0,1.05,0.067,0.0,,,,0,12,0,0,0,0,0,False,1.05625,1.0375,1.05625,on,True,on,True,STALLED_MOTORS
4.533,1,1225,NEXT_STEP,False,0.99288,-34.212969,675,0.873705,0.802469,0.999879,0.818767,0.873311,dist_bus,675,0.873311,0.873311,0.873705,STALLED_MOTORS,0.99288,2.921,12.438,on,True,1.0,1.05,0.067,0.0,,,,0,12,0,0,0,0,0,False,1.05625,1.0375,1.05625,on,True,on,True,STALLED_MOTORS
4.536,1,1227,NEXT_STEP,True,0.992894,-34.397418,675,0.873713,0.802475,0.999892,0.818773,0.87332,dist_bus,675,0.87332,0.87332,0.873713,STALLED_MOTORS,0.992894,2.921,12.438,on,True,1.0,1.05,0.067,0.0,,,,0,12,0,0,0,0,0,False,1.05625,1.0375,1.05625,on,True,on,True,STALLED_MOTORS
4.569,1,1228,NEXT_STEP,False,0.992894,-34.397418,675,0.873714,0.802477,0.999892,0.818775,0.873321,dist_bus,675,0.873321,0.873321,0.873714,STALLED_MOTORS,0.992894,2.921,12.438,on,True,1.0,1.05,0.067,0.0,,,,0,12,0,0,0,0,0,False,1.05625,1.0375,1.05625,on,True,on,True,STALLED_MOTORS
4.572,1,1230,NEXT_STEP,True,0.992908,-34.581271,675,0.873723,0.802483,0.999905,0.818782,0.87333,dist_bus,675,0.87333,0.87333,0.873723,STALLED_MOTORS,0.992908,2.921,12.439,on,True,1.0,1.05,0.067,0.0,,,,0,12,0,0,0,0,0,False,1.05625,1.0375,1.05625,on,True,on,True,STALLED_MOTORS
4.605,1,1231,NEXT_STEP,False,0.992908,-34.581271,675,0.873724,0.802485,0.999904,0.818783,0.873331,dist_bus,675,0.873331,0.873331,0.873724,STALLED_MOTORS,0.992908,2.921,12.439,on,True,1.0,1.05,0.067,0.0,,,,0,12,0,0,0,0,0,False,1.05625,1.0375,1.05625,on,True,on,True,STALLED_MOTORS
4.608,1,1233,NEXT_STEP,True,0.99292,-34.764558,675,0.873732,0.80249,0.999916,0.818789,0.873338,dist_bus,675,0.873338,0.873338,0.873732,STALLED_MOTORS,0.99292,2.921,12.439,on,True,1.0,1.05,0.067,0.0,,,,0,12,0,0,0,0,0,False,1.05625,1.0375,1.05625,on,True,on,True,STALLED_MOTORS
4.641,1,1234,NEXT_STEP,False,0.99292,-34.764558,675,0.873733,0.802492,0.999915,0.818791,0.873339,dist_bus,675,0.873339,0.873339,0.873733,STALLED_MOTORS,0.99292,2.921,12.439,on,True,1.0,1.05,0.067,0.0,,,,0,12,0,0,0,0,0,False,1.05625,1.0375,1.05625,on,True,on,True,STALLED_MOTORS
4.644,1,1236,NEXT_STEP,True,0.992932,-34.947299,675,0.87374,0.802497,0.999927,0.818796,0.873347,dist_bus,675,0.873347,0.873347,0.87374,STALLED_MOTORS,0.992932,2.921,12.439,on,True,1.0,1.05,0.067,0.0,,,,0,12,0,0,0,0,0,False,1.05625,1.0375,1.05625,on,True,on,True,STALLED_MOTORS
4.677,1,1237,NEXT_STEP,False,0.992932,-34.947299,675,0.873741,0.802499,0.999927,0.818798,0.873347,dist_bus,675,0.873347,0.873347,0.873741,STALLED_MOTORS,0.992932,2.921,12.439,on,True,1.0,1.05,0.067,0.0,,,,0,12,0,0,0,0,0,False,1.05625,1.0375,1.05625,on,True,on,True,STALLED_MOTORS
4.68,1,1239,NEXT_STEP,True,0.992943,-35.129513,675,0.873748,0.802504,0.999937,0.818803,0.873354,dist_bus,675,0.873354,0.873354,0.873748,STALLED_MOTORS,0.992943,2.921,12.439,on,True,1.0,1.05,0.067,0.0,,,,0,12,0,0,0,0,0,False,1.05625,1.0375,1.05625,on,True,on,True,STALLED_MOTORS
4.713,1,1240,NEXT_STEP,False,0.992943,-35.129513,675,0.873749,0.802505,0.999937,0.818804,0.873355,dist_bus,675,0.873355,0.873355,0.873749,STALLED_MOTORS,0.992943,2.921,12.439,on,True,1.0,1.05,0.067,0.0,,,,0,12,0,0,0,0,0,False,1.05625,1.0375,1.05625,on,True,on,True,STALLED_MOTORS
4.716,1,1242,NEXT_STEP,True,0.992954,-35.311212,675,0.873756,0.80251,0.999947,0.81881,0.873362,dist_bus,675,0.873362,0.873362,0.873756,STALLED_MOTORS,0.992954,2.921,12.44,on,True,1.0,1.05,0.067,0.0,,,,0,12,0,0,0,0,0,False,1.05625,1.0375,1.05625,on,True,on,True,STALLED_MOTORS
4.749,1,1243,NEXT_STEP,False,0.992954,-35.311212,675,0.873756,0.802511,0.999947,0.818811,0.873363,dist_bus,675,0.873363,0.873363,0.873756,STALLED_MOTORS,0.992954,2.921,12.439,on,True,1.0,1.05,0.067,0.0,,,,0,12,0,0,0,0,0,False,1.05625,1.0375,1.05625,on,True,on,True,STALLED_MOTORS
4.752,1,1245,NEXT_STEP,True,0.992963,-35.492409,675,0.873762,0.802515,0.999955,0.818815,0.873368,dist_bus,675,0.873368,0.873368,0.873762,STALLED_MOTORS,0.992963,2.921,12.44,on,True,1.0,1.05,0.067,0.0,,,,0,12,0,0,0,0,0,False,1.05625,1.0375,1.05625,on,True,on,True,STALLED_MOTORS
4.785,1,1246,NEXT_STEP,False,0.992963,-35.492409,675,0.873763,0.802516,0.999955,0.818816,0.873369,dist_bus,675,0.873369,0.873369,0.873763,STALLED_MOTORS,0.992963,2.921,12.44,on,True,1.0,1.05,0.067,0.0,,,,0,12,0,0,0,0,0,False,1.05625,1.0375,1.05625,on,True,on,True,STALLED_MOTORS
4.788,1,1248,NEXT_STEP,True,0.992972,-35.673108,675,0.873768,0.802521,0.999964,0.818821,0.873375,dist_bus,675,0.873375,0.873375,0.873768,STALLED_MOTORS,0.992972,2.921,12.44,on,True,1.0,1.05,0.067,0.0,,,,0,12,0,0,0,0,0,False,1.05625,1.0375,1.05625,on,True,on,True,STALLED_MOTORS
4.821,1,1249,NEXT_STEP,False,0.992972,-35.673108,675,0.873769,0.802521,0.999963,0.818822,0.873375,dist_bus,675,0.873375,0.873375,0.873769,STALLED_MOTORS,0.992972,2.921,12.44,on,True,1.0,1.05,0.067,0.0,,,,0,12,0,0,0,0,0,False,1.05625,1.0375,1.05625,on,True,on,True,STALLED_MOTORS
4.824,1,1251,NEXT_STEP,True,0.99298,-35.853318,675,0.873774,0.802525,0.999971,0.818826,0.87338,dist_bus,675,0.87338,0.87338,0.873774,STALLED_MOTORS,0.99298,2.921,12.44,on,True,1.0,1.05,0.067,0.0,,,,0,12,0,0,0,0,0,False,1.05625,1.0375,1.05625,on,True,on,True,STALLED_MOTORS
4.857,1,1252,NEXT_STEP,False,0.99298,-35.853318,675,0.873774,0.802526,0.999971,0.818826,0.873381,dist_bus,675,0.873381,0.873381,0.873774,STALLED_MOTORS,0.99298,2.921,12.44,on,True,1.0,1.05,0.067,0.0,,,,0,12,0,0,0,0,0,False,1.05625,1.0375,1.05625,on,True,on,True,STALLED_MOTORS
4.86,1,1254,NEXT_STEP,True,0.992987,-36.033046,675,0.873779,0.802529,0.999977,0.81883,0.873385,dist_bus,675,0.873385,0.873385,0.873779,STALLED_MOTORS,0.992987,2.921,12.44,on,True,1.0,1.05,0.067,0.0,,,,0,12,0,0,0,0,0,False,1.05625,1.0375,1.05625,on,True,on,True,STALLED_MOTORS
4.893,1,1255,NEXT_STEP,False,0.992987,-36.033046,675,0.873779,0.80253,0.999977,0.818831,0.873386,dist_bus,675,0.873386,0.873386,0.873779,STALLED_MOTORS,0.992987,2.921,12.44,on,True,1.0,1.05,0.067,0.0,,,,0,12,0,0,0,0,0,False,1.05625,1.0375,1.05625,on,True,on,True,STALLED_MOTORS
4.896,1,1257,NEXT_STEP,True,0.992994,-36.212298,675,0.873784,0.802533,0.999984,0.818834,0.87339,dist_bus,675,0.87339,0.87339,0.873784,STALLED_MOTORS,0.992994,2.921,12.44,on,True,1.0,1.05,0.067,0.0,,,,0,12,0,0,0,0,0,False,1.05625,1.0375,1.05625,on,True,on,True,STALLED_MOTORS
4.929,1,1258,NEXT_STEP,False,0.992994,-36.212298,675,0.873784,0.802534,0.999983,0.818835,0.873391,dist_bus,675,0.873391,0.873391,0.873784,STALLED_MOTORS,0.992994,2.921,12.44,on,True,1.0,1.05,0.067,0.0,,,,0,12,0,0,0,0,0,False,1.05625,1.0375,1.05625,on,True,on,True,STALLED_MOTORS
4.932,1,1260,NEXT_STEP,True,0.993,-36.391083,675,0.873788,0.802537,0.999989,0.818838,0.873394,dist_bus,675,0.873394,0.873394,0.873788,STALLED_MOTORS,0.993,2.921,12.44,on,True,1.0,1.05,0.067,0.0,,,,0,12,0,0,0,0,0,False,1.05625,1.0375,1.05625,on,True,on,True,STALLED_MOTORS
4.965,1,1261,NEXT_STEP,False,0.993,-36.391083,675,0.873788,0.802538,0.999989,0.818838,0.873395,dist_bus,675,0.873395,0.873395,0.873788,STALLED_MOTORS,0.993,2.921,12.44,on,True,1.0,1.05,0.067,0.0,,,,0,12,0,0,0,0,0,False,1.05625,1.0375,1.05625,on,True,on,True,STALLED_MOTORS
4.968,1,1263,NEXT_STEP,True,0.993007,-36.569413,675,0.873793,0.802541,0.999996,0.818842,0.873399,dist_bus,675,0.873399,0.873399,0.873793,STALLED_MOTORS,0.993007,2.921,12.441,on,True,1.0,1.05,0.067,0.0,,,,0,12,0,0,0,0,0,False,1.05625,1.0375,1.05625,on,True,on,True,STALLED_MOTORS
5.001,1,1264,NEXT_STEP,False,0.993007,-36.569413,675,0.873802,0.802538,1.000033,0.818836,0.873408,dist_bus,675,0.873408,0.873408,0.873802,STALLED_MOTORS,0.993007,2.921,12.439,on,True,1.0,1.05,0.067,0.0,,,,0,12,0,0,0,0,0,False,1.05625,1.0375,1.05625,on,True,on,True,STALLED_MOTORS
5.004,1,1266,NEXT_STEP,True,0.993014,-36.747282,675,0.873809,0.802541,1.000046,0.81884,0.873415,dist_bus,675,0.873415,0.873415,0.873809,STALLED_MOTORS,0.993014,2.921,12.439,on,True,1.0,1.05,0.067,0.0,,,,0,12,0,0,0,0,0,False,1.05625,1.0375,1.05625,on,True,on,True,STALLED_MOTORS
5.037,1,1267,NEXT_STEP,False,0.993014,-36.747282,675,0.873839,0.80253,1.000164,0.818822,0.873444,dist_bus,675,0.873444,0.873444,0.873839,STALLED_MOTORS,0.993014,2.92,12.436,on,True,1.0,1.05,0.067,0.0,,,,0,12,0,0,0,0,0,False,1.05625,1.0375,1.05625,on,True,on,True,STALLED_MOTORS
5.04,1,1269,NEXT_STEP,True,0.993023,-36.924667,675,0.873846,0.802538,1.000169,0.818831,0.873451,dist_bus,675,0.873451,0.873451,0.873846,STALLED_MOTORS,0.993023,2.92,12.436,on,True,1.0,1.05,0.067,0.0,,,,0,12,0,0,0,0,0,False,1.05625,1.0375,1.05625,on,True,on,True,STALLED_MOTORS
5.073,1,1270,NEXT_STEP,False,0.993023,-36.924667,675,0.873876,0.802527,1.000285,0.818815,0.87348,dist_bus,675,0.87348,0.87348,0.873876,STALLED_MOTORS,0.993023,2.919,12.433,on,True,1.0,1.05,0.067,0.0,,,,0,12,0,0,0,0,0,False,1.05625,1.0375,1.05625,on,True,on,True,STALLED_MOTORS
5.076,1,1272,NEXT_STEP,True,0.993033,-37.101623,675,0.873883,0.802535,1.000291,0.818824,0.873488,dist_bus,675,0.873488,0.873488,0.873883,STALLED_MOTORS,0.993033,2.919,12.433,on,True,1.0,1.05,0.067,0.0,,,,0,12,0,0,0,0,0,False,1.05625,1.0375,1.05625,on,True,on,True,STALLED_MOTORS
5.109,1,1273,NEXT_STEP,False,0.993033,-37.101623,675,0.873913,0.802524,1.000407,0.818807,0.873516,dist_bus,675,0.873516,0.873516,0.873913,STALLED_MOTORS,0.993033,2.919,12.43,on,True,1.0,1.05,0.067,0.0,,,,0,12,0,0,0,0,0,False,1.05625,1.0375,1.05625,on,True,on,True,STALLED_MOTORS
5.112,1,1275,NEXT_STEP,True,0.993042,-37.278174,675,0.87392,0.802531,1.000412,0.818816,0.873523,dist_bus,675,0.873523,0.873523,0.87392,STALLED_MOTORS,0.993042,2.919,12.43,on,True,1.0,1.05,0.067,0.0,,,,0,12,0,0,0,0,0,False,1.05625,1.0375,1.05625,on,True,on,True,STALLED_MOTORS
5.145,1,1276,NEXT_STEP,False,0.993042,-37.278174,675,0.873949,0.80252,1.000528,0.818799,0.873552,dist_bus,675,0.873552,0.873552,0.873949,STALLED_MOTORS,0.993042,2.918,12.427,on,True,1.0,1.05,0.067,0.0,,,,0,12,0,0,0,0,0,False,1.05625,1.0375,1.05625,on,True,on,True,STALLED_MOTORS
5.148,1,1278,NEXT_STEP,True,0.993052,-37.45434,675,0.873957,0.802528,1.000534,0.818808,0.873559,dist_bus,675,0.873559,0.873559,0.873957,STALLED_MOTORS,0.993052,2.918,12.427,on,True,1.0,1.05,0.067,0.0,,,,0,12,0,0,0,0,0,False,1.05625,1.0375,1.05625,on,True,on,True,STALLED_MOTORS
5.181,1,1279,NEXT_STEP,False,0.993052,-37.45434,675,0.873986,0.802517,1.000649,0.818792,0.873588,dist_bus,675,0.873588,0.873588,0.873986,STALLED_MOTORS,0.993052,2.917,12.424,on,True,1.0,1.05,0.067,0.0,,,,0,12,0,0,0,0,0,False,1.05625,1.0375,1.05625,on,True,on,True,STALLED_MOTORS
5.184,1,1281,NEXT_STEP,True,0.993062,-37.630146,675,0.873994,0.802525,1.000655,0.818801,0.873596,dist_bus,675,0.873596,0.873596,0.873994,STALLED_MOTORS,0.993062,2.917,12.424,on,True,1.0,1.05,0.067,0.0,,,,0,12,0,0,0,0,0,False,1.05625,1.0375,1.05625,on,True,on,True,STALLED_MOTORS
5.217,1,1282,NEXT_STEP,False,0.993062,-37.630146,675,0.874028,0.802513,1.00079,0.818781,0.873629,dist_bus,675,0.873629,0.873629,0.874028,STALLED_MOTORS,0.993062,2.916,12.42,on,True,1.0,1.05,0.067,0.0,,,,0,12,0,0,0,0,0,False,1.05625,1.0375,1.05625,on,True,on,True,STALLED_MOTORS
5.22,1,1284,NEXT_STEP,True,0.993073,-37.805595,675,0.874037,0.802522,1.000799,0.818791,0.873638,dist_bus,675,0.873638,0.873638,0.874037,STALLED_MOTORS,0.993073,2.916,12.42,on,True,1.0,1.05,0.067,0.0,,,,0,12,0,0,0,0,0,False,1.05625,1.0375,1.05625,on,True,on,True,STALLED_MOTORS
5.253,1,1285,NEXT_STEP,False,0.993073,-37.805595,675,0.874081,0.802506,1.000972,0.818764,0.87368,dist_bus,675,0.87368,0.87368,0.874081,STALLED_MOTORS,0.993073,2.915,12.413,on,True,1.0,1.05,0.067,0.0,,,,0,12,0,0,0,0,0,False,1.05625,1.0375,1.05625,on,True,on,True,STALLED_MOTORS
5.256,1,1287,NEXT_STEP,True,0.993086,-37.980683,675,0.87409,0.802517,1.000976,0.818777,0.87369,dist_bus,675,0.87369,0.87369,0.87409,STALLED_MOTORS,0.993086,2.915,12.414,on,True,1.0,1.05,0.067,0.0,,,,0,12,0,0,0,0,0,False,1.05625,1.0375,1.05625,on,True,on,True,STALLED_MOTORS
5.289,1,1288,NEXT_STEP,False,0.993086,-37.980683,675,0.874134,0.802502,1.001148,0.818752,0.873732,dist_bus,675,0.873732,0.873732,0.874134,STALLED_MOTORS,0.993086,2.913,12.407,on,True,1.0,1.05,0.067,0.0,,,,0,11,1,0,0,1,1,False,1.05625,1.0375,1.05625,on,True,on,True,STALLED_MOTORS
5.292,1,1290,NEXT_STEP,True,0.993099,-38.155463,675,0.874143,0.802513,1.001152,0.818765,0.873742,dist_bus,675,0.873742,0.873742,0.874143,STALLED_MOTORS,0.993099,2.913,12.407,on,True,1.0,1.05,0.067,0.0,,,,0,11,1,0,0,1,1,False,1.05625,1.0375,1.05625,on,True,on,True,STALLED_MOTORS
5.325,1,1291,NEXT_STEP,False,0.993099,-38.155463,675,0.874187,0.802498,1.001323,0.818739,0.873784,dist_bus,675,0.873784,0.873784,0.874187,STALLED_MOTORS,0.993099,2.912,12.401,on,True,1.0,1.05,0.067,0.0,,,,0,11,1,0,0,1,1,False,1.05625,1.0375,1.05625,on,True,on,True,STALLED_MOTORS
5.328,1,1293,NEXT_STEP,True,0.993113,-38.32996,675,0.874197,0.80251,1.001329,0.818753,0.873795,dist_bus,675,0.873795,0.873795,0.874197,STALLED_MOTORS,0.993113,2.912,12.401,on,True,1.0,1.05,0.067,0.0,,,,0,11,1,0,0,1,1,False,1.05625,1.0375,1.05625,on,True,on,True,STALLED_MOTORS
5.361,1,1294,NEXT_STEP,False,0.993113,-38.32996,675,0.874241,0.802495,1.0015,0.818727,0.873837,dist_bus,675,0.873837,0.873837,0.874241,STALLED_MOTORS,0.993113,2.911,12.395,on,True,1.0,1.05,0.067,0.0,,,,0,11,1,0,0,1,1,False,1.05625,1.0375,1.05625,on,True,on,True,STALLED_MOTORS
5.364,1,1296,NEXT_STEP,True,0.993126,-38.504199,675,0.87425,0.802506,1.001504,0.818741,0.873847,dist_bus,675,0.873847,0.873847,0.87425,STALLED_MOTORS,0.993126,2.911,12.395,on,True,1.0,1.05,0.067,0.0,,,,0,11,1,0,0,1,1,False,1.05625,1.0375,1.05625,on,True,on,True,STALLED_MOTORS
5.397,1,1297,NEXT_STEP,False,0.993126,-38.504199,675,0.874293,0.80249,1.001675,0.818715,0.873888,dist_bus,675,0.873888,0.873888,0.874293,STALLED_MOTORS,0.993126,2.909,12.389,on,True,1.0,1.05,0.067,0.0,,,,0,11,1,0,0,1,1,False,1.05625,1.0375,1.05625,on,True,on,True,STALLED_MOTORS
5.4,1,1299,NEXT_STEP,True,0.993139,-38.678198,675,0.874303,0.802502,1.001679,0.818728,0.873898,dist_bus,675,0.873898,0.873898,0.874303,STALLED_MOTORS,0.993139,2.909,12.389,on,True,1.0,1.05,0.067,0.0,,,,0,11,1,0,0,1,1,False,1.05625,1.0375,1.05625,on,True,on,True,STALLED_MOTORS
5.433,1,1300,NEXT_STEP,False,0.993139,-38.678198,675,0.874346,0.802487,1.001849,0.818703,0.87394,dist_bus,675,0.87394,0.87394,0.874346,STALLED_MOTORS,0.993139,2.908,12.383,on,True,1.0,1.05,0.067,0.0,,,,0,11,1,0,0,1,1,False,1.05625,1.0375,1.05625,on,True,on,True,STALLED_MOTORS
5.436,1,1302,NEXT_STEP,True,0.993152,-38.851978,675,0.874356,0.802498,1.001854,0.818716,0.87395,dist_bus,675,0.87395,0.87395,0.874356,STALLED_MOTORS,0.993152,2.908,12.383,on,True,1.0,1.05,0.067,0.0,,,,0,11,1,0,0,1,1,False,1.05625,1.0375,1.05625,on,True,on,True,STALLED_MOTORS
5.469,1,1303,NEXT_STEP,False,0.993152,-38.851978,675,0.874399,0.802483,1.002024,0.81869,0.873991,dist_bus,675,0.873991,0.873991,0.874399,STALLED_MOTORS,0.993152,2.906,12.377,on,True,1.0,1.05,0.067,0.0,,,,0,11,1,0,0,1,1,False,1.05625,1.0375,1.05625,on,True,on,True,STALLED_MOTORS
5.472,1,1305,NEXT_STEP,True,0.993164,-39.025556,675,0.874408,0.802493,1.002027,0.818703,0.874,dist_bus,675,0.874,0.874,0.874408,STALLED_MOTORS,0.993164,2.906,12.377,on,True,1.0,1.05,0.067,0.0,,,,0,11,1,0,0,1,1,False,1.05625,1.0375,1.05625,on,True,on,True,STALLED_MOTORS
5.505,1,1306,NEXT_STEP,False,0.993164,-39.025556,675,0.874451,0.802478,1.002197,0.818678,0.874042,dist_bus,675,0.874042,0.874042,0.874451,STALLED_MOTORS,0.993164,2.905,12.371,on,True,1.0,1.05,0.067,0.0,,,,0,10,2,0,0,2,2,False,1.05625,1.0375,1.05625,on,True,on,True,STALLED_MOTORS
5.508,1,1308,NEXT_STEP,True,0.993176,-39.198945,675,0.87446,0.802489,1.0022,0.81869,0.874051,dist_bus,675,0.874051,0.874051,0.87446,STALLED_MOTORS,0.993176,2.905,12.371,on,True,1.0,1.05,0.067,0.0,,,,0,10,2,0,0,2,2,False,1.05625,1.0375,1.05625,on,True,on,True,STALLED_MOTORS
5.541,1,1309,NEXT_STEP,False,0.993176,-39.198945,675,0.874503,0.802474,1.002369,0.818665,0.874093,dist_bus,675,0.874093,0.874093,0.874503,STALLED_MOTORS,0.993176,2.904,12.365,on,True,1.0,1.05,0.067,0.0,,,,0,10,2,0,0,2,2,False,1.05625,1.0375,1.05625,on,True,on,True,STALLED_MOTORS
5.544,1,1311,NEXT_STEP,True,0.993188,-39.372159,675,0.874512,0.802484,1.002373,0.818677,0.874102,dist_bus,675,0.874102,0.874102,0.874512,STALLED_MOTORS,0.993188,2.904,12.365,on,True,1.0,1.05,0.067,0.0,,,,0,10,2,0,0,2,2,False,1.05625,1.0375,1.05625,on,True,on,True,STALLED_MOTORS
5.577,1,1312,NEXT_STEP,False,0.993188,-39.372159,675,0.874564,0.802466,1.002579,0.818645,0.874152,dist_bus,675,0.874152,0.874152,0.874564,STALLED_MOTORS,0.993188,2.902,12.358,on,True,1.0,1.05,0.067,0.0,,,,0,10,2,0,0,2,2,False,1.05625,1.0375,1.05625,on,True,on,True,STALLED_MOTORS
5.58,1,1314,NEXT_STEP,True,0.993202,-39.545163,675,0.874575,0.80248,1.002585,0.81866,0.874164,dist_bus,675,0.874164,0.874164,0.874575,STALLED_MOTORS,0.993202,2.902,12.358,on,True,1.0,1.05,0.067,0.0,,,,0,10,2,0,0,2,2,False,1.05625,1.0375,1.05625,on,True,on,True,STALLED_MOTORS
5.613,1,1315,NEXT_STEP,False,0.993202,-39.545163,675,0.874639,0.802457,1.00284,0.81862,0.874226,dist_bus,675,0.874226,0.874226,0.874639,STALLED_MOTORS,0.993202,2.9,12.35,on,True,1.0,1.05,0.067,0.0,,,,0,10,2,0,0,2,2,False,1.05625,1.0375,1.05625,on,True,on,True,STALLED_MOTORS
5.616,1,1317,NEXT_STEP,True,0.993219,-39.717923,675,0.874651,0.802474,1.002837,0.81864,0.874238,dist_bus,675,0.874238,0.874238,0.874651,STALLED_MOTORS,0.993219,2.9,12.35,on,True,1.0,1.05,0.067,0.0,,,,0,10,2,0,0,2,2,False,1.05625,1.0375,1.05625,on,True,on,True,STALLED_MOTORS
5.649,1,1318,NEXT_STEP,False,0.993219,-39.717923,675,0.874714,0.802451,1.003089,0.818601,0.874299,dist_bus,675,0.874299,0.874299,0.874714,STALLED_MOTORS,0.993219,2.898,12.342,on,True,1.0,1.05,0.067,0.0,,,,0,10,2,0,0,2,2,False,1.05625,1.0375,1.05625,on,True,on,True,STALLED_MOTORS
5.652,1,1320,NEXT_STEP,True,0.993235,-39.890508,675,0.874725,0.802468,1.003087,0.81862,0.87431,dist_bus,675,0.87431,0.87431,0.874725,STALLED_MOTORS,0.993235,2.898,12.342,on,True,1.0,1.05,0.067,0.0,,,,0,10,2,0,0,2,2,False,1.05625,1.0375,1.05625,on,True,on,True,STALLED_MOTORS
5.685,1,1321,NEXT_STEP,False,0.993235,-39.890508,675,0.874788,0.802445,1.003338,0.818581,0.874372,dist_bus,675,0.874372,0.874372,0.874788,STALLED_MOTORS,0.993235,2.896,12.334,on,True,1.0,1.05,0.067,0.0,,,,0,10,2,0,0,2,2,False,1.05625,1.0375,1.05625,on,True,on,True,STALLED_MOTORS
5.688,1,1323,NEXT_STEP,True,0.993252,-40.062928,675,0.8748,0.802462,1.003337,0.818601,0.874383,dist_bus,675,0.874383,0.874383,0.8748,STALLED_MOTORS,0.993252,2.896,12.334,on,True,1.0,1.05,0.067,0.0,,,,0,10,2,0,0,2,2,False,1.05625,1.0375,1.05625,on,True,on,True,STALLED_MOTORS
5.721,1,1324,NEXT_STEP,False,0.993252,-40.062928,675,0.874863,0.80244,1.003588,0.818562,0.874445,dist_bus,675,0.874445,0.874445,0.874863,STALLED_MOTORS,0.993252,2.894,12.326,on,True,1.0,1.05,0.067,0.0,,,,0,10,2,0,0,2,2,False,1.05625,1.0375,1.05625,on,True,on,True,STALLED_MOTORS
5.724,1,1326,NEXT_STEP,True,0.993268,-40.23519,675,0.874874,0.802456,1.003585,0.818581,0.874456,dist_bus,675,0.874456,0.874456,0.874874,STALLED_MOTORS,0.993268,2.895,12.326,on,True,1.0,1.05,0.067,0.0,,,,0,10,2,0,0,2,2,False,1.05625,1.0375,1.05625,on,True,on,True,STALLED_MOTORS
5.757,1,1327,NEXT_STEP,False,0.993268,-40.23519,675,0.874937,0.802434,1.003836,0.818542,0.874517,dist_bus,675,0.874517,0.874517,0.874937,STALLED_MOTORS,0.993268,2.893,12.318,on,True,1.0,1.05,0.067,0.0,,,,0,10,2,0,0,2,2,False,1.05625,1.0375,1.05625,on,True,on,True,STALLED_MOTORS
5.76,1,1329,NEXT_STEP,True,0.993284,-40.407299,675,0.874948,0.80245,1.003833,0.818561,0.874528,dist_bus,675,0.874528,0.874528,0.874948,STALLED_MOTORS,0.993284,2.893,12.318,on,True,1.0,1.05,0.067,0.0,,,,0,10,2,0,0,2,2,False,1.05625,1.0375,1.05625,on,True,on,True,STALLED_MOTORS
5.793,1,1330,NEXT_STEP,False,0.993284,-40.407299,675,0.875011,0.802428,1.004084,0.818522,0.874589,dist_bus,675,0.874589,0.874589,0.875011,STALLED_MOTORS,0.993284,2.891,12.31,on,True,1.0,1.05,0.067,0.0,,,,0,10,2,0,0,2,2,False,1.05625,1.0375,1.05625,on,True,on,True,STALLED_MOTORS
5.796,1,1332,NEXT_STEP,True,0.9933,-40.57926,675,0.875022,0.802444,1.004081,0.818542,0.874601,dist_bus,675,0.874601,0.874601,0.875022,STALLED_MOTORS,0.9933,2.891,12.31,on,True,1.0,1.05,0.067,0.0,,,,0,10,2,0,0,2,2,False,1.05625,1.0375,1.05625,on,True,on,True,STALLED_MOTORS
5.829,1,1333,NEXT_STEP,False,0.9933,-40.57926,675,0.875085,0.802422,1.004331,0.818503,0.874662,dist_bus,675,0.874662,0.874662,0.875085,STALLED_MOTORS,0.9933,2.889,12.302,on,True,1.0,1.05,0.067,0.0,,,,0,10,2,0,0,2,2,False,1.05625,1.0375,1.05625,on,True,on,True,STALLED_MOTORS
5.832,1,1335,NEXT_STEP,True,0.993315,-40.751075,675,0.875096,0.802438,1.004328,0.818521,0.874672,dist_bus,675,0.874672,0.874672,0.875096,STALLED_MOTORS,0.993315,2.889,12.302,on,True,1.0,1.05,0.067,0.0,,,,0,10,2,0,0,2,2,False,1.05625,1.0375,1.05625,on,True,on,True,STALLED_MOTORS
5.865,1,1336,NEXT_STEP,False,0.993315,-40.751075,675,0.875159,0.802416,1.004577,0.818483,0.874733,dist_bus,675,0.874733,0.874733,0.875159,STALLED_MOTORS,0.993315,2.887,12.294,on,True,1.0,1.05,0.067,0.0,,,,0,10,2,0,0,2,2,False,1.05625,1.0375,1.05625,on,True,on,True,STALLED_MOTORS
5.868,1,1338,NEXT_STEP,True,0.99333,-40.922743,675,0.875169,0.802431,1.004574,0.818501,0.874743,dist_bus,675,0.874743,0.874743,0.875169,STALLED_MOTORS,0.99333,2.887,12.294,on,True,1.0,1.05,0.067,0.0,,,,0,10,2,0,0,2,2,False,1.05625,1.0375,1.05625,on,True,on,True,STALLED_MOTORS
5.901,1,1339,NEXT_STEP,False,0.99333,-40.922743,675,0.875232,0.802409,1.004823,0.818462,0.874804,dist_bus,675,0.874804,0.874804,0.875232,STALLED_MOTORS,0.99333,2.885,12.286,on,True,1.0,1.05,0.067,0.0,,,,0,9,3,0,0,3,3,False,1.05625,1.0375,1.05625,on,True,on,True,STALLED_MOTORS
5.904,1,1341,NEXT_STEP,True,0.993345,-41.094265,675,0.875242,0.802425,1.00482,0.818481,0.874815,dist_bus,675,0.874815,0.874815,0.875242,STALLED_MOTORS,0.993345,2.885,12.286,on,True,1.0,1.05,0.067,0.0,,,,0,9,3,0,0,3,3,False,1.05625,1.0375,1.05625,on,True,on,True,STALLED_MOTORS
5.937,1,1342,NEXT_STEP,False,0.993345,-41.094265,675,0.875304,0.802403,1.005069,0.818442,0.874875,dist_bus,675,0.874875,0.874875,0.875304,STALLED_MOTORS,0.993345,2.883,12.278,on,True,1.0,1.05,0.067,0.0,,,,0,9,3,0,0,3,3,False,1.05625,1.0375,1.05625,on,True,on,True,STALLED_MOTORS
5.94,1,1344,NEXT_STEP,True,0.993359,-41.265643,675,0.875314,0.802418,1.005065,0.81846,0.874885,dist_bus,675,0.874885,0.874885,0.875314,STALLED_MOTORS,0.993359,2.883,12.278,on,True,1.0,1.05,0.067,0.0,,,,0,9,3,0,0,3,3,False,1.05625,1.0375,1.05625,on,True,on,True,STALLED_MOTORS
5.973,1,1345,NEXT_STEP,False,0.993359,-41.265643,675,0.875377,0.802396,1.005313,0.818421,0.874946,dist_bus,675,0.874946,0.874946,0.875377,STALLED_MOTORS,0.993359,2.882,12.27,on,True,1.0,1.05,0.067,0.0,,,,0,9,3,0,0,3,3,False,1.05625,1.0375,1.05625,on,True,on,True,STALLED_MOTORS
5.976,1,1347,NEXT_STEP,True,0.993373,-41.436878,675,0.875386,0.802411,1.005309,0.81844,0.874956,dist_bus,675,0.874956,0.874956,0.875386,STALLED_MOTORS,0.993373,2.882,12.27,on,True,1.0,1.05,0.067,0.0,,,,0,9,3,0,0,3,3,False,1.05625,1.0375,1.05625,on,True,on,True,STALLED_MOTORS
6.009,1,1348,NEXT_STEP,False,0.993373,-41.436878,675,0.875449,0.802389,1.005556,0.818401,0.875016,dist_bus,675,0.875016,0.875016,0.875449,STALLED_MOTORS,0.993373,2.88,12.262,on,True,1.0,1.05,0.067,0.0,,,,0,9,3,0,0,3,3,False,1.05625,1.0375,1.05625,on,True,on,True,STALLED_MOTORS
6.012,1,1350,NEXT_STEP,True,0.993387,-41.607971,675,0.875459,0.802404,1.005553,0.818419,0.875026,dist_bus,675,0.875026,0.875026,0.875459,STALLED_MOTORS,0.993387,2.88,12.262,on,True,1.0,1.05,0.067,0.0,,,,0,9,3,0,0,3,3,False,1.05625,1.0375,1.05625,on,True,on,True,STALLED_MOTORS
6.045,1,1351,NEXT_STEP,False,0.993387,-41.607971,675,0.875521,0.802382,1.0058,0.81838,0.875086,dist_bus,675,0.875086,0.875086,0.875521,STALLED_MOTORS,0.993387,2.878,12.254,on,True,1.0,1.05,0.067,0.0,,,,0,9,3,0,0,3,3,False,1.05625,1.0375,1.05625,on,True,on,True,STALLED_MOTORS
6.048,1,1353,NEXT_STEP,True,0.9934,-41.778921,675,0.87553,0.802397,1.005795,0.818398,0.875096,dist_bus,675,0.875096,0.875096,0.87553,STALLED_MOTORS,0.9934,2.878,12.255,on,True,1.0,1.05,0.067,0.0,,,,0,9,3,0,0,3,3,False,1.05625,1.0375,1.05625,on,True,on,True,STALLED_MOTORS
6.081,1,1354,NEXT_STEP,False,0.9934,-41.778921,675,0.875592,0.802374,1.006042,0.818359,0.875155,dist_bus,675,0.875155,0.875155,0.875592,STALLED_MOTORS,0.9934,2.876,12.246,on,True,1.0,1.05,0.067,0.0,,,,0,9,3,0,0,3,3,False,1.05625,1.0375,1.05625,on,True,on,True,STALLED_MOTORS
6.084,1,1356,NEXT_STEP,True,0.993413,-41.949732,675,0.875601,0.802389,1.006037,0.818376,0.875165,dist_bus,675,0.875165,0.875165,0.875601,STALLED_MOTORS,0.993413,2.876,12.247,on,True,1.0,1.05,0.067,0.0,,,,0,9,3,0,0,3,3,False,1.05625,1.0375,1.05625,on,True,on,True,STALLED_MOTORS
6.117,1,1357,NEXT_STEP,False,0.993413,-41.949732,675,0.875663,0.802367,1.006284,0.818338,0.875225,dist_bus,675,0.875225,0.875225,0.875663,STALLED_MOTORS,0.993413,2.874,12.238,on,True,1.0,1.05,0.067,0.0,,,,0,9,3,0,0,3,3,False,1.05625,1.0375,1.05625,on,True,on,True,STALLED_MOTORS
6.12,1,1359,NEXT_STEP,True,0.993426,-42.120404,675,0.875672,0.802382,1.006279,0.818355,0.875234,dist_bus,675,0.875234,0.875234,0.875672,STALLED_MOTORS,0.993426,2.874,12.239,on,True,1.0,1.05,0.067,0.0,,,,0,9,3,0,0,3,3,False,1.05625,1.0375,1.05625,on,True,on,True,STALLED_MOTORS
6.153,1,1360,NEXT_STEP,False,0.993426,-42.120404,675,0.875734,0.80236,1.006525,0.818317,0.875294,dist_bus,675,0.875294,0.875294,0.875734,STALLED_MOTORS,0.993426,2.872,12.23,on,True,1.0,1.05,0.067,0.0,,,,0,9,3,0,0,3,3,False,1.05625,1.0375,1.05625,on,True,on,True,STALLED_MOTORS
6.156,1,1362,NEXT_STEP,True,0.993439,-42.290936,675,0.875743,0.802375,1.006521,0.818334,0.875303,dist_bus,675,0.875303,0.875303,0.875743,STALLED_MOTORS,0.993439,2.872,12.231,on,True,1.0,1.05,0.067,0.0,,,,0,9,3,0,0,3,3,False,1.05625,1.0375,1.05625,on,True,on,True,STALLED_MOTORS
6.189,1,1363,NEXT_STEP,False,0.993439,-42.290936,675,0.875805,0.802352,1.006766,0.818296,0.875363,dist_bus,675,0.875363,0.875363,0.875805,STALLED_MOTORS,0.993439,2.871,12.223,on,True,1.0,1.05,0.067,0.0,,,,0,9,3,0,0,3,3,False,1.05625,1.0375,1.05625,on,True,on,True,STALLED_MOTORS
6.192,1,1365,NEXT_STEP,True,0.993452,-42.461335,675,0.875814,0.802367,1.006762,0.818313,0.875373,dist_bus,675,0.875373,0.875373,0.875814,STALLED_MOTORS,0.993452,2.871,12.223,on,True,1.0,1.05,0.067,0.0,,,,0,9,3,0,0,3,3,False,1.05625,1.0375,1.05625,on,True,on,True,STALLED_MOTORS
6.225,1,1366,NEXT_STEP,False,0.993452,-42.461335,675,0.875875,0.802345,1.007007,0.818275,0.875432,dist_bus,675,0.875432,0.875432,0.875875,STALLED_MOTORS,0.993452,2.869,12.215,on,True,1.0,1.05,0.067,0.0,,,,0,9,3,0,0,3,3,False,1.05625,1.0375,1.05625,on,True,on,True,STALLED_MOTORS
6.228,1,1368,NEXT_STEP,True,0.993464,-42.6316,675,0.875884,0.80236,1.007001,0.818292,0.875441,dist_bus,675,0.875441,0.875441,0.875884,STALLED_MOTORS,0.993464,2.869,12.215,on,True,1.0,1.05,0.067,0.0,,,,0,9,3,0,0,3,3,False,1.05625,1.0375,1.05625,on,True,on,True,STALLED_MOTORS
6.261,1,1369,NEXT_STEP,False,0.993464,-42.6316,675,0.875945,0.802337,1.007246,0.818253,0.8755,dist_bus,675,0.8755,0.8755,0.875945,STALLED_MOTORS,0.993464,2.867,12.207,on,True,1.0,1.05,0.067,0.0,,,,0,9,3,0,0,3,3,False,1.05625,1.0375,1.05625,on,True,on,True,STALLED_MOTORS
6.264,1,1371,NEXT_STEP,True,0.993476,-42.801734,675,0.875954,0.802351,1.007241,0.81827,0.875509,dist_bus,675,0.875509,0.875509,0.875954,STALLED_MOTORS,0.993476,2.867,12.207,on,True,1.0,1.05,0.067,0.0,,,,0,9,3,0,0,3,3,False,1.05625,1.0375,1.05625,on,True,on,True,STALLED_MOTORS
6.297,1,1372,NEXT_STEP,False,0.993476,-42.801734,675,0.876016,0.802334,1.007484,0.818231,0.875569,dist_bus,675,0.875569,0.875569,0.876016,STALLED_MOTORS,0.993476,2.865,12.198,on,True,1.0,1.05,0.067,0.0,,,,0,9,3,0,0,3,3,False,1.05625,1.0375,1.05625,on,True,on,True,STALLED_MOTORS
6.3,1,1374,NEXT_STEP,True,0.993488,-42.971735,675,0.876025,0.802347,1.007479,0.818248,0.875578,dist_bus,675,0.875578,0.875578,0.876025,STALLED_MOTORS,0.993488,2.865,12.198,on,True,1.0,1.05,0.067,0.0,,,,0,9,3,0,0,3,3,False,1.05625,1.0375,1.05625,on,True,on,True,STALLED_MOTORS
6.333,1,1375,NEXT_STEP,False,0.993488,-42.971735,675,0.876098,0.802328,1.007764,0.818201,0.875649,dist_bus,675,0.875649,0.875649,0.876098,STALLED_MOTORS,0.993488,2.862,12.186,on,True,1.0,1.05,0.067,0.0,,,,0,9,3,0,0,3,3,False,1.05625,1.0375,1.05625,on,True,on,True,STALLED_MOTORS
6.336,1,1377,NEXT_STEP,True,0.993503,-43.141559,675,0.876108,0.802345,1.007755,0.818223,0.875659,dist_bus,675,0.875659,0.875659,0.876108,STALLED_MOTORS,0.993503,2.862,12.187,on,True,1.0,1.05,0.067,0.0,,,,0,9,3,0,0,3,3,False,1.05625,1.0375,1.05625,on,True,on,True,STALLED_MOTORS
6.369,1,1378,NEXT_STEP,False,0.993503,-43.141559,675,0.876182,0.802324,1.008045,0.818177,0.875731,dist_bus,675,0.875731,0.875731,0.876182,STALLED_MOTORS,0.993503,2.859,12.174,on,True,1.0,1.05,0.067,0.0,,,,0,9,3,0,0,3,3,False,1.05625,1.0375,1.05625,on,True,on,True,STALLED_MOTORS
6.372,1,1380,NEXT_STEP,True,0.993518,-43.311228,675,0.876191,0.802341,1.008034,0.818198,0.87574,dist_bus,675,0.87574,0.87574,0.876191,STALLED_MOTORS,0.993518,2.859,12.175,on,True,1.0,1.05,0.067,0.0,,,,0,9,3,0,0,3,3,False,1.05625,1.0375,1.05625,on,True,on,True,STALLED_MOTORS
6.405,1,1381,NEXT_STEP,False,0.993518,-43.311228,675,0.876266,0.80232,1.008323,0.818156,0.875813,dist_bus,675,0.875813,0.875813,0.876266,STALLED_MOTORS,0.993518,2.857,12.162,on,True,1.0,1.05,0.067,0.0,,,,0,9,3,0,0,3,3,False,1.05625,1.0375,1.05625,on,True,on,True,STALLED_MOTORS
6.408,1,1383,NEXT_STEP,True,0.993533,-43.480754,675,0.876277,0.802336,1.008312,0.818182,0.875823,dist_bus,675,0.875823,0.875823,0.876277,STALLED_MOTORS,0.993533,2.857,12.163,on,True,1.0,1.05,0.067,0.0,,,,0,9,3,0,0,3,3,False,1.05625,1.0375,1.05625,on,True,on,True,STALLED_MOTORS
6.441,1,1384,NEXT_STEP,False,0.993533,-43.480754,675,0.876364,0.802302,1.008595,0.818195,0.875909,dist_bus,675,0.875909,0.875909,0.876364,STALLED_MOTORS,0.993533,2.853,12.148,on,True,1.0,1.05,0.067,0.0,,,,0,9,3,0,0,3,3,False,1.05625,1.0375,1.05625,on,True,on,True,STALLED_MOTORS
6.444,1,1386,NEXT_STEP,True,0.993551,-43.65009,675,0.876374,0.802323,1.008589,0.818209,0.875918,dist_bus,675,0.875918,0.875918,0.876374,STALLED_MOTORS,0.993551,2.853,12.149,on,True,1.0,1.05,0.067,0.0,,,,0,9,3,0,0,3,3,False,1.05625,1.0375,1.05625,on,True,on,True,STALLED_MOTORS
6.477,1,1387,NEXT_STEP,False,0.993551,-43.65009,675,0.87646,0.802296,1.00887,0.818214,0.876003,dist_bus,675,0.876003,0.876003,0.87646,STALLED_MOTORS,0.993551,2.85,12.134,on,True,1.0,1.05,0.067,0.0,,,,0,9,3,0,0,3,3,False,1.05625,1.0375,1.05625,on,True,on,True,STALLED_MOTORS
6.48,1,1389,NEXT_STEP,True,0.993569,-43.819276,675,0.87647,0.802315,1.008865,0.81823,0.876013,dist_bus,675,0.876013,0.876013,0.87647,STALLED_MOTORS,0.993569,2.85,12.135,on,True,1.0,1.05,0.067,0.0,,,,0,9,3,0,0,3,3,False,1.05625,1.0375,1.05625,on,True,on,True,STALLED_MOTORS
6.513,1,1390,NEXT_STEP,False,0.993569,-43.819276,675,0.876557,0.802287,1.009147,0.818237,0.876097,dist_bus,675,0.876097,0.876097,0.876557,STALLED_MOTORS,0.993569,2.847,12.12,on,True,1.0,1.05,0.067,0.0,,,,0,9,3,0,0,3,3,False,1.05625,1.0375,1.05625,on,True,on,True,STALLED_MOTORS
6.516,1,1392,NEXT_STEP,True,0.993588,-43.988316,675,0.876567,0.802307,1.009142,0.818253,0.876108,dist_bus,675,0.876108,0.876108,0.876567,STALLED_MOTORS,0.993588,2.847,12.121,on,True,1.0,1.05,0.067,0.0,,,,0,9,3,0,0,3,3,False,1.05625,1.0375,1.05625,on,True,on,True,STALLED_MOTORS
6.549,1,1393,NEXT_STEP,False,0.993588,-43.988316,675,0.876653,0.802278,1.009423,0.818259,0.876191,dist_bus,675,0.876191,0.876191,0.876653,STALLED_MOTORS,0.993588,2.844,12.107,on,True,1.0,1.05,0.067,0.0,,,,0,9,3,0,0,3,3,False,1.05625,1.0375,1.05625,on,True,on,True,STALLED_MOTORS
6.552,1,1395,NEXT_STEP,True,0.993606,-44.157216,675,0.876663,0.802298,1.009418,0.818274,0.876202,dist_bus,675,0.876202,0.876202,0.876663,STALLED_MOTORS,0.993606,2.844,12.107,on,True,1.0,1.05,0.067,0.0,,,,0,9,3,0,0,3,3,False,1.05625,1.0375,1.05625,on,True,on,True,STALLED_MOTORS
6.585,1,1396,NEXT_STEP,False,0.993606,-44.157216,675,0.87675,0.80227,1.009699,0.81828,0.876285,dist_bus,675,0.876285,0.876285,0.87675,STALLED_MOTORS,0.993606,2.84,12.093,on,True,1.0,1.05,0.067,0.0,,,,0,9,3,0,0,3,3,False,1.05625,1.0375,1.05625,on,True,on,True,STALLED_MOTORS
6.588,1,1398,NEXT_STEP,True,0.993624,-44.325971,675,0.87676,0.802289,1.009693,0.818296,0.876296,dist_bus,675,0.876296,0.876296,0.87676,STALLED_MOTORS,0.993624,2.841,12.093,on,True,1.0,1.05,0.067,0.0,,,,0,9,3,0,0,3,3,False,1.05625,1.0375,1.05625,on,True,on,True,STALLED_MOTORS
6.621,1,1399,NEXT_STEP,False,0.993624,-44.325971,675,0.876845,0.802261,1.009974,0.818302,0.876379,dist_bus,675,0.876379,0.876379,0.876845,STALLED_MOTORS,0.993624,2.837,12.079,on,True,1.0,1.05,0.067,0.0,,,,0,9,3,0,0,3,3,False,1.05625,1.0375,1.05625,on,True,on,True,STALLED_MOTORS
6.624,1,1401,NEXT_STEP,True,0.993642,-44.494581,675,0.876856,0.802281,1.009969,0.818318,0.87639,dist_bus,675,0.87639,0.87639,0.876856,STALLED_MOTORS,0.993642,2.837,12.08,on,True,1.0,1.05,0.067,0.0,,,,0,8,4,0,0,4,4,False,1.05625,1.0375,1.05625,on,True,on,True,STALLED_MOTORS
6.657,1,1402,NEXT_STEP,False,0.993642,-44.494581,675,0.876941,0.802252,1.010248,0.818323,0.876473,dist_bus,675,0.876473,0.876473,0.876941,STALLED_MOTORS,0.993642,2.834,12.065,on,True,1.0,1.05,0.067,0.0,,,,0,8,4,0,0,4,4,False,1.05625,1.0375,1.05625,on,True,on,True,STALLED_MOTORS
6.66,1,1404,NEXT_STEP,True,0.993659,-44.663048,675,0.876951,0.802272,1.010243,0.818338,0.876483,dist_bus,675,0.876483,0.876483,0.876951,STALLED_MOTORS,0.993659,2.834,12.066,on,True,1.0,1.05,0.067,0.0,,,,0,8,4,0,0,4,4,False,1.05625,1.0375,1.05625,on,True,on,True,STALLED_MOTORS
6.693,1,1405,NEXT_STEP,False,0.993659,-44.663048,675,0.877036,0.802243,1.010522,0.818344,0.876566,dist_bus,675,0.876566,0.876566,0.877036,STALLED_MOTORS,0.993659,2.831,12.052,on,True,1.0,1.05,0.067,0.0,,,,0,7,5,0,0,5,5,False,1.05625,1.0375,1.05625,on,True,on,True,STALLED_MOTORS
6.696,1,1407,NEXT_STEP,True,0.993677,-44.831366,675,0.877047,0.802263,1.010517,0.81836,0.876576,dist_bus,675,0.876576,0.876576,0.877047,STALLED_MOTORS,0.993677,2.831,12.052,on,True,1.0,1.05,0.067,0.0,,,,0,7,5,0,0,5,5,False,1.05625,1.0375,1.05625,on,True,on,True,STALLED_MOTORS
6.729,1,1408,NEXT_STEP,False,0.993677,-44.831366,675,0.877132,0.802234,1.010796,0.818365,0.876659,dist_bus,675,0.876659,0.876659,0.877132,STALLED_MOTORS,0.993677,2.828,12.038,on,True,1.0,1.05,0.067,0.0,,,,0,7,5,0,0,5,5,False,1.05625,1.0375,1.05625,on,True,on,True,STALLED_MOTORS
6.732,1,1410,NEXT_STEP,True,0.993694,-44.999538,675,0.877141,0.802254,1.01079,0.81838,0.876669,dist_bus,675,0.876669,0.876669,0.877141,STALLED_MOTORS,0.993694,2.828,12.039,on,True,1.0,1.05,0.067,0.0,,,,0,7,5,0,0,5,5,False,1.05625,1.0375,1.05625,on,True,on,True,STALLED_MOTORS
6.765,1,1411,NEXT_STEP,False,0.993694,-44.999538,675,0.877227,0.802225,1.011069,0.818385,0.876752,dist_bus,675,0.876752,0.876752,0.877227,STALLED_MOTORS,0.993694,2.825,12.024,on,True,1.0,1.05,0.067,0.0,,,,0,6,6,0,0,6,6,False,1.05625,1.0375,1.05625,on,True,on,True,STALLED_MOTORS
6.768,1,1413,NEXT_STEP,True,0.993711,-45.167555,675,0.877236,0.802245,1.011064,0.818401,0.876762,dist_bus,675,0.876762,0.876762,0.877236,STALLED_MOTORS,0.993711,2.825,12.025,on,True,1.0,1.05,0.067,0.0,,,,0,6,6,0,0,6,6,False,1.05625,1.0375,1.05625,on,True,on,True,STALLED_MOTORS
6.801,1,1414,NEXT_STEP,False,0.993711,-45.167555,675,0.877321,0.802216,1.011342,0.818405,0.876844,dist_bus,675,0.876844,0.876844,0.877321,STALLED_MOTORS,0.993711,2.821,12.011,on,True,1.0,1.05,0.067,0.0,,,,0,6,6,0,0,6,6,False,1.05625,1.0375,1.05625,on,True,on,True,STALLED_MOTORS
6.804,1,1416,NEXT_STEP,True,0.993727,-45.335418,675,0.87733,0.802235,1.011335,0.81842,0.876853,dist_bus,675,0.876853,0.876853,0.87733,STALLED_MOTORS,0.993727,2.822,12.011,on,True,1.0,1.05,0.067,0.0,,,,0,6,6,0,0,6,6,False,1.05625,1.0375,1.05625,on,True,on,True,STALLED_MOTORS
6.837,1,1417,NEXT_STEP,False,0.993727,-45.335418,675,0.877415,0.802207,1.011613,0.818425,0.876936,dist_bus,675,0.876936,0.876936,0.877415,STALLED_MOTORS,0.993727,2.818,11.997,on,True,1.0,1.05,0.067,0.0,,,,0,6,6,0,0,6,6,False,1.05625,1.0375,1.05625,on,True,on,True,STALLED_MOTORS
6.84,1,1419,NEXT_STEP,True,0.993743,-45.503122,675,0.877424,0.802225,1.011607,0.81844,0.876945,dist_bus,675,0.876945,0.876945,0.877424,STALLED_MOTORS,0.993743,2.818,11.998,on,True,1.0,1.05,0.067,0.0,,,,0,6,6,0,0,6,6,False,1.05625,1.0375,1.05625,on,True,on,True,STALLED_MOTORS
6.873,1,1420,NEXT_STEP,False,0.993743,-45.503122,675,0.877509,0.802197,1.011884,0.818445,0.877027,dist_bus,675,0.877027,0.877027,0.877509,STALLED_MOTORS,0.993743,2.815,11.984,on,True,1.0,1.05,0.067,0.0,,,,0,6,6,0,0,6,6,False,1.05625,1.0375,1.05625,on,True,on,True,STALLED_MOTORS
6.876,1,1422,NEXT_STEP,True,0.99376,-45.670665,675,0.877519,0.802217,1.011879,0.81846,0.877037,dist_bus,675,0.877037,0.877037,0.877519,STALLED_MOTORS,0.99376,2.815,11.984,on,True,1.0,1.05,0.067,0.0,,,,0,6,6,0,0,6,6,False,1.05625,1.0375,1.05625,on,True,on,True,STALLED_MOTORS
6.909,1,1423,NEXT_STEP,False,0.99376,-45.670665,675,0.877603,0.802188,1.012156,0.818465,0.877119,dist_bus,675,0.877119,0.877119,0.877603,STALLED_MOTORS,0.99376,2.812,11.97,on,True,1.0,1.05,0.067,0.0,,,,0,6,6,0,0,6,6,False,1.05625,1.0375,1.05625,on,True,on,True,STALLED_MOTORS
6.912,1,1425,NEXT_STEP,True,0.993775,-45.838045,675,0.877611,0.802206,1.012149,0.818479,0.877128,dist_bus,675,0.877128,0.877128,0.877611,STALLED_MOTORS,0.993775,2.812,11.971,on,True,1.0,1.05,0.067,0.0,,,,0,6,6,0,0,6,6,False,1.05625,1.0375,1.05625,on,True,on,True,STALLED_MOTORS
6.945,1,1426,NEXT_STEP,False,0.993775,-45.838045,675,0.877696,0.802178,1.012426,0.818483,0.87721,dist_bus,675,0.87721,0.87721,0.877696,STALLED_MOTORS,0.993775,2.809,11.957,on,True,1.0,1.05,0.067,0.0,,,,0,6,6,0,0,6,6,False,1.05625,1.0375,1.05625,on,True,on,True,STALLED_MOTORS
6.948,1,1428,NEXT_STEP,True,0.993791,-46.005257,675,0.877705,0.802197,1.01242,0.818498,0.877219,dist_bus,675,0.877219,0.877219,0.877705,STALLED_MOTORS,0.993791,2.809,11.957,on,True,1.0,1.05,0.067,0.0,,,,0,6,6,0,0,6,6,False,1.05625,1.0375,1.05625,on,True,on,True,STALLED_MOTORS
6.981,1,1429,NEXT_STEP,False,0.993791,-46.005257,675,0.877789,0.802169,1.012696,0.818503,0.877301,dist_bus,675,0.877301,0.877301,0.877789,STALLED_MOTORS,0.993791,2.806,11.943,on,True,1.0,1.05,0.067,0.0,,,,0,6,6,0,0,6,6,False,1.05625,1.0375,1.05625,on,True,on,True,STALLED_MOTORS
6.984,1,1431,NEXT_STEP,True,0.993806,-46.172297,675,0.877798,0.802187,1.012689,0.818517,0.87731,dist_bus,675,0.87731,0.87731,0.877798,STALLED_MOTORS,0.993806,2.806,11.944,on,True,1.0,1.05,0.067,0.0,,,,0,6,6,0,0,6,6,False,1.05625,1.0375,1.05625,on,True,on,True,STALLED_MOTORS
7.017,1,1432,NEXT_STEP,False,0.993806,-46.172297,675,0.877889,0.802152,1.012962,0.818552,0.877398,dist_bus,675,0.877398,0.877398,0.877889,STALLED_MOTORS,0.993806,2.802,11.928,on,True,1.0,1.05,0.067,0.0,,,,0,6,6,0,0,6,6,False,1.05625,1.0375,1.05625,on,True,on,True,STALLED_MOTORS
7.02,1,1434,NEXT_STEP,True,0.993823,-46.339132,675,0.877897,0.802172,1.012958,0.818561,0.877407,dist_bus,675,0.877407,0.877407,0.877897,STALLED_MOTORS,0.993823,2.802,11.929,on,True,1.0,1.05,0.067,0.0,,,,0,6,6,0,0,6,6,False,1.05625,1.0375,1.05625,on,True,on,True,STALLED_MOTORS
7.053,1,1435,NEXT_STEP,False,0.993823,-46.339132,675,0.877988,0.802142,1.01323,0.818591,0.877495,dist_bus,675,0.877495,0.877495,0.877988,STALLED_MOTORS,0.993823,2.799,11.913,on,True,1.0,1.05,0.067,0.0,,,,0,6,6,0,0,6,6,False,1.05625,1.0375,1.05625,on,True,on,True,STALLED_MOTORS
7.056,1,1437,NEXT_STEP,True,0.99384,-46.505771,675,0.877996,0.802161,1.013227,0.818602,0.877504,dist_bus,675,0.877504,0.877504,0.877996,STALLED_MOTORS,0.99384,2.799,11.914,on,True,1.0,1.05,0.067,0.0,,,,0,6,6,0,0,6,6,False,1.05625,1.0375,1.05625,on,True,on,True,STALLED_MOTORS
7.089,1,1438,NEXT_STEP,False,0.99384,-46.505771,675,0.878087,0.80213,1.013498,0.818632,0.877592,dist_bus,675,0.877592,0.877592,0.878087,STALLED_MOTORS,0.99384,2.795,11.898,on,True,1.0,1.05,0.067,0.0,,,,0,6,6,0,0,6,6,False,1.05625,1.0375,1.05625,on,True,on,True,STALLED_MOTORS
7.092,1,1440,NEXT_STEP,True,0.993857,-46.672219,675,0.878095,0.802149,1.013495,0.818642,0.877601,dist_bus,675,0.877601,0.877601,0.878095,STALLED_MOTORS,0.993857,2.795,11.899,on,True,1.0,1.05,0.067,0.0,,,,0,6,6,0,0,6,6,False,1.05625,1.0375,1.05625,on,True,on,True,STALLED_MOTORS
7.125,1,1441,NEXT_STEP,False,0.993857,-46.672219,675,0.878186,0.802118,1.013766,0.818672,0.877689,dist_bus,675,0.877689,0.877689,0.878186,STALLED_MOTORS,0.993857,2.792,11.883,on,True,1.0,1.05,0.067,0.0,,,,0,6,6,0,0,6,6,False,1.05625,1.0375,1.05625,on,True,on,True,STALLED_MOTORS
7.128,1,1443,NEXT_STEP,True,0.993874,-46.838476,675,0.878194,0.802137,1.013763,0.818683,0.877697,dist_bus,675,0.877697,0.877697,0.878194,STALLED_MOTORS,0.993874,2.792,11.884,on,True,1.0,1.05,0.067,0.0,,,,0,6,6,0,0,6,6,False,1.05625,1.0375,1.05625,on,True,on,True,STALLED_MOTORS
7.161,1,1444,NEXT_STEP,False,0.993874,-46.838476,675,0.878284,0.802107,1.014034,0.818712,0.877785,dist_bus,675,0.877785,0.877785,0.878284,STALLED_MOTORS,0.993874,2.788,11.868,on,True,1.0,1.05,0.067,0.0,,,,0,6,6,0,0,6,6,False,1.05625,1.0375,1.05625,on,True,on,True,STALLED_MOTORS
7.164,1,1446,NEXT_STEP,True,0.993891,-47.004539,675,0.878293,0.802126,1.014031,0.818723,0.877794,dist_bus,675,0.877794,0.877794,0.878293,STALLED_MOTORS,0.993891,2.789,11.869,on,True,1.0,1.05,0.067,0.0,,,,0,6,6,0,0,6,6,False,1.05625,1.0375,1.05625,on,True,on,True,STALLED_MOTORS
7.197,1,1447,NEXT_STEP,False,0.993891,-47.004539,675,0.878383,0.802095,1.014301,0.818753,0.877881,dist_bus,675,0.877881,0.877881,0.878383,STALLED_MOTORS,0.993891,2.785,11.854,on,True,1.0,1.05,0.067,0.0,,,,0,6,6,0,0,6,6,False,1.05625,1.0375,1.05625,on,True,on,True,STALLED_MOTORS
7.2,1,1449,NEXT_STEP,True,0.993908,-47.170407,675,0.878392,0.802114,1.014298,0.818763,0.87789,dist_bus,675,0.87789,0.87789,0.878392,STALLED_MOTORS,0.993908,2.785,11.854,on,True,1.0,1.05,0.067,0.0,,,,0,6,6,0,0,6,6,False,1.05625,1.0375,1.05625,on,True,on,True,STALLED_MOTORS
7.233,1,1450,NEXT_STEP,False,0.993908,-47.170407,675,0.878481,0.802083,1.014568,0.818792,0.877978,dist_bus,675,0.877978,0.877978,0.878481,STALLED_MOTORS,0.993908,2.782,11.839,on,True,1.0,1.05,0.067,0.0,,,,0,6,6,0,0,6,6,False,1.05625,1.0375,1.05625,on,True,on,True,STALLED_MOTORS
7.236,1,1452,NEXT_STEP,True,0.993925,-47.336074,675,0.87849,0.802103,1.014565,0.818803,0.877987,dist_bus,675,0.877987,0.877987,0.87849,STALLED_MOTORS,0.993925,2.782,11.839,on,True,1.0,1.05,0.067,0.0,,,,0,6,6,0,0,6,6,False,1.05625,1.0375,1.05625,on,True,on,True,STALLED_MOTORS
7.269,1,1453,NEXT_STEP,False,0.993925,-47.336074,675,0.87858,0.802072,1.014835,0.818832,0.878074,dist_bus,675,0.878074,0.878074,0.87858,STALLED_MOTORS,0.993925,2.778,11.824,on,True,1.0,1.05,0.067,0.0,,,,0,6,6,0,0,6,6,False,1.05625,1.0375,1.05625,on,True,on,True,STALLED_MOTORS
7.272,1,1455,NEXT_STEP,True,0.993941,-47.501541,675,0.878588,0.802091,1.014831,0.818842,0.878082,dist_bus,675,0.878082,0.878082,0.878588,STALLED_MOTORS,0.993941,2.778,11.825,on,True,1.0,1.05,0.067,0.0,,,,0,6,6,0,0,6,6,False,1.05625,1.0375,1.05625,on,True,on,True,STALLED_MOTORS
7.305,1,1456,NEXT_STEP,False,0.993941,-47.501541,675,0.878678,0.802062,1.0151,0.818871,0.87817,dist_bus,675,0.87817,0.87817,0.878678,STALLED_MOTORS,0.993941,2.775,11.809,on,True,1.0,1.05,0.067,0.0,,,,0,6,6,0,0,6,6,False,1.05625,1.0375,1.05625,on,True,on,True,STALLED_MOTORS
7.308,1,1458,NEXT_STEP,True,0.993958,-47.6668,675,0.878687,0.802084,1.015096,0.818882,0.878179,dist_bus,675,0.878179,0.878179,0.878687,STALLED_MOTORS,0.993958,2.775,11.81,on,True,1.0,1.05,0.067,0.0,,,,0,6,6,0,0,6,6,False,1.05625,1.0375,1.05625,on,True,on,True,STALLED_MOTORS
7.341,1,1459,NEXT_STEP,False,0.993958,-47.6668,675,0.878783,0.802087,1.015355,0.818906,0.878273,dist_bus,675,0.878273,0.878273,0.878783,STALLED_MOTORS,0.993958,2.771,11.793,on,True,1.0,1.05,0.067,0.0,,,,0,6,6,0,0,6,6,False,1.05625,1.0375,1.05625,on,True,on,True,STALLED_MOTORS
7.344,1,1461,NEXT_STEP,True,0.993976,-47.831808,675,0.878792,0.802101,1.015356,0.818918,0.878282,dist_bus,675,0.878282,0.878282,0.878792,STALLED_MOTORS,0.993976,2.771,11.793,on,True,1.0,1.05,0.067,0.0,,,,0,6,6,0,0,6,6,False,1.05625,1.0375,1.05625,on,True,on,True,STALLED_MOTORS
7.377,1,1462,NEXT_STEP,False,0.993976,-47.831808,675,0.879967,0.801523,1.020022,0.818356,0.879418,dist_bus,675,0.879418,0.879418,0.879967,STALLED_MOTORS,0.993976,2.732,11.564,on,True,1.0,1.05,0.083,0.0,,,,0,5,7,0,0,7,7,False,1.05625,1.0375,1.05625,on,True,on,True,STALLED_MOTORS
7.38,1,1464,NEXT_STEP,True,0.994213,-47.993893,675,0.879925,0.801915,1.019092,0.81877,0.879387,dist_bus,675,0.879387,0.879387,0.879925,STALLED_MOTORS,0.994213,2.741,11.604,on,True,1.0,1.05,0.083,0.0,,,,0,5,7,0,0,7,7,False,1.05625,1.0375,1.05625,on,True,on,True,STALLED_MOTORS
7.413,1,1465,NEXT_STEP,False,0.994213,-47.993893,675,0.87999,0.801915,1.019158,0.818897,0.879451,dist_bus,675,0.879451,0.879451,0.87999,STALLED_MOTORS,0.994213,2.738,11.593,on,True,1.0,1.05,0.083,0.0,,,,0,5,7,0,0,7,7,False,1.05625,1.0375,1.05625,on,True,on,True,STALLED_MOTORS
7.416,1,1467,NEXT_STEP,True,0.994255,-48.157464,675,0.880017,0.801937,1.019221,0.818893,0.879477,dist_bus,675,0.879477,0.879477,0.880017,STALLED_MOTORS,0.994255,2.738,11.594,on,True,1.0,1.05,0.083,0.0,,,,0,5,7,0,0,7,7,False,1.05625,1.0375,1.05625,on,True,on,True,STALLED_MOTORS
7.449,1,1468,NEXT_STEP,False,0.994255,-48.157464,675,0.880113,0.801944,1.019485,0.818908,0.879571,dist_bus,675,0.879571,0.879571,0.880113,STALLED_MOTORS,0.994255,2.734,11.577,on,True,1.0,1.05,0.083,0.0,,,,0,5,7,0,0,7,7,False,1.05625,1.0375,1.05625,on,True,on,True,STALLED_MOTORS
7.452,1,1470,NEXT_STEP,True,0.994291,-48.320923,675,0.880134,0.801965,1.019504,0.818932,0.879592,dist_bus,675,0.879592,0.879592,0.880134,STALLED_MOTORS,0.994291,2.735,11.578,on,True,1.0,1.05,0.083,0.0,,,,0,5,7,0,0,7,7,False,1.05625,1.0375,1.05625,on,True,on,True,STALLED_MOTORS
7.485,1,1471,NEXT_STEP,False,0.994291,-48.320923,675,0.880229,0.80196,1.019765,0.818962,0.879685,dist_bus,675,0.879685,0.879685,0.880229,STALLED_MOTORS,0.994291,2.731,11.561,on,True,1.0,1.05,0.083,0.0,,,,0,5,7,0,0,7,7,False,1.05625,1.0375,1.05625,on,True,on,True,STALLED_MOTORS
7.488,1,1473,NEXT_STEP,True,0.994318,-48.484292,675,0.880244,0.80198,1.019776,0.818977,0.879701,dist_bus,675,0.879701,0.879701,0.880244,STALLED_MOTORS,0.994318,2.731,11.562,on,True,1.0,1.05,0.083,0.0,,,,0,5,7,0,0,7,7,False,1.05625,1.0375,1.05625,on,True,on,True,STALLED_MOTORS
7.521,1,1474,NEXT_STEP,False,0.994318,-48.484292,675,0.880339,0.801976,1.020036,0.819003,0.879793,dist_bus,675,0.879793,0.879793,0.880339,STALLED_MOTORS,0.994318,2.727,11.546,on,True,1.0,1.05,0.083,0.0,,,,0,5,7,0,0,7,7,False,1.05625,1.0375,1.05625,on,True,on,True,STALLED_MOTORS
7.524,1,1476,NEXT_STEP,True,0.99434,-48.647493,675,0.880351,0.801993,1.020042,0.819017,0.879805,dist_bus,675,0.879805,0.879805,0.880351,STALLED_MOTORS,0.99434,2.727,11.547,on,True,1.0,1.05,0.083,0.0,,,,0,5,7,0,0,7,7,False,1.05625,1.0375,1.05625,on,True,on,True,STALLED_MOTORS
7.557,1,1477,NEXT_STEP,False,0.99434,-48.647493,675,0.880445,0.801988,1.020302,0.819043,0.879896,dist_bus,675,0.879896,0.879896,0.880445,STALLED_MOTORS,0.99434,2.724,11.53,on,True,1.0,1.05,0.083,0.0,,,,0,5,7,0,0,7,7,False,1.05625,1.0375,1.05625,on,True,on,True,STALLED_MOTORS
7.56,1,1479,NEXT_STEP,True,0.994358,-48.81048,675,0.880454,0.802004,1.020304,0.819055,0.879906,dist_bus,675,0.879906,0.879906,0.880454,STALLED_MOTORS,0.994358,2.724,11.531,on,True,1.0,1.05,0.083,0.0,,,,0,5,7,0,0,7,7,False,1.05625,1.0375,1.05625,on,True,on,True,STALLED_MOTORS
7.593,1,1480,NEXT_STEP,False,0.994358,-48.81048,675,0.880548,0.801999,1.020564,0.81908,0.879997,dist_bus,675,0.879997,0.879997,0.880548,STALLED_MOTORS,0.994358,2.72,11.514,on,True,1.0,1.05,0.083,0.0,,,,0,5,7,0,0,7,7,False,1.05625,1.0375,1.05625,on,True,on,True,STALLED_MOTORS
7.596,1,1482,NEXT_STEP,True,0.994374,-48.973218,675,0.880556,0.802013,1.020564,0.819091,0.880006,dist_bus,675,0.880006,0.880006,0.880556,STALLED_MOTORS,0.994374,2.72,11.515,on,True,1.0,1.05,0.083,0.0,,,,0,5,7,0,0,7,7,False,1.05625,1.0375,1.05625,on,True,on,True,STALLED_MOTORS
7.629,1,1483,NEXT_STEP,False,0.994374,-48.973218,675,0.880649,0.802008,1.020824,0.819116,0.880097,dist_bus,675,0.880097,0.880097,0.880649,STALLED_MOTORS,0.994374,2.716,11.498,on,True,1.0,1.05,0.083,0.0,,,,0,5,7,0,0,7,7,False,1.05625,1.0375,1.05625,on,True,on,True,STALLED_MOTORS
7.632,1,1485,NEXT_STEP,True,0.994388,-49.135682,675,0.880656,0.802022,1.020822,0.819126,0.880104,dist_bus,675,0.880104,0.880104,0.880656,STALLED_MOTORS,0.994388,2.716,11.499,on,True,1.0,1.05,0.083,0.0,,,,0,5,7,0,0,7,7,False,1.05625,1.0375,1.05625,on,True,on,True,STALLED_MOTORS
7.665,1,1486,NEXT_STEP,False,0.994388,-49.135682,675,0.880768,0.801997,1.021071,0.819237,0.880214,dist_bus,675,0.880214,0.880214,0.880768,STALLED_MOTORS,0.994388,2.713,11.482,on,True,1.0,1.05,0.083,0.0,,,,0,5,7,0,0,7,7,False,1.05625,1.0375,1.05625,on,True,on,True,STALLED_MOTORS
7.668,1,1488,NEXT_STEP,True,0.994403,-49.297829,675,0.880776,0.802013,1.021071,0.819244,0.880221,dist_bus,675,0.880221,0.880221,0.880776,STALLED_MOTORS,0.994403,2.713,11.483,on,True,1.0,1.05,0.083,0.0,,,,0,5,7,0,0,7,7,False,1.05625,1.0375,1.05625,on,True,on,True,STALLED_MOTORS
7.701,1,1489,NEXT_STEP,False,0.994403,-49.297829,675,0.880903,0.801984,1.02131,0.819413,0.880346,dist_bus,675,0.880346,0.880346,0.880903,STALLED_MOTORS,0.994403,2.709,11.465,on,True,1.0,1.05,0.083,0.0,,,,0,5,7,0,0,7,7,False,1.05625,1.0375,1.05625,on,True,on,True,STALLED_MOTORS
7.704,1,1491,NEXT_STEP,True,0.994419,-49.459629,675,0.880908,0.802002,1.021314,0.819408,0.880351,dist_bus,675,0.880351,0.880351,0.880908,STALLED_MOTORS,0.994419,2.709,11.466,on,True,1.0,1.05,0.083,0.0,,,,0,5,7,0,0,7,7,False,1.05625,1.0375,1.05625,on,True,on,True,STALLED_MOTORS
7.737,1,1492,NEXT_STEP,False,0.994419,-49.459629,675,0.881034,0.801978,1.021552,0.819571,0.880475,dist_bus,675,0.880475,0.880475,0.881034,STALLED_MOTORS,0.994419,2.705,11.448,on,True,1.0,1.05,0.083,0.0,,,,0,4,8,0,0,8,8,False,1.05625,1.0375,1.05625,on,True,on,True,STALLED_MOTORS
7.74,1,1494,NEXT_STEP,True,0.994436,-49.621095,675,0.88104,0.801995,1.021557,0.819567,0.880481,dist_bus,675,0.880481,0.880481,0.88104,STALLED_MOTORS,0.994436,2.705,11.449,on,True,1.0,1.05,0.083,0.0,,,,0,4,8,0,0,8,8,False,1.05625,1.0375,1.05625,on,True,on,True,STALLED_MOTORS
7.773,1,1495,NEXT_STEP,False,0.994436,-49.621095,675,0.881165,0.801969,1.021796,0.819731,0.880604,dist_bus,675,0.880604,0.880604,0.881165,STALLED_MOTORS,0.994436,2.701,11.432,on,True,1.0,1.05,0.083,0.0,,,,0,4,8,0,0,8,8,False,1.05625,1.0375,1.05625,on,True,on,True,STALLED_MOTORS
7.776,1,1497,NEXT_STEP,True,0.994452,-49.78222,675,0.881171,0.801987,1.0218,0.819727,0.88061,dist_bus,675,0.88061,0.88061,0.881171,STALLED_MOTORS,0.994452,2.701,11.432,on,True,1.0,1.05,0.083,0.0,,,,0,4,8,0,0,8,8,False,1.05625,1.0375,1.05625,on,True,on,True,STALLED_MOTORS
7.809,1,1498,NEXT_STEP,False,0.994452,-49.78222,675,0.881296,0.801961,1.022038,0.81989,0.880733,dist_bus,675,0.880733,0.880733,0.881296,STALLED_MOTORS,0.994452,2.697,11.415,on,True,1.0,1.05,0.083,0.0,,,,0,4,8,0,0,8,8,False,1.05625,1.0375,1.05625,on,True,on,True,STALLED_MOTORS
7.812,1,1500,NEXT_STEP,True,0.994469,-49.943001,675,0.881303,0.801979,1.022043,0.819886,0.88074,dist_bus,675,0.88074,0.88074,0.881303,STALLED_MOTORS,0.994469,2.697,11.416,on,True,1.0,1.05,0.083,0.0,,,,0,4,8,0,0,8,8,False,1.05625,1.0375,1.05625,on,True,on,True,STALLED_MOTORS
7.845,1,1501,NEXT_STEP,False,0.994469,-49.943001,675,0.881428,0.801953,1.02228,0.820049,0.880862,dist_bus,675,0.880862,0.880862,0.881428,STALLED_MOTORS,0.994469,2.693,11.398,on,True,1.0,1.05,0.083,0.0,,,,0,4,8,0,0,8,8,False,1.05625,1.0375,1.05625,on,True,on,True,STALLED_MOTORS
7.848,1,1503,NEXT_STEP,True,0.994485,-50.10343,675,0.881433,0.80197,1.022285,0.820045,0.880868,dist_bus,675,0.880868,0.880868,0.881433,STALLED_MOTORS,0.994485,2.693,11.399,on,True,1.0,1.05,0.083,0.0,,,,0,4,8,0,0,8,8,False,1.05625,1.0375,1.05625,on,True,on,True,STALLED_MOTORS
7.881,1,1504,NEXT_STEP,False,0.994485,-50.10343,675,0.881558,0.801945,1.022522,0.820207,0.880991,dist_bus,675,0.880991,0.880991,0.881558,STALLED_MOTORS,0.994485,2.689,11.382,on,True,1.0,1.05,0.083,0.0,,,,0,4,8,0,0,8,8,False,1.05625,1.0375,1.05625,on,True,on,True,STALLED_MOTORS
7.884,1,1506,NEXT_STEP,True,0.994502,-50.263505,675,0.881564,0.801963,1.022527,0.820204,0.880997,dist_bus,675,0.880997,0.880997,0.881564,STALLED_MOTORS,0.994502,2.69,11.383,on,True,1.0,1.05,0.083,0.0,,,,0,4,8,0,0,8,8,False,1.05625,1.0375,1.05625,on,True,on,True,STALLED_MOTORS
7.917,1,1507,NEXT_STEP,False,0.994502,-50.263505,675,0.881689,0.801937,1.022764,0.820366,0.88112,dist_bus,675,0.88112,0.88112,0.881689,STALLED_MOTORS,0.994502,2.686,11.365,on,True,1.0,1.05,0.083,0.0,,,,0,4,8,0,0,8,8,False,1.05625,1.0375,1.05625,on,True,on,True,STALLED_MOTORS
7.92,1,1509,NEXT_STEP,True,0.994518,-50.42322,675,0.881695,0.801954,1.022768,0.820363,0.881126,dist_bus,675,0.881126,0.881126,0.881695,STALLED_MOTORS,0.994518,2.686,11.366,on,True,1.0,1.05,0.083,0.0,,,,0,4,8,0,0,8,8,False,1.05625,1.0375,1.05625,on,True,on,True,STALLED_MOTORS
7.953,1,1510,NEXT_STEP,False,0.994518,-50.42322,675,0.881836,0.80191,1.022997,0.8206,0.881264,dist_bus,675,0.881264,0.881264,0.881836,STALLED_MOTORS,0.994518,2.682,11.347,on,True,1.0,1.05,0.083,0.0,,,,0,4,8,0,0,8,8,False,1.05625,1.0375,1.05625,on,True,on,True,STALLED_MOTORS
7.956,1,1512,NEXT_STEP,True,0.994536,-50.582545,675,0.881841,0.801931,1.023006,0.820585,0.881269,dist_bus,675,0.881269,0.881269,0.881841,STALLED_MOTORS,0.994536,2.682,11.348,on,True,1.0,1.05,0.083,0.0,,,,0,4,8,0,0,8,8,False,1.05625,1.0375,1.05625,on,True,on,True,STALLED_MOTORS
7.989,1,1513,NEXT_STEP,False,0.994536,-50.582545,675,0.88198,0.801897,1.023234,0.820809,0.881406,dist_bus,675,0.881406,0.881406,0.88198,STALLED_MOTORS,0.994536,2.678,11.33,on,True,1.0,1.05,0.083,0.0,,,,0,4,8,0,0,8,8,False,1.05625,1.0375,1.05625,on,True,on,True,STALLED_MOTORS
7.992,1,1515,NEXT_STEP,True,0.994555,-50.741487,675,0.881986,0.801917,1.023244,0.820798,0.881413,dist_bus,675,0.881413,0.881413,0.881986,STALLED_MOTORS,0.994555,2.678,11.331,on,True,1.0,1.05,0.083,0.0,,,,0,4,8,0,0,8,8,False,1.05625,1.0375,1.05625,on,True,on,True,STALLED_MOTORS
8.025,1,1516,NEXT_STEP,False,0.994555,-50.741487,675,0.882126,0.801885,1.02347,0.821022,0.88155,dist_bus,675,0.88155,0.88155,0.882126,STALLED_MOTORS,0.994555,2.673,11.312,on,True,1.0,1.05,0.083,0.0,,,,0,4,8,0,0,8,8,False,1.05625,1.0375,1.05625,on,True,on,True,STALLED_MOTORS
8.028,1,1518,NEXT_STEP,True,0.994574,-50.900051,675,0.882133,0.801909,1.023479,0.82101,0.881557,dist_bus,675,0.881557,0.881557,0.882133,STALLED_MOTORS,0.994574,2.674,11.313,on,True,1.0,1.05,0.083,0.0,,,,0,4,8,0,0,8,8,False,1.05625,1.0375,1.05625,on,True,on,True,STALLED_MOTORS
8.061,1,1519,NEXT_STEP,False,0.994574,-50.900051,675,0.882308,0.802074,1.023646,0.821204,0.881732,dist_bus,675,0.881732,0.881732,0.882308,STALLED_MOTORS,0.994574,2.669,11.293,on,True,1.0,1.05,0.083,0.0,,,,0,4,8,0,0,8,8,False,1.05625,1.0375,1.05625,on,True,on,True,STALLED_MOTORS
8.064,1,1521,NEXT_STEP,True,0.994596,-51.058171,675,0.882313,0.802073,1.023668,0.821199,0.881737,dist_bus,675,0.881737,0.881737,0.882313,STALLED_MOTORS,0.994596,2.669,11.294,on,True,1.0,1.05,0.083,0.0,,,,0,4,8,0,0,8,8,False,1.05625,1.0375,1.05625,on,True,on,True,STALLED_MOTORS
8.097,1,1522,NEXT_STEP,False,0.994596,-51.058171,675,0.882497,0.802264,1.023831,0.821396,0.88192,dist_bus,675,0.88192,0.88192,0.882497,STALLED_MOTORS,0.994596,2.664,11.273,on,True,1.0,1.05,0.083,0.0,,,,0,3,9,0,0,9,9,False,1.05625,1.0375,1.05625,on,True,on,True,STALLED_MOTORS
8.1,1,1524,NEXT_STEP,True,0.994622,-51.215846,675,0.882504,0.80226,1.023859,0.821392,0.881927,dist_bus,675,0.881927,0.881927,0.882504,STALLED_MOTORS,0.994622,2.665,11.275,on,True,1.0,1.05,0.083,0.0,,,,0,3,9,0,0,9,9,False,1.05625,1.0375,1.05625,on,True,on,True,STALLED_MOTORS
8.133,1,1525,NEXT_STEP,False,0.994622,-51.215846,675,0.882686,0.802447,1.024022,0.821589,0.882109,dist_bus,675,0.882109,0.882109,0.882686,STALLED_MOTORS,0.994622,2.66,11.254,on,True,1.0,1.05,0.083,0.0,,,,0,3,9,0,0,9,9,False,1.05625,1.0375,1.05625,on,True,on,True,STALLED_MOTORS
8.136,1,1527,NEXT_STEP,True,0.994649,-51.37311,675,0.882694,0.802445,1.024051,0.821587,0.882117,dist_bus,675,0.882117,0.882117,0.882694,STALLED_MOTORS,0.994649,2.66,11.255,on,True,1.0,1.05,0.083,0.0,,,,0,3,9,0,0,9,9,False,1.05625,1.0375,1.05625,on,True,on,True,STALLED_MOTORS
8.169,1,1528,NEXT_STEP,False,0.994649,-51.37311,675,0.882876,0.802632,1.024214,0.821783,0.882298,dist_bus,675,0.882298,0.882298,0.882876,STALLED_MOTORS,0.994649,2.656,11.235,on,True,1.0,1.05,0.083,0.0,,,,0,3,9,0,0,9,9,False,1.05625,1.0375,1.05625,on,True,on,True,STALLED_MOTORS
8.172,1,1530,NEXT_STEP,True,0.994675,-51.52997,675,0.882883,0.802629,1.024242,0.82178,0.882305,dist_bus,675,0.882305,0.882305,0.882883,STALLED_MOTORS,0.994675,2.656,11.236,on,True,1.0,1.05,0.083,0.0,,,,0,3,9,0,0,9,9,False,1.05625,1.0375,1.05625,on,True,on,True,STALLED_MOTORS
8.205,1,1531,NEXT_STEP,False,0.994675,-51.52997,675,0.883065,0.802816,1.024404,0.821976,0.882487,dist_bus,675,0.882487,0.882487,0.883065,STALLED_MOTORS,0.994675,2.651,11.216,on,True,1.0,1.05,0.083,0.0,,,,0,3,9,0,0,9,9,False,1.05625,1.0375,1.05625,on,True,on,True,STALLED_MOTORS
8.208,1,1533,NEXT_STEP,True,0.994702,-51.686424,675,0.883073,0.802813,1.024433,0.821973,0.882494,dist_bus,675,0.882494,0.882494,0.883073,STALLED_MOTORS,0.994702,2.652,11.217,on,True,1.0,1.05,0.083,0.0,,,,0,3,9,0,0,9,9,False,1.05625,1.0375,1.05625,on,True,on,True,STALLED_MOTORS
8.241,1,1534,NEXT_STEP,False,0.994702,-51.686424,675,0.883255,0.803,1.024595,0.82217,0.882676,dist_bus,675,0.882676,0.882676,0.883255,STALLED_MOTORS,0.994702,2.647,11.197,on,True,1.0,1.05,0.083,0.0,,,,0,3,9,0,0,9,9,False,1.05625,1.0375,1.05625,on,True,on,True,STALLED_MOTORS
8.244,1,1536,NEXT_STEP,True,0.994729,-51.842475,675,0.883263,0.802997,1.024624,0.822167,0.882683,dist_bus,675,0.882683,0.882683,0.883263,STALLED_MOTORS,0.994729,2.647,11.198,on,True,1.0,1.05,0.083,0.0,,,,0,3,9,0,0,9,9,False,1.05625,1.0375,1.05625,on,True,on,True,STALLED_MOTORS
8.277,1,1537,NEXT_STEP,False,0.994729,-51.842475,675,0.883444,0.803184,1.024786,0.822363,0.882864,dist_bus,675,0.882864,0.882864,0.883444,STALLED_MOTORS,0.994729,2.642,11.177,on,True,1.0,1.05,0.083,0.0,,,,0,3,9,0,0,9,9,False,1.05625,1.0375,1.05625,on,True,on,True,STALLED_MOTORS
8.28,1,1539,NEXT_STEP,True,0.994756,-51.998123,675,0.883452,0.803181,1.024815,0.82236,0.882872,dist_bus,675,0.882872,0.882872,0.883452,STALLED_MOTORS,0.994756,2.643,11.179,on,True,1.0,1.05,0.083,0.0,,,,0,3,9,0,0,9,9,False,1.05625,1.0375,1.05625,on,True,on,True,STALLED_MOTORS
8.313,1,1540,NEXT_STEP,False,0.994756,-51.998123,675,0.883633,0.803368,1.024976,0.822555,0.883053,dist_bus,675,0.883053,0.883053,0.883633,STALLED_MOTORS,0.994756,2.638,11.159,on,True,1.0,1.05,0.083,0.0,,,,0,3,9,0,0,9,9,False,1.05625,1.0375,1.05625,on,True,on,True,STALLED_MOTORS
8.316,1,1542,NEXT_STEP,True,0.994783,-52.153368,675,0.883641,0.803365,1.025005,0.822553,0.88306,dist_bus,675,0.88306,0.88306,0.883641,STALLED_MOTORS,0.994783,2.638,11.16,on,True,1.0,1.05,0.083,0.0,,,,0,3,9,0,0,9,9,False,1.05625,1.0375,1.05625,on,True,on,True,STALLED_MOTORS
8.349,1,1543,NEXT_STEP,False,0.994783,-52.153368,675,0.883822,0.803551,1.025167,0.822748,0.883241,dist_bus,675,0.883241,0.883241,0.883822,STALLED_MOTORS,0.994783,2.634,11.14,on,True,1.0,1.05,0.083,0.0,,,,0,3,9,0,0,9,9,False,1.05625,1.0375,1.05625,on,True,on,True,STALLED_MOTORS
8.352,1,1545,NEXT_STEP,True,0.99481,-52.308209,675,0.88383,0.803548,1.025196,0.822745,0.883248,dist_bus,675,0.883248,0.883248,0.88383,STALLED_MOTORS,0.99481,2.634,11.141,on,True,1.0,1.05,0.083,0.0,,,,0,3,9,0,0,9,9,False,1.05625,1.0375,1.05625,on,True,on,True,STALLED_MOTORS
8.385,1,1546,NEXT_STEP,False,0.99481,-52.308209,675,0.88401,0.803734,1.025356,0.82294,0.883428,dist_bus,675,0.883428,0.883428,0.88401,STALLED_MOTORS,0.99481,2.629,11.121,on,True,1.0,1.05,0.083,0.0,,,,0,2,10,0,0,10,10,False,1.05625,1.0375,1.05625,on,True,on,True,STALLED_MOTORS
8.388,1,1548,NEXT_STEP,True,0.994837,-52.462646,675,0.884018,0.803732,1.025386,0.822938,0.883436,dist_bus,675,0.883436,0.883436,0.884018,STALLED_MOTORS,0.994837,2.63,11.122,on,True,1.0,1.05,0.083,0.0,,,,0,2,10,0,0,10,10,False,1.05625,1.0375,1.05625,on,True,on,True,STALLED_MOTORS
8.421,1,1549,NEXT_STEP,False,0.994837,-52.462646,675,0.884199,0.803917,1.025546,0.823132,0.883616,dist_bus,675,0.883616,0.883616,0.884199,STALLED_MOTORS,0.994837,2.625,11.102,on,True,1.0,1.05,0.083,0.0,,,,0,2,10,0,0,10,10,False,1.05625,1.0375,1.05625,on,True,on,True,STALLED_MOTORS
8.424,1,1551,NEXT_STEP,True,0.994863,-52.616677,675,0.884206,0.803914,1.025574,0.823129,0.883623,dist_bus,675,0.883623,0.883623,0.884206,STALLED_MOTORS,0.994863,2.625,11.103,on,True,1.0,1.05,0.083,0.0,,,,0,2,10,0,0,10,10,False,1.05625,1.0375,1.05625,on,True,on,True,STALLED_MOTORS
8.457,1,1552,NEXT_STEP,False,0.994863,-52.616677,675,0.884386,0.804099,1.025734,0.823323,0.883803,dist_bus,675,0.883803,0.883803,0.884386,STALLED_MOTORS,0.994863,2.621,11.083,on,True,1.0,1.05,0.083,0.0,,,,0,2,10,0,0,10,10,False,1.05625,1.0375,1.05625,on,True,on,True,STALLED_MOTORS
8.46,1,1554,NEXT_STEP,True,0.99489,-52.770302,675,0.884394,0.804097,1.025764,0.823321,0.88381,dist_bus,675,0.88381,0.88381,0.884394,STALLED_MOTORS,0.99489,2.621,11.084,on,True,1.0,1.05,0.083,0.0,,,,0,2,10,0,0,10,10,False,1.05625,1.0375,1.05625,on,True,on,True,STALLED_MOTORS
8.493,1,1555,NEXT_STEP,False,0.99489,-52.770302,675,0.884573,0.804282,1.025923,0.823515,0.88399,dist_bus,675,0.88399,0.88399,0.884573,STALLED_MOTORS,0.99489,2.616,11.064,on,True,1.0,1.05,0.083,0.0,,,,0,2,10,0,0,10,10,False,1.05625,1.0375,1.05625,on,True,on,True,STALLED_MOTORS
8.496,1,1557,NEXT_STEP,True,0.994916,-52.92352,675,0.884581,0.804279,1.025952,0.823512,0.883997,dist_bus,675,0.883997,0.883997,0.884581,STALLED_MOTORS,0.994916,2.617,11.065,on,True,1.0,1.05,0.083,0.0,,,,0,1,11,0,0,11,11,False,1.05625,1.0375,1.05625,on,True,on,True,STALLED_MOTORS
8.529,1,1558,NEXT_STEP,False,0.994916,-52.92352,675,0.88476,0.804463,1.026111,0.823705,0.884176,dist_bus,675,0.884176,0.884176,0.88476,RECOVERED,0.994916,2.612,11.045,on,True,1.0,1.05,0.083,0.0,,,,0,0,12,0,0,12,12,False,1.05625,1.0375,1.05625,on,True,on,True,RECOVERED
8.532,1,1560,NEXT_STEP,True,0.994942,-53.076328,675,0.884767,0.80446,1.02614,0.823702,0.884183,dist_bus,675,0.884183,0.884183,0.884767,RECOVERED,0.994942,2.612,11.047,on,True,1.0,1.05,0.083,0.0,,,,0,0,12,0,0,12,12,False,1.05625,1.0375,1.05625,on,True,on,True,RECOVERED
8.565,1,1561,NEXT_STEP,False,0.994942,-53.076328,675,0.884946,0.804645,1.026299,0.823895,0.884361,dist_bus,675,0.884361,0.884361,0.884946,RECOVERED,0.994942,2.608,11.027,on,True,1.0,1.05,0.083,0.0,,,,0,0,12,0,0,12,12,False,1.05625,1.0375,1.05625,on,True,on,True,RECOVERED
8.568,1,1563,NEXT_STEP,True,0.994967,-53.228726,675,0.884953,0.804641,1.026326,0.823892,0.884368,dist_bus,675,0.884368,0.884368,0.884953,RECOVERED,0.994967,2.608,11.028,on,True,1.0,1.05,0.083,0.0,,,,0,0,12,0,0,12,12,False,1.05625,1.0375,1.05625,on,True,on,True,RECOVERED
8.601,1,1564,NEXT_STEP,False,0.994967,-53.228726,675,0.885132,0.804826,1.026485,0.824085,0.884546,dist_bus,675,0.884546,0.884546,0.885132,RECOVERED,0.994967,2.603,11.008,on,True,1.0,1.05,0.083,0.0,,,,0,0,12,0,0,12,12,False,1.05625,1.0375,1.05625,on,True,on,True,RECOVERED
8.604,1,1566,NEXT_STEP,True,0.994993,-53.380711,675,0.885139,0.804822,1.026513,0.824082,0.884553,dist_bus,675,0.884553,0.884553,0.885139,RECOVERED,0.994993,2.604,11.009,on,True,1.0,1.05,0.083,0.0,,,,0,0,12,0,0,12,12,False,1.05625,1.0375,1.05625,on,True,on,True,RECOVERED
8.637,1,1567,NEXT_STEP,False,0.994993,-53.380711,675,0.885318,0.805006,1.026672,0.824274,0.884731,dist_bus,675,0.884731,0.884731,0.885318,RECOVERED,0.994993,2.599,10.989,on,True,1.0,1.05,0.083,0.0,,,,0,0,12,0,0,12,12,False,1.05625,1.0375,1.05625,on,True,on,True,RECOVERED
8.64,1,1569,NEXT_STEP,True,0.995018,-53.532282,675,0.885325,0.805003,1.026699,0.824271,0.884738,dist_bus,675,0.884738,0.884738,0.885325,RECOVERED,0.995018,2.599,10.991,on,True,1.0,1.05,0.083,0.0,,,,0,0,12,0,0,12,12,False,1.05625,1.0375,1.05625,on,True,on,True,RECOVERED
8.673,1,1570,NEXT_STEP,False,0.995018,-53.532282,675,0.885502,0.805186,1.026858,0.824463,0.884915,dist_bus,675,0.884915,0.884915,0.885502,RECOVERED,0.995018,2.595,10.971,on,True,1.0,1.05,0.083,0.0,,,,0,0,12,0,0,12,12,False,1.05625,1.0375,1.05625,on,True,on,True,RECOVERED
8.676,1,1572,NEXT_STEP,True,0.995043,-53.683437,675,0.885509,0.805183,1.026885,0.82446,0.884922,dist_bus,675,0.884922,0.884922,0.885509,RECOVERED,0.995043,2.595,10.972,on,True,1.0,1.05,0.083,0.0,,,,0,0,12,0,0,12,12,False,1.05625,1.0375,1.05625,on,True,on,True,RECOVERED
8.709,1,1573,NEXT_STEP,False,0.995043,-53.683437,675,0.885687,0.805366,1.027043,0.824652,0.885099,dist_bus,675,0.885099,0.885099,0.885687,RECOVERED,0.995043,2.591,10.952,on,True,1.0,1.05,0.083,0.0,,,,0,0,12,0,0,12,12,False,1.05625,1.0375,1.05625,on,True,on,True,RECOVERED
8.712,1,1575,NEXT_STEP,True,0.995068,-53.834174,675,0.885694,0.805363,1.027071,0.824649,0.885106,dist_bus,675,0.885106,0.885106,0.885694,RECOVERED,0.995068,2.591,10.953,on,True,1.0,1.05,0.083,0.0,,,,0,0,12,0,0,12,12,False,1.05625,1.0375,1.05625,on,True,on,True,RECOVERED
8.745,1,1576,NEXT_STEP,False,0.995068,-53.834174,675,0.885872,0.805546,1.027229,0.82484,0.885283,dist_bus,675,0.885283,0.885283,0.885872,RECOVERED,0.995068,2.586,10.933,on,True,1.0,1.05,0.083,0.0,,,,0,0,12,0,0,12,12,False,1.05625,1.0375,1.05625,on,True,on,True,RECOVERED
8.748,1,1578,NEXT_STEP,True,0.995093,-53.984487,675,0.885879,0.805543,1.027257,0.824837,0.88529,dist_bus,675,0.88529,0.88529,0.885879,RECOVERED,0.995093,2.587,10.935,on,True,1.0,1.05,0.083,0.0,,,,0,0,12,0,0,12,12,False,1.05625,1.0375,1.05625,on,True,on,True,RECOVERED
8.781,1,1579,NEXT_STEP,False,0.995093,-53.984487,675,0.886056,0.805725,1.027415,0.825028,0.885467,dist_bus,675,0.885467,0.885467,0.886056,RECOVERED,0.995093,2.582,10.915,on,True,1.0,1.05,0.083,0.0,,,,0,0,12,0,0,12,12,False,1.05625,1.0375,1.05625,on,True,on,True,RECOVERED
8.784,1,1581,NEXT_STEP,True,0.995117,-54.134375,675,0.886062,0.805722,1.027441,0.825024,0.885473,dist_bus,675,0.885473,0.885473,0.886062,RECOVERED,0.995117,2.582,10.916,on,True,1.0,1.05,0.083,0.0,,,,0,0,12,0,0,12,12,False,1.05625,1.0375,1.05625,on,True,on,True,RECOVERED
8.817,1,1582,NEXT_STEP,False,0.995117,-54.134375,675,0.886239,0.805904,1.027599,0.825214,0.88565,dist_bus,675,0.88565,0.88565,0.886239,RECOVERED,0.995117,2.578,10.896,on,True,1.0,1.05,0.083,0.0,,,,0,0,12,0,0,12,12,False,1.05625,1.0375,1.05625,on,True,on,True,RECOVERED
8.82,1,1584,NEXT_STEP,True,0.995141,-54.283837,675,0.886245,0.8059,1.027626,0.825211,0.885656,dist_bus,675,0.885656,0.885656,0.886245,RECOVERED,0.995141,2.578,10.898,on,True,1.0,1.05,0.083,0.0,,,,0,0,12,0,0,12,12,False,1.05625,1.0375,1.05625,on,True,on,True,RECOVERED
8.853,1,1585,NEXT_STEP,False,0.995141,-54.283837,675,0.886422,0.806083,1.027783,0.825401,0.885832,dist_bus,675,0.885832,0.885832,0.886422,RECOVERED,0.995141,2.573,10.878,on,True,1.0,1.05,0.083,0.0,,,,0,0,12,0,0,12,12,False,1.05625,1.0375,1.05625,on,True,on,True,RECOVERED
8.856,1,1587,NEXT_STEP,True,0.995166,-54.43287,675,0.886429,0.806079,1.027811,0.825398,0.885839,dist_bus,675,0.885839,0.885839,0.886429,RECOVERED,0.995166,2.574,10.879,on,True,1.0,1.05,0.083,0.0,,,,0,0,12,0,0,12,12,False,1.05625,1.0375,1.05625,on,True,on,True,RECOVERED
8.889,1,1588,NEXT_STEP,False,0.995166,-54.43287,675,0.886606,0.806261,1.027968,0.825588,0.886015,dist_bus,675,0.886015,0.886015,0.886606,RECOVERED,0.995166,2.569,10.86,on,True,1.0,1.05,0.083,0.0,,,,0,0,12,0,0,12,12,False,1.05625,1.0375,1.05625,on,True,on,True,RECOVERED
8.892,1,1590,NEXT_STEP,True,0.99519,-54.581475,675,0.886612,0.806258,1.027995,0.825585,0.886021,dist_bus,675,0.886021,0.886021,0.886612,RECOVERED,0.99519,2.569,10.861,on,True,1.0,1.05,0.083,0.0,,,,0,0,12,0,0,12,12,False,1.05625,1.0375,1.05625,on,True,on,True,RECOVERED
8.925,1,1591,NEXT_STEP,False,0.99519,-54.581475,675,0.886788,0.806439,1.028151,0.825774,0.886197,dist_bus,675,0.886197,0.886197,0.886788,RECOVERED,0.99519,2.565,10.841,on,True,1.0,1.05,0.083,0.0,,,,0,0,12,0,0,12,12,False,1.05625,1.0375,1.05625,on,True,on,True,RECOVERED
8.928,1,1593,NEXT_STEP,True,0.995214,-54.729647,675,0.886795,0.806436,1.028178,0.825771,0.886203,dist_bus,675,0.886203,0.886203,0.886795,RECOVERED,0.995214,2.565,10.843,on,True,1.0,1.05,0.083,0.0,,,,0,0,12,0,0,12,12,False,1.05625,1.0375,1.05625,on,True,on,True,RECOVERED
8.961,1,1594,NEXT_STEP,False,0.995214,-54.729647,675,0.88697,0.806617,1.028335,0.82596,0.886378,dist_bus,675,0.886378,0.886378,0.88697,RECOVERED,0.995214,2.561,10.823,on,True,1.0,1.05,0.083,0.0,,,,0,0,12,0,0,12,12,False,1.05625,1.0375,1.05625,on,True,on,True,RECOVERED
8.964,1,1596,NEXT_STEP,True,0.995237,-54.877386,675,0.886976,0.806613,1.028361,0.825956,0.886384,dist_bus,675,0.886384,0.886384,0.886976,RECOVERED,0.995237,2.561,10.824,on,True,1.0,1.05,0.083,0.0,,,,0,0,12,0,0,12,12,False,1.05625,1.0375,1.05625,on,True,on,True,RECOVERED
8.997,1,1597,NEXT_STEP,False,0.995237,-54.877386,675,0.887152,0.806794,1.028517,0.826145,0.886559,dist_bus,675,0.886559,0.886559,0.887152,RECOVERED,0.995237,2.556,10.805,on,True,1.0,1.05,0.083,0.0,,,,0,0,12,0,0,12,12,False,1.05625,1.0375,1.05625,on,True,on,True,RECOVERED
9.0,1,1599,NEXT_STEP,True,0.995261,-55.02469,675,0.887158,0.80679,1.028544,0.826141,0.886565,dist_bus,675,0.886565,0.886565,0.887158,RECOVERED,0.995261,2.557,10.806,on,True,1.0,1.05,0.083,0.0,,,,0,0,12,0,0,12,12,False,1.05625,1.0375,1.05625,on,True,on,True,RECOVERED
9.033,1,1600,NEXT_STEP,False,0.995261,-55.02469,675,0.887333,0.806971,1.028699,0.82633,0.88674,dist_bus,675,0.88674,0.88674,0.887333,RECOVERED,0.995261,2.552,10.786,on,True,1.0,1.05,0.083,0.0,,,,0,0,12,0,0,12,12,False,1.05625,1.0375,1.05625,on,True,on,True,RECOVERED
9.036,1,1602,NEXT_STEP,True,0.995285,-55.171557,675,0.88734,0.806968,1.028726,0.826327,0.886747,dist_bus,675,0.886747,0.886747,0.88734,RECOVERED,0.995285,2.552,10.788,on,True,1.0,1.05,0.083,0.0,,,,0,0,12,0,0,12,12,False,1.05625,1.0375,1.05625,on,True,on,True,RECOVERED
9.069,1,1603,NEXT_STEP,False,0.995285,-55.171557,675,0.887515,0.807148,1.028882,0.826515,0.886921,dist_bus,675,0.886921,0.886921,0.887515,RECOVERED,0.995285,2.548,10.768,on,True,1.0,1.05,0.083,0.0,,,,0,0,12,0,0,12,12,False,1.05625,1.0375,1.05625,on,True,on,True,RECOVERED
9.072,1,1605,NEXT_STEP,True,0.995308,-55.31799,675,0.887521,0.807144,1.028908,0.826511,0.886927,dist_bus,675,0.886927,0.886927,0.887521,RECOVERED,0.995308,2.548,10.769,on,True,1.0,1.05,0.083,0.0,,,,0,0,12,0,0,12,12,False,1.05625,1.0375,1.05625,on,True,on,True,RECOVERED
9.105,1,1606,NEXT_STEP,False,0.995308,-55.31799,675,0.887695,0.807324,1.029063,0.826699,0.887101,dist_bus,675,0.887101,0.887101,0.887695,RECOVERED,0.995308,2.544,10.75,on,True,1.0,1.05,0.083,0.0,,,,0,0,12,0,0,12,12,False,1.05625,1.0375,1.05625,on,True,on,True,RECOVERED
9.108,1,1608,NEXT_STEP,True,0.995332,-55.463983,675,0.887702,0.807321,1.02909,0.826696,0.887107,dist_bus,675,0.887107,0.887107,0.887702,RECOVERED,0.995332,2.544,10.751,on,True,1.0,1.05,0.083,0.0,,,,0,0,12,0,0,12,12,False,1.05625,1.0375,1.05625,on,True,on,True,RECOVERED
9.141,1,1609,NEXT_STEP,False,0.995332,-55.463983,675,0.887876,0.8075,1.029245,0.826883,0.887281,dist_bus,675,0.887281,0.887281,0.887876,RECOVERED,0.995332,2.54,10.732,on,True,1.0,1.05,0.083,0.0,,,,0,0,12,0,0,12,12,False,1.05625,1.0375,1.05625,on,True,on,True,RECOVERED
9.144,1,1611,NEXT_STEP,True,0.995355,-55.609542,675,0.887882,0.807496,1.029271,0.82688,0.887287,dist_bus,675,0.887287,0.887287,0.887882,RECOVERED,0.995355,2.54,10.733,on,True,1.0,1.05,0.083,0.0,,,,0,0,12,0,0,12,12,False,1.05625,1.0375,1.05625,on,True,on,True,RECOVERED
9.177,1,1612,NEXT_STEP,False,0.995355,-55.609542,675,0.888056,0.807676,1.029425,0.827067,0.88746,dist_bus,675,0.88746,0.88746,0.888056,RECOVERED,0.995355,2.535,10.714,on,True,1.0,1.05,0.083,0.0,,,,0,0,12,0,0,12,12,False,1.05625,1.0375,1.05625,on,True,on,True,RECOVERED
9.18,1,1614,NEXT_STEP,True,0.995378,-55.754661,675,0.888062,0.807672,1.029452,0.827063,0.887466,dist_bus,675,0.887466,0.887466,0.888062,RECOVERED,0.995378,2.536,10.715,on,True,1.0,1.05,0.083,0.0,,,,0,0,12,0,0,12,12,False,1.05625,1.0375,1.05625,on,True,on,True,RECOVERED
9.213,1,1615,NEXT_STEP,False,0.995378,-55.754661,675,0.888236,0.807852,1.029606,0.82725,0.887639,dist_bus,675,0.887639,0.887639,0.888236,RECOVERED,0.995378,2.531,10.696,on,True,1.0,1.05,0.083,0.0,,,,0,0,12,0,0,12,12,False,1.05625,1.0375,1.05625,on,True,on,True,RECOVERED
9.216,1,1617,NEXT_STEP,True,0.995402,-55.899343,675,0.888243,0.807848,1.029633,0.827247,0.887646,dist_bus,675,0.887646,0.887646,0.888243,RECOVERED,0.995402,2.531,10.697,on,True,1.0,1.05,0.083,0.0,,,,0,0,12,0,0,12,12,False,1.05625,1.0375,1.05625,on,True,on,True,RECOVERED
9.249,1,1618,NEXT_STEP,False,0.995402,-55.899343,675,0.888416,0.808027,1.029787,0.827434,0.887819,dist_bus,675,0.887819,0.887819,0.888416,RECOVERED,0.995402,2.527,10.678,on,True,1.0,1.05,0.083,0.0,,,,0,0,12,0,0,12,12,False,1.05625,1.0375,1.05625,on,True,on,True,RECOVERED
9.252,1,1620,NEXT_STEP,True,0.995425,-56.043592,675,0.888422,0.808023,1.029813,0.82743,0.887825,dist_bus,675,0.887825,0.887825,0.888422,RECOVERED,0.995425,2.527,10.679,on,True,1.0,1.05,0.083,0.0,,,,0,0,12,0,0,12,12,False,1.05625,1.0375,1.05625,on,True,on,True,RECOVERED
9.285,1,1621,NEXT_STEP,False,0.995425,-56.043592,675,0.888595,0.808202,1.029967,0.827616,0.887997,dist_bus,675,0.887997,0.887997,0.888595,RECOVERED,0.995425,2.523,10.66,on,True,1.0,1.05,0.083,0.0,,,,0,0,12,0,0,12,12,False,1.05625,1.0375,1.05625,on,True,on,True,RECOVERED
9.288,1,1623,NEXT_STEP,True,0.995448,-56.187403,675,0.888601,0.808198,1.029993,0.827613,0.888004,dist_bus,675,0.888004,0.888004,0.888601,RECOVERED,0.995448,2.523,10.661,on,True,1.0,1.05,0.083,0.0,,,,0,0,12,0,0,12,12,False,1.05625,1.0375,1.05625,on,True,on,True,RECOVERED
9.321,1,1624,NEXT_STEP,False,0.995448,-56.187403,675,0.888774,0.808377,1.030146,0.827799,0.888176,dist_bus,675,0.888176,0.888176,0.888774,RECOVERED,0.995448,2.519,10.642,on,True,1.0,1.05,0.083,0.0,,,,0,0,12,0,0,12,12,False,1.05625,1.0375,1.05625,on,True,on,True,RECOVERED
9.324,1,1626,NEXT_STEP,True,0.995471,-56.33078,675,0.88878,0.808373,1.030173,0.827796,0.888182,dist_bus,675,0.888182,0.888182,0.88878,RECOVERED,0.995471,2.519,10.643,on,True,1.0,1.05,0.083,0.0,,,,0,0,12,0,0,12,12,False,1.05625,1.0375,1.05625,on,True,on,True,RECOVERED
9.357,1,1627,NEXT_STEP,False,0.995471,-56.33078,675,0.888953,0.808551,1.030326,0.827981,0.888354,dist_bus,675,0.888354,0.888354,0.888953,RECOVERED,0.995471,2.515,10.624,on,True,1.0,1.05,0.083,0.0,,,,0,0,12,0,0,12,12,False,1.05625,1.0375,1.05625,on,True,on,True,RECOVERED
9.36,1,1629,NEXT_STEP,True,0.995494,-56.473723,675,0.888959,0.808547,1.030352,0.827978,0.88836,dist_bus,675,0.88836,0.88836,0.888959,RECOVERED,0.995494,2.515,10.625,on,True,1.0,1.05,0.083,0.0,,,,0,0,12,0,0,12,12,False,1.05625,1.0375,1.05625,on,True,on,True,RECOVERED
9.393,1,1630,NEXT_STEP,False,0.995494,-56.473723,675,0.889131,0.808725,1.030504,0.828163,0.888531,dist_bus,675,0.888531,0.888531,0.889131,RECOVERED,0.995494,2.51,10.606,on,True,1.0,1.05,0.083,0.0,,,,0,0,12,0,0,12,12,False,1.05625,1.0375,1.05625,on,True,on,True,RECOVERED
9.396,1,1632,NEXT_STEP,True,0.995517,-56.616234,675,0.889137,0.808722,1.030531,0.82816,0.888538,dist_bus,675,0.888538,0.888538,0.889137,RECOVERED,0.995517,2.511,10.607,on,True,1.0,1.05,0.083,0.0,,,,0,0,12,0,0,12,12,False,1.05625,1.0375,1.05625,on,True,on,True,RECOVERED
9.429,1,1633,NEXT_STEP,False,0.995517,-56.616234,675,0.889309,0.808899,1.030683,0.828345,0.888709,dist_bus,675,0.888709,0.888709,0.889309,RECOVERED,0.995517,2.506,10.588,on,True,1.0,1.05,0.083,0.0,,,,0,0,12,0,0,12,12,False,1.05625,1.0375,1.05625,on,True,on,True,RECOVERED
9.432,1,1635,NEXT_STEP,True,0.99554,-56.758314,675,0.889316,0.808896,1.03071,0.828341,0.888715,dist_bus,675,0.888715,0.888715,0.889316,RECOVERED,0.99554,2.507,10.589,on,True,1.0,1.05,0.083,0.0,,,,0,0,12,0,0,12,12,False,1.05625,1.0375,1.05625,on,True,on,True,RECOVERED
9.465,1,1636,NEXT_STEP,False,0.99554,-56.758314,675,0.889487,0.809073,1.030862,0.828526,0.888886,dist_bus,675,0.888886,0.888886,0.889487,RECOVERED,0.99554,2.502,10.57,on,True,1.0,1.05,0.083,0.0,,,,0,0,12,0,0,12,12,False,1.05625,1.0375,1.05625,on,True,on,True,RECOVERED
9.468,1,1638,NEXT_STEP,True,0.995563,-56.899964,675,0.889494,0.809069,1.030888,0.828523,0.888892,dist_bus,675,0.888892,0.888892,0.889494,RECOVERED,0.995563,2.502,10.571,on,True,1.0,1.05,0.083,0.0,,,,0,0,12,0,0,12,12,False,1.05625,1.0375,1.05625,on,True,on,True,RECOVERED
9.501,1,1639,NEXT_STEP,False,0.995563,-56.899964,675,0.889665,0.809246,1.03104,0.828707,0.889063,dist_bus,675,0.889063,0.889063,0.889665,RECOVERED,0.995563,2.498,10.552,on,True,1.0,1.05,0.083,0.0,,,,0,0,12,0,0,12,12,False,1.05625,1.0375,1.05625,on,True,on,True,RECOVERED
9.504,1,1641,NEXT_STEP,True,0.995585,-57.041184,675,0.88967,0.809242,1.031066,0.828704,0.889069,dist_bus,675,0.889069,0.889069,0.88967,RECOVERED,0.995585,2.498,10.553,on,True,1.0,1.05,0.083,0.0,,,,0,0,12,0,0,12,12,False,1.05625,1.0375,1.05625,on,True,on,True,RECOVERED
9.537,1,1642,NEXT_STEP,False,0.995585,-57.041184,675,0.889841,0.809419,1.031217,0.828887,0.889239,dist_bus,675,0.889239,0.889239,0.889841,RECOVERED,0.995585,2.494,10.535,on,True,1.0,1.05,0.083,0.0,,,,0,0,12,0,0,12,12,False,1.05625,1.0375,1.05625,on,True,on,True,RECOVERED
9.54,1,1644,NEXT_STEP,True,0.995608,-57.181978,675,0.889848,0.809416,1.031244,0.828884,0.889245,dist_bus,675,0.889245,0.889245,0.889848,RECOVERED,0.995608,2.494,10.536,on,True,1.0,1.05,0.083,0.0,,,,0,0,12,0,0,12,12,False,1.05625,1.0375,1.05625,on,True,on,True,RECOVERED
9.573,1,1645,NEXT_STEP,False,0.995608,-57.181978,675,0.890018,0.809592,1.031394,0.829068,0.889415,dist_bus,675,0.889415,0.889415,0.890018,RECOVERED,0.995608,2.49,10.517,on,True,1.0,1.05,0.083,0.0,,,,0,0,12,0,0,12,12,False,1.05625,1.0375,1.05625,on,True,on,True,RECOVERED
9.576,1,1647,NEXT_STEP,True,0.995631,-57.322348,675,0.890025,0.809589,1.031421,0.829065,0.889422,dist_bus,675,0.889422,0.889422,0.890025,RECOVERED,0.995631,2.49,10.518,on,True,1.0,1.05,0.083,0.0,,,,0,0,12,0,0,12,12,False,1.05625,1.0375,1.05625,on,True,on,True,RECOVERED
9.609,1,1648,NEXT_STEP,False,0.995631,-57.322348,675,0.890195,0.809765,1.031572,0.829248,0.889592,dist_bus,675,0.889592,0.889592,0.890195,RECOVERED,0.995631,2.486,10.499,on,True,1.0,1.05,0.083,0.0,,,,0,0,12,0,0,12,12,False,1.05625,1.0375,1.05625,on,True,on,True,RECOVERED
9.612,1,1650,NEXT_STEP,True,0.995653,-57.462292,675,0.890201,0.809761,1.031598,0.829245,0.889597,dist_bus,675,0.889597,0.889597,0.890201,RECOVERED,0.995653,2.486,10.5,on,True,1.0,1.05,0.083,0.0,,,,0,0,12,0,0,12,12,False,1.05625,1.0375,1.05625,on,True,on,True,RECOVERED
9.645,1,1651,NEXT_STEP,False,0.995653,-57.462292,675,0.890371,0.809937,1.031748,0.829428,0.889767,dist_bus,675,0.889767,0.889767,0.890371,RECOVERED,0.995653,2.482,10.482,on,True,1.0,1.05,0.083,0.0,,,,0,0,12,0,0,12,12,False,1.05625,1.0375,1.05625,on,True,on,True,RECOVERED
9.648,1,1653,NEXT_STEP,True,0.995675,-57.601813,675,0.890377,0.809932,1.031774,0.829424,0.889773,dist_bus,675,0.889773,0.889773,0.890377,RECOVERED,0.995675,2.482,10.483,on,True,1.0,1.05,0.083,0.0,,,,0,0,12,0,0,12,12,False,1.05625,1.0375,1.05625,on,True,on,True,RECOVERED
9.681,1,1654,NEXT_STEP,False,0.995675,-57.601813,675,0.890546,0.810108,1.031924,0.829607,0.889942,dist_bus,675,0.889942,0.889942,0.890546,RECOVERED,0.995675,2.478,10.464,on,True,1.0,1.05,0.083,0.0,,,,0,0,12,0,0,12,12,False,1.05625,1.0375,1.05625,on,True,on,True,RECOVERED
9.684,1,1656,NEXT_STEP,True,0.995698,-57.740912,675,0.890553,0.810105,1.031951,0.829604,0.889948,dist_bus,675,0.889948,0.889948,0.890553,RECOVERED,0.995698,2.478,10.465,on,True,1.0,1.05,0.083,0.0,,,,0,0,12,0,0,12,12,False,1.05625,1.0375,1.05625,on,True,on,True,RECOVERED
9.717,1,1657,NEXT_STEP,False,0.995698,-57.740912,675,0.890722,0.81028,1.0321,0.829787,0.890117,dist_bus,675,0.890117,0.890117,0.890722,RECOVERED,0.995698,2.474,10.446,on,True,1.0,1.05,0.083,0.0,,,,0,0,12,0,0,12,12,False,1.05625,1.0375,1.05625,on,True,on,True,RECOVERED
9.72,1,1659,NEXT_STEP,True,0.99572,-57.879592,675,0.890729,0.810277,1.032126,0.829783,0.890123,dist_bus,675,0.890123,0.890123,0.890729,RECOVERED,0.99572,2.474,10.447,on,True,1.0,1.05,0.083,0.0,,,,0,0,12,0,0,12,12,False,1.05625,1.0375,1.05625,on,True,on,True,RECOVERED
9.753,1,1660,NEXT_STEP,False,0.99572,-57.879592,675,0.890897,0.810451,1.032276,0.829965,0.890291,dist_bus,675,0.890291,0.890291,0.890897,RECOVERED,0.99572,2.469,10.429,on,True,1.0,1.05,0.083,0.0,,,,0,0,12,0,0,12,12,False,1.05625,1.0375,1.05625,on,True,on,True,RECOVERED
9.756,1,1662,NEXT_STEP,True,0.995742,-58.017852,675,0.890904,0.810448,1.032302,0.829962,0.890298,dist_bus,675,0.890298,0.890298,0.890904,RECOVERED,0.995742,2.47,10.43,on,True,1.0,1.05,0.083,0.0,,,,0,0,12,0,0,12,12,False,1.05625,1.0375,1.05625,on,True,on,True,RECOVERED
9.789,1,1663,NEXT_STEP,False,0.995742,-58.017852,675,0.891072,0.810622,1.032451,0.830144,0.890466,dist_bus,675,0.890466,0.890466,0.891072,RECOVERED,0.995742,2.465,10.411,on,True,1.0,1.05,0.083,0.0,,,,0,0,12,0,0,12,12,False,1.05625,1.0375,1.05625,on,True,on,True,RECOVERED
9.792,1,1665,NEXT_STEP,True,0.995764,-58.155696,675,0.891078,0.810618,1.032477,0.83014,0.890472,dist_bus,675,0.890472,0.890472,0.891078,RECOVERED,0.995764,2.466,10.412,on,True,1.0,1.05,0.083,0.0,,,,0,0,12,0,0,12,12,False,1.05625,1.0375,1.05625,on,True,on,True,RECOVERED
9.825,1,1666,NEXT_STEP,False,0.995764,-58.155696,675,0.891247,0.810793,1.032625,0.830322,0.89064,dist_bus,675,0.89064,0.89064,0.891247,RECOVERED,0.995764,2.461,10.394,on,True,1.0,1.05,0.083,0.0,,,,0,0,12,0,0,12,12,False,1.05625,1.0375,1.05625,on,True,on,True,RECOVERED
9.828,1,1668,NEXT_STEP,True,0.995786,-58.293123,675,0.891253,0.810789,1.032651,0.830318,0.890646,dist_bus,675,0.890646,0.890646,0.891253,RECOVERED,0.995786,2.462,10.395,on,True,1.0,1.05,0.083,0.0,,,,0,0,12,0,0,12,12,False,1.05625,1.0375,1.05625,on,True,on,True,RECOVERED
9.861,1,1669,NEXT_STEP,False,0.995786,-58.293123,675,0.891421,0.810964,1.0328,0.8305,0.890813,dist_bus,675,0.890813,0.890813,0.891421,RECOVERED,0.995786,2.457,10.376,on,True,1.0,1.05,0.083,0.0,,,,0,0,12,0,0,12,12,False,1.05625,1.0375,1.05625,on,True,on,True,RECOVERED
9.864,1,1671,NEXT_STEP,True,0.995808,-58.430135,675,0.891427,0.81096,1.032826,0.830496,0.890819,dist_bus,675,0.890819,0.890819,0.891427,RECOVERED,0.995808,2.458,10.378,on,True,1.0,1.05,0.083,0.0,,,,0,0,12,0,0,12,12,False,1.05625,1.0375,1.05625,on,True,on,True,RECOVERED
9.897,1,1672,NEXT_STEP,False,0.995808,-58.430135,675,0.891595,0.811134,1.032974,0.830677,0.890987,dist_bus,675,0.890987,0.890987,0.891595,RECOVERED,0.995808,2.453,10.359,on,True,1.0,1.05,0.083,0.0,,,,0,0,12,0,0,12,12,False,1.05625,1.0375,1.05625,on,True,on,True,RECOVERED
9.9,1,1674,NEXT_STEP,True,0.99583,-58.566735,675,0.891601,0.81113,1.033,0.830674,0.890993,dist_bus,675,0.890993,0.890993,0.891601,RECOVERED,0.99583,2.454,10.36,on,True,1.0,1.05,0.083,0.0,,,,0,0,12,0,0,12,12,False,1.05625,1.0375,1.05625,on,True,on,True,RECOVERED
9.933,1,1675,NEXT_STEP,False,0.99583,-58.566735,675,0.891769,0.811304,1.033148,0.830855,0.89116,dist_bus,675,0.89116,0.89116,0.891769,RECOVERED,0.99583,2.449,10.342,on,True,1.0,1.05,0.083,0.0,,,,0,0,12,0,0,12,12,False,1.05625,1.0375,1.05625,on,True,on,True,RECOVERED
9.936,1,1677,NEXT_STEP,True,0.995852,-58.702923,675,0.891775,0.8113,1.033174,0.830851,0.891166,dist_bus,675,0.891166,0.891166,0.891775,RECOVERED,0.995852,2.45,10.343,on,True,1.0,1.05,0.083,0.0,,,,0,0,12,0,0,12,12,False,1.05625,1.0375,1.05625,on,True,on,True,RECOVERED
9.969,1,1678,NEXT_STEP,False,0.995852,-58.702923,675,0.891942,0.811474,1.033322,0.831032,0.891333,dist_bus,675,0.891333,0.891333,0.891942,RECOVERED,0.995852,2.445,10.324,on,True,1.0,1.05,0.083,0.0,,,,0,0,12,0,0,12,12,False,1.05625,1.0375,1.05625,on,True,on,True,RECOVERED
9.972,1,1680,NEXT_STEP,True,0.995874,-58.838699,675,0.891949,0.81147,1.033348,0.831029,0.891339,dist_bus,675,0.891339,0.891339,0.891949,RECOVERED,0.995874,2.446,10.325,on,True,1.0,1.05,0.083,0.0,,,,0,0,12,0,0,12,12,False,1.05625,1.0375,1.05625,on,True,on,True,RECOVERED
10.0,1,1681,NEXT_STEP,False,0.995874,-58.838699,675,0.892088,0.811613,1.033474,0.831178,0.891478,dist_bus,675,0.891478,0.891478,0.892088,RECOVERED,0.995874,2.442,10.31,on,True,1.0,1.05,0.083,0.0,,,,0,0,12,0,0,12,12,False,1.05625,1.0375,1.05625,on,True,on,True,RECOVERED
