iter,outer_iter,t_granted,cosim_dt,tx_tds_step,state,updated,P_total,Q_total,Vmag,Vang_rad,fault_idx,fault_bus,fault_active,fault_rf,fault_xf,fault_bus_vmag,fault_bus_vang_rad,event_line_idx,event_bus1,event_bus2,event_line_status,event_bus1_vmag,event_bus1_vang_rad,event_bus2_vmag,event_bus2_vang_rad,event_bus_angle_diff_deg,postfault_line_idx,postfault_bus1,postfault_bus2,postfault_line_status,delta_min_deg,delta_max_deg,delta_spread_deg,delta_min_idx,delta_min_bus,delta_max_idx,delta_max_bus,omega_min_pu,omega_max_pu,omega_max_dev,omega_min_idx,omega_min_bus,omega_max_idx,omega_max_bus,vf_min_pu,vf_max_pu,vf_min_idx,vf_min_bus,vf_max_idx,vf_max_bus,omega_GENROU_1_pu,omega_GENROU_1_bus,omega_GENROU_2_pu,omega_GENROU_2_bus,omega_GENROU_3_pu,omega_GENROU_3_bus,omega_GENROU_4_pu,omega_GENROU_4_bus,omega_GENROU_5_pu,omega_GENROU_5_bus
0,0,0.0,0.0,0.03,INITIALIZED,1,0.0358461009263928,0.0172867990832274,1.008670488072985,-0.1773881718208639,Fault_Interface,14,0.0,0.0,0.3,1.008670488072985,-0.1773881718208639,,,,,,,,,,,,,,10.947320231857905,63.35299760041254,52.40567736855464,GENROU_4,6,GENROU_1,1,1.0,1.0,0.0,GENROU_1,1,GENROU_1,1,1.4854502589312455,1.994145163492672,GENROU_5,8,GENROU_2,2,1.0,1,1.0,2,1.0,3,1.0,6,1.0,8
1,1,0.003,0.003,0.03,NEXT_STEP,0,0.0358461009263928,0.0172867990832274,1.008670488072985,-0.1773881718208639,Fault_Interface,14,0.0,0.0,0.3,1.008670488072985,-0.1773881718208639,,,,,,,,,,,,,,10.947320231857905,63.35299760041254,52.40567736855464,GENROU_4,6,GENROU_1,1,1.0,1.0,0.0,GENROU_1,1,GENROU_1,1,1.4854502589312455,1.994145163492672,GENROU_5,8,GENROU_2,2,1.0,1,1.0,2,1.0,3,1.0,6,1.0,8
3,2,0.006,0.003,0.03,NEXT_STEP,1,0.035846313195212,0.0172869843929039,1.008670395103589,-0.1773882262266639,Fault_Interface,14,0.0,0.0,0.3,1.008670395103589,-0.1773882262266639,,,,,,,,,,,,,,10.947320231857905,63.35299760041254,52.40567736855464,GENROU_4,6,GENROU_1,1,1.0,1.0,0.0,GENROU_1,1,GENROU_1,1,1.485450259495788,1.9941451637526488,GENROU_5,8,GENROU_2,2,1.0,1,1.0,2,1.0,3,1.0,6,1.0,8
5,2,0.009,0.003,0.03,NEXT_STEP,1,0.0358463222991198,0.0172869914582849,1.008670390653446,-0.1773882293608788,Fault_Interface,14,0.0,0.0,0.3,1.008670390653446,-0.1773882293608788,,,,,,,,,,,,,,10.947320231857905,63.35299760041254,52.40567736855464,GENROU_4,6,GENROU_1,1,1.0,1.0,0.0,GENROU_1,1,GENROU_1,1,1.485450242474655,1.9941451642567247,GENROU_5,8,GENROU_2,2,1.0,1,1.0,2,1.0,3,1.0,6,1.0,8
7,2,0.012,0.003,0.03,NEXT_STEP,1,0.035846322306453,0.017286991464163,1.0086703891183848,-0.177388230897212,Fault_Interface,14,0.0,0.0,0.3,1.0086703891183848,-0.177388230897212,,,,,,,,,,,,,,10.947320231857905,63.35299760041254,52.40567736855464,GENROU_4,6,GENROU_1,1,1.0,1.0,0.0,GENROU_1,1,GENROU_1,1,1.485450245849018,1.9941451659582603,GENROU_5,8,GENROU_2,2,1.0,1,1.0,2,1.0,3,1.0,6,1.0,8
9,2,0.015,0.003,0.03,NEXT_STEP,1,0.0358463223064473,0.0172869914641726,1.0086703876055818,-0.1773882324026065,Fault_Interface,14,0.0,0.0,0.3,1.0086703876055818,-0.1773882324026065,,,,,,,,,,,,,,10.947320231857905,63.35299760041254,52.40567736855464,GENROU_4,6,GENROU_1,1,1.0,1.0,0.0,GENROU_1,1,GENROU_1,1,1.4854502524531463,1.99414516990547,GENROU_5,8,GENROU_2,2,1.0,1,1.0,2,1.0,3,1.0,6,1.0,8
10,1,0.018,0.003,0.03,NEXT_STEP,0,0.0358463223064473,0.0172869914641726,1.0086703861554616,-0.1773882338294797,Fault_Interface,14,0.0,0.0,0.3,1.0086703861554616,-0.1773882338294797,,,,,,,,,,,,,,10.947320231857905,63.35299760041254,52.40567736855464,GENROU_4,6,GENROU_1,1,1.0,1.0,0.0,GENROU_1,1,GENROU_1,1,1.4854502603049229,1.994145177324895,GENROU_5,8,GENROU_2,2,1.0,1,1.0,2,1.0,3,1.0,6,1.0,8
11,1,0.021,0.003,0.03,NEXT_STEP,0,0.0358463223064473,0.0172869914641726,1.008670384765323,-0.1773882351825552,Fault_Interface,14,0.0,0.0,0.3,1.008670384765323,-0.1773882351825552,,,,,,,,,,,,,,10.947320231857905,63.35299760041254,52.40567736855464,GENROU_4,6,GENROU_1,1,1.0,1.0,0.0,GENROU_1,1,GENROU_1,1,1.4854502688225286,1.9941451890332649,GENROU_5,8,GENROU_2,2,1.0,1,1.0,2,1.0,3,1.0,6,1.0,8
12,1,0.024,0.003,0.03,NEXT_STEP,0,0.0358463223064473,0.0172869914641726,1.0086703834331572,-0.1773882364697836,Fault_Interface,14,0.0,0.0,0.3,1.0086703834331572,-0.1773882364697836,,,,,,,,,,,,,,10.947320231857905,63.35299760041254,52.40567736855464,GENROU_4,6,GENROU_1,1,1.0,1.0,0.0,GENROU_1,1,GENROU_1,1,1.485450277618544,1.9941452056508369,GENROU_5,8,GENROU_2,2,1.0,1,1.0,2,1.0,3,1.0,6,1.0,8
13,1,0.027,0.003,0.03,NEXT_STEP,0,0.0358463223064473,0.0172869914641726,1.0086703821557452,-0.1773882376944215,Fault_Interface,14,0.0,0.0,0.3,1.0086703821557452,-0.1773882376944215,,,,,,,,,,,,,,10.947320231857905,63.35299760041254,52.40567736855464,GENROU_4,6,GENROU_1,1,1.0,1.0,0.0,GENROU_1,1,GENROU_1,1,1.485450286427776,1.9941452274059133,GENROU_5,8,GENROU_2,2,1.0,1,1.0,2,1.0,3,1.0,6,1.0,8
14,1,0.03,0.003,0.03,NEXT_STEP,0,0.0358463223064473,0.0172869914641726,1.0086703809350737,-0.1773882388688404,Fault_Interface,14,0.0,0.0,0.3,1.0086703809350737,-0.1773882388688404,,,,,,,,,,,,,,10.947320231857905,63.35299760041254,52.40567736855464,GENROU_4,6,GENROU_1,1,1.0,1.0,0.0,GENROU_1,1,GENROU_1,1,1.4854502950743158,1.9941452541838247,GENROU_5,8,GENROU_2,2,1.0,1,1.0,2,1.0,3,1.0,6,1.0,8
15,1,0.033,0.003,0.03,NEXT_STEP,0,0.0358463223064473,0.0172869914641726,1.0086703797655432,-0.1773882399907579,Fault_Interface,14,0.0,0.0,0.3,1.0086703797655432,-0.1773882399907579,,,,,,,,,,,,,,10.947320231857905,63.35299760041254,52.40567736855464,GENROU_4,6,GENROU_1,1,1.0,1.0,0.0,GENROU_1,1,GENROU_1,1,1.4854503034530795,1.9941452856230264,GENROU_5,8,GENROU_2,2,1.0,1,1.0,2,1.0,3,1.0,6,1.0,8
16,1,0.036,0.003,0.03,NEXT_STEP,0,0.0358463223064473,0.0172869914641726,1.0086703786446298,-0.1773882410638051,Fault_Interface,14,0.0,0.0,0.3,1.0086703786446298,-0.1773882410638051,,,,,,,,,,,,,,10.947320231857905,63.35299760041254,52.40567736855464,GENROU_4,6,GENROU_1,1,1.0,1.0,0.0,GENROU_1,1,GENROU_1,1,1.4854503114871644,1.9941453212005007,GENROU_5,8,GENROU_2,2,1.0,1,1.0,2,1.0,3,1.0,6,1.0,8
18,2,0.039,0.003,0.03,NEXT_STEP,0,0.0358463223055166,0.0172869914635993,1.0086703775710322,-0.1773882420907986,Fault_Interface,14,0.0,0.0,0.3,1.0086703775710322,-0.1773882420907986,,,,,,,,,,,,,,10.947320231857905,63.35299760041254,52.40567736855464,GENROU_4,6,GENROU_1,1,1.0,1.0,0.0,GENROU_1,1,GENROU_1,1,1.485450319138616,1.994145360299197,GENROU_5,8,GENROU_2,2,1.0,1,1.0,2,1.0,3,1.0,6,1.0,8
20,2,0.042,0.003,0.03,NEXT_STEP,1,0.0358463223064373,0.0172869914641466,1.008670376541001,-0.1773882430757151,Fault_Interface,14,0.0,0.0,0.3,1.008670376541001,-0.1773882430757151,,,,,,,,,,,,,,10.947320231857905,63.35299760041254,52.40567736855464,GENROU_4,6,GENROU_1,1,1.0,1.0,0.0,GENROU_1,1,GENROU_1,1,1.4854503263978562,1.9941454022606644,GENROU_5,8,GENROU_2,2,1.0,1,1.0,2,1.0,3,1.0,6,1.0,8
22,2,0.045,0.003,0.03,NEXT_STEP,0,0.0358463223064505,0.0172869914641516,1.0086703755539148,-0.1773882440200768,Fault_Interface,14,0.0,0.0,0.3,1.0086703755539148,-0.1773882440200768,,,,,,,,,,,,,,10.947320231857905,63.35299760041254,52.40567736855464,GENROU_4,6,GENROU_1,1,1.0,1.0,0.0,GENROU_1,1,GENROU_1,1,1.485450333249254,1.9941454464243011,GENROU_5,8,GENROU_2,2,1.0,1,1.0,2,1.0,3,1.0,6,1.0,8
23,1,0.048,0.003,0.03,NEXT_STEP,0,0.0358463223064505,0.0172869914641516,1.0086703746081302,-0.1773882449271659,Fault_Interface,14,0.0,0.0,0.3,1.0086703746081302,-0.1773882449271659,,,,,,,,,,,,,,10.947320231857905,63.35299760041254,52.40567736855464,GENROU_4,6,GENROU_1,1,1.0,1.0,0.0,GENROU_1,1,GENROU_1,1,1.4854503397218954,1.9941454921558923,GENROU_5,8,GENROU_2,2,1.0,1,1.0,2,1.0,3,1.0,6,1.0,8
24,1,0.051,0.003,0.03,NEXT_STEP,0,0.0358463223064505,0.0172869914641516,1.0086703737087646,-0.1773882457946307,Fault_Interface,14,0.0,0.0,0.3,1.0086703737087646,-0.1773882457946307,,,,,,,,,,,,,,10.947320231857905,63.35299760041254,52.40567736855464,GENROU_4,6,GENROU_1,1,1.0,1.0,0.0,GENROU_1,1,GENROU_1,1,1.4854503458166313,1.994145538867052,GENROU_5,8,GENROU_2,2,1.0,1,1.0,2,1.0,3,1.0,6,1.0,8
25,1,0.054,0.003,0.03,NEXT_STEP,0,0.0358463223064505,0.0172869914641516,1.0086703728496262,-0.1773882466277745,Fault_Interface,14,0.0,0.0,0.3,1.0086703728496262,-0.1773882466277745,,,,,,,,,,,,,,10.947320231857905,63.35299760041254,52.40567736855464,GENROU_4,6,GENROU_1,1,1.0,1.0,0.0,GENROU_1,1,GENROU_1,1,1.4854503515695887,1.994145586027648,GENROU_5,8,GENROU_2,2,1.0,1,1.0,2,1.0,3,1.0,6,1.0,8
26,1,0.057,0.003,0.03,NEXT_STEP,0,0.0358463223064505,0.0172869914641516,1.0086703720292092,-0.1773882474279398,Fault_Interface,14,0.0,0.0,0.3,1.0086703720292092,-0.1773882474279398,,,,,,,,,,,,,,10.947320231857905,63.35299760041254,52.40567736855464,GENROU_4,6,GENROU_1,1,1.0,1.0,0.0,GENROU_1,1,GENROU_1,1,1.4854503569922572,1.9941456331719856,GENROU_5,8,GENROU_2,2,1.0,1,1.0,2,1.0,3,1.0,6,1.0,8
27,1,0.06,0.003,0.03,NEXT_STEP,0,0.0358463223064505,0.0172869914641516,1.0086703712456764,-0.177388248196782,Fault_Interface,14,0.0,0.0,0.3,1.0086703712456764,-0.177388248196782,,,,,,,,,,,,,,10.947320231857905,63.35299760041254,52.40567736855464,GENROU_4,6,GENROU_1,1,1.0,1.0,0.0,GENROU_1,1,GENROU_1,1,1.4854503620973467,1.994145679901144,GENROU_5,8,GENROU_2,2,1.0,1,1.0,2,1.0,3,1.0,6,1.0,8
28,1,0.063,0.003,0.03,NEXT_STEP,0,0.0358463223064505,0.0172869914641516,1.0086703704985085,-0.177388248936197,Fault_Interface,14,0.0,0.0,0.3,1.0086703704985085,-0.177388248936197,,,,,,,,,,,,,,10.947320231857905,63.35299760041254,52.40567736855464,GENROU_4,6,GENROU_1,1,1.0,1.0,0.0,GENROU_1,1,GENROU_1,1,1.4854503669200378,1.994145725881589,GENROU_5,8,GENROU_2,2,1.0,1,1.0,2,1.0,3,1.0,6,1.0,8
29,1,0.066,0.003,0.03,NEXT_STEP,0,0.0358463223064505,0.0172869914641516,1.0086703697857995,-0.1773882496472094,Fault_Interface,14,0.0,0.0,0.3,1.0086703697857995,-0.1773882496472094,,,,,,,,,,,,,,10.947320231857905,63.35299760041254,52.40567736855464,GENROU_4,6,GENROU_1,1,1.0,1.0,0.0,GENROU_1,1,GENROU_1,1,1.4854503714740064,1.994145770842032,GENROU_5,8,GENROU_2,2,1.0,1,1.0,2,1.0,3,1.0,6,1.0,8
30,1,0.069,0.003,0.03,NEXT_STEP,0,0.0358463223064505,0.0172869914641516,1.008670369106803,-0.1773882503311334,Fault_Interface,14,0.0,0.0,0.3,1.008670369106803,-0.1773882503311334,,,,,,,,,,,,,,10.947320231857905,63.35299760041254,52.40567736855464,GENROU_4,6,GENROU_1,1,1.0,1.0,0.0,GENROU_1,1,GENROU_1,1,1.4854503757763604,1.9941458145685955,GENROU_5,8,GENROU_2,2,1.0,1,1.0,2,1.0,3,1.0,6,1.0,8
31,1,0.072,0.003,0.03,NEXT_STEP,0,0.0358463223064505,0.0172869914641516,1.008670368459921,-0.1773882509891365,Fault_Interface,14,0.0,0.0,0.3,1.008670368459921,-0.1773882509891365,,,,,,,,,,,,,,10.947320231857905,63.35299760041254,52.40567736855464,GENROU_4,6,GENROU_1,1,1.0,1.0,0.0,GENROU_1,1,GENROU_1,1,1.4854503798446976,1.994145856899276,GENROU_5,8,GENROU_2,2,1.0,1,1.0,2,1.0,3,1.0,6,1.0,8
32,1,0.075,0.003,0.03,NEXT_STEP,0,0.0358463223064505,0.0172869914641516,1.0086703678444924,-0.1773882516224927,Fault_Interface,14,0.0,0.0,0.3,1.0086703678444924,-0.1773882516224927,,,,,,,,,,,,,,10.947320231857905,63.35299760041254,52.40567736855464,GENROU_4,6,GENROU_1,1,1.0,1.0,0.0,GENROU_1,1,GENROU_1,1,1.4854503836890378,1.9941458977178543,GENROU_5,8,GENROU_2,2,1.0,1,1.0,2,1.0,3,1.0,6,1.0,8
33,1,0.078,0.003,0.03,NEXT_STEP,0,0.0358463223064505,0.0172869914641516,1.0086703672593826,-0.1773882522322862,Fault_Interface,14,0.0,0.0,0.3,1.0086703672593826,-0.1773882522322862,,,,,,,,,,,,,,10.947320231857905,63.35299760041254,52.40567736855464,GENROU_4,6,GENROU_1,1,1.0,1.0,0.0,GENROU_1,1,GENROU_1,1,1.4854503873366334,1.9941459369477577,GENROU_5,8,GENROU_2,2,1.0,1,1.0,2,1.0,3,1.0,6,1.0,8
34,1,0.081,0.003,0.03,NEXT_STEP,0,0.0358463223064505,0.0172869914641516,1.00867036670315,-0.1773882528193991,Fault_Interface,14,0.0,0.0,0.3,1.00867036670315,-0.1773882528193991,,,,,,,,,,,,,,10.947320231857905,63.35299760041254,52.40567736855464,GENROU_4,6,GENROU_1,1,1.0,1.0,0.0,GENROU_1,1,GENROU_1,1,1.4854503907952414,1.9941459745459704,GENROU_5,8,GENROU_2,2,1.0,1,1.0,2,1.0,3,1.0,6,1.0,8
35,1,0.084,0.003,0.03,NEXT_STEP,0,0.0358463223064505,0.0172869914641516,1.008670366175029,-0.177388253384683,Fault_Interface,14,0.0,0.0,0.3,1.008670366175029,-0.177388253384683,,,,,,,,,,,,,,10.947320231857905,63.35299760041254,52.40567736855464,GENROU_4,6,GENROU_1,1,1.0,1.0,0.0,GENROU_1,1,GENROU_1,1,1.4854503940758157,1.9941460104973123,GENROU_5,8,GENROU_2,2,1.0,1,1.0,2,1.0,3,1.0,6,1.0,8
36,1,0.087,0.003,0.03,NEXT_STEP,0,0.0358463223064505,0.0172869914641516,1.0086703656740712,-0.1773882539290213,Fault_Interface,14,0.0,0.0,0.3,1.0086703656740712,-0.1773882539290213,,,,,,,,,,,,,,10.947320231857905,63.35299760041254,52.40567736855464,GENROU_4,6,GENROU_1,1,1.0,1.0,0.0,GENROU_1,1,GENROU_1,1,1.4854503971894362,1.994146044809147,GENROU_5,8,GENROU_2,2,1.0,1,1.0,2,1.0,3,1.0,6,1.0,8
37,1,0.09,0.003,0.03,NEXT_STEP,0,0.0358463223064505,0.0172869914641516,1.0086703651992392,-0.1773882544532281,Fault_Interface,14,0.0,0.0,0.3,1.0086703651992392,-0.1773882544532281,,,,,,,,,,,,,,10.947320231857905,63.35299760041254,52.40567736855464,GENROU_4,6,GENROU_1,1,1.0,1.0,0.0,GENROU_1,1,GENROU_1,1,1.4854504001462163,1.9941460775066104,GENROU_5,8,GENROU_2,2,1.0,1,1.0,2,1.0,3,1.0,6,1.0,8
38,1,0.093,0.003,0.03,NEXT_STEP,0,0.0358463223064505,0.0172869914641516,1.008670364749642,-0.1773882549580832,Fault_Interface,14,0.0,0.0,0.3,1.008670364749642,-0.1773882549580832,,,,,,,,,,,,,,10.947320231857905,63.35299760041254,52.40567736855464,GENROU_4,6,GENROU_1,1,1.0,1.0,0.0,GENROU_1,1,GENROU_1,1,1.4854504029552684,1.994146108628415,GENROU_5,8,GENROU_2,2,1.0,1,1.0,2,1.0,3,1.0,6,1.0,8
39,1,0.096,0.003,0.03,NEXT_STEP,0,0.0358463223064505,0.0172869914641516,1.008670364324284,-0.1773882554442868,Fault_Interface,14,0.0,0.0,0.3,1.008670364324284,-0.1773882554442868,,,,,,,,,,,,,,10.947320231857905,63.35299760041254,52.40567736855464,GENROU_4,6,GENROU_1,1,1.0,1.0,0.0,GENROU_1,1,GENROU_1,1,1.4854504056249345,1.994146138223213,GENROU_5,8,GENROU_2,2,1.0,1,1.0,2,1.0,3,1.0,6,1.0,8
40,1,0.099,0.003,0.03,NEXT_STEP,0,0.0358463223064505,0.0172869914641516,1.0086703639222525,-0.1773882559123397,Fault_Interface,14,0.0,0.0,0.3,1.0086703639222525,-0.1773882559123397,,,,,,,,,,,,,,10.947320231857905,63.35299760041254,52.40567736855464,GENROU_4,6,GENROU_1,1,1.0,1.0,0.0,GENROU_1,1,GENROU_1,1,1.485450408162737,1.9941461663465112,GENROU_5,8,GENROU_2,2,1.0,1,1.0,2,1.0,3,1.0,6,1.0,8
41,1,0.102,0.003,0.03,NEXT_STEP,0,0.0358463223064505,0.0172869914641516,1.0086703635430465,-0.1773882563629355,Fault_Interface,14,0.0,0.0,0.3,1.0086703635430465,-0.1773882563629355,,,,,,,,,,,,,,10.947320231857905,63.35299760041254,52.40567736855464,GENROU_4,6,GENROU_1,1,1.0,1.0,0.0,GENROU_1,1,GENROU_1,1,1.4854504105755564,1.9941461930581124,GENROU_5,8,GENROU_2,2,1.0,1,1.0,2,1.0,3,1.0,6,1.0,8
42,1,0.105,0.003,0.03,NEXT_STEP,0,0.0358463223064505,0.0172869914641516,1.0086703631852256,-0.1773882567970203,Fault_Interface,14,0.0,0.0,0.3,1.0086703631852256,-0.1773882567970203,,,,,,,,,,,,,,10.947320231857905,63.35299760041254,52.40567736855464,GENROU_4,6,GENROU_1,1,1.0,1.0,0.0,GENROU_1,1,GENROU_1,1,1.4854504126658157,1.9941462184200336,GENROU_5,8,GENROU_2,2,1.0,1,1.0,2,1.0,3,1.0,6,1.0,8
43,1,0.108,0.003,0.03,NEXT_STEP,0,0.0358463223064505,0.0172869914641516,1.0086703628490532,-0.1773882572148917,Fault_Interface,14,0.0,0.0,0.3,1.0086703628490532,-0.1773882572148917,,,,,,,,,,,,,,10.947320231857905,63.35299760041254,52.40567736855464,GENROU_4,6,GENROU_1,1,1.0,1.0,0.0,GENROU_1,1,GENROU_1,1,1.485450414868791,1.9941462424948388,GENROU_5,8,GENROU_2,2,1.0,1,1.0,2,1.0,3,1.0,6,1.0,8
44,1,0.111,0.003,0.03,NEXT_STEP,0,0.0358463223064505,0.0172869914641516,1.0086703625326023,-0.1773882576171367,Fault_Interface,14,0.0,0.0,0.3,1.0086703625326023,-0.1773882576171367,,,,,,,,,,,,,,10.947320231857905,63.35299760041254,52.40567736855464,GENROU_4,6,GENROU_1,1,1.0,1.0,0.0,GENROU_1,1,GENROU_1,1,1.485450416799803,1.9941462653443736,GENROU_5,8,GENROU_2,2,1.0,1,1.0,2,1.0,3,1.0,6,1.0,8
45,1,0.114,0.003,0.03,NEXT_STEP,0,0.0358463223064505,0.0172869914641516,1.0086703622360724,-0.1773882580042252,Fault_Interface,14,0.0,0.0,0.3,1.0086703622360724,-0.1773882580042252,,,,,,,,,,,,,,10.947320231857905,63.35299760041254,52.40567736855464,GENROU_4,6,GENROU_1,1,1.0,1.0,0.0,GENROU_1,1,GENROU_1,1,1.4854504188251252,1.994146287028764,GENROU_5,8,GENROU_2,2,1.0,1,1.0,2,1.0,3,1.0,6,1.0,8
47,2,0.117,0.003,0.03,NEXT_STEP,0,0.0358463223055231,0.0172869914635547,1.0086703619582338,-0.1773882583765587,Fault_Interface,14,0.0,0.0,0.3,1.0086703619582338,-0.1773882583765587,,,,,,,,,,,,,,10.947320231857905,63.35299760041254,52.40567736855464,GENROU_4,6,GENROU_1,1,1.0,1.0,0.0,GENROU_1,1,GENROU_1,1,1.485450420596192,1.9941463076057695,GENROU_5,8,GENROU_2,2,1.0,1,1.0,2,1.0,3,1.0,6,1.0,8
49,2,0.12,0.003,0.03,NEXT_STEP,1,0.0358463223064453,0.0172869914641558,1.0086703616981307,-0.1773882587350568,Fault_Interface,14,0.0,0.0,0.3,1.0086703616981307,-0.1773882587350568,,,,,,,,,,,,,,10.947320231857905,63.35299760041254,52.40567736855464,GENROU_4,6,GENROU_1,1,1.0,1.0,0.0,GENROU_1,1,GENROU_1,1,1.4854504224445588,1.9941463271302695,GENROU_5,8,GENROU_2,2,1.0,1,1.0,2,1.0,3,1.0,6,1.0,8
50,1,0.123,0.003,0.03,NEXT_STEP,0,0.0358463223064453,0.0172869914641558,1.0086703614724812,-0.1773882590796947,Fault_Interface,14,0.0,0.0,0.3,1.0086703614724812,-0.1773882590796947,,,,,,,,,,,,,,10.947320231857905,63.35299760041254,52.40567736855464,GENROU_4,6,GENROU_1,1,1.0,1.0,0.0,GENROU_1,1,GENROU_1,1,1.485450424057418,1.994146345653643,GENROU_5,8,GENROU_2,2,1.0,1,1.0,2,1.0,3,1.0,6,1.0,8
51,1,0.126,0.003,0.03,NEXT_STEP,0,0.0358463223064453,0.0172869914641558,1.00867036126257,-0.1773882594111911,Fault_Interface,14,0.0,0.0,0.3,1.00867036126257,-0.1773882594111911,,,,,,,,,,,,,,10.947320231857905,63.35299760041254,52.40567736855464,GENROU_4,6,GENROU_1,1,1.0,1.0,0.0,GENROU_1,1,GENROU_1,1,1.4854504257487882,1.9941463632237253,GENROU_5,8,GENROU_2,2,1.0,1,1.0,2,1.0,3,1.0,6,1.0,8
52,1,0.129,0.003,0.03,NEXT_STEP,0,0.0358463223064453,0.0172869914641558,1.0086703610670011,-0.1773882597298153,Fault_Interface,14,0.0,0.0,0.3,1.0086703610670011,-0.1773882597298153,,,,,,,,,,,,,,10.947320231857905,63.35299760041254,52.40567736855464,GENROU_4,6,GENROU_1,1,1.0,1.0,0.0,GENROU_1,1,GENROU_1,1,1.485450427211374,1.9941463798838477,GENROU_5,8,GENROU_2,2,1.0,1,1.0,2,1.0,3,1.0,6,1.0,8
53,1,0.132,0.003,0.03,NEXT_STEP,0,0.0358463223064453,0.0172869914641558,1.0086703608863743,-0.1773882600359173,Fault_Interface,14,0.0,0.0,0.3,1.0086703608863743,-0.1773882600359173,,,,,,,,,,,,,,10.947320231857905,63.35299760041254,52.40567736855464,GENROU_4,6,GENROU_1,1,1.0,1.0,0.0,GENROU_1,1,GENROU_1,1,1.4854504287267891,1.994146395673368,GENROU_5,8,GENROU_2,2,1.0,1,1.0,2,1.0,3,1.0,6,1.0,8
54,1,0.135,0.003,0.03,NEXT_STEP,0,0.0358463223064453,0.0172869914641558,1.0086703607193714,-0.1773882603300613,Fault_Interface,14,0.0,0.0,0.3,1.0086703607193714,-0.1773882603300613,,,,,,,,,,,,,,10.947320231857905,63.35299760041254,52.40567736855464,GENROU_4,6,GENROU_1,1,1.0,1.0,0.0,GENROU_1,1,GENROU_1,1,1.485450430029287,1.994146410627324,GENROU_5,8,GENROU_2,2,1.0,1,1.0,2,1.0,3,1.0,6,1.0,8
55,1,0.138,0.003,0.03,NEXT_STEP,0,0.0358463223064453,0.0172869914641558,1.0086703605491578,-0.1773882606127087,Fault_Interface,14,0.0,0.0,0.3,1.0086703605491578,-0.1773882606127087,,,,,,,,,,,,,,10.947320231857905,63.35299760041254,52.40567736855464,GENROU_4,6,GENROU_1,1,1.0,1.0,0.0,GENROU_1,1,GENROU_1,1,1.48545043140077,1.994146424777767,GENROU_5,8,GENROU_2,2,1.0,1,1.0,2,1.0,3,1.0,6,1.0,8
56,1,0.141,0.003,0.03,NEXT_STEP,0,0.0358463223064453,0.0172869914641558,1.0086703604090543,-0.1773882608839708,Fault_Interface,14,0.0,0.0,0.3,1.0086703604090543,-0.1773882608839708,,,,,,,,,,,,,,10.947320231857905,63.35299760041254,52.40567736855464,GENROU_4,6,GENROU_1,1,1.0,1.0,0.0,GENROU_1,1,GENROU_1,1,1.4854504325540827,1.9941464381539575,GENROU_5,8,GENROU_2,2,1.0,1,1.0,2,1.0,3,1.0,6,1.0,8
57,1,0.144,0.003,0.03,NEXT_STEP,0,0.0358463223064453,0.0172869914641558,1.0086703602811469,-0.1773882611441196,Fault_Interface,14,0.0,0.0,0.3,1.0086703602811469,-0.1773882611441196,,,,,,,,,,,,,,10.947320231857905,63.35299760041254,52.40567736855464,GENROU_4,6,GENROU_1,1,1.0,1.0,0.0,GENROU_1,1,GENROU_1,1,1.4854504335762466,1.9941464507843227,GENROU_5,8,GENROU_2,2,1.0,1,1.0,2,1.0,3,1.0,6,1.0,8
58,1,0.147,0.003,0.03,NEXT_STEP,0,0.0358463223064453,0.0172869914641558,1.0086703601640856,-0.177388261393675,Fault_Interface,14,0.0,0.0,0.3,1.0086703601640856,-0.177388261393675,,,,,,,,,,,,,,10.947320231857905,63.35299760041254,52.40567736855464,GENROU_4,6,GENROU_1,1,1.0,1.0,0.0,GENROU_1,1,GENROU_1,1,1.485450434730346,1.9941464626719676,GENROU_5,8,GENROU_2,2,1.0,1,1.0,2,1.0,3,1.0,6,1.0,8
59,1,0.15,0.003,0.03,NEXT_STEP,0,0.0358463223064453,0.0172869914641558,1.0086703600585636,-0.1773882616329671,Fault_Interface,14,0.0,0.0,0.3,1.0086703600585636,-0.1773882616329671,,,,,,,,,,,,,,10.947320231857905,63.35299760041254,52.40567736855464,GENROU_4,6,GENROU_1,1,1.0,1.0,0.0,GENROU_1,1,GENROU_1,1,1.4854504357456904,1.9941464738696644,GENROU_5,8,GENROU_2,2,1.0,1,1.0,2,1.0,3,1.0,6,1.0,8
60,1,0.153,0.003,0.03,NEXT_STEP,0,0.0358463223064453,0.0172869914641558,1.0086703600585636,-0.1773882618621225,Fault_Interface,14,0.0,0.0,0.3,1.0086703600585636,-0.1773882618621225,,,,,,,,,,,,,,10.947320231857905,63.35299760041254,52.40567736855464,GENROU_4,6,GENROU_1,1,1.0,1.0,0.0,GENROU_1,1,GENROU_1,1,1.4854504366253014,1.9941464843630945,GENROU_5,8,GENROU_2,2,1.0,1,1.0,2,1.0,3,1.0,6,1.0,8
61,1,0.156,0.003,0.03,NEXT_STEP,0,0.0358463223064453,0.0172869914641558,1.0086703598922468,-0.1773882620744266,Fault_Interface,14,0.0,0.0,0.3,1.0086703598922468,-0.1773882620744266,,,,,,,,,,,,,,10.947320231857905,63.35299760041254,52.40567736855464,GENROU_4,6,GENROU_1,1,1.0,1.0,0.0,GENROU_1,1,GENROU_1,1,1.4854504375994169,1.9941464942229248,GENROU_5,8,GENROU_2,2,1.0,1,1.0,2,1.0,3,1.0,6,1.0,8
62,1,0.159,0.003,0.03,NEXT_STEP,0,0.0358463223064453,0.0172869914641558,1.0086703598922468,-0.1773882622785833,Fault_Interface,14,0.0,0.0,0.3,1.0086703598922468,-0.1773882622785833,,,,,,,,,,,,,,10.947320231857905,63.35299760041254,52.40567736855464,GENROU_4,6,GENROU_1,1,1.0,1.0,0.0,GENROU_1,1,GENROU_1,1,1.4854504384574034,1.9941465034431132,GENROU_5,8,GENROU_2,2,1.0,1,1.0,2,1.0,3,1.0,6,1.0,8
63,1,0.162,0.003,0.03,NEXT_STEP,0,0.0358463223064453,0.0172869914641558,1.0086703597711968,-0.1773882624745099,Fault_Interface,14,0.0,0.0,0.3,1.0086703597711968,-0.1773882624745099,,,,,,,,,,,,,,10.947320231857905,63.35299760041254,52.40567736855464,GENROU_4,6,GENROU_1,1,1.0,1.0,0.0,GENROU_1,1,GENROU_1,1,1.4854504391824566,1.994146512080736,GENROU_5,8,GENROU_2,2,1.0,1,1.0,2,1.0,3,1.0,6,1.0,8
64,1,0.165,0.003,0.03,NEXT_STEP,0,0.0358463223064453,0.0172869914641558,1.0086703597711968,-0.1773882626624223,Fault_Interface,14,0.0,0.0,0.3,1.0086703597711968,-0.1773882626624223,,,,,,,,,,,,,,10.947320231857905,63.35299760041254,52.40567736855464,GENROU_4,6,GENROU_1,1,1.0,1.0,0.0,GENROU_1,1,GENROU_1,1,1.4854504398055512,1.9941465197953463,GENROU_5,8,GENROU_2,2,1.0,1,1.0,2,1.0,3,1.0,6,1.0,8
65,1,0.168,0.003,0.03,NEXT_STEP,0,0.0358463223064453,0.0172869914641558,1.0086703597711968,-0.1773882628423222,Fault_Interface,14,0.0,0.0,0.3,1.0086703597711968,-0.1773882628423222,,,,,,,,,,,,,,10.947320231857905,63.35299760041254,52.40567736855464,GENROU_4,6,GENROU_1,1,1.0,1.0,0.0,GENROU_1,1,GENROU_1,1,1.485450440575669,1.9941465263620757,GENROU_5,8,GENROU_2,2,1.0,1,1.0,2,1.0,3,1.0,6,1.0,8
66,1,0.171,0.003,0.03,NEXT_STEP,0,0.0358463223064453,0.0172869914641558,1.0086703596443176,-0.1773882630150411,Fault_Interface,14,0.0,0.0,0.3,1.0086703596443176,-0.1773882630150411,,,,,,,,,,,,,,10.947320231857905,63.35299760041254,52.40567736855464,GENROU_4,6,GENROU_1,1,1.0,1.0,0.0,GENROU_1,1,GENROU_1,1,1.485450441247871,1.9941465319277871,GENROU_5,8,GENROU_2,2,1.0,1,1.0,2,1.0,3,1.0,6,1.0,8
67,1,0.174,0.003,0.03,NEXT_STEP,0,0.0358463223064453,0.0172869914641558,1.0086703596443176,-0.1773882631803312,Fault_Interface,14,0.0,0.0,0.3,1.0086703596443176,-0.1773882631803312,,,,,,,,,,,,,,10.947320231857905,63.35299760041254,52.40567736855464,GENROU_4,6,GENROU_1,1,1.0,1.0,0.0,GENROU_1,1,GENROU_1,1,1.4854504417960044,1.9941465366444129,GENROU_5,8,GENROU_2,2,1.0,1,1.0,2,1.0,3,1.0,6,1.0,8
68,1,0.177,0.003,0.03,NEXT_STEP,0,0.0358463223064453,0.0172869914641558,1.0086703596443176,-0.1773882633387748,Fault_Interface,14,0.0,0.0,0.3,1.0086703596443176,-0.1773882633387748,,,,,,,,,,,,,,10.947320231857905,63.35299760041254,52.40567736855464,GENROU_4,6,GENROU_1,1,1.0,1.0,0.0,GENROU_1,1,GENROU_1,1,1.485450442360709,1.9941465406427208,GENROU_5,8,GENROU_2,2,1.0,1,1.0,2,1.0,3,1.0,6,1.0,8
69,1,0.18,0.003,0.03,NEXT_STEP,0,0.0358463223064453,0.0172869914641558,1.0086703596443176,-0.1773882634904873,Fault_Interface,14,0.0,0.0,0.3,1.0086703596443176,-0.1773882634904873,,,,,,,,,,,,,,10.947320231857905,63.35299760041254,52.40567736855464,GENROU_4,6,GENROU_1,1,1.0,1.0,0.0,GENROU_1,1,GENROU_1,1,1.48545044257568,1.994146544033484,GENROU_5,8,GENROU_2,2,1.0,1,1.0,2,1.0,3,1.0,6,1.0,8
70,1,0.183,0.003,0.03,NEXT_STEP,0,0.0358463223064453,0.0172869914641558,1.0086703596443176,-0.1773882636355826,Fault_Interface,14,0.0,0.0,0.3,1.0086703596443176,-0.1773882636355826,,,,,,,,,,,,,,10.947320231857905,63.35299760041254,52.40567736855464,GENROU_4,6,GENROU_1,1,1.0,1.0,0.0,GENROU_1,1,GENROU_1,1,1.485450442918531,1.994146546910396,GENROU_5,8,GENROU_2,2,1.0,1,1.0,2,1.0,3,1.0,6,1.0,8
71,1,0.186,0.003,0.03,NEXT_STEP,0,0.0358463223064453,0.0172869914641558,1.0086703596443176,-0.1773882637746299,Fault_Interface,14,0.0,0.0,0.3,1.0086703596443176,-0.1773882637746299,,,,,,,,,,,,,,10.947320231857905,63.35299760041254,52.40567736855464,GENROU_4,6,GENROU_1,1,1.0,1.0,0.0,GENROU_1,1,GENROU_1,1,1.4854504427649224,1.9941465493526895,GENROU_5,8,GENROU_2,2,1.0,1,1.0,2,1.0,3,1.0,6,1.0,8
72,1,0.189,0.003,0.03,NEXT_STEP,0,0.0358463223064453,0.0172869914641558,1.0086703596443176,-0.1773882639077361,Fault_Interface,14,0.0,0.0,0.3,1.0086703596443176,-0.1773882639077361,,,,,,,,,,,,,,10.947320231857905,63.35299760041254,52.40567736855464,GENROU_4,6,GENROU_1,1,1.0,1.0,0.0,GENROU_1,1,GENROU_1,1,1.4854504427649224,1.9941465514273748,GENROU_5,8,GENROU_2,2,1.0,1,1.0,2,1.0,3,1.0,6,1.0,8
73,1,0.192,0.003,0.03,NEXT_STEP,0,0.0358463223064453,0.0172869914641558,1.0086703596443176,-0.1773882640348912,Fault_Interface,14,0.0,0.0,0.3,1.0086703596443176,-0.1773882640348912,,,,,,,,,,,,,,10.947320231857905,63.35299760041254,52.40567736855464,GENROU_4,6,GENROU_1,1,1.0,1.0,0.0,GENROU_1,1,GENROU_1,1,1.4854504427649224,1.9941465531911164,GENROU_5,8,GENROU_2,2,1.0,1,1.0,2,1.0,3,1.0,6,1.0,8
74,1,0.195,0.003,0.03,NEXT_STEP,0,0.0358463223064453,0.0172869914641558,1.0086703596443176,-0.1773882641541305,Fault_Interface,14,0.0,0.0,0.3,1.0086703596443176,-0.1773882641541305,,,,,,,,,,,,,,10.947320231857905,63.35299760041254,52.40567736855464,GENROU_4,6,GENROU_1,1,1.0,1.0,0.0,GENROU_1,1,GENROU_1,1,1.4854504427649224,1.99414655469002,GENROU_5,8,GENROU_2,2,1.0,1,1.0,2,1.0,3,1.0,6,1.0,8
75,1,0.198,0.003,0.03,NEXT_STEP,0,0.0358463223064453,0.0172869914641558,1.0086703596443176,-0.177388264267574,Fault_Interface,14,0.0,0.0,0.3,1.0086703596443176,-0.177388264267574,,,,,,,,,,,,,,10.947320231857905,63.35299760041254,52.40567736855464,GENROU_4,6,GENROU_1,1,1.0,1.0,0.0,GENROU_1,1,GENROU_1,1,1.4854504427649224,1.9941465559665927,GENROU_5,8,GENROU_2,2,1.0,1,1.0,2,1.0,3,1.0,6,1.0,8
76,1,0.201,0.003,0.03,NEXT_STEP,0,0.0358463223064453,0.0172869914641558,1.0086703596443176,-0.177388264267574,Fault_Interface,14,0.0,0.0,0.3,1.0086703596443176,-0.177388264267574,,,,,,,,,,,,,,10.947320231857905,63.35299760041254,52.40567736855464,GENROU_4,6,GENROU_1,1,1.0,1.0,0.0,GENROU_1,1,GENROU_1,1,1.4854504427649224,1.994146557054832,GENROU_5,8,GENROU_2,2,1.0,1,1.0,2,1.0,3,1.0,6,1.0,8
77,1,0.204,0.003,0.03,NEXT_STEP,0,0.0358463223064453,0.0172869914641558,1.0086703596443176,-0.1773882644110008,Fault_Interface,14,0.0,0.0,0.3,1.0086703596443176,-0.1773882644110008,,,,,,,,,,,,,,10.947320231857905,63.35299760041254,52.40567736855464,GENROU_4,6,GENROU_1,1,1.0,1.0,0.0,GENROU_1,1,GENROU_1,1,1.4854504429892217,1.9941465579812745,GENROU_5,8,GENROU_2,2,1.0,1,1.0,2,1.0,3,1.0,6,1.0,8
78,1,0.207,0.003,0.03,NEXT_STEP,0,0.0358463223064453,0.0172869914641558,1.008670359755389,-0.1773882644110008,Fault_Interface,14,0.0,0.0,0.3,1.008670359755389,-0.1773882644110008,,,,,,,,,,,,,,10.947320231857905,63.35299760041254,52.40567736855464,GENROU_4,6,GENROU_1,1,1.0,1.0,0.0,GENROU_1,1,GENROU_1,1,1.4854504434893994,1.994146558772521,GENROU_5,8,GENROU_2,2,1.0,1,1.0,2,1.0,3,1.0,6,1.0,8
79,1,0.21,0.003,0.03,NEXT_STEP,0,0.0358463223064453,0.0172869914641558,1.008670359755389,-0.1773882644110008,Fault_Interface,14,0.0,0.0,0.3,1.008670359755389,-0.1773882644110008,,,,,,,,,,,,,,10.947320231857905,63.35299760041254,52.40567736855464,GENROU_4,6,GENROU_1,1,1.0,1.0,0.0,GENROU_1,1,GENROU_1,1,1.4854504438640934,1.9941465594467285,GENROU_5,8,GENROU_2,2,1.0,1,1.0,2,1.0,3,1.0,6,1.0,8
80,1,0.213,0.003,0.03,NEXT_STEP,0,0.0358463223064453,0.0172869914641558,1.0086703599239102,-0.1773882645420564,Fault_Interface,14,0.0,0.0,0.3,1.0086703599239102,-0.1773882645420564,,,,,,,,,,,,,,10.947320231857905,63.35299760041254,52.40567736855464,GENROU_4,6,GENROU_1,1,1.0,1.0,0.0,GENROU_1,1,GENROU_1,1,1.4854504442525864,1.994146560050248,GENROU_5,8,GENROU_2,2,1.0,1,1.0,2,1.0,3,1.0,6,1.0,8
81,1,0.216,0.003,0.03,NEXT_STEP,0,0.0358463223064453,0.0172869914641558,1.0086703599239102,-0.1773882645420564,Fault_Interface,14,0.0,0.0,0.3,1.0086703599239102,-0.1773882645420564,,,,,,,,,,,,,,10.947320231857905,63.35299760041254,52.40567736855464,GENROU_4,6,GENROU_1,1,1.0,1.0,0.0,GENROU_1,1,GENROU_1,1,1.4854504442525864,1.994146560902469,GENROU_5,8,GENROU_2,2,1.0,1,1.0,2,1.0,3,1.0,6,1.0,8
82,1,0.219,0.003,0.03,NEXT_STEP,0,0.0358463223064453,0.0172869914641558,1.008670360101696,-0.1773882645420564,Fault_Interface,14,0.0,0.0,0.3,1.008670360101696,-0.1773882645420564,,,,,,,,,,,,,,10.947320231857905,63.35299760041254,52.40567736855464,GENROU_4,6,GENROU_1,1,1.0,1.0,0.0,GENROU_1,1,GENROU_1,1,1.4854504442525864,1.994146561989936,GENROU_5,8,GENROU_2,2,1.0,1,1.0,2,1.0,3,1.0,6,1.0,8
83,1,0.222,0.003,0.03,NEXT_STEP,0,0.0358463223064453,0.0172869914641558,1.0086703602077771,-0.1773882645420564,Fault_Interface,14,0.0,0.0,0.3,1.0086703602077771,-0.1773882645420564,,,,,,,,,,,,,,10.947320231857905,63.35299760041254,52.40567736855464,GENROU_4,6,GENROU_1,1,1.0,1.0,0.0,GENROU_1,1,GENROU_1,1,1.4854504442525864,1.9941465629445616,GENROU_5,8,GENROU_2,2,1.0,1,1.0,2,1.0,3,1.0,6,1.0,8
84,1,0.225,0.003,0.03,NEXT_STEP,0,0.0358463223064453,0.0172869914641558,1.008670360309634,-0.1773882646448735,Fault_Interface,14,0.0,0.0,0.3,1.008670360309634,-0.1773882646448735,,,,,,,,,,,,,,10.947320231857905,63.35299760041254,52.40567736855464,GENROU_4,6,GENROU_1,1,1.0,1.0,0.0,GENROU_1,1,GENROU_1,1,1.4854504443917107,1.994146563759171,GENROU_5,8,GENROU_2,2,1.0,1,1.0,2,1.0,3,1.0,6,1.0,8
85,1,0.228,0.003,0.03,NEXT_STEP,0,0.0358463223064453,0.0172869914641558,1.008670360309634,-0.1773882646448735,Fault_Interface,14,0.0,0.0,0.3,1.008670360309634,-0.1773882646448735,,,,,,,,,,,,,,10.947320231857905,63.35299760041254,52.40567736855464,GENROU_4,6,GENROU_1,1,1.0,1.0,0.0,GENROU_1,1,GENROU_1,1,1.4854504443917107,1.9941465644528973,GENROU_5,8,GENROU_2,2,1.0,1,1.0,2,1.0,3,1.0,6,1.0,8
86,1,0.231,0.003,0.03,NEXT_STEP,0,0.0358463223064453,0.0172869914641558,1.0086703604989078,-0.1773882646448735,Fault_Interface,14,0.0,0.0,0.3,1.0086703604989078,-0.1773882646448735,,,,,,,,,,,,,,10.947320231857905,63.35299760041254,52.40567736855464,GENROU_4,6,GENROU_1,1,1.0,1.0,0.0,GENROU_1,1,GENROU_1,1,1.4854504443917107,1.99414656504434,GENROU_5,8,GENROU_2,2,1.0,1,1.0,2,1.0,3,1.0,6,1.0,8
87,1,0.234,0.003,0.03,NEXT_STEP,0,0.0358463223064453,0.0172869914641558,1.0086703604989078,-0.1773882646448735,Fault_Interface,14,0.0,0.0,0.3,1.0086703604989078,-0.1773882646448735,,,,,,,,,,,,,,10.947320231857905,63.35299760041254,52.40567736855464,GENROU_4,6,GENROU_1,1,1.0,1.0,0.0,GENROU_1,1,GENROU_1,1,1.485450444549461,1.9941465655240769,GENROU_5,8,GENROU_2,2,1.0,1,1.0,2,1.0,3,1.0,6,1.0,8
88,1,0.237,0.003,0.03,NEXT_STEP,0,0.0358463223064453,0.0172869914641558,1.0086703606544951,-0.1773882646448735,Fault_Interface,14,0.0,0.0,0.3,1.0086703606544951,-0.1773882646448735,,,,,,,,,,,,,,10.947320231857905,63.35299760041254,52.40567736855464,GENROU_4,6,GENROU_1,1,1.0,1.0,0.0,GENROU_1,1,GENROU_1,1,1.485450444549461,1.994146565907292,GENROU_5,8,GENROU_2,2,1.0,1,1.0,2,1.0,3,1.0,6,1.0,8
89,1,0.24,0.003,0.03,NEXT_STEP,0,0.0358463223064453,0.0172869914641558,1.0086703606544951,-0.1773882646448735,Fault_Interface,14,0.0,0.0,0.3,1.0086703606544951,-0.1773882646448735,,,,,,,,,,,,,,10.947320231857905,63.35299760041254,52.40567736855464,GENROU_4,6,GENROU_1,1,1.0,1.0,0.0,GENROU_1,1,GENROU_1,1,1.485450444549461,1.9941465662084,GENROU_5,8,GENROU_2,2,1.0,1,1.0,2,1.0,3,1.0,6,1.0,8
90,1,0.243,0.003,0.03,NEXT_STEP,0,0.0358463223064453,0.0172869914641558,1.008670360819721,-0.1773882646448735,Fault_Interface,14,0.0,0.0,0.3,1.008670360819721,-0.1773882646448735,,,,,,,,,,,,,,10.947320231857905,63.35299760041254,52.40567736855464,GENROU_4,6,GENROU_1,1,1.0,1.0,0.0,GENROU_1,1,GENROU_1,1,1.485450444549461,1.9941465664405096,GENROU_5,8,GENROU_2,2,1.0,1,1.0,2,1.0,3,1.0,6,1.0,8
91,1,0.246,0.003,0.03,NEXT_STEP,0,0.0358463223064453,0.0172869914641558,1.008670360819721,-0.1773882646448735,Fault_Interface,14,0.0,0.0,0.3,1.008670360819721,-0.1773882646448735,,,,,,,,,,,,,,10.947320231857905,63.35299760041254,52.40567736855464,GENROU_4,6,GENROU_1,1,1.0,1.0,0.0,GENROU_1,1,GENROU_1,1,1.485450444549461,1.994146566571316,GENROU_5,8,GENROU_2,2,1.0,1,1.0,2,1.0,3,1.0,6,1.0,8
92,1,0.249,0.003,0.03,NEXT_STEP,0,0.0358463223064453,0.0172869914641558,1.008670361010208,-0.1773882646448735,Fault_Interface,14,0.0,0.0,0.3,1.008670361010208,-0.1773882646448735,,,,,,,,,,,,,,10.947320231857905,63.35299760041254,52.40567736855464,GENROU_4,6,GENROU_1,1,1.0,1.0,0.0,GENROU_1,1,GENROU_1,1,1.485450444549461,1.994146566571316,GENROU_5,8,GENROU_2,2,1.0,1,1.0,2,1.0,3,1.0,6,1.0,8
93,1,0.252,0.003,0.03,NEXT_STEP,0,0.0358463223064453,0.0172869914641558,1.008670361010208,-0.1773882645253466,Fault_Interface,14,0.0,0.0,0.3,1.008670361010208,-0.1773882645253466,,,,,,,,,,,,,,10.947320231857905,63.35299760041254,52.40567736855464,GENROU_4,6,GENROU_1,1,1.0,1.0,0.0,GENROU_1,1,GENROU_1,1,1.4854504447996797,1.994146566571316,GENROU_5,8,GENROU_2,2,1.0,1,1.0,2,1.0,3,1.0,6,1.0,8
94,1,0.255,0.003,0.03,NEXT_STEP,0,0.0358463223064453,0.0172869914641558,1.0086703611863657,-0.1773882645253466,Fault_Interface,14,0.0,0.0,0.3,1.0086703611863657,-0.1773882645253466,,,,,,,,,,,,,,10.947320231857905,63.35299760041254,52.40567736855464,GENROU_4,6,GENROU_1,1,1.0,1.0,0.0,GENROU_1,1,GENROU_1,1,1.4854504447996797,1.994146566571316,GENROU_5,8,GENROU_2,2,1.0,1,1.0,2,1.0,3,1.0,6,1.0,8
95,1,0.258,0.003,0.03,NEXT_STEP,0,0.0358463223064453,0.0172869914641558,1.0086703611863657,-0.1773882645253466,Fault_Interface,14,0.0,0.0,0.3,1.0086703611863657,-0.1773882645253466,,,,,,,,,,,,,,10.947320231857905,63.35299760041254,52.40567736855464,GENROU_4,6,GENROU_1,1,1.0,1.0,0.0,GENROU_1,1,GENROU_1,1,1.4854504447996797,1.994146566571316,GENROU_5,8,GENROU_2,2,1.0,1,1.0,2,1.0,3,1.0,6,1.0,8
96,1,0.261,0.003,0.03,NEXT_STEP,0,0.0358463223064453,0.0172869914641558,1.0086703613691437,-0.1773882645253466,Fault_Interface,14,0.0,0.0,0.3,1.0086703613691437,-0.1773882645253466,,,,,,,,,,,,,,10.947320231857905,63.35299760041254,52.40567736855464,GENROU_4,6,GENROU_1,1,1.0,1.0,0.0,GENROU_1,1,GENROU_1,1,1.4854504447996797,1.994146566571316,GENROU_5,8,GENROU_2,2,1.0,1,1.0,2,1.0,3,1.0,6,1.0,8
97,1,0.264,0.003,0.03,NEXT_STEP,0,0.0358463223064453,0.0172869914641558,1.0086703613691437,-0.1773882645253466,Fault_Interface,14,0.0,0.0,0.3,1.0086703613691437,-0.1773882645253466,,,,,,,,,,,,,,10.947320231857905,63.35299760041254,52.40567736855464,GENROU_4,6,GENROU_1,1,1.0,1.0,0.0,GENROU_1,1,GENROU_1,1,1.4854504447996797,1.9941465664072895,GENROU_5,8,GENROU_2,2,1.0,1,1.0,2,1.0,3,1.0,6,1.0,8
98,1,0.267,0.003,0.03,NEXT_STEP,0,0.0358463223064453,0.0172869914641558,1.0086703615503168,-0.1773882645253466,Fault_Interface,14,0.0,0.0,0.3,1.0086703615503168,-0.1773882645253466,,,,,,,,,,,,,,10.947320231857905,63.35299760041254,52.40567736855464,GENROU_4,6,GENROU_1,1,1.0,1.0,0.0,GENROU_1,1,GENROU_1,1,1.4854504449485233,1.9941465662322817,GENROU_5,8,GENROU_2,2,1.0,1,1.0,2,1.0,3,1.0,6,1.0,8
99,1,0.27,0.003,0.03,NEXT_STEP,0,0.0358463223064453,0.0172869914641558,1.0086703615503168,-0.1773882644085994,Fault_Interface,14,0.0,0.0,0.3,1.0086703615503168,-0.1773882644085994,,,,,,,,,,,,,,10.947320231857905,63.35299760041254,52.40567736855464,GENROU_4,6,GENROU_1,1,1.0,1.0,0.0,GENROU_1,1,GENROU_1,1,1.4854504449485233,1.9941465660137505,GENROU_5,8,GENROU_2,2,1.0,1,1.0,2,1.0,3,1.0,6,1.0,8
100,1,0.273,0.003,0.03,NEXT_STEP,0,0.0358463223064453,0.0172869914641558,1.0086703617170616,-0.1773882644085994,Fault_Interface,14,0.0,0.0,0.3,1.0086703617170616,-0.1773882644085994,,,,,,,,,,,,,,10.947320231857905,63.35299760041254,52.40567736855464,GENROU_4,6,GENROU_1,1,1.0,1.0,0.0,GENROU_1,1,GENROU_1,1,1.4854504450804191,1.9941465658002,GENROU_5,8,GENROU_2,2,1.0,1,1.0,2,1.0,3,1.0,6,1.0,8
101,1,0.276,0.003,0.03,NEXT_STEP,0,0.0358463223064453,0.0172869914641558,1.0086703617170616,-0.1773882644085994,Fault_Interface,14,0.0,0.0,0.3,1.0086703617170616,-0.1773882644085994,,,,,,,,,,,,,,10.947320231857905,63.35299760041254,52.40567736855464,GENROU_4,6,GENROU_1,1,1.0,1.0,0.0,GENROU_1,1,GENROU_1,1,1.4854504450804191,1.9941465655492676,GENROU_5,8,GENROU_2,2,1.0,1,1.0,2,1.0,3,1.0,6,1.0,8
102,1,0.279,0.003,0.03,NEXT_STEP,0,0.0358463223064453,0.0172869914641558,1.0086703618903174,-0.1773882643065053,Fault_Interface,14,0.0,0.0,0.3,1.0086703618903174,-0.1773882643065053,,,,,,,,,,,,,,10.947320231857905,63.35299760041254,52.40567736855464,GENROU_4,6,GENROU_1,1,1.0,1.0,0.0,GENROU_1,1,GENROU_1,1,1.4854504450804191,1.994146565308271,GENROU_5,8,GENROU_2,2,1.0,1,1.0,2,1.0,3,1.0,6,1.0,8
103,1,0.282,0.003,0.03,NEXT_STEP,0,0.0358463223064453,0.0172869914641558,1.0086703618903174,-0.1773882643065053,Fault_Interface,14,0.0,0.0,0.3,1.0086703618903174,-0.1773882643065053,,,,,,,,,,,,,,10.947320231857905,63.35299760041254,52.40567736855464,GENROU_4,6,GENROU_1,1,1.0,1.0,0.0,GENROU_1,1,GENROU_1,1,1.4854504450804191,1.9941465650339691,GENROU_5,8,GENROU_2,2,1.0,1,1.0,2,1.0,3,1.0,6,1.0,8
104,1,0.285,0.003,0.03,NEXT_STEP,0,0.0358463223064453,0.0172869914641558,1.008670362047717,-0.1773882643065053,Fault_Interface,14,0.0,0.0,0.3,1.008670362047717,-0.1773882643065053,,,,,,,,,,,,,,10.947320231857905,63.35299760041254,52.40567736855464,GENROU_4,6,GENROU_1,1,1.0,1.0,0.0,GENROU_1,1,GENROU_1,1,1.4854504450804191,1.9941465644432248,GENROU_5,8,GENROU_2,2,1.0,1,1.0,2,1.0,3,1.0,6,1.0,8
105,1,0.288,0.003,0.03,NEXT_STEP,0,0.0358463223064453,0.0172869914641558,1.008670362047717,-0.1773882641938338,Fault_Interface,14,0.0,0.0,0.3,1.008670362047717,-0.1773882641938338,,,,,,,,,,,,,,10.947320231857905,63.35299760041254,52.40567736855464,GENROU_4,6,GENROU_1,1,1.0,1.0,0.0,GENROU_1,1,GENROU_1,1,1.4854504450804191,1.9941465631893016,GENROU_5,8,GENROU_2,2,1.0,1,1.0,2,1.0,3,1.0,6,1.0,8
106,1,0.291,0.003,0.03,NEXT_STEP,0,0.0358463223064453,0.0172869914641558,1.0086703622140736,-0.1773882641938338,Fault_Interface,14,0.0,0.0,0.3,1.0086703622140736,-0.1773882641938338,,,,,,,,,,,,,,10.947320231857905,63.35299760041254,52.40567736855464,GENROU_4,6,GENROU_1,1,1.0,1.0,0.0,GENROU_1,1,GENROU_1,1,1.4854504450804191,1.9941465613756149,GENROU_5,8,GENROU_2,2,1.0,1,1.0,2,1.0,3,1.0,6,1.0,8
107,1,0.294,0.003,0.03,NEXT_STEP,0,0.0358463223064453,0.0172869914641558,1.0086703622140736,-0.1773882641938338,Fault_Interface,14,0.0,0.0,0.3,1.0086703622140736,-0.1773882641938338,,,,,,,,,,,,,,10.947320231857905,63.35299760041254,52.40567736855464,GENROU_4,6,GENROU_1,1,1.0,1.0,0.0,GENROU_1,1,GENROU_1,1,1.4854504449649382,1.9941465593743852,GENROU_5,8,GENROU_2,2,1.0,1,1.0,2,1.0,3,1.0,6,1.0,8
108,1,0.297,0.003,0.03,NEXT_STEP,0,0.0358463223064453,0.0172869914641558,1.0086703623894613,-0.1773882640815344,Fault_Interface,14,0.0,0.0,0.3,1.0086703623894613,-0.1773882640815344,,,,,,,,,,,,,,10.947320231857905,63.35299760041254,52.40567736855464,GENROU_4,6,GENROU_1,1,1.0,1.0,0.0,GENROU_1,1,GENROU_1,1,1.485450444639921,1.9941465572772987,GENROU_5,8,GENROU_2,2,1.0,1,1.0,2,1.0,3,1.0,6,1.0,8
109,1,0.3,0.003,0.03,NEXT_STEP,0,0.0358463223064453,0.0172869914641558,1.0086703623894613,-0.1773882640815344,Fault_Interface,14,0.0,0.0,0.3,1.0086703623894613,-0.1773882640815344,,,,,,,,,,,,,,10.947320231857905,63.35299760041254,52.40567736855464,GENROU_4,6,GENROU_1,1,1.0,1.0,0.0,GENROU_1,1,GENROU_1,1,1.485450444184946,1.9941465547318693,GENROU_5,8,GENROU_2,2,1.0,1,1.0,2,1.0,3,1.0,6,1.0,8
110,1,0.303,0.003,0.03,NEXT_STEP,0,0.0358463223064453,0.0172869914641558,1.0086703625451303,-0.1773882640815344,Fault_Interface,14,0.0,0.0,0.3,1.0086703625451303,-0.1773882640815344,,,,,,,,,,,,,,10.947320231857905,63.35299760041254,52.40567736855464,GENROU_4,6,GENROU_1,1,1.0,1.0,0.0,GENROU_1,1,GENROU_1,1,1.485450443906655,1.9941465518183297,GENROU_5,8,GENROU_2,2,1.0,1,1.0,2,1.0,3,1.0,6,1.0,8
111,1,0.306,0.003,0.03,NEXT_STEP,0,0.0358463223064453,0.0172869914641558,1.0086703625451303,-0.1773882639605563,Fault_Interface,14,0.0,0.0,0.3,1.0086703625451303,-0.1773882639605563,,,,,,,,,,,,,,10.947320231857905,63.35299760041254,52.40567736855464,GENROU_4,6,GENROU_1,1,1.0,1.0,0.0,GENROU_1,1,GENROU_1,1,1.4854504435378035,1.994146548894912,GENROU_5,8,GENROU_2,2,1.0,1,1.0,2,1.0,3,1.0,6,1.0,8
112,1,0.309,0.003,0.03,NEXT_STEP,0,0.0358463223064453,0.0172869914641558,1.0086703627230431,-0.1773882639605563,Fault_Interface,14,0.0,0.0,0.3,1.0086703627230431,-0.1773882639605563,,,,,,,,,,,,,,10.947320231857905,63.35299760041254,52.40567736855464,GENROU_4,6,GENROU_1,1,1.0,1.0,0.0,GENROU_1,1,GENROU_1,1,1.48545044366929,1.9941465460311265,GENROU_5,8,GENROU_2,2,1.0,1,1.0,2,1.0,3,1.0,6,1.0,8
113,1,0.312,0.003,0.03,NEXT_STEP,0,0.0358463223064453,0.0172869914641558,1.0086703627230431,-0.1773882639605563,Fault_Interface,14,0.0,0.0,0.3,1.0086703627230431,-0.1773882639605563,,,,,,,,,,,,,,10.947320231857905,63.35299760041254,52.40567736855464,GENROU_4,6,GENROU_1,1,1.0,1.0,0.0,GENROU_1,1,GENROU_1,1,1.48545044366929,1.994146543190528,GENROU_5,8,GENROU_2,2,1.0,1,1.0,2,1.0,3,1.0,6,1.0,8
114,1,0.315,0.003,0.03,NEXT_STEP,0,0.0358463223064453,0.0172869914641558,1.0086703629073772,-0.1773882638569484,Fault_Interface,14,0.0,0.0,0.3,1.0086703629073772,-0.1773882638569484,,,,,,,,,,,,,,10.947320231857905,63.35299760041254,52.40567736855464,GENROU_4,6,GENROU_1,1,1.0,1.0,0.0,GENROU_1,1,GENROU_1,1,1.48545044366929,1.99414654038494,GENROU_5,8,GENROU_2,2,1.0,1,1.0,2,1.0,3,1.0,6,1.0,8
115,1,0.318,0.003,0.03,NEXT_STEP,0,0.0358463223064453,0.0172869914641558,1.0086703629073772,-0.1773882638569484,Fault_Interface,14,0.0,0.0,0.3,1.0086703629073772,-0.1773882638569484,,,,,,,,,,,,,,10.947320231857905,63.35299760041254,52.40567736855464,GENROU_4,6,GENROU_1,1,1.0,1.0,0.0,GENROU_1,1,GENROU_1,1,1.48545044366929,1.99414653723981,GENROU_5,8,GENROU_2,2,1.0,1,1.0,2,1.0,3,1.0,6,1.0,8
116,1,0.321,0.003,0.03,NEXT_STEP,0,0.0358463223064453,0.0172869914641558,1.0086703631361982,-0.1773882638569484,Fault_Interface,14,0.0,0.0,0.3,1.0086703631361982,-0.1773882638569484,,,,,,,,,,,,,,10.947320231857905,63.35299760041254,52.40567736855464,GENROU_4,6,GENROU_1,1,1.0,1.0,0.0,GENROU_1,1,GENROU_1,1,1.4854504432612927,1.99414653381949,GENROU_5,8,GENROU_2,2,1.0,1,1.0,2,1.0,3,1.0,6,1.0,8
117,1,0.324,0.003,0.03,NEXT_STEP,0,0.0358463223064453,0.0172869914641558,1.0086703632715828,-0.1773882636845521,Fault_Interface,14,0.0,0.0,0.3,1.0086703632715828,-0.1773882636845521,,,,,,,,,,,,,,10.947320231857905,63.35299760041254,52.40567736855464,GENROU_4,6,GENROU_1,1,1.0,1.0,0.0,GENROU_1,1,GENROU_1,1,1.4854504426513502,1.99414653046984,GENROU_5,8,GENROU_2,2,1.0,1,1.0,2,1.0,3,1.0,6,1.0,8
118,1,0.327,0.003,0.03,NEXT_STEP,0,0.0358463223064453,0.0172869914641558,1.0086703634073424,-0.1773882636845521,Fault_Interface,14,0.0,0.0,0.3,1.0086703634073424,-0.1773882636845521,,,,,,,,,,,,,,10.947320231857905,63.35299760041254,52.40567736855464,GENROU_4,6,GENROU_1,1,1.0,1.0,0.0,GENROU_1,1,GENROU_1,1,1.4854504423082242,1.994146527245109,GENROU_5,8,GENROU_2,2,1.0,1,1.0,2,1.0,3,1.0,6,1.0,8
119,1,0.33,0.003,0.03,NEXT_STEP,0,0.0358463223064453,0.0172869914641558,1.008670363542935,-0.1773882635337961,Fault_Interface,14,0.0,0.0,0.3,1.008670363542935,-0.1773882635337961,,,,,,,,,,,,,,10.947320231857905,63.35299760041254,52.40567736855464,GENROU_4,6,GENROU_1,1,1.0,1.0,0.0,GENROU_1,1,GENROU_1,1,1.4854504418266634,1.99414652409652,GENROU_5,8,GENROU_2,2,1.0,1,1.0,2,1.0,3,1.0,6,1.0,8
120,1,0.333,0.003,0.03,NEXT_STEP,0,0.0358463223064453,0.0172869914641558,1.0086703636613377,-0.1773882635337961,Fault_Interface,14,0.0,0.0,0.3,1.0086703636613377,-0.1773882635337961,,,,,,,,,,,,,,10.947320231857905,63.35299760041254,52.40567736855464,GENROU_4,6,GENROU_1,1,1.0,1.0,0.0,GENROU_1,1,GENROU_1,1,1.485450441642381,1.9941465210215332,GENROU_5,8,GENROU_2,2,1.0,1,1.0,2,1.0,3,1.0,6,1.0,8
121,1,0.336,0.003,0.03,NEXT_STEP,0,0.0358463223064453,0.0172869914641558,1.0086703637979997,-0.1773882633824305,Fault_Interface,14,0.0,0.0,0.3,1.0086703637979997,-0.1773882633824305,,,,,,,,,,,,,,10.947320231857905,63.35299760041254,52.40567736855464,GENROU_4,6,GENROU_1,1,1.0,1.0,0.0,GENROU_1,1,GENROU_1,1,1.485450441642381,1.9941465176257347,GENROU_5,8,GENROU_2,2,1.0,1,1.0,2,1.0,3,1.0,6,1.0,8
122,1,0.339,0.003,0.03,NEXT_STEP,0,0.0358463223064453,0.0172869914641558,1.0086703639345385,-0.1773882633824305,Fault_Interface,14,0.0,0.0,0.3,1.0086703639345385,-0.1773882633824305,,,,,,,,,,,,,,10.947320231857905,63.35299760041254,52.40567736855464,GENROU_4,6,GENROU_1,1,1.0,1.0,0.0,GENROU_1,1,GENROU_1,1,1.485450441754605,1.9941465139638077,GENROU_5,8,GENROU_2,2,1.0,1,1.0,2,1.0,3,1.0,6,1.0,8
123,1,0.342,0.003,0.03,NEXT_STEP,0,0.0358463223064453,0.0172869914641558,1.0086703640620884,-0.1773882632463795,Fault_Interface,14,0.0,0.0,0.3,1.0086703640620884,-0.1773882632463795,,,,,,,,,,,,,,10.947320231857905,63.35299760041254,52.40567736855464,GENROU_4,6,GENROU_1,1,1.0,1.0,0.0,GENROU_1,1,GENROU_1,1,1.4854504410976457,1.99414651037976,GENROU_5,8,GENROU_2,2,1.0,1,1.0,2,1.0,3,1.0,6,1.0,8
124,1,0.345,0.003,0.03,NEXT_STEP,0,0.0358463223064453,0.0172869914641558,1.0086703641983472,-0.1773882632463795,Fault_Interface,14,0.0,0.0,0.3,1.0086703641983472,-0.1773882632463795,,,,,,,,,,,,,,10.947320231857905,63.35299760041254,52.40567736855464,GENROU_4,6,GENROU_1,1,1.0,1.0,0.0,GENROU_1,1,GENROU_1,1,1.4854504407007278,1.9941465069231556,GENROU_5,8,GENROU_2,2,1.0,1,1.0,2,1.0,3,1.0,6,1.0,8
125,1,0.348,0.003,0.03,NEXT_STEP,0,0.0358463223064453,0.0172869914641558,1.0086703643339625,-0.1773882630941894,Fault_Interface,14,0.0,0.0,0.3,1.0086703643339625,-0.1773882630941894,,,,,,,,,,,,,,10.947320231857905,63.35299760041254,52.40567736855464,GENROU_4,6,GENROU_1,1,1.0,1.0,0.0,GENROU_1,1,GENROU_1,1,1.4854504401648576,1.9941465031867007,GENROU_5,8,GENROU_2,2,1.0,1,1.0,2,1.0,3,1.0,6,1.0,8
126,1,0.351,0.003,0.03,NEXT_STEP,0,0.0358463223064453,0.0172869914641558,1.0086703644525827,-0.1773882630941894,Fault_Interface,14,0.0,0.0,0.3,1.0086703644525827,-0.1773882630941894,,,,,,,,,,,,,,10.947320231857905,63.35299760041254,52.40567736855464,GENROU_4,6,GENROU_1,1,1.0,1.0,0.0,GENROU_1,1,GENROU_1,1,1.485450439899199,1.9941464992177775,GENROU_5,8,GENROU_2,2,1.0,1,1.0,2,1.0,3,1.0,6,1.0,8
127,1,0.354,0.003,0.03,NEXT_STEP,0,0.0358463223064453,0.0172869914641558,1.0086703645588273,-0.177388262956443,Fault_Interface,14,0.0,0.0,0.3,1.0086703645588273,-0.177388262956443,,,,,,,,,,,,,,10.947320231857905,63.35299760041254,52.40567736855464,GENROU_4,6,GENROU_1,1,1.0,1.0,0.0,GENROU_1,1,GENROU_1,1,1.4854504394682704,1.994146495028833,GENROU_5,8,GENROU_2,2,1.0,1,1.0,2,1.0,3,1.0,6,1.0,8
128,1,0.357,0.003,0.03,NEXT_STEP,0,0.0358463223064453,0.0172869914641558,1.0086703646968729,-0.177388262956443,Fault_Interface,14,0.0,0.0,0.3,1.0086703646968729,-0.177388262956443,,,,,,,,,,,,,,10.947320231857905,63.35299760041254,52.40567736855464,GENROU_4,6,GENROU_1,1,1.0,1.0,0.0,GENROU_1,1,GENROU_1,1,1.4854504392982018,1.9941464907133613,GENROU_5,8,GENROU_2,2,1.0,1,1.0,2,1.0,3,1.0,6,1.0,8
129,1,0.36,0.003,0.03,NEXT_STEP,0,0.0358463223064453,0.0172869914641558,1.0086703648344544,-0.1773882628044221,Fault_Interface,14,0.0,0.0,0.3,1.0086703648344544,-0.1773882628044221,,,,,,,,,,,,,,10.947320231857905,63.35299760041254,52.40567736855464,GENROU_4,6,GENROU_1,1,1.0,1.0,0.0,GENROU_1,1,GENROU_1,1,1.4854504390463494,1.9941464865837977,GENROU_5,8,GENROU_2,2,1.0,1,1.0,2,1.0,3,1.0,6,1.0,8
130,1,0.363,0.003,0.03,NEXT_STEP,0,0.0358463223064453,0.0172869914641558,1.008670364976575,-0.1773882628044221,Fault_Interface,14,0.0,0.0,0.3,1.008670364976575,-0.1773882628044221,,,,,,,,,,,,,,10.947320231857905,63.35299760041254,52.40567736855464,GENROU_4,6,GENROU_1,1,1.0,1.0,0.0,GENROU_1,1,GENROU_1,1,1.4854504387038798,1.994146482669684,GENROU_5,8,GENROU_2,2,1.0,1,1.0,2,1.0,3,1.0,6,1.0,8
131,1,0.366,0.003,0.03,NEXT_STEP,0,0.0358463223064453,0.0172869914641558,1.008670365127693,-0.1773882626515607,Fault_Interface,14,0.0,0.0,0.3,1.008670365127693,-0.1773882626515607,,,,,,,,,,,,,,10.947320231857905,63.35299760041254,52.40567736855464,GENROU_4,6,GENROU_1,1,1.0,1.0,0.0,GENROU_1,1,GENROU_1,1,1.485450438319177,1.9941464785529373,GENROU_5,8,GENROU_2,2,1.0,1,1.0,2,1.0,3,1.0,6,1.0,8
132,1,0.369,0.003,0.03,NEXT_STEP,0,0.0358463223064453,0.0172869914641558,1.0086703652783828,-0.1773882626515607,Fault_Interface,14,0.0,0.0,0.3,1.0086703652783828,-0.1773882626515607,,,,,,,,,,,,,,10.947320231857905,63.35299760041254,52.40567736855464,GENROU_4,6,GENROU_1,1,1.0,1.0,0.0,GENROU_1,1,GENROU_1,1,1.4854504379751126,1.9941464742672292,GENROU_5,8,GENROU_2,2,1.0,1,1.0,2,1.0,3,1.0,6,1.0,8
133,1,0.372,0.003,0.03,NEXT_STEP,0,0.0358463223064453,0.0172869914641558,1.0086703654327798,-0.1773882624896302,Fault_Interface,14,0.0,0.0,0.3,1.0086703654327798,-0.1773882624896302,,,,,,,,,,,,,,10.947320231857905,63.35299760041254,52.40567736855464,GENROU_4,6,GENROU_1,1,1.0,1.0,0.0,GENROU_1,1,GENROU_1,1,1.4854504376634317,1.994146469810409,GENROU_5,8,GENROU_2,2,1.0,1,1.0,2,1.0,3,1.0,6,1.0,8
134,1,0.375,0.003,0.03,NEXT_STEP,0,0.0358463223064453,0.0172869914641558,1.0086703655828122,-0.1773882624896302,Fault_Interface,14,0.0,0.0,0.3,1.0086703655828122,-0.1773882624896302,,,,,,,,,,,,,,10.947320231857905,63.35299760041254,52.40567736855464,GENROU_4,6,GENROU_1,1,1.0,1.0,0.0,GENROU_1,1,GENROU_1,1,1.485450437426789,1.9941464652648213,GENROU_5,8,GENROU_2,2,1.0,1,1.0,2,1.0,3,1.0,6,1.0,8
135,1,0.378,0.003,0.03,NEXT_STEP,0,0.0358463223064453,0.0172869914641558,1.0086703657159783,-0.1773882623218269,Fault_Interface,14,0.0,0.0,0.3,1.0086703657159783,-0.1773882623218269,,,,,,,,,,,,,,10.947320231857905,63.35299760041254,52.40567736855464,GENROU_4,6,GENROU_1,1,1.0,1.0,0.0,GENROU_1,1,GENROU_1,1,1.4854504369308268,1.9941464609338737,GENROU_5,8,GENROU_2,2,1.0,1,1.0,2,1.0,3,1.0,6,1.0,8
136,1,0.381,0.003,0.03,NEXT_STEP,0,0.0358463223064453,0.0172869914641558,1.0086703658670204,-0.1773882623218269,Fault_Interface,14,0.0,0.0,0.3,1.0086703658670204,-0.1773882623218269,,,,,,,,,,,,,,10.947320231857905,63.35299760041254,52.40567736855464,GENROU_4,6,GENROU_1,1,1.0,1.0,0.0,GENROU_1,1,GENROU_1,1,1.4854504364611494,1.994146456839442,GENROU_5,8,GENROU_2,2,1.0,1,1.0,2,1.0,3,1.0,6,1.0,8
137,1,0.384,0.003,0.03,NEXT_STEP,0,0.0358463223064453,0.0172869914641558,1.0086703660045018,-0.1773882621624252,Fault_Interface,14,0.0,0.0,0.3,1.0086703660045018,-0.1773882621624252,,,,,,,,,,,,,,10.947320231857905,63.35299760041254,52.40567736855464,GENROU_4,6,GENROU_1,1,1.0,1.0,0.0,GENROU_1,1,GENROU_1,1,1.4854504360565817,1.994146452548626,GENROU_5,8,GENROU_2,2,1.0,1,1.0,2,1.0,3,1.0,6,1.0,8
138,1,0.387,0.003,0.03,NEXT_STEP,0,0.0358463223064453,0.0172869914641558,1.0086703661557392,-0.1773882621624252,Fault_Interface,14,0.0,0.0,0.3,1.0086703661557392,-0.1773882621624252,,,,,,,,,,,,,,10.947320231857905,63.35299760041254,52.40567736855464,GENROU_4,6,GENROU_1,1,1.0,1.0,0.0,GENROU_1,1,GENROU_1,1,1.485450435544864,1.9941464480923463,GENROU_5,8,GENROU_2,2,1.0,1,1.0,2,1.0,3,1.0,6,1.0,8
139,1,0.39,0.003,0.03,NEXT_STEP,0,0.0358463223064453,0.0172869914641558,1.008670366296885,-0.1773882620110794,Fault_Interface,14,0.0,0.0,0.3,1.008670366296885,-0.1773882620110794,,,,,,,,,,,,,,10.947320231857905,63.35299760041254,52.40567736855464,GENROU_4,6,GENROU_1,1,1.0,1.0,0.0,GENROU_1,1,GENROU_1,1,1.485450435353436,1.9941464434625364,GENROU_5,8,GENROU_2,2,1.0,1,1.0,2,1.0,3,1.0,6,1.0,8
140,1,0.393,0.003,0.03,NEXT_STEP,0,0.0358463223064453,0.0172869914641558,1.0086703664472496,-0.1773882620110794,Fault_Interface,14,0.0,0.0,0.3,1.0086703664472496,-0.1773882620110794,,,,,,,,,,,,,,10.947320231857905,63.35299760041254,52.40567736855464,GENROU_4,6,GENROU_1,1,1.0,1.0,0.0,GENROU_1,1,GENROU_1,1,1.48545043484733,1.994146438743246,GENROU_5,8,GENROU_2,2,1.0,1,1.0,2,1.0,3,1.0,6,1.0,8
141,1,0.396,0.003,0.03,NEXT_STEP,0,0.0358463223064453,0.0172869914641558,1.008670366596929,-0.1773882618442833,Fault_Interface,14,0.0,0.0,0.3,1.008670366596929,-0.1773882618442833,,,,,,,,,,,,,,10.947320231857905,63.35299760041254,52.40567736855464,GENROU_4,6,GENROU_1,1,1.0,1.0,0.0,GENROU_1,1,GENROU_1,1,1.4854504343851471,1.9941464339176609,GENROU_5,8,GENROU_2,2,1.0,1,1.0,2,1.0,3,1.0,6,1.0,8
142,1,0.399,0.003,0.03,NEXT_STEP,0,0.0358463223064453,0.0172869914641558,1.0086703667461097,-0.1773882618442833,Fault_Interface,14,0.0,0.0,0.3,1.0086703667461097,-0.1773882618442833,,,,,,,,,,,,,,10.947320231857905,63.35299760041254,52.40567736855464,GENROU_4,6,GENROU_1,1,1.0,1.0,0.0,GENROU_1,1,GENROU_1,1,1.4854504339807113,1.9941464290566104,GENROU_5,8,GENROU_2,2,1.0,1,1.0,2,1.0,3,1.0,6,1.0,8
143,1,0.402,0.003,0.03,NEXT_STEP,0,0.0358463223064453,0.0172869914641558,1.008670366886118,-0.1773882616958597,Fault_Interface,14,0.0,0.0,0.3,1.008670366886118,-0.1773882616958597,,,,,,,,,,,,,,10.947320231857905,63.35299760041254,52.40567736855464,GENROU_4,6,GENROU_1,1,1.0,1.0,0.0,GENROU_1,1,GENROU_1,1,1.485450433623491,1.9941464244540283,GENROU_5,8,GENROU_2,2,1.0,1,1.0,2,1.0,3,1.0,6,1.0,8
144,1,0.405,0.003,0.03,NEXT_STEP,0,0.0358463223064453,0.0172869914641558,1.0086703670178576,-0.1773882616958597,Fault_Interface,14,0.0,0.0,0.3,1.0086703670178576,-0.1773882616958597,,,,,,,,,,,,,,10.947320231857905,63.35299760041254,52.40567736855464,GENROU_4,6,GENROU_1,1,1.0,1.0,0.0,GENROU_1,1,GENROU_1,1,1.4854504331490637,1.9941464201251025,GENROU_5,8,GENROU_2,2,1.0,1,1.0,2,1.0,3,1.0,6,1.0,8
145,1,0.408,0.003,0.03,NEXT_STEP,0,0.0358463223064453,0.0172869914641558,1.0086703671672568,-0.1773882615302315,Fault_Interface,14,0.0,0.0,0.3,1.0086703671672568,-0.1773882615302315,,,,,,,,,,,,,,10.947320231857905,63.35299760041254,52.40567736855464,GENROU_4,6,GENROU_1,1,1.0,1.0,0.0,GENROU_1,1,GENROU_1,1,1.485450432755248,1.994146415626498,GENROU_5,8,GENROU_2,2,1.0,1,1.0,2,1.0,3,1.0,6,1.0,8
146,1,0.411,0.003,0.03,NEXT_STEP,0,0.0358463223064453,0.0172869914641558,1.008670367316417,-0.1773882615302315,Fault_Interface,14,0.0,0.0,0.3,1.008670367316417,-0.1773882615302315,,,,,,,,,,,,,,10.947320231857905,63.35299760041254,52.40567736855464,GENROU_4,6,GENROU_1,1,1.0,1.0,0.0,GENROU_1,1,GENROU_1,1,1.485450432312096,1.994146410985649,GENROU_5,8,GENROU_2,2,1.0,1,1.0,2,1.0,3,1.0,6,1.0,8
147,1,0.414,0.003,0.03,NEXT_STEP,0,0.0358463223064453,0.0172869914641558,1.0086703674650217,-0.1773882613667869,Fault_Interface,14,0.0,0.0,0.3,1.0086703674650217,-0.1773882613667869,,,,,,,,,,,,,,10.947320231857905,63.35299760041254,52.40567736855464,GENROU_4,6,GENROU_1,1,1.0,1.0,0.0,GENROU_1,1,GENROU_1,1,1.4854504319132038,1.9941464061903489,GENROU_5,8,GENROU_2,2,1.0,1,1.0,2,1.0,3,1.0,6,1.0,8
148,1,0.417,0.003,0.03,NEXT_STEP,0,0.0358463223064453,0.0172869914641558,1.00867036760379,-0.1773882613667869,Fault_Interface,14,0.0,0.0,0.3,1.00867036760379,-0.1773882613667869,,,,,,,,,,,,,,10.947320231857905,63.35299760041254,52.40567736855464,GENROU_4,6,GENROU_1,1,1.0,1.0,0.0,GENROU_1,1,GENROU_1,1,1.485450431558707,1.9941464013230965,GENROU_5,8,GENROU_2,2,1.0,1,1.0,2,1.0,3,1.0,6,1.0,8
149,1,0.42,0.003,0.03,NEXT_STEP,0,0.0358463223064453,0.0172869914641558,1.0086703677376223,-0.1773882612253376,Fault_Interface,14,0.0,0.0,0.3,1.0086703677376223,-0.1773882612253376,,,,,,,,,,,,,,10.947320231857905,63.35299760041254,52.40567736855464,GENROU_4,6,GENROU_1,1,1.0,1.0,0.0,GENROU_1,1,GENROU_1,1,1.4854504312329433,1.9941463963651624,GENROU_5,8,GENROU_2,2,1.0,1,1.0,2,1.0,3,1.0,6,1.0,8
150,1,0.423,0.003,0.03,NEXT_STEP,0,0.0358463223064453,0.0172869914641558,1.0086703678843536,-0.1773882612253376,Fault_Interface,14,0.0,0.0,0.3,1.0086703678843536,-0.1773882612253376,,,,,,,,,,,,,,10.947320231857905,63.35299760041254,52.40567736855464,GENROU_4,6,GENROU_1,1,1.0,1.0,0.0,GENROU_1,1,GENROU_1,1,1.4854504305697196,1.9941463913865085,GENROU_5,8,GENROU_2,2,1.0,1,1.0,2,1.0,3,1.0,6,1.0,8
151,1,0.426,0.003,0.03,NEXT_STEP,0,0.0358463223064453,0.0172869914641558,1.0086703680138442,-0.1773882610616997,Fault_Interface,14,0.0,0.0,0.3,1.0086703680138442,-0.1773882610616997,,,,,,,,,,,,,,10.947320231857905,63.35299760041254,52.40567736855464,GENROU_4,6,GENROU_1,1,1.0,1.0,0.0,GENROU_1,1,GENROU_1,1,1.4854504302296665,1.994146386682534,GENROU_5,8,GENROU_2,2,1.0,1,1.0,2,1.0,3,1.0,6,1.0,8
152,1,0.429,0.003,0.03,NEXT_STEP,0,0.0358463223064453,0.0172869914641558,1.0086703681606304,-0.1773882610616997,Fault_Interface,14,0.0,0.0,0.3,1.0086703681606304,-0.1773882610616997,,,,,,,,,,,,,,10.947320231857905,63.35299760041254,52.40567736855464,GENROU_4,6,GENROU_1,1,1.0,1.0,0.0,GENROU_1,1,GENROU_1,1,1.485450429879822,1.9941463822674503,GENROU_5,8,GENROU_2,2,1.0,1,1.0,2,1.0,3,1.0,6,1.0,8
153,1,0.432,0.003,0.03,NEXT_STEP,0,0.0358463223064453,0.0172869914641558,1.0086703683070704,-0.1773882608995355,Fault_Interface,14,0.0,0.0,0.3,1.0086703683070704,-0.1773882608995355,,,,,,,,,,,,,,10.947320231857905,63.35299760041254,52.40567736855464,GENROU_4,6,GENROU_1,1,1.0,1.0,0.0,GENROU_1,1,GENROU_1,1,1.4854504295611166,1.9941463776972064,GENROU_5,8,GENROU_2,2,1.0,1,1.0,2,1.0,3,1.0,6,1.0,8
154,1,0.435,0.003,0.03,NEXT_STEP,0,0.0358463223064453,0.0172869914641558,1.008670368452819,-0.1773882608995355,Fault_Interface,14,0.0,0.0,0.3,1.008670368452819,-0.1773882608995355,,,,,,,,,,,,,,10.947320231857905,63.35299760041254,52.40567736855464,GENROU_4,6,GENROU_1,1,1.0,1.0,0.0,GENROU_1,1,GENROU_1,1,1.4854504292643531,1.9941463729977325,GENROU_5,8,GENROU_2,2,1.0,1,1.0,2,1.0,3,1.0,6,1.0,8
155,1,0.438,0.003,0.03,NEXT_STEP,0,0.0358463223064453,0.0172869914641558,1.0086703685836185,-0.1773882607466748,Fault_Interface,14,0.0,0.0,0.3,1.0086703685836185,-0.1773882607466748,,,,,,,,,,,,,,10.947320231857905,63.35299760041254,52.40567736855464,GENROU_4,6,GENROU_1,1,1.0,1.0,0.0,GENROU_1,1,GENROU_1,1,1.4854504289852628,1.9941463681580676,GENROU_5,8,GENROU_2,2,1.0,1,1.0,2,1.0,3,1.0,6,1.0,8
156,1,0.441,0.003,0.03,NEXT_STEP,0,0.0358463223064453,0.0172869914641558,1.00867036871933,-0.1773882607466748,Fault_Interface,14,0.0,0.0,0.3,1.00867036871933,-0.1773882607466748,,,,,,,,,,,,,,10.947320231857905,63.35299760041254,52.40567736855464,GENROU_4,6,GENROU_1,1,1.0,1.0,0.0,GENROU_1,1,GENROU_1,1,1.4854504283374397,1.9941463632590268,GENROU_5,8,GENROU_2,2,1.0,1,1.0,2,1.0,3,1.0,6,1.0,8
157,1,0.444,0.003,0.03,NEXT_STEP,0,0.0358463223064453,0.0172869914641558,1.0086703688627872,-0.1773882606010893,Fault_Interface,14,0.0,0.0,0.3,1.0086703688627872,-0.1773882606010893,,,,,,,,,,,,,,10.947320231857905,63.35299760041254,52.40567736855464,GENROU_4,6,GENROU_1,1,1.0,1.0,0.0,GENROU_1,1,GENROU_1,1,1.4854504280444556,1.994146358281943,GENROU_5,8,GENROU_2,2,1.0,1,1.0,2,1.0,3,1.0,6,1.0,8
158,1,0.447,0.003,0.03,NEXT_STEP,0,0.0358463223064453,0.0172869914641558,1.0086703689891392,-0.1773882606010893,Fault_Interface,14,0.0,0.0,0.3,1.0086703689891392,-0.1773882606010893,,,,,,,,,,,,,,10.947320231857905,63.35299760041254,52.40567736855464,GENROU_4,6,GENROU_1,1,1.0,1.0,0.0,GENROU_1,1,GENROU_1,1,1.485450427659027,1.9941463532954948,GENROU_5,8,GENROU_2,2,1.0,1,1.0,2,1.0,3,1.0,6,1.0,8
159,1,0.45,0.003,0.03,NEXT_STEP,0,0.0358463223064453,0.0172869914641558,1.0086703691325092,-0.177388260441916,Fault_Interface,14,0.0,0.0,0.3,1.0086703691325092,-0.177388260441916,,,,,,,,,,,,,,10.947320231857905,63.35299760041254,52.40567736855464,GENROU_4,6,GENROU_1,1,1.0,1.0,0.0,GENROU_1,1,GENROU_1,1,1.4854504272942894,1.9941463485907187,GENROU_5,8,GENROU_2,2,1.0,1,1.0,2,1.0,3,1.0,6,1.0,8
160,1,0.453,0.003,0.03,NEXT_STEP,0,0.0358463223064453,0.0172869914641558,1.008670369261846,-0.177388260441916,Fault_Interface,14,0.0,0.0,0.3,1.008670369261846,-0.177388260441916,,,,,,,,,,,,,,10.947320231857905,63.35299760041254,52.40567736855464,GENROU_4,6,GENROU_1,1,1.0,1.0,0.0,GENROU_1,1,GENROU_1,1,1.4854504269745237,1.9941463441814689,GENROU_5,8,GENROU_2,2,1.0,1,1.0,2,1.0,3,1.0,6,1.0,8
161,1,0.456,0.003,0.03,NEXT_STEP,0,0.0358463223064453,0.0172869914641558,1.0086703694038872,-0.1773882602917334,Fault_Interface,14,0.0,0.0,0.3,1.0086703694038872,-0.1773882602917334,,,,,,,,,,,,,,10.947320231857905,63.35299760041254,52.40567736855464,GENROU_4,6,GENROU_1,1,1.0,1.0,0.0,GENROU_1,1,GENROU_1,1,1.4854504263444186,1.994146339629259,GENROU_5,8,GENROU_2,2,1.0,1,1.0,2,1.0,3,1.0,6,1.0,8
162,1,0.459,0.003,0.03,NEXT_STEP,0,0.0358463223064453,0.0172869914641558,1.0086703695364472,-0.1773882602917334,Fault_Interface,14,0.0,0.0,0.3,1.0086703695364472,-0.1773882602917334,,,,,,,,,,,,,,10.947320231857905,63.35299760041254,52.40567736855464,GENROU_4,6,GENROU_1,1,1.0,1.0,0.0,GENROU_1,1,GENROU_1,1,1.4854504260196693,1.9941463349591235,GENROU_5,8,GENROU_2,2,1.0,1,1.0,2,1.0,3,1.0,6,1.0,8
163,1,0.462,0.003,0.03,NEXT_STEP,0,0.0358463223064453,0.0172869914641558,1.0086703696767916,-0.1773882601496215,Fault_Interface,14,0.0,0.0,0.3,1.0086703696767916,-0.1773882601496215,,,,,,,,,,,,,,10.947320231857905,63.35299760041254,52.40567736855464,GENROU_4,6,GENROU_1,1,1.0,1.0,0.0,GENROU_1,1,GENROU_1,1,1.4854504256341463,1.9941463301606015,GENROU_5,8,GENROU_2,2,1.0,1,1.0,2,1.0,3,1.0,6,1.0,8
164,1,0.465,0.003,0.03,NEXT_STEP,0,0.0358463223064453,0.0172869914641558,1.0086703698001782,-0.1773882601496215,Fault_Interface,14,0.0,0.0,0.3,1.0086703698001782,-0.1773882601496215,,,,,,,,,,,,,,10.947320231857905,63.35299760041254,52.40567736855464,GENROU_4,6,GENROU_1,1,1.0,1.0,0.0,GENROU_1,1,GENROU_1,1,1.485450425289828,1.9941463253128668,GENROU_5,8,GENROU_2,2,1.0,1,1.0,2,1.0,3,1.0,6,1.0,8
165,1,0.468,0.003,0.03,NEXT_STEP,0,0.0358463223064453,0.0172869914641558,1.0086703698001782,-0.1773882600152432,Fault_Interface,14,0.0,0.0,0.3,1.0086703698001782,-0.1773882600152432,,,,,,,,,,,,,,10.947320231857905,63.35299760041254,52.40567736855464,GENROU_4,6,GENROU_1,1,1.0,1.0,0.0,GENROU_1,1,GENROU_1,1,1.4854504249704257,1.9941463207207768,GENROU_5,8,GENROU_2,2,1.0,1,1.0,2,1.0,3,1.0,6,1.0,8
166,1,0.471,0.003,0.03,NEXT_STEP,0,0.0358463223064453,0.0172869914641558,1.008670370038036,-0.1773882600152432,Fault_Interface,14,0.0,0.0,0.3,1.008670370038036,-0.1773882600152432,,,,,,,,,,,,,,10.947320231857905,63.35299760041254,52.40567736855464,GENROU_4,6,GENROU_1,1,1.0,1.0,0.0,GENROU_1,1,GENROU_1,1,1.4854504245448106,1.994146316404827,GENROU_5,8,GENROU_2,2,1.0,1,1.0,2,1.0,3,1.0,6,1.0,8
167,1,0.474,0.003,0.03,NEXT_STEP,0,0.0358463223064453,0.0172869914641558,1.0086703701781632,-0.1773882598599702,Fault_Interface,14,0.0,0.0,0.3,1.0086703701781632,-0.1773882598599702,,,,,,,,,,,,,,10.947320231857905,63.35299760041254,52.40567736855464,GENROU_4,6,GENROU_1,1,1.0,1.0,0.0,GENROU_1,1,GENROU_1,1,1.4854504241450617,1.994146311929368,GENROU_5,8,GENROU_2,2,1.0,1,1.0,2,1.0,3,1.0,6,1.0,8
168,1,0.477,0.003,0.03,NEXT_STEP,0,0.0358463223064453,0.0172869914641558,1.0086703703089073,-0.1773882598599702,Fault_Interface,14,0.0,0.0,0.3,1.0086703703089073,-0.1773882598599702,,,,,,,,,,,,,,10.947320231857905,63.35299760041254,52.40567736855464,GENROU_4,6,GENROU_1,1,1.0,1.0,0.0,GENROU_1,1,GENROU_1,1,1.485450423706061,1.9941463073236745,GENROU_5,8,GENROU_2,2,1.0,1,1.0,2,1.0,3,1.0,6,1.0,8
169,1,0.48,0.003,0.03,NEXT_STEP,0,0.0358463223064453,0.0172869914641558,1.0086703704167694,-0.1773882597274697,Fault_Interface,14,0.0,0.0,0.3,1.0086703704167694,-0.1773882597274697,,,,,,,,,,,,,,10.947320231857905,63.35299760041254,52.40567736855464,GENROU_4,6,GENROU_1,1,1.0,1.0,0.0,GENROU_1,1,GENROU_1,1,1.4854504233065606,1.994146302584368,GENROU_5,8,GENROU_2,2,1.0,1,1.0,2,1.0,3,1.0,6,1.0,8
170,1,0.483,0.003,0.03,NEXT_STEP,0,0.0358463223064453,0.0172869914641558,1.008670370556142,-0.1773882597274697,Fault_Interface,14,0.0,0.0,0.3,1.008670370556142,-0.1773882597274697,,,,,,,,,,,,,,10.947320231857905,63.35299760041254,52.40567736855464,GENROU_4,6,GENROU_1,1,1.0,1.0,0.0,GENROU_1,1,GENROU_1,1,1.485450422821859,1.9941462977931772,GENROU_5,8,GENROU_2,2,1.0,1,1.0,2,1.0,3,1.0,6,1.0,8
171,1,0.486,0.003,0.03,NEXT_STEP,0,0.0358463223064453,0.0172869914641558,1.0086703706944171,-0.1773882595744647,Fault_Interface,14,0.0,0.0,0.3,1.0086703706944171,-0.1773882595744647,,,,,,,,,,,,,,10.947320231857905,63.35299760041254,52.40567736855464,GENROU_4,6,GENROU_1,1,1.0,1.0,0.0,GENROU_1,1,GENROU_1,1,1.485450422656046,1.9941462932564575,GENROU_5,8,GENROU_2,2,1.0,1,1.0,2,1.0,3,1.0,6,1.0,8
172,1,0.489,0.003,0.03,NEXT_STEP,0,0.0358463223064453,0.0172869914641558,1.0086703708314286,-0.1773882595744647,Fault_Interface,14,0.0,0.0,0.3,1.0086703708314286,-0.1773882595744647,,,,,,,,,,,,,,10.947320231857905,63.35299760041254,52.40567736855464,GENROU_4,6,GENROU_1,1,1.0,1.0,0.0,GENROU_1,1,GENROU_1,1,1.4854504222140776,1.9941462889953685,GENROU_5,8,GENROU_2,2,1.0,1,1.0,2,1.0,3,1.0,6,1.0,8
173,1,0.492,0.003,0.03,NEXT_STEP,0,0.0358463223064453,0.0172869914641558,1.0086703708314286,-0.177388259445549,Fault_Interface,14,0.0,0.0,0.3,1.0086703708314286,-0.177388259445549,,,,,,,,,,,,,,10.947320231857905,63.35299760041254,52.40567736855464,GENROU_4,6,GENROU_1,1,1.0,1.0,0.0,GENROU_1,1,GENROU_1,1,1.4854504217907694,1.9941462845832767,GENROU_5,8,GENROU_2,2,1.0,1,1.0,2,1.0,3,1.0,6,1.0,8
174,1,0.495,0.003,0.03,NEXT_STEP,0,0.0358463223064453,0.0172869914641558,1.0086703710344158,-0.177388259445549,Fault_Interface,14,0.0,0.0,0.3,1.0086703710344158,-0.177388259445549,,,,,,,,,,,,,,10.947320231857905,63.35299760041254,52.40567736855464,GENROU_4,6,GENROU_1,1,1.0,1.0,0.0,GENROU_1,1,GENROU_1,1,1.4854504212791515,1.994146280048578,GENROU_5,8,GENROU_2,2,1.0,1,1.0,2,1.0,3,1.0,6,1.0,8
175,1,0.498,0.003,0.03,NEXT_STEP,0,0.0358463223064453,0.0172869914641558,1.0086703711715546,-0.1773882593082918,Fault_Interface,14,0.0,0.0,0.3,1.0086703711715546,-0.1773882593082918,,,,,,,,,,,,,,10.947320231857905,63.35299760041254,52.40567736855464,GENROU_4,6,GENROU_1,1,1.0,1.0,0.0,GENROU_1,1,GENROU_1,1,1.485450421025952,1.9941462753894392,GENROU_5,8,GENROU_2,2,1.0,1,1.0,2,1.0,3,1.0,6,1.0,8
176,1,0.501,0.003,0.03,NEXT_STEP,0,0.0358463223064453,0.0172869914641558,1.0086703713077974,-0.1773882593082918,Fault_Interface,14,0.0,0.0,0.3,1.0086703713077974,-0.1773882593082918,,,,,,,,,,,,,,10.947320231857905,63.35299760041254,52.40567736855464,GENROU_4,6,GENROU_1,1,1.0,1.0,0.0,GENROU_1,1,GENROU_1,1,1.4854504207479855,1.9941462706857047,GENROU_5,8,GENROU_2,2,1.0,1,1.0,2,1.0,3,1.0,6,1.0,8
177,1,0.504,0.003,0.03,NEXT_STEP,0,0.0358463223064453,0.0172869914641558,1.0086703714204166,-0.1773882591805007,Fault_Interface,14,0.0,0.0,0.3,1.0086703714204166,-0.1773882591805007,,,,,,,,,,,,,,10.947320231857905,63.35299760041254,52.40567736855464,GENROU_4,6,GENROU_1,1,1.0,1.0,0.0,GENROU_1,1,GENROU_1,1,1.4854504204842636,1.994146266236115,GENROU_5,8,GENROU_2,2,1.0,1,1.0,2,1.0,3,1.0,6,1.0,8
178,1,0.507,0.003,0.03,NEXT_STEP,0,0.0358463223064453,0.0172869914641558,1.0086703715382976,-0.1773882591805007,Fault_Interface,14,0.0,0.0,0.3,1.0086703715382976,-0.1773882591805007,,,,,,,,,,,,,,10.947320231857905,63.35299760041254,52.40567736855464,GENROU_4,6,GENROU_1,1,1.0,1.0,0.0,GENROU_1,1,GENROU_1,1,1.48545041986717,1.9941462620611627,GENROU_5,8,GENROU_2,2,1.0,1,1.0,2,1.0,3,1.0,6,1.0,8
179,1,0.51,0.003,0.03,NEXT_STEP,0,0.0358463223064453,0.0172869914641558,1.0086703716728296,-0.1773882590314499,Fault_Interface,14,0.0,0.0,0.3,1.0086703716728296,-0.1773882590314499,,,,,,,,,,,,,,10.947320231857905,63.35299760041254,52.40567736855464,GENROU_4,6,GENROU_1,1,1.0,1.0,0.0,GENROU_1,1,GENROU_1,1,1.485450419526559,1.994146257745711,GENROU_5,8,GENROU_2,2,1.0,1,1.0,2,1.0,3,1.0,6,1.0,8
180,1,0.513,0.003,0.03,NEXT_STEP,0,0.0358463223064453,0.0172869914641558,1.008670371798031,-0.1773882590314499,Fault_Interface,14,0.0,0.0,0.3,1.008670371798031,-0.1773882590314499,,,,,,,,,,,,,,10.947320231857905,63.35299760041254,52.40567736855464,GENROU_4,6,GENROU_1,1,1.0,1.0,0.0,GENROU_1,1,GENROU_1,1,1.4854504192070015,1.9941462533168717,GENROU_5,8,GENROU_2,2,1.0,1,1.0,2,1.0,3,1.0,6,1.0,8
181,1,0.516,0.003,0.03,NEXT_STEP,0,0.0358463223064453,0.0172869914641558,1.008670371798031,-0.1773882589306568,Fault_Interface,14,0.0,0.0,0.3,1.008670371798031,-0.1773882589306568,,,,,,,,,,,,,,10.947320231857905,63.35299760041254,52.40567736855464,GENROU_4,6,GENROU_1,1,1.0,1.0,0.0,GENROU_1,1,GENROU_1,1,1.485450418771546,1.9941462490893984,GENROU_5,8,GENROU_2,2,1.0,1,1.0,2,1.0,3,1.0,6,1.0,8
182,1,0.519,0.003,0.03,NEXT_STEP,0,0.0358463223064453,0.0172869914641558,1.0086703720079526,-0.1773882589306568,Fault_Interface,14,0.0,0.0,0.3,1.0086703720079526,-0.1773882589306568,,,,,,,,,,,,,,10.947320231857905,63.35299760041254,52.40567736855464,GENROU_4,6,GENROU_1,1,1.0,1.0,0.0,GENROU_1,1,GENROU_1,1,1.4854504186549633,1.994146245094478,GENROU_5,8,GENROU_2,2,1.0,1,1.0,2,1.0,3,1.0,6,1.0,8
183,1,0.522,0.003,0.03,NEXT_STEP,0,0.0358463223064453,0.0172869914641558,1.0086703721410897,-0.1773882587838792,Fault_Interface,14,0.0,0.0,0.3,1.0086703721410897,-0.1773882587838792,,,,,,,,,,,,,,10.947320231857905,63.35299760041254,52.40567736855464,GENROU_4,6,GENROU_1,1,1.0,1.0,0.0,GENROU_1,1,GENROU_1,1,1.4854504183966637,1.994146240916899,GENROU_5,8,GENROU_2,2,1.0,1,1.0,2,1.0,3,1.0,6,1.0,8
184,1,0.525,0.003,0.03,NEXT_STEP,0,0.0358463223064453,0.0172869914641558,1.0086703722536416,-0.1773882587838792,Fault_Interface,14,0.0,0.0,0.3,1.0086703722536416,-0.1773882587838792,,,,,,,,,,,,,,10.947320231857905,63.35299760041254,52.40567736855464,GENROU_4,6,GENROU_1,1,1.0,1.0,0.0,GENROU_1,1,GENROU_1,1,1.4854504182646544,1.994146236591968,GENROU_5,8,GENROU_2,2,1.0,1,1.0,2,1.0,3,1.0,6,1.0,8
185,1,0.528,0.003,0.03,NEXT_STEP,0,0.0358463223064453,0.0172869914641558,1.0086703723626842,-0.1773882586450424,Fault_Interface,14,0.0,0.0,0.3,1.0086703723626842,-0.1773882586450424,,,,,,,,,,,,,,10.947320231857905,63.35299760041254,52.40567736855464,GENROU_4,6,GENROU_1,1,1.0,1.0,0.0,GENROU_1,1,GENROU_1,1,1.4854504177093868,1.9941462324472832,GENROU_5,8,GENROU_2,2,1.0,1,1.0,2,1.0,3,1.0,6,1.0,8
186,1,0.531,0.003,0.03,NEXT_STEP,0,0.0358463223064453,0.0172869914641558,1.0086703724772177,-0.1773882586450424,Fault_Interface,14,0.0,0.0,0.3,1.0086703724772177,-0.1773882586450424,,,,,,,,,,,,,,10.947320231857905,63.35299760041254,52.40567736855464,GENROU_4,6,GENROU_1,1,1.0,1.0,0.0,GENROU_1,1,GENROU_1,1,1.485450417366274,1.994146228520037,GENROU_5,8,GENROU_2,2,1.0,1,1.0,2,1.0,3,1.0,6,1.0,8
187,1,0.534,0.003,0.03,NEXT_STEP,0,0.0358463223064453,0.0172869914641558,1.0086703725773611,-0.1773882585139018,Fault_Interface,14,0.0,0.0,0.3,1.0086703725773611,-0.1773882585139018,,,,,,,,,,,,,,10.947320231857905,63.35299760041254,52.40567736855464,GENROU_4,6,GENROU_1,1,1.0,1.0,0.0,GENROU_1,1,GENROU_1,1,1.485450417031951,1.9941462243967103,GENROU_5,8,GENROU_2,2,1.0,1,1.0,2,1.0,3,1.0,6,1.0,8
188,1,0.537,0.003,0.03,NEXT_STEP,0,0.0358463223064453,0.0172869914641558,1.0086703726854072,-0.1773882585139018,Fault_Interface,14,0.0,0.0,0.3,1.0086703726854072,-0.1773882585139018,,,,,,,,,,,,,,10.947320231857905,63.35299760041254,52.40567736855464,GENROU_4,6,GENROU_1,1,1.0,1.0,0.0,GENROU_1,1,GENROU_1,1,1.485450416611921,1.994146220116364,GENROU_5,8,GENROU_2,2,1.0,1,1.0,2,1.0,3,1.0,6,1.0,8
189,1,0.54,0.003,0.03,NEXT_STEP,0,0.0358463223064453,0.0172869914641558,1.0086703728077069,-0.1773882583626699,Fault_Interface,14,0.0,0.0,0.3,1.0086703728077069,-0.1773882583626699,,,,,,,,,,,,,,10.947320231857905,63.35299760041254,52.40567736855464,GENROU_4,6,GENROU_1,1,1.0,1.0,0.0,GENROU_1,1,GENROU_1,1,1.485450416504782,1.994146216011308,GENROU_5,8,GENROU_2,2,1.0,1,1.0,2,1.0,3,1.0,6,1.0,8
190,1,0.543,0.003,0.03,NEXT_STEP,0,0.0358463223064453,0.0172869914641558,1.0086703728077069,-0.1773882583626699,Fault_Interface,14,0.0,0.0,0.3,1.0086703728077069,-0.1773882583626699,,,,,,,,,,,,,,10.947320231857905,63.35299760041254,52.40567736855464,GENROU_4,6,GENROU_1,1,1.0,1.0,0.0,GENROU_1,1,GENROU_1,1,1.485450416274177,1.994146212121843,GENROU_5,8,GENROU_2,2,1.0,1,1.0,2,1.0,3,1.0,6,1.0,8
191,1,0.546,0.003,0.03,NEXT_STEP,0,0.0358463223064453,0.0172869914641558,1.008670373022185,-0.1773882582546607,Fault_Interface,14,0.0,0.0,0.3,1.008670373022185,-0.1773882582546607,,,,,,,,,,,,,,10.947320231857905,63.35299760041254,52.40567736855464,GENROU_4,6,GENROU_1,1,1.0,1.0,0.0,GENROU_1,1,GENROU_1,1,1.4854504158966595,1.994146208040158,GENROU_5,8,GENROU_2,2,1.0,1,1.0,2,1.0,3,1.0,6,1.0,8
192,1,0.549,0.003,0.03,NEXT_STEP,0,0.0358463223064453,0.0172869914641558,1.008670373022185,-0.1773882582546607,Fault_Interface,14,0.0,0.0,0.3,1.008670373022185,-0.1773882582546607,,,,,,,,,,,,,,10.947320231857905,63.35299760041254,52.40567736855464,GENROU_4,6,GENROU_1,1,1.0,1.0,0.0,GENROU_1,1,GENROU_1,1,1.485450415351815,1.9941462038065147,GENROU_5,8,GENROU_2,2,1.0,1,1.0,2,1.0,3,1.0,6,1.0,8
193,1,0.552,0.003,0.03,NEXT_STEP,0,0.0358463223064453,0.0172869914641558,1.0086703731837643,-0.1773882581362531,Fault_Interface,14,0.0,0.0,0.3,1.0086703731837643,-0.1773882581362531,,,,,,,,,,,,,,10.947320231857905,63.35299760041254,52.40567736855464,GENROU_4,6,GENROU_1,1,1.0,1.0,0.0,GENROU_1,1,GENROU_1,1,1.4854504151282129,1.9941461997511831,GENROU_5,8,GENROU_2,2,1.0,1,1.0,2,1.0,3,1.0,6,1.0,8
194,1,0.555,0.003,0.03,NEXT_STEP,0,0.0358463223064453,0.0172869914641558,1.008670373307137,-0.1773882581362531,Fault_Interface,14,0.0,0.0,0.3,1.008670373307137,-0.1773882581362531,,,,,,,,,,,,,,10.947320231857905,63.35299760041254,52.40567736855464,GENROU_4,6,GENROU_1,1,1.0,1.0,0.0,GENROU_1,1,GENROU_1,1,1.4854504147270164,1.994146195914413,GENROU_5,8,GENROU_2,2,1.0,1,1.0,2,1.0,3,1.0,6,1.0,8
195,1,0.558,0.003,0.03,NEXT_STEP,0,0.0358463223064453,0.0172869914641558,1.0086703734134774,-0.177388257987307,Fault_Interface,14,0.0,0.0,0.3,1.0086703734134774,-0.177388257987307,,,,,,,,,,,,,,10.947320231857905,63.35299760041254,52.40567736855464,GENROU_4,6,GENROU_1,1,1.0,1.0,0.0,GENROU_1,1,GENROU_1,1,1.4854504149170142,1.994146191899805,GENROU_5,8,GENROU_2,2,1.0,1,1.0,2,1.0,3,1.0,6,1.0,8
196,1,0.561,0.003,0.03,NEXT_STEP,0,0.0358463223064453,0.0172869914641558,1.0086703734134774,-0.177388257987307,Fault_Interface,14,0.0,0.0,0.3,1.0086703734134774,-0.177388257987307,,,,,,,,,,,,,,10.947320231857905,63.35299760041254,52.40567736855464,GENROU_4,6,GENROU_1,1,1.0,1.0,0.0,GENROU_1,1,GENROU_1,1,1.4854504145178986,1.9941461877457511,GENROU_5,8,GENROU_2,2,1.0,1,1.0,2,1.0,3,1.0,6,1.0,8
197,1,0.5640000000000001,0.003,0.03,NEXT_STEP,0,0.0358463223064453,0.0172869914641558,1.0086703736160094,-0.1773882578503599,Fault_Interface,14,0.0,0.0,0.3,1.0086703736160094,-0.1773882578503599,,,,,,,,,,,,,,10.947320231857905,63.35299760041254,52.40567736855464,GENROU_4,6,GENROU_1,1,1.0,1.0,0.0,GENROU_1,1,GENROU_1,1,1.485450414397685,1.9941461837737315,GENROU_5,8,GENROU_2,2,1.0,1,1.0,2,1.0,3,1.0,6,1.0,8
198,1,0.5670000000000001,0.003,0.03,NEXT_STEP,0,0.0358463223064453,0.0172869914641558,1.0086703737435745,-0.1773882578503599,Fault_Interface,14,0.0,0.0,0.3,1.0086703737435745,-0.1773882578503599,,,,,,,,,,,,,,10.947320231857905,63.35299760041254,52.40567736855464,GENROU_4,6,GENROU_1,1,1.0,1.0,0.0,GENROU_1,1,GENROU_1,1,1.4854504138206948,1.9941461800214293,GENROU_5,8,GENROU_2,2,1.0,1,1.0,2,1.0,3,1.0,6,1.0,8
199,1,0.5700000000000001,0.003,0.03,NEXT_STEP,0,0.0358463223064453,0.0172869914641558,1.0086703737435745,-0.1773882577247492,Fault_Interface,14,0.0,0.0,0.3,1.0086703737435745,-0.1773882577247492,,,,,,,,,,,,,,10.947320231857905,63.35299760041254,52.40567736855464,GENROU_4,6,GENROU_1,1,1.0,1.0,0.0,GENROU_1,1,GENROU_1,1,1.485450413516611,1.9941461764271151,GENROU_5,8,GENROU_2,2,1.0,1,1.0,2,1.0,3,1.0,6,1.0,8
200,1,0.5730000000000001,0.003,0.03,NEXT_STEP,0,0.0358463223064453,0.0172869914641558,1.0086703739353915,-0.1773882577247492,Fault_Interface,14,0.0,0.0,0.3,1.0086703739353915,-0.1773882577247492,,,,,,,,,,,,,,10.947320231857905,63.35299760041254,52.40567736855464,GENROU_4,6,GENROU_1,1,1.0,1.0,0.0,GENROU_1,1,GENROU_1,1,1.48545041304531,1.994146172979261,GENROU_5,8,GENROU_2,2,1.0,1,1.0,2,1.0,3,1.0,6,1.0,8
201,1,0.5760000000000001,0.003,0.03,NEXT_STEP,0,0.0358463223064453,0.0172869914641558,1.0086703740529417,-0.1773882576046903,Fault_Interface,14,0.0,0.0,0.3,1.0086703740529417,-0.1773882576046903,,,,,,,,,,,,,,10.947320231857905,63.35299760041254,52.40567736855464,GENROU_4,6,GENROU_1,1,1.0,1.0,0.0,GENROU_1,1,GENROU_1,1,1.4854504127933787,1.99414616928178,GENROU_5,8,GENROU_2,2,1.0,1,1.0,2,1.0,3,1.0,6,1.0,8
203,2,0.5790000000000001,0.003,0.03,NEXT_STEP,0,0.0358463223073827,0.0172869914647327,1.0086703741538705,-0.1773882576046903,Fault_Interface,14,0.0,0.0,0.3,1.0086703741538705,-0.1773882576046903,,,,,,,,,,,,,,10.947320231857905,63.35299760041254,52.40567736855464,GENROU_4,6,GENROU_1,1,1.0,1.0,0.0,GENROU_1,1,GENROU_1,1,1.485450412418066,1.9941461653836856,GENROU_5,8,GENROU_2,2,1.0,1,1.0,2,1.0,3,1.0,6,1.0,8
205,2,0.5820000000000001,0.003,0.03,NEXT_STEP,1,0.0358463223064373,0.0172869914641466,1.0086703741538705,-0.1773882574811438,Fault_Interface,14,0.0,0.0,0.3,1.0086703741538705,-0.1773882574811438,,,,,,,,,,,,,,10.947320231857905,63.35299760041254,52.40567736855464,GENROU_4,6,GENROU_1,1,1.0,1.0,0.0,GENROU_1,1,GENROU_1,1,1.4854504125629229,1.9941461616212504,GENROU_5,8,GENROU_2,2,1.0,1,1.0,2,1.0,3,1.0,6,1.0,8
207,2,0.5850000000000001,0.003,0.03,NEXT_STEP,0,0.0358463223064505,0.0172869914641516,1.0086703743238057,-0.1773882574811438,Fault_Interface,14,0.0,0.0,0.3,1.0086703743238057,-0.1773882574811438,,,,,,,,,,,,,,10.947320231857905,63.35299760041254,52.40567736855464,GENROU_4,6,GENROU_1,1,1.0,1.0,0.0,GENROU_1,1,GENROU_1,1,1.4854504120009375,1.9941461580411373,GENROU_5,8,GENROU_2,2,1.0,1,1.0,2,1.0,3,1.0,6,1.0,8
208,1,0.5880000000000001,0.003,0.03,NEXT_STEP,0,0.0358463223064505,0.0172869914641516,1.0086703744352958,-0.1773882573485532,Fault_Interface,14,0.0,0.0,0.3,1.0086703744352958,-0.1773882573485532,,,,,,,,,,,,,,10.947320231857905,63.35299760041254,52.40567736855464,GENROU_4,6,GENROU_1,1,1.0,1.0,0.0,GENROU_1,1,GENROU_1,1,1.485450411663226,1.994146154261993,GENROU_5,8,GENROU_2,2,1.0,1,1.0,2,1.0,3,1.0,6,1.0,8
209,1,0.5910000000000001,0.003,0.03,NEXT_STEP,0,0.0358463223064505,0.0172869914641516,1.0086703745448835,-0.1773882573485532,Fault_Interface,14,0.0,0.0,0.3,1.0086703745448835,-0.1773882573485532,,,,,,,,,,,,,,10.947320231857905,63.35299760041254,52.40567736855464,GENROU_4,6,GENROU_1,1,1.0,1.0,0.0,GENROU_1,1,GENROU_1,1,1.48545041116732,1.9941461503259956,GENROU_5,8,GENROU_2,2,1.0,1,1.0,2,1.0,3,1.0,6,1.0,8
210,1,0.5940000000000001,0.003,0.03,NEXT_STEP,0,0.0358463223064505,0.0172869914641516,1.0086703745448835,-0.1773882572453259,Fault_Interface,14,0.0,0.0,0.3,1.0086703745448835,-0.1773882572453259,,,,,,,,,,,,,,10.947320231857905,63.35299760041254,52.40567736855464,GENROU_4,6,GENROU_1,1,1.0,1.0,0.0,GENROU_1,1,GENROU_1,1,1.4854504109276827,1.9941461465530943,GENROU_5,8,GENROU_2,2,1.0,1,1.0,2,1.0,3,1.0,6,1.0,8
211,1,0.5970000000000001,0.003,0.03,NEXT_STEP,0,0.0358463223064505,0.0172869914641516,1.008670374720279,-0.1773882572453259,Fault_Interface,14,0.0,0.0,0.3,1.008670374720279,-0.1773882572453259,,,,,,,,,,,,,,10.947320231857905,63.35299760041254,52.40567736855464,GENROU_4,6,GENROU_1,1,1.0,1.0,0.0,GENROU_1,1,GENROU_1,1,1.4854504105845503,1.994146143300292,GENROU_5,8,GENROU_2,2,1.0,1,1.0,2,1.0,3,1.0,6,1.0,8
212,1,0.6000000000000001,0.003,0.03,NEXT_STEP,0,0.0358463223064505,0.0172869914641516,1.008670374720279,-0.1773882571069552,Fault_Interface,14,0.0,0.0,0.3,1.008670374720279,-0.1773882571069552,,,,,,,,,,,,,,10.947320231857905,63.35299760041254,52.40567736855464,GENROU_4,6,GENROU_1,1,1.0,1.0,0.0,GENROU_1,1,GENROU_1,1,1.4854504107457818,1.99414614015256,GENROU_5,8,GENROU_2,2,1.0,1,1.0,2,1.0,3,1.0,6,1.0,8
213,1,0.6030000000000001,0.003,0.03,NEXT_STEP,0,0.0358463223064505,0.0172869914641516,1.0086703748955024,-0.1773882571069552,Fault_Interface,14,0.0,0.0,0.3,1.0086703748955024,-0.1773882571069552,,,,,,,,,,,,,,10.947320231857905,63.35299760041254,52.40567736855464,GENROU_4,6,GENROU_1,1,1.0,1.0,0.0,GENROU_1,1,GENROU_1,1,1.4854504107457818,1.994146136743474,GENROU_5,8,GENROU_2,2,1.0,1,1.0,2,1.0,3,1.0,6,1.0,8
214,1,0.606,0.003,0.03,NEXT_STEP,0,0.0358463223064505,0.0172869914641516,1.0086703750035284,-0.1773882569953655,Fault_Interface,14,0.0,0.0,0.3,1.0086703750035284,-0.1773882569953655,,,,,,,,,,,,,,10.947320231857905,63.35299760041254,52.40567736855464,GENROU_4,6,GENROU_1,1,1.0,1.0,0.0,GENROU_1,1,GENROU_1,1,1.4854504102946509,1.9941461333816684,GENROU_5,8,GENROU_2,2,1.0,1,1.0,2,1.0,3,1.0,6,1.0,8
215,1,0.609,0.003,0.03,NEXT_STEP,0,0.0358463223064505,0.0172869914641516,1.0086703750035284,-0.1773882569953655,Fault_Interface,14,0.0,0.0,0.3,1.0086703750035284,-0.1773882569953655,,,,,,,,,,,,,,10.947320231857905,63.35299760041254,52.40567736855464,GENROU_4,6,GENROU_1,1,1.0,1.0,0.0,GENROU_1,1,GENROU_1,1,1.4854504096919765,1.994146130128268,GENROU_5,8,GENROU_2,2,1.0,1,1.0,2,1.0,3,1.0,6,1.0,8
216,1,0.612,0.003,0.03,NEXT_STEP,0,0.0358463223064505,0.0172869914641516,1.0086703751659556,-0.1773882568831175,Fault_Interface,14,0.0,0.0,0.3,1.0086703751659556,-0.1773882568831175,,,,,,,,,,,,,,10.947320231857905,63.35299760041254,52.40567736855464,GENROU_4,6,GENROU_1,1,1.0,1.0,0.0,GENROU_1,1,GENROU_1,1,1.4854504093702892,1.9941461266032896,GENROU_5,8,GENROU_2,2,1.0,1,1.0,2,1.0,3,1.0,6,1.0,8
217,1,0.615,0.003,0.03,NEXT_STEP,0,0.0358463223064505,0.0172869914641516,1.0086703752718116,-0.1773882568831175,Fault_Interface,14,0.0,0.0,0.3,1.0086703752718116,-0.1773882568831175,,,,,,,,,,,,,,10.947320231857905,63.35299760041254,52.40567736855464,GENROU_4,6,GENROU_1,1,1.0,1.0,0.0,GENROU_1,1,GENROU_1,1,1.4854504089491127,1.9941461228624904,GENROU_5,8,GENROU_2,2,1.0,1,1.0,2,1.0,3,1.0,6,1.0,8
218,1,0.618,0.003,0.03,NEXT_STEP,0,0.0358463223064505,0.0172869914641516,1.0086703752718116,-0.1773882567563667,Fault_Interface,14,0.0,0.0,0.3,1.0086703752718116,-0.1773882567563667,,,,,,,,,,,,,,10.947320231857905,63.35299760041254,52.40567736855464,GENROU_4,6,GENROU_1,1,1.0,1.0,0.0,GENROU_1,1,GENROU_1,1,1.485450408809841,1.9941461192473613,GENROU_5,8,GENROU_2,2,1.0,1,1.0,2,1.0,3,1.0,6,1.0,8
219,1,0.621,0.003,0.03,NEXT_STEP,0,0.0358463223064505,0.0172869914641516,1.0086703754410289,-0.1773882567563667,Fault_Interface,14,0.0,0.0,0.3,1.0086703754410289,-0.1773882567563667,,,,,,,,,,,,,,10.947320231857905,63.35299760041254,52.40567736855464,GENROU_4,6,GENROU_1,1,1.0,1.0,0.0,GENROU_1,1,GENROU_1,1,1.485450408809841,1.994146116129233,GENROU_5,8,GENROU_2,2,1.0,1,1.0,2,1.0,3,1.0,6,1.0,8
220,1,0.624,0.003,0.03,NEXT_STEP,0,0.0358463223064505,0.0172869914641516,1.0086703755442974,-0.1773882567563667,Fault_Interface,14,0.0,0.0,0.3,1.0086703755442974,-0.1773882567563667,,,,,,,,,,,,,,10.947320231857905,63.35299760041254,52.40567736855464,GENROU_4,6,GENROU_1,1,1.0,1.0,0.0,GENROU_1,1,GENROU_1,1,1.485450408809841,1.994146113098936,GENROU_5,8,GENROU_2,2,1.0,1,1.0,2,1.0,3,1.0,6,1.0,8
221,1,0.627,0.003,0.03,NEXT_STEP,0,0.0358463223064505,0.0172869914641516,1.0086703755442974,-0.1773882566022829,Fault_Interface,14,0.0,0.0,0.3,1.0086703755442974,-0.1773882566022829,,,,,,,,,,,,,,10.947320231857905,63.35299760041254,52.40567736855464,GENROU_4,6,GENROU_1,1,1.0,1.0,0.0,GENROU_1,1,GENROU_1,1,1.4854504084813085,1.994146109789736,GENROU_5,8,GENROU_2,2,1.0,1,1.0,2,1.0,3,1.0,6,1.0,8
222,1,0.63,0.003,0.03,NEXT_STEP,0,0.0358463223064505,0.0172869914641516,1.0086703757069757,-0.1773882566022829,Fault_Interface,14,0.0,0.0,0.3,1.0086703757069757,-0.1773882566022829,,,,,,,,,,,,,,10.947320231857905,63.35299760041254,52.40567736855464,GENROU_4,6,GENROU_1,1,1.0,1.0,0.0,GENROU_1,1,GENROU_1,1,1.4854504080825526,1.9941461065193755,GENROU_5,8,GENROU_2,2,1.0,1,1.0,2,1.0,3,1.0,6,1.0,8
223,1,0.633,0.003,0.03,NEXT_STEP,0,0.0358463223064505,0.0172869914641516,1.0086703757069757,-0.177388256479185,Fault_Interface,14,0.0,0.0,0.3,1.0086703757069757,-0.177388256479185,,,,,,,,,,,,,,10.947320231857905,63.35299760041254,52.40567736855464,GENROU_4,6,GENROU_1,1,1.0,1.0,0.0,GENROU_1,1,GENROU_1,1,1.4854504075251067,1.9941461033509105,GENROU_5,8,GENROU_2,2,1.0,1,1.0,2,1.0,3,1.0,6,1.0,8
224,1,0.636,0.003,0.03,NEXT_STEP,0,0.0358463223064505,0.0172869914641516,1.0086703759056277,-0.177388256479185,Fault_Interface,14,0.0,0.0,0.3,1.0086703759056277,-0.177388256479185,,,,,,,,,,,,,,10.947320231857905,63.35299760041254,52.40567736855464,GENROU_4,6,GENROU_1,1,1.0,1.0,0.0,GENROU_1,1,GENROU_1,1,1.4854504072095616,1.994146099913329,GENROU_5,8,GENROU_2,2,1.0,1,1.0,2,1.0,3,1.0,6,1.0,8
225,1,0.639,0.003,0.03,NEXT_STEP,0,0.0358463223064505,0.0172869914641516,1.0086703759056277,-0.177388256479185,Fault_Interface,14,0.0,0.0,0.3,1.0086703759056277,-0.177388256479185,,,,,,,,,,,,,,10.947320231857905,63.35299760041254,52.40567736855464,GENROU_4,6,GENROU_1,1,1.0,1.0,0.0,GENROU_1,1,GENROU_1,1,1.48545040681196,1.994146096263496,GENROU_5,8,GENROU_2,2,1.0,1,1.0,2,1.0,3,1.0,6,1.0,8
226,1,0.642,0.003,0.03,NEXT_STEP,0,0.0358463223064505,0.0172869914641516,1.0086703760276157,-0.1773882563304484,Fault_Interface,14,0.0,0.0,0.3,1.0086703760276157,-0.1773882563304484,,,,,,,,,,,,,,10.947320231857905,63.35299760041254,52.40567736855464,GENROU_4,6,GENROU_1,1,1.0,1.0,0.0,GENROU_1,1,GENROU_1,1,1.4854504070072096,1.9941460927384196,GENROU_5,8,GENROU_2,2,1.0,1,1.0,2,1.0,3,1.0,6,1.0,8
227,1,0.645,0.003,0.03,NEXT_STEP,0,0.0358463223064505,0.0172869914641516,1.0086703760276157,-0.1773882563304484,Fault_Interface,14,0.0,0.0,0.3,1.0086703760276157,-0.1773882563304484,,,,,,,,,,,,,,10.947320231857905,63.35299760041254,52.40567736855464,GENROU_4,6,GENROU_1,1,1.0,1.0,0.0,GENROU_1,1,GENROU_1,1,1.4854504066165886,1.9941460896985683,GENROU_5,8,GENROU_2,2,1.0,1,1.0,2,1.0,3,1.0,6,1.0,8
228,1,0.648,0.003,0.03,NEXT_STEP,0,0.0358463223064505,0.0172869914641516,1.008670376227795,-0.177388256213528,Fault_Interface,14,0.0,0.0,0.3,1.008670376227795,-0.177388256213528,,,,,,,,,,,,,,10.947320231857905,63.35299760041254,52.40567736855464,GENROU_4,6,GENROU_1,1,1.0,1.0,0.0,GENROU_1,1,GENROU_1,1,1.4854504066165886,1.9941460867485763,GENROU_5,8,GENROU_2,2,1.0,1,1.0,2,1.0,3,1.0,6,1.0,8
229,1,0.651,0.003,0.03,NEXT_STEP,0,0.0358463223064505,0.0172869914641516,1.008670376335063,-0.177388256213528,Fault_Interface,14,0.0,0.0,0.3,1.008670376335063,-0.177388256213528,,,,,,,,,,,,,,10.947320231857905,63.35299760041254,52.40567736855464,GENROU_4,6,GENROU_1,1,1.0,1.0,0.0,GENROU_1,1,GENROU_1,1,1.4854504066165886,1.994146083556077,GENROU_5,8,GENROU_2,2,1.0,1,1.0,2,1.0,3,1.0,6,1.0,8
230,1,0.654,0.003,0.03,NEXT_STEP,0,0.0358463223064505,0.0172869914641516,1.008670376335063,-0.177388256213528,Fault_Interface,14,0.0,0.0,0.3,1.008670376335063,-0.177388256213528,,,,,,,,,,,,,,10.947320231857905,63.35299760041254,52.40567736855464,GENROU_4,6,GENROU_1,1,1.0,1.0,0.0,GENROU_1,1,GENROU_1,1,1.485450406038903,1.9941460804023017,GENROU_5,8,GENROU_2,2,1.0,1,1.0,2,1.0,3,1.0,6,1.0,8
231,1,0.657,0.003,0.03,NEXT_STEP,0,0.0358463223064505,0.0172869914641516,1.0086703764421685,-0.1773882560847599,Fault_Interface,14,0.0,0.0,0.3,1.0086703764421685,-0.1773882560847599,,,,,,,,,,,,,,10.947320231857905,63.35299760041254,52.40567736855464,GENROU_4,6,GENROU_1,1,1.0,1.0,0.0,GENROU_1,1,GENROU_1,1,1.485450405691643,1.994146077672952,GENROU_5,8,GENROU_2,2,1.0,1,1.0,2,1.0,3,1.0,6,1.0,8
232,1,0.66,0.003,0.03,NEXT_STEP,0,0.0358463223064505,0.0172869914641516,1.0086703764421685,-0.1773882560847599,Fault_Interface,14,0.0,0.0,0.3,1.0086703764421685,-0.1773882560847599,,,,,,,,,,,,,,10.947320231857905,63.35299760041254,52.40567736855464,GENROU_4,6,GENROU_1,1,1.0,1.0,0.0,GENROU_1,1,GENROU_1,1,1.4854504052299802,1.9941460750116236,GENROU_5,8,GENROU_2,2,1.0,1,1.0,2,1.0,3,1.0,6,1.0,8
233,1,0.663,0.003,0.03,NEXT_STEP,0,0.0358463223064505,0.0172869914641516,1.0086703766277811,-0.177388255968015,Fault_Interface,14,0.0,0.0,0.3,1.0086703766277811,-0.177388255968015,,,,,,,,,,,,,,10.947320231857905,63.35299760041254,52.40567736855464,GENROU_4,6,GENROU_1,1,1.0,1.0,0.0,GENROU_1,1,GENROU_1,1,1.4854504048072017,1.9941460723545743,GENROU_5,8,GENROU_2,2,1.0,1,1.0,2,1.0,3,1.0,6,1.0,8
234,1,0.666,0.003,0.03,NEXT_STEP,0,0.0358463223064505,0.0172869914641516,1.0086703766277811,-0.177388255968015,Fault_Interface,14,0.0,0.0,0.3,1.0086703766277811,-0.177388255968015,,,,,,,,,,,,,,10.947320231857905,63.35299760041254,52.40567736855464,GENROU_4,6,GENROU_1,1,1.0,1.0,0.0,GENROU_1,1,GENROU_1,1,1.485450404625275,1.994146069713122,GENROU_5,8,GENROU_2,2,1.0,1,1.0,2,1.0,3,1.0,6,1.0,8
235,1,0.669,0.003,0.03,NEXT_STEP,0,0.0358463223064505,0.0172869914641516,1.008670376794855,-0.1773882558511844,Fault_Interface,14,0.0,0.0,0.3,1.008670376794855,-0.1773882558511844,,,,,,,,,,,,,,10.947320231857905,63.35299760041254,52.40567736855464,GENROU_4,6,GENROU_1,1,1.0,1.0,0.0,GENROU_1,1,GENROU_1,1,1.485450404625275,1.9941460667228832,GENROU_5,8,GENROU_2,2,1.0,1,1.0,2,1.0,3,1.0,6,1.0,8
236,1,0.672,0.003,0.03,NEXT_STEP,0,0.0358463223064505,0.0172869914641516,1.008670376794855,-0.1773882558511844,Fault_Interface,14,0.0,0.0,0.3,1.008670376794855,-0.1773882558511844,,,,,,,,,,,,,,10.947320231857905,63.35299760041254,52.40567736855464,GENROU_4,6,GENROU_1,1,1.0,1.0,0.0,GENROU_1,1,GENROU_1,1,1.4854504048593944,1.9941460634501216,GENROU_5,8,GENROU_2,2,1.0,1,1.0,2,1.0,3,1.0,6,1.0,8
237,1,0.675,0.003,0.03,NEXT_STEP,0,0.0358463223064505,0.0172869914641516,1.0086703769409868,-0.1773882558511844,Fault_Interface,14,0.0,0.0,0.3,1.0086703769409868,-0.1773882558511844,,,,,,,,,,,,,,10.947320231857905,63.35299760041254,52.40567736855464,GENROU_4,6,GENROU_1,1,1.0,1.0,0.0,GENROU_1,1,GENROU_1,1,1.4854504048593944,1.99414606023844,GENROU_5,8,GENROU_2,2,1.0,1,1.0,2,1.0,3,1.0,6,1.0,8
238,1,0.678,0.003,0.03,NEXT_STEP,0,0.0358463223064505,0.0172869914641516,1.0086703769409868,-0.1773882557011412,Fault_Interface,14,0.0,0.0,0.3,1.0086703769409868,-0.1773882557011412,,,,,,,,,,,,,,10.947320231857905,63.35299760041254,52.40567736855464,GENROU_4,6,GENROU_1,1,1.0,1.0,0.0,GENROU_1,1,GENROU_1,1,1.4854504047092103,1.994146057485736,GENROU_5,8,GENROU_2,2,1.0,1,1.0,2,1.0,3,1.0,6,1.0,8
239,1,0.681,0.003,0.03,NEXT_STEP,0,0.0358463223064505,0.0172869914641516,1.0086703771222945,-0.1773882557011412,Fault_Interface,14,0.0,0.0,0.3,1.0086703771222945,-0.1773882557011412,,,,,,,,,,,,,,10.947320231857905,63.35299760041254,52.40567736855464,GENROU_4,6,GENROU_1,1,1.0,1.0,0.0,GENROU_1,1,GENROU_1,1,1.4854504043291432,1.9941460551035808,GENROU_5,8,GENROU_2,2,1.0,1,1.0,2,1.0,3,1.0,6,1.0,8
240,1,0.684,0.003,0.03,NEXT_STEP,0,0.0358463223064505,0.0172869914641516,1.0086703771222945,-0.1773882557011412,Fault_Interface,14,0.0,0.0,0.3,1.0086703771222945,-0.1773882557011412,,,,,,,,,,,,,,10.947320231857905,63.35299760041254,52.40567736855464,GENROU_4,6,GENROU_1,1,1.0,1.0,0.0,GENROU_1,1,GENROU_1,1,1.485450403762909,1.9941460527073716,GENROU_5,8,GENROU_2,2,1.0,1,1.0,2,1.0,3,1.0,6,1.0,8
241,1,0.687,0.003,0.03,NEXT_STEP,0,0.0358463223064505,0.0172869914641516,1.0086703772294303,-0.1773882555851104,Fault_Interface,14,0.0,0.0,0.3,1.0086703772294303,-0.1773882555851104,,,,,,,,,,,,,,10.947320231857905,63.35299760041254,52.40567736855464,GENROU_4,6,GENROU_1,1,1.0,1.0,0.0,GENROU_1,1,GENROU_1,1,1.4854504034093077,1.9941460499293755,GENROU_5,8,GENROU_2,2,1.0,1,1.0,2,1.0,3,1.0,6,1.0,8
242,1,0.6900000000000001,0.003,0.03,NEXT_STEP,0,0.0358463223064505,0.0172869914641516,1.0086703773360908,-0.1773882555851104,Fault_Interface,14,0.0,0.0,0.3,1.0086703773360908,-0.1773882555851104,,,,,,,,,,,,,,10.947320231857905,63.35299760041254,52.40567736855464,GENROU_4,6,GENROU_1,1,1.0,1.0,0.0,GENROU_1,1,GENROU_1,1,1.4854504029765876,1.9941460471196413,GENROU_5,8,GENROU_2,2,1.0,1,1.0,2,1.0,3,1.0,6,1.0,8
243,1,0.6930000000000001,0.003,0.03,NEXT_STEP,0,0.0358463223064505,0.0172869914641516,1.008670377449764,-0.1773882554655905,Fault_Interface,14,0.0,0.0,0.3,1.008670377449764,-0.1773882554655905,,,,,,,,,,,,,,10.947320231857905,63.35299760041254,52.40567736855464,GENROU_4,6,GENROU_1,1,1.0,1.0,0.0,GENROU_1,1,GENROU_1,1,1.4854504027062545,1.994146044353828,GENROU_5,8,GENROU_2,2,1.0,1,1.0,2,1.0,3,1.0,6,1.0,8
244,1,0.6960000000000001,0.003,0.03,NEXT_STEP,0,0.0358463223064505,0.0172869914641516,1.008670377449764,-0.1773882554655905,Fault_Interface,14,0.0,0.0,0.3,1.008670377449764,-0.1773882554655905,,,,,,,,,,,,,,10.947320231857905,63.35299760041254,52.40567736855464,GENROU_4,6,GENROU_1,1,1.0,1.0,0.0,GENROU_1,1,GENROU_1,1,1.4854504023733852,1.9941460415986123,GENROU_5,8,GENROU_2,2,1.0,1,1.0,2,1.0,3,1.0,6,1.0,8
245,1,0.6990000000000001,0.003,0.03,NEXT_STEP,0,0.0358463223064505,0.0172869914641516,1.008670377449764,-0.1773882554655905,Fault_Interface,14,0.0,0.0,0.3,1.008670377449764,-0.1773882554655905,,,,,,,,,,,,,,10.947320231857905,63.35299760041254,52.40567736855464,GENROU_4,6,GENROU_1,1,1.0,1.0,0.0,GENROU_1,1,GENROU_1,1,1.4854504025529809,1.994146038869877,GENROU_5,8,GENROU_2,2,1.0,1,1.0,2,1.0,3,1.0,6,1.0,8
246,1,0.7020000000000001,0.003,0.03,NEXT_STEP,0,0.0358463223064505,0.0172869914641516,1.008670377603393,-0.177388255335353,Fault_Interface,14,0.0,0.0,0.3,1.008670377603393,-0.177388255335353,,,,,,,,,,,,,,10.947320231857905,63.35299760041254,52.40567736855464,GENROU_4,6,GENROU_1,1,1.0,1.0,0.0,GENROU_1,1,GENROU_1,1,1.4854504025529809,1.994146035802824,GENROU_5,8,GENROU_2,2,1.0,1,1.0,2,1.0,3,1.0,6,1.0,8
247,1,0.7050000000000001,0.003,0.03,NEXT_STEP,0,0.0358463223064505,0.0172869914641516,1.0086703777086143,-0.177388255335353,Fault_Interface,14,0.0,0.0,0.3,1.0086703777086143,-0.177388255335353,,,,,,,,,,,,,,10.947320231857905,63.35299760041254,52.40567736855464,GENROU_4,6,GENROU_1,1,1.0,1.0,0.0,GENROU_1,1,GENROU_1,1,1.4854504025529809,1.9941460324873028,GENROU_5,8,GENROU_2,2,1.0,1,1.0,2,1.0,3,1.0,6,1.0,8
248,1,0.7080000000000001,0.003,0.03,NEXT_STEP,0,0.0358463223064505,0.0172869914641516,1.0086703777086143,-0.177388255335353,Fault_Interface,14,0.0,0.0,0.3,1.0086703777086143,-0.177388255335353,,,,,,,,,,,,,,10.947320231857905,63.35299760041254,52.40567736855464,GENROU_4,6,GENROU_1,1,1.0,1.0,0.0,GENROU_1,1,GENROU_1,1,1.4854504025529809,1.9941460292468716,GENROU_5,8,GENROU_2,2,1.0,1,1.0,2,1.0,3,1.0,6,1.0,8
249,1,0.7110000000000001,0.003,0.03,NEXT_STEP,0,0.0358463223064505,0.0172869914641516,1.008670377824089,-0.1773882552206208,Fault_Interface,14,0.0,0.0,0.3,1.008670377824089,-0.1773882552206208,,,,,,,,,,,,,,10.947320231857905,63.35299760041254,52.40567736855464,GENROU_4,6,GENROU_1,1,1.0,1.0,0.0,GENROU_1,1,GENROU_1,1,1.4854504020451955,1.994146026447288,GENROU_5,8,GENROU_2,2,1.0,1,1.0,2,1.0,3,1.0,6,1.0,8
250,1,0.7140000000000001,0.003,0.03,NEXT_STEP,0,0.0358463223064505,0.0172869914641516,1.008670377824089,-0.1773882552206208,Fault_Interface,14,0.0,0.0,0.3,1.008670377824089,-0.1773882552206208,,,,,,,,,,,,,,10.947320231857905,63.35299760041254,52.40567736855464,GENROU_4,6,GENROU_1,1,1.0,1.0,0.0,GENROU_1,1,GENROU_1,1,1.4854504016054404,1.994146024053755,GENROU_5,8,GENROU_2,2,1.0,1,1.0,2,1.0,3,1.0,6,1.0,8
251,1,0.7170000000000001,0.003,0.03,NEXT_STEP,0,0.0358463223064505,0.0172869914641516,1.0086703779941926,-0.1773882550903006,Fault_Interface,14,0.0,0.0,0.3,1.0086703779941926,-0.1773882550903006,,,,,,,,,,,,,,10.947320231857905,63.35299760041254,52.40567736855464,GENROU_4,6,GENROU_1,1,1.0,1.0,0.0,GENROU_1,1,GENROU_1,1,1.4854504011178655,1.9941460220270293,GENROU_5,8,GENROU_2,2,1.0,1,1.0,2,1.0,3,1.0,6,1.0,8
252,1,0.7200000000000001,0.003,0.03,NEXT_STEP,0,0.0358463223064505,0.0172869914641516,1.0086703779941926,-0.1773882550903006,Fault_Interface,14,0.0,0.0,0.3,1.0086703779941926,-0.1773882550903006,,,,,,,,,,,,,,10.947320231857905,63.35299760041254,52.40567736855464,GENROU_4,6,GENROU_1,1,1.0,1.0,0.0,GENROU_1,1,GENROU_1,1,1.485450400924733,1.9941460202516776,GENROU_5,8,GENROU_2,2,1.0,1,1.0,2,1.0,3,1.0,6,1.0,8
253,1,0.7230000000000001,0.003,0.03,NEXT_STEP,0,0.0358463223064505,0.0172869914641516,1.0086703781380275,-0.1773882550903006,Fault_Interface,14,0.0,0.0,0.3,1.0086703781380275,-0.1773882550903006,,,,,,,,,,,,,,10.947320231857905,63.35299760041254,52.40567736855464,GENROU_4,6,GENROU_1,1,1.0,1.0,0.0,GENROU_1,1,GENROU_1,1,1.485450400924733,1.994146018352751,GENROU_5,8,GENROU_2,2,1.0,1,1.0,2,1.0,3,1.0,6,1.0,8
254,1,0.7260000000000001,0.003,0.03,NEXT_STEP,0,0.0358463223064505,0.0172869914641516,1.0086703781380275,-0.1773882549765782,Fault_Interface,14,0.0,0.0,0.3,1.0086703781380275,-0.1773882549765782,,,,,,,,,,,,,,10.947320231857905,63.35299760041254,52.40567736855464,GENROU_4,6,GENROU_1,1,1.0,1.0,0.0,GENROU_1,1,GENROU_1,1,1.485450400924733,1.9941460159630973,GENROU_5,8,GENROU_2,2,1.0,1,1.0,2,1.0,3,1.0,6,1.0,8
255,1,0.7290000000000001,0.003,0.03,NEXT_STEP,0,0.0358463223064505,0.0172869914641516,1.0086703782647282,-0.1773882549765782,Fault_Interface,14,0.0,0.0,0.3,1.0086703782647282,-0.1773882549765782,,,,,,,,,,,,,,10.947320231857905,63.35299760041254,52.40567736855464,GENROU_4,6,GENROU_1,1,1.0,1.0,0.0,GENROU_1,1,GENROU_1,1,1.4854504005900284,1.994146013157156,GENROU_5,8,GENROU_2,2,1.0,1,1.0,2,1.0,3,1.0,6,1.0,8
256,1,0.7320000000000001,0.003,0.03,NEXT_STEP,0,0.0358463223064505,0.0172869914641516,1.0086703782647282,-0.1773882549765782,Fault_Interface,14,0.0,0.0,0.3,1.0086703782647282,-0.1773882549765782,,,,,,,,,,,,,,10.947320231857905,63.35299760041254,52.40567736855464,GENROU_4,6,GENROU_1,1,1.0,1.0,0.0,GENROU_1,1,GENROU_1,1,1.4854504003635494,1.994146010370229,GENROU_5,8,GENROU_2,2,1.0,1,1.0,2,1.0,3,1.0,6,1.0,8
257,1,0.7350000000000001,0.003,0.03,NEXT_STEP,0,0.0358463223064505,0.0172869914641516,1.0086703784163185,-0.1773882548614836,Fault_Interface,14,0.0,0.0,0.3,1.0086703784163185,-0.1773882548614836,,,,,,,,,,,,,,10.947320231857905,63.35299760041254,52.40567736855464,GENROU_4,6,GENROU_1,1,1.0,1.0,0.0,GENROU_1,1,GENROU_1,1,1.4854504001658826,1.9941460079545603,GENROU_5,8,GENROU_2,2,1.0,1,1.0,2,1.0,3,1.0,6,1.0,8
258,1,0.7380000000000001,0.003,0.03,NEXT_STEP,0,0.0358463223064505,0.0172869914641516,1.0086703784163185,-0.1773882548614836,Fault_Interface,14,0.0,0.0,0.3,1.0086703784163185,-0.1773882548614836,,,,,,,,,,,,,,10.947320231857905,63.35299760041254,52.40567736855464,GENROU_4,6,GENROU_1,1,1.0,1.0,0.0,GENROU_1,1,GENROU_1,1,1.4854503996757118,1.9941460058570528,GENROU_5,8,GENROU_2,2,1.0,1,1.0,2,1.0,3,1.0,6,1.0,8
259,1,0.741,0.003,0.03,NEXT_STEP,0,0.0358463223064505,0.0172869914641516,1.0086703785568074,-0.1773882547429404,Fault_Interface,14,0.0,0.0,0.3,1.0086703785568074,-0.1773882547429404,,,,,,,,,,,,,,10.947320231857905,63.35299760041254,52.40567736855464,GENROU_4,6,GENROU_1,1,1.0,1.0,0.0,GENROU_1,1,GENROU_1,1,1.4854503994348622,1.9941460037000147,GENROU_5,8,GENROU_2,2,1.0,1,1.0,2,1.0,3,1.0,6,1.0,8
260,1,0.744,0.003,0.03,NEXT_STEP,0,0.0358463223064505,0.0172869914641516,1.0086703785568074,-0.1773882547429404,Fault_Interface,14,0.0,0.0,0.3,1.0086703785568074,-0.1773882547429404,,,,,,,,,,,,,,10.947320231857905,63.35299760041254,52.40567736855464,GENROU_4,6,GENROU_1,1,1.0,1.0,0.0,GENROU_1,1,GENROU_1,1,1.4854503990128365,1.994146001083904,GENROU_5,8,GENROU_2,2,1.0,1,1.0,2,1.0,3,1.0,6,1.0,8
261,1,0.747,0.003,0.03,NEXT_STEP,0,0.0358463223064505,0.0172869914641516,1.0086703786720568,-0.1773882547429404,Fault_Interface,14,0.0,0.0,0.3,1.0086703786720568,-0.1773882547429404,,,,,,,,,,,,,,10.947320231857905,63.35299760041254,52.40567736855464,GENROU_4,6,GENROU_1,1,1.0,1.0,0.0,GENROU_1,1,GENROU_1,1,1.48545039875546,1.994145998113011,GENROU_5,8,GENROU_2,2,1.0,1,1.0,2,1.0,3,1.0,6,1.0,8
262,1,0.75,0.003,0.03,NEXT_STEP,0,0.0358463223064505,0.0172869914641516,1.0086703786720568,-0.1773882546384236,Fault_Interface,14,0.0,0.0,0.3,1.0086703786720568,-0.1773882546384236,,,,,,,,,,,,,,10.947320231857905,63.35299760041254,52.40567736855464,GENROU_4,6,GENROU_1,1,1.0,1.0,0.0,GENROU_1,1,GENROU_1,1,1.4854503984392695,1.9941459951377691,GENROU_5,8,GENROU_2,2,1.0,1,1.0,2,1.0,3,1.0,6,1.0,8
263,1,0.753,0.003,0.03,NEXT_STEP,0,0.0358463223064505,0.0172869914641516,1.0086703788285332,-0.1773882546384236,Fault_Interface,14,0.0,0.0,0.3,1.0086703788285332,-0.1773882546384236,,,,,,,,,,,,,,10.947320231857905,63.35299760041254,52.40567736855464,GENROU_4,6,GENROU_1,1,1.0,1.0,0.0,GENROU_1,1,GENROU_1,1,1.4854503984392695,1.9941459925600813,GENROU_5,8,GENROU_2,2,1.0,1,1.0,2,1.0,3,1.0,6,1.0,8
264,1,0.756,0.003,0.03,NEXT_STEP,0,0.0358463223064505,0.0172869914641516,1.0086703788285332,-0.1773882546384236,Fault_Interface,14,0.0,0.0,0.3,1.0086703788285332,-0.1773882546384236,,,,,,,,,,,,,,10.947320231857905,63.35299760041254,52.40567736855464,GENROU_4,6,GENROU_1,1,1.0,1.0,0.0,GENROU_1,1,GENROU_1,1,1.4854503986243643,1.9941459900267453,GENROU_5,8,GENROU_2,2,1.0,1,1.0,2,1.0,3,1.0,6,1.0,8
265,1,0.759,0.003,0.03,NEXT_STEP,0,0.0358463223064505,0.0172869914641516,1.008670378960203,-0.1773882544897912,Fault_Interface,14,0.0,0.0,0.3,1.008670378960203,-0.1773882544897912,,,,,,,,,,,,,,10.947320231857905,63.35299760041254,52.40567736855464,GENROU_4,6,GENROU_1,1,1.0,1.0,0.0,GENROU_1,1,GENROU_1,1,1.4854503986243643,1.994145987502054,GENROU_5,8,GENROU_2,2,1.0,1,1.0,2,1.0,3,1.0,6,1.0,8
266,1,0.762,0.003,0.03,NEXT_STEP,0,0.0358463223064505,0.0172869914641516,1.008670378960203,-0.1773882544897912,Fault_Interface,14,0.0,0.0,0.3,1.008670378960203,-0.1773882544897912,,,,,,,,,,,,,,10.947320231857905,63.35299760041254,52.40567736855464,GENROU_4,6,GENROU_1,1,1.0,1.0,0.0,GENROU_1,1,GENROU_1,1,1.4854503986243643,1.9941459853123704,GENROU_5,8,GENROU_2,2,1.0,1,1.0,2,1.0,3,1.0,6,1.0,8
267,1,0.765,0.003,0.03,NEXT_STEP,0,0.0358463223064505,0.0172869914641516,1.008670378960203,-0.1773882544897912,Fault_Interface,14,0.0,0.0,0.3,1.008670378960203,-0.1773882544897912,,,,,,,,,,,,,,10.947320231857905,63.35299760041254,52.40567736855464,GENROU_4,6,GENROU_1,1,1.0,1.0,0.0,GENROU_1,1,GENROU_1,1,1.4854503986243643,1.9941459831022248,GENROU_5,8,GENROU_2,2,1.0,1,1.0,2,1.0,3,1.0,6,1.0,8
268,1,0.768,0.003,0.03,NEXT_STEP,0,0.0358463223064505,0.0172869914641516,1.008670379129474,-0.1773882544897912,Fault_Interface,14,0.0,0.0,0.3,1.008670379129474,-0.1773882544897912,,,,,,,,,,,,,,10.947320231857905,63.35299760041254,52.40567736855464,GENROU_4,6,GENROU_1,1,1.0,1.0,0.0,GENROU_1,1,GENROU_1,1,1.4854503984246197,1.9941459805006156,GENROU_5,8,GENROU_2,2,1.0,1,1.0,2,1.0,3,1.0,6,1.0,8
269,1,0.771,0.003,0.03,NEXT_STEP,0,0.0358463223064505,0.0172869914641516,1.008670379129474,-0.1773882543489855,Fault_Interface,14,0.0,0.0,0.3,1.008670379129474,-0.1773882543489855,,,,,,,,,,,,,,10.947320231857905,63.35299760041254,52.40567736855464,GENROU_4,6,GENROU_1,1,1.0,1.0,0.0,GENROU_1,1,GENROU_1,1,1.4854503979968223,1.9941459779160495,GENROU_5,8,GENROU_2,2,1.0,1,1.0,2,1.0,3,1.0,6,1.0,8
270,1,0.774,0.003,0.03,NEXT_STEP,0,0.0358463223064505,0.0172869914641516,1.0086703792797198,-0.1773882543489855,Fault_Interface,14,0.0,0.0,0.3,1.0086703792797198,-0.1773882543489855,,,,,,,,,,,,,,10.947320231857905,63.35299760041254,52.40567736855464,GENROU_4,6,GENROU_1,1,1.0,1.0,0.0,GENROU_1,1,GENROU_1,1,1.4854503974530489,1.994145975643613,GENROU_5,8,GENROU_2,2,1.0,1,1.0,2,1.0,3,1.0,6,1.0,8
271,1,0.777,0.003,0.03,NEXT_STEP,0,0.0358463223064505,0.0172869914641516,1.0086703792797198,-0.1773882543489855,Fault_Interface,14,0.0,0.0,0.3,1.0086703792797198,-0.1773882543489855,,,,,,,,,,,,,,10.947320231857905,63.35299760041254,52.40567736855464,GENROU_4,6,GENROU_1,1,1.0,1.0,0.0,GENROU_1,1,GENROU_1,1,1.4854503971285822,1.9941459733564544,GENROU_5,8,GENROU_2,2,1.0,1,1.0,2,1.0,3,1.0,6,1.0,8
272,1,0.78,0.003,0.03,NEXT_STEP,0,0.0358463223064505,0.0172869914641516,1.0086703794098206,-0.1773882542458446,Fault_Interface,14,0.0,0.0,0.3,1.0086703794098206,-0.1773882542458446,,,,,,,,,,,,,,10.947320231857905,63.35299760041254,52.40567736855464,GENROU_4,6,GENROU_1,1,1.0,1.0,0.0,GENROU_1,1,GENROU_1,1,1.4854503967600734,1.9941459707078644,GENROU_5,8,GENROU_2,2,1.0,1,1.0,2,1.0,3,1.0,6,1.0,8
273,1,0.783,0.003,0.03,NEXT_STEP,0,0.0358463223064505,0.0172869914641516,1.0086703794098206,-0.1773882542458446,Fault_Interface,14,0.0,0.0,0.3,1.0086703794098206,-0.1773882542458446,,,,,,,,,,,,,,10.947320231857905,63.35299760041254,52.40567736855464,GENROU_4,6,GENROU_1,1,1.0,1.0,0.0,GENROU_1,1,GENROU_1,1,1.4854503967600734,1.9941459680518008,GENROU_5,8,GENROU_2,2,1.0,1,1.0,2,1.0,3,1.0,6,1.0,8
274,1,0.786,0.003,0.03,NEXT_STEP,0,0.0358463223064505,0.0172869914641516,1.0086703795356688,-0.1773882542458446,Fault_Interface,14,0.0,0.0,0.3,1.0086703795356688,-0.1773882542458446,,,,,,,,,,,,,,10.947320231857905,63.35299760041254,52.40567736855464,GENROU_4,6,GENROU_1,1,1.0,1.0,0.0,GENROU_1,1,GENROU_1,1,1.485450396923663,1.9941459657483864,GENROU_5,8,GENROU_2,2,1.0,1,1.0,2,1.0,3,1.0,6,1.0,8
275,1,0.789,0.003,0.03,NEXT_STEP,0,0.0358463223064505,0.0172869914641516,1.0086703795356688,-0.1773882541180484,Fault_Interface,14,0.0,0.0,0.3,1.0086703795356688,-0.1773882541180484,,,,,,,,,,,,,,10.947320231857905,63.35299760041254,52.40567736855464,GENROU_4,6,GENROU_1,1,1.0,1.0,0.0,GENROU_1,1,GENROU_1,1,1.485450396923663,1.9941459637726635,GENROU_5,8,GENROU_2,2,1.0,1,1.0,2,1.0,3,1.0,6,1.0,8
276,1,0.792,0.003,0.03,NEXT_STEP,0,0.0358463223064505,0.0172869914641516,1.0086703795356688,-0.1773882541180484,Fault_Interface,14,0.0,0.0,0.3,1.0086703795356688,-0.1773882541180484,,,,,,,,,,,,,,10.947320231857905,63.35299760041254,52.40567736855464,GENROU_4,6,GENROU_1,1,1.0,1.0,0.0,GENROU_1,1,GENROU_1,1,1.485450396923663,1.994145961725328,GENROU_5,8,GENROU_2,2,1.0,1,1.0,2,1.0,3,1.0,6,1.0,8
277,1,0.795,0.003,0.03,NEXT_STEP,0,0.0358463223064505,0.0172869914641516,1.0086703796853398,-0.1773882541180484,Fault_Interface,14,0.0,0.0,0.3,1.0086703796853398,-0.1773882541180484,,,,,,,,,,,,,,10.947320231857905,63.35299760041254,52.40567736855464,GENROU_4,6,GENROU_1,1,1.0,1.0,0.0,GENROU_1,1,GENROU_1,1,1.485450396670126,1.994145959292279,GENROU_5,8,GENROU_2,2,1.0,1,1.0,2,1.0,3,1.0,6,1.0,8
278,1,0.798,0.003,0.03,NEXT_STEP,0,0.0358463223064505,0.0172869914641516,1.0086703796853398,-0.1773882540080592,Fault_Interface,14,0.0,0.0,0.3,1.0086703796853398,-0.1773882540080592,,,,,,,,,,,,,,10.947320231857905,63.35299760041254,52.40567736855464,GENROU_4,6,GENROU_1,1,1.0,1.0,0.0,GENROU_1,1,GENROU_1,1,1.485450396670126,1.9941459568000064,GENROU_5,8,GENROU_2,2,1.0,1,1.0,2,1.0,3,1.0,6,1.0,8
279,1,0.801,0.003,0.03,NEXT_STEP,0,0.0358463223064505,0.0172869914641516,1.008670379800193,-0.1773882540080592,Fault_Interface,14,0.0,0.0,0.3,1.008670379800193,-0.1773882540080592,,,,,,,,,,,,,,10.947320231857905,63.35299760041254,52.40567736855464,GENROU_4,6,GENROU_1,1,1.0,1.0,0.0,GENROU_1,1,GENROU_1,1,1.48545039636129,1.994145954631637,GENROU_5,8,GENROU_2,2,1.0,1,1.0,2,1.0,3,1.0,6,1.0,8
280,1,0.804,0.003,0.03,NEXT_STEP,0,0.0358463223064505,0.0172869914641516,1.008670379800193,-0.1773882540080592,Fault_Interface,14,0.0,0.0,0.3,1.008670379800193,-0.1773882540080592,,,,,,,,,,,,,,10.947320231857905,63.35299760041254,52.40567736855464,GENROU_4,6,GENROU_1,1,1.0,1.0,0.0,GENROU_1,1,GENROU_1,1,1.4854503957844556,1.9941459527700216,GENROU_5,8,GENROU_2,2,1.0,1,1.0,2,1.0,3,1.0,6,1.0,8
281,1,0.807,0.003,0.03,NEXT_STEP,0,0.0358463223064505,0.0172869914641516,1.008670379906276,-0.1773882538887884,Fault_Interface,14,0.0,0.0,0.3,1.008670379906276,-0.1773882538887884,,,,,,,,,,,,,,10.947320231857905,63.35299760041254,52.40567736855464,GENROU_4,6,GENROU_1,1,1.0,1.0,0.0,GENROU_1,1,GENROU_1,1,1.485450395290432,1.9941459508428017,GENROU_5,8,GENROU_2,2,1.0,1,1.0,2,1.0,3,1.0,6,1.0,8
282,1,0.81,0.003,0.03,NEXT_STEP,0,0.0358463223064505,0.0172869914641516,1.008670379906276,-0.1773882538887884,Fault_Interface,14,0.0,0.0,0.3,1.008670379906276,-0.1773882538887884,,,,,,,,,,,,,,10.947320231857905,63.35299760041254,52.40567736855464,GENROU_4,6,GENROU_1,1,1.0,1.0,0.0,GENROU_1,1,GENROU_1,1,1.4854503950912838,1.9941459488320477,GENROU_5,8,GENROU_2,2,1.0,1,1.0,2,1.0,3,1.0,6,1.0,8
283,1,0.8130000000000001,0.003,0.03,NEXT_STEP,0,0.0358463223064505,0.0172869914641516,1.008670380051223,-0.1773882538887884,Fault_Interface,14,0.0,0.0,0.3,1.008670380051223,-0.1773882538887884,,,,,,,,,,,,,,10.947320231857905,63.35299760041254,52.40567736855464,GENROU_4,6,GENROU_1,1,1.0,1.0,0.0,GENROU_1,1,GENROU_1,1,1.4854503950912838,1.9941459470980611,GENROU_5,8,GENROU_2,2,1.0,1,1.0,2,1.0,3,1.0,6,1.0,8
284,1,0.8160000000000001,0.003,0.03,NEXT_STEP,0,0.0358463223064505,0.0172869914641516,1.008670380051223,-0.1773882537850379,Fault_Interface,14,0.0,0.0,0.3,1.008670380051223,-0.1773882537850379,,,,,,,,,,,,,,10.947320231857905,63.35299760041254,52.40567736855464,GENROU_4,6,GENROU_1,1,1.0,1.0,0.0,GENROU_1,1,GENROU_1,1,1.4854503950912838,1.9941459456039865,GENROU_5,8,GENROU_2,2,1.0,1,1.0,2,1.0,3,1.0,6,1.0,8
285,1,0.8190000000000001,0.003,0.03,NEXT_STEP,0,0.0358463223064505,0.0172869914641516,1.0086703801948245,-0.1773882537850379,Fault_Interface,14,0.0,0.0,0.3,1.0086703801948245,-0.1773882537850379,,,,,,,,,,,,,,10.947320231857905,63.35299760041254,52.40567736855464,GENROU_4,6,GENROU_1,1,1.0,1.0,0.0,GENROU_1,1,GENROU_1,1,1.4854503948755908,1.994145943978516,GENROU_5,8,GENROU_2,2,1.0,1,1.0,2,1.0,3,1.0,6,1.0,8
286,1,0.8220000000000001,0.003,0.03,NEXT_STEP,0,0.0358463223064505,0.0172869914641516,1.0086703801948245,-0.1773882537850379,Fault_Interface,14,0.0,0.0,0.3,1.0086703801948245,-0.1773882537850379,,,,,,,,,,,,,,10.947320231857905,63.35299760041254,52.40567736855464,GENROU_4,6,GENROU_1,1,1.0,1.0,0.0,GENROU_1,1,GENROU_1,1,1.4854503948755908,1.994145941855633,GENROU_5,8,GENROU_2,2,1.0,1,1.0,2,1.0,3,1.0,6,1.0,8
287,1,0.8250000000000001,0.003,0.03,NEXT_STEP,0,0.0358463223064505,0.0172869914641516,1.0086703801948245,-0.1773882537850379,Fault_Interface,14,0.0,0.0,0.3,1.0086703801948245,-0.1773882537850379,,,,,,,,,,,,,,10.947320231857905,63.35299760041254,52.40567736855464,GENROU_4,6,GENROU_1,1,1.0,1.0,0.0,GENROU_1,1,GENROU_1,1,1.4854503948755908,1.994145939315896,GENROU_5,8,GENROU_2,2,1.0,1,1.0,2,1.0,3,1.0,6,1.0,8
288,1,0.8280000000000001,0.003,0.03,NEXT_STEP,0,0.0358463223064505,0.0172869914641516,1.008670380345974,-0.1773882536520988,Fault_Interface,14,0.0,0.0,0.3,1.008670380345974,-0.1773882536520988,,,,,,,,,,,,,,10.947320231857905,63.35299760041254,52.40567736855464,GENROU_4,6,GENROU_1,1,1.0,1.0,0.0,GENROU_1,1,GENROU_1,1,1.48545039459987,1.9941459367406544,GENROU_5,8,GENROU_2,2,1.0,1,1.0,2,1.0,3,1.0,6,1.0,8
289,1,0.8310000000000001,0.003,0.03,NEXT_STEP,0,0.0358463223064505,0.0172869914641516,1.008670380345974,-0.1773882536520988,Fault_Interface,14,0.0,0.0,0.3,1.008670380345974,-0.1773882536520988,,,,,,,,,,,,,,10.947320231857905,63.35299760041254,52.40567736855464,GENROU_4,6,GENROU_1,1,1.0,1.0,0.0,GENROU_1,1,GENROU_1,1,1.48545039459987,1.9941459345259207,GENROU_5,8,GENROU_2,2,1.0,1,1.0,2,1.0,3,1.0,6,1.0,8
290,1,0.8340000000000001,0.003,0.03,NEXT_STEP,0,0.0358463223064505,0.0172869914641516,1.008670380345974,-0.1773882536520988,Fault_Interface,14,0.0,0.0,0.3,1.008670380345974,-0.1773882536520988,,,,,,,,,,,,,,10.947320231857905,63.35299760041254,52.40567736855464,GENROU_4,6,GENROU_1,1,1.0,1.0,0.0,GENROU_1,1,GENROU_1,1,1.4854503943570274,1.9941459326255555,GENROU_5,8,GENROU_2,2,1.0,1,1.0,2,1.0,3,1.0,6,1.0,8
291,1,0.8370000000000001,0.003,0.03,NEXT_STEP,0,0.0358463223064505,0.0172869914641516,1.0086703804849515,-0.1773882535497545,Fault_Interface,14,0.0,0.0,0.3,1.0086703804849515,-0.1773882535497545,,,,,,,,,,,,,,10.947320231857905,63.35299760041254,52.40567736855464,GENROU_4,6,GENROU_1,1,1.0,1.0,0.0,GENROU_1,1,GENROU_1,1,1.4854503941330428,1.99414593099232,GENROU_5,8,GENROU_2,2,1.0,1,1.0,2,1.0,3,1.0,6,1.0,8
292,1,0.8400000000000001,0.003,0.03,NEXT_STEP,0,0.0358463223064505,0.0172869914641516,1.0086703804849515,-0.1773882535497545,Fault_Interface,14,0.0,0.0,0.3,1.0086703804849515,-0.1773882535497545,,,,,,,,,,,,,,10.947320231857905,63.35299760041254,52.40567736855464,GENROU_4,6,GENROU_1,1,1.0,1.0,0.0,GENROU_1,1,GENROU_1,1,1.4854503936245795,1.994145929225324,GENROU_5,8,GENROU_2,2,1.0,1,1.0,2,1.0,3,1.0,6,1.0,8
293,1,0.8430000000000001,0.003,0.03,NEXT_STEP,0,0.0358463223064505,0.0172869914641516,1.0086703804849515,-0.1773882535497545,Fault_Interface,14,0.0,0.0,0.3,1.0086703804849515,-0.1773882535497545,,,,,,,,,,,,,,10.947320231857905,63.35299760041254,52.40567736855464,GENROU_4,6,GENROU_1,1,1.0,1.0,0.0,GENROU_1,1,GENROU_1,1,1.485450393169173,1.994145927008778,GENROU_5,8,GENROU_2,2,1.0,1,1.0,2,1.0,3,1.0,6,1.0,8
294,1,0.8460000000000001,0.003,0.03,NEXT_STEP,0,0.0358463223064505,0.0172869914641516,1.0086703806339743,-0.1773882535497545,Fault_Interface,14,0.0,0.0,0.3,1.0086703806339743,-0.1773882535497545,,,,,,,,,,,,,,10.947320231857905,63.35299760041254,52.40567736855464,GENROU_4,6,GENROU_1,1,1.0,1.0,0.0,GENROU_1,1,GENROU_1,1,1.485450393018766,1.9941459246853432,GENROU_5,8,GENROU_2,2,1.0,1,1.0,2,1.0,3,1.0,6,1.0,8
295,1,0.8490000000000001,0.003,0.03,NEXT_STEP,0,0.0358463223064505,0.0172869914641516,1.0086703806339743,-0.17738825343404,Fault_Interface,14,0.0,0.0,0.3,1.0086703806339743,-0.17738825343404,,,,,,,,,,,,,,10.947320231857905,63.35299760041254,52.40567736855464,GENROU_4,6,GENROU_1,1,1.0,1.0,0.0,GENROU_1,1,GENROU_1,1,1.485450393018766,1.9941459226588736,GENROU_5,8,GENROU_2,2,1.0,1,1.0,2,1.0,3,1.0,6,1.0,8
296,1,0.8520000000000001,0.003,0.03,NEXT_STEP,0,0.0358463223064505,0.0172869914641516,1.0086703807371848,-0.17738825343404,Fault_Interface,14,0.0,0.0,0.3,1.0086703807371848,-0.17738825343404,,,,,,,,,,,,,,10.947320231857905,63.35299760041254,52.40567736855464,GENROU_4,6,GENROU_1,1,1.0,1.0,0.0,GENROU_1,1,GENROU_1,1,1.485450393018766,1.9941459209179413,GENROU_5,8,GENROU_2,2,1.0,1,1.0,2,1.0,3,1.0,6,1.0,8
297,1,0.8550000000000001,0.003,0.03,NEXT_STEP,0,0.0358463223064505,0.0172869914641516,1.0086703807371848,-0.17738825343404,Fault_Interface,14,0.0,0.0,0.3,1.0086703807371848,-0.17738825343404,,,,,,,,,,,,,,10.947320231857905,63.35299760041254,52.40567736855464,GENROU_4,6,GENROU_1,1,1.0,1.0,0.0,GENROU_1,1,GENROU_1,1,1.485450393018766,1.9941459191047552,GENROU_5,8,GENROU_2,2,1.0,1,1.0,2,1.0,3,1.0,6,1.0,8
298,1,0.8580000000000001,0.003,0.03,NEXT_STEP,0,0.0358463223064505,0.0172869914641516,1.0086703807371848,-0.17738825343404,Fault_Interface,14,0.0,0.0,0.3,1.0086703807371848,-0.17738825343404,,,,,,,,,,,,,,10.947320231857905,63.35299760041254,52.40567736855464,GENROU_4,6,GENROU_1,1,1.0,1.0,0.0,GENROU_1,1,GENROU_1,1,1.4854503927521618,1.9941459171564864,GENROU_5,8,GENROU_2,2,1.0,1,1.0,2,1.0,3,1.0,6,1.0,8
299,1,0.8610000000000001,0.003,0.03,NEXT_STEP,0,0.0358463223064505,0.0172869914641516,1.0086703808541388,-0.1773882533093645,Fault_Interface,14,0.0,0.0,0.3,1.0086703808541388,-0.1773882533093645,,,,,,,,,,,,,,10.947320231857905,63.35299760041254,52.40567736855464,GENROU_4,6,GENROU_1,1,1.0,1.0,0.0,GENROU_1,1,GENROU_1,1,1.4854503927521618,1.9941459151464629,GENROU_5,8,GENROU_2,2,1.0,1,1.0,2,1.0,3,1.0,6,1.0,8
300,1,0.8640000000000001,0.003,0.03,NEXT_STEP,0,0.0358463223064505,0.0172869914641516,1.0086703808541388,-0.1773882533093645,Fault_Interface,14,0.0,0.0,0.3,1.0086703808541388,-0.1773882533093645,,,,,,,,,,,,,,10.947320231857905,63.35299760041254,52.40567736855464,GENROU_4,6,GENROU_1,1,1.0,1.0,0.0,GENROU_1,1,GENROU_1,1,1.4854503927521618,1.9941459130659336,GENROU_5,8,GENROU_2,2,1.0,1,1.0,2,1.0,3,1.0,6,1.0,8
301,1,0.8670000000000001,0.003,0.03,NEXT_STEP,0,0.0358463223064505,0.0172869914641516,1.0086703809788604,-0.1773882533093645,Fault_Interface,14,0.0,0.0,0.3,1.0086703809788604,-0.1773882533093645,,,,,,,,,,,,,,10.947320231857905,63.35299760041254,52.40567736855464,GENROU_4,6,GENROU_1,1,1.0,1.0,0.0,GENROU_1,1,GENROU_1,1,1.4854503929350011,1.994145911252788,GENROU_5,8,GENROU_2,2,1.0,1,1.0,2,1.0,3,1.0,6,1.0,8
302,1,0.8700000000000001,0.003,0.03,NEXT_STEP,0,0.0358463223064505,0.0172869914641516,1.0086703809788604,-0.1773882533093645,Fault_Interface,14,0.0,0.0,0.3,1.0086703809788604,-0.1773882533093645,,,,,,,,,,,,,,10.947320231857905,63.35299760041254,52.40567736855464,GENROU_4,6,GENROU_1,1,1.0,1.0,0.0,GENROU_1,1,GENROU_1,1,1.4854503929350011,1.994145909690039,GENROU_5,8,GENROU_2,2,1.0,1,1.0,2,1.0,3,1.0,6,1.0,8
303,1,0.8730000000000001,0.003,0.03,NEXT_STEP,0,0.0358463223064505,0.0172869914641516,1.0086703810849065,-0.1773882531808479,Fault_Interface,14,0.0,0.0,0.3,1.0086703810849065,-0.1773882531808479,,,,,,,,,,,,,,10.947320231857905,63.35299760041254,52.40567736855464,GENROU_4,6,GENROU_1,1,1.0,1.0,0.0,GENROU_1,1,GENROU_1,1,1.4854503928151337,1.9941459080327588,GENROU_5,8,GENROU_2,2,1.0,1,1.0,2,1.0,3,1.0,6,1.0,8
304,1,0.876,0.003,0.03,NEXT_STEP,0,0.0358463223064505,0.0172869914641516,1.0086703810849065,-0.1773882531808479,Fault_Interface,14,0.0,0.0,0.3,1.0086703810849065,-0.1773882531808479,,,,,,,,,,,,,,10.947320231857905,63.35299760041254,52.40567736855464,GENROU_4,6,GENROU_1,1,1.0,1.0,0.0,GENROU_1,1,GENROU_1,1,1.4854503925728857,1.994145906248886,GENROU_5,8,GENROU_2,2,1.0,1,1.0,2,1.0,3,1.0,6,1.0,8
305,1,0.879,0.003,0.03,NEXT_STEP,0,0.0358463223064505,0.0172869914641516,1.0086703810849065,-0.1773882531808479,Fault_Interface,14,0.0,0.0,0.3,1.0086703810849065,-0.1773882531808479,,,,,,,,,,,,,,10.947320231857905,63.35299760041254,52.40567736855464,GENROU_4,6,GENROU_1,1,1.0,1.0,0.0,GENROU_1,1,GENROU_1,1,1.4854503920081006,1.994145904685487,GENROU_5,8,GENROU_2,2,1.0,1,1.0,2,1.0,3,1.0,6,1.0,8
306,1,0.882,0.003,0.03,NEXT_STEP,0,0.0358463223064505,0.0172869914641516,1.0086703812412887,-0.1773882531808479,Fault_Interface,14,0.0,0.0,0.3,1.0086703812412887,-0.1773882531808479,,,,,,,,,,,,,,10.947320231857905,63.35299760041254,52.40567736855464,GENROU_4,6,GENROU_1,1,1.0,1.0,0.0,GENROU_1,1,GENROU_1,1,1.4854503914891066,1.994145903308188,GENROU_5,8,GENROU_2,2,1.0,1,1.0,2,1.0,3,1.0,6,1.0,8
307,1,0.885,0.003,0.03,NEXT_STEP,0,0.0358463223064505,0.0172869914641516,1.0086703812412887,-0.1773882530739814,Fault_Interface,14,0.0,0.0,0.3,1.0086703812412887,-0.1773882530739814,,,,,,,,,,,,,,10.947320231857905,63.35299760041254,52.40567736855464,GENROU_4,6,GENROU_1,1,1.0,1.0,0.0,GENROU_1,1,GENROU_1,1,1.4854503911985426,1.9941459017776983,GENROU_5,8,GENROU_2,2,1.0,1,1.0,2,1.0,3,1.0,6,1.0,8
308,1,0.888,0.003,0.03,NEXT_STEP,0,0.0358463223064505,0.0172869914641516,1.0086703812412887,-0.1773882530739814,Fault_Interface,14,0.0,0.0,0.3,1.0086703812412887,-0.1773882530739814,,,,,,,,,,,,,,10.947320231857905,63.35299760041254,52.40567736855464,GENROU_4,6,GENROU_1,1,1.0,1.0,0.0,GENROU_1,1,GENROU_1,1,1.485450390878832,1.9941458997177992,GENROU_5,8,GENROU_2,2,1.0,1,1.0,2,1.0,3,1.0,6,1.0,8
309,1,0.891,0.003,0.03,NEXT_STEP,0,0.0358463223064505,0.0172869914641516,1.0086703812412887,-0.1773882530739814,Fault_Interface,14,0.0,0.0,0.3,1.0086703812412887,-0.1773882530739814,,,,,,,,,,,,,,10.947320231857905,63.35299760041254,52.40567736855464,GENROU_4,6,GENROU_1,1,1.0,1.0,0.0,GENROU_1,1,GENROU_1,1,1.485450390878832,1.9941458975576951,GENROU_5,8,GENROU_2,2,1.0,1,1.0,2,1.0,3,1.0,6,1.0,8
310,1,0.894,0.003,0.03,NEXT_STEP,0,0.0358463223064505,0.0172869914641516,1.0086703813843247,-0.1773882530739814,Fault_Interface,14,0.0,0.0,0.3,1.0086703813843247,-0.1773882530739814,,,,,,,,,,,,,,10.947320231857905,63.35299760041254,52.40567736855464,GENROU_4,6,GENROU_1,1,1.0,1.0,0.0,GENROU_1,1,GENROU_1,1,1.485450390878832,1.9941458956979343,GENROU_5,8,GENROU_2,2,1.0,1,1.0,2,1.0,3,1.0,6,1.0,8
311,1,0.897,0.003,0.03,NEXT_STEP,0,0.0358463223064505,0.0172869914641516,1.0086703813843247,-0.1773882529474822,Fault_Interface,14,0.0,0.0,0.3,1.0086703813843247,-0.1773882529474822,,,,,,,,,,,,,,10.947320231857905,63.35299760041254,52.40567736855464,GENROU_4,6,GENROU_1,1,1.0,1.0,0.0,GENROU_1,1,GENROU_1,1,1.4854503910474204,1.9941458941205623,GENROU_5,8,GENROU_2,2,1.0,1,1.0,2,1.0,3,1.0,6,1.0,8
312,1,0.9,0.003,0.03,NEXT_STEP,0,0.0358463223064505,0.0172869914641516,1.0086703813843247,-0.1773882529474822,Fault_Interface,14,0.0,0.0,0.3,1.0086703813843247,-0.1773882529474822,,,,,,,,,,,,,,10.947320231857905,63.35299760041254,52.40567736855464,GENROU_4,6,GENROU_1,1,1.0,1.0,0.0,GENROU_1,1,GENROU_1,1,1.4854503910474204,1.9941458927622648,GENROU_5,8,GENROU_2,2,1.0,1,1.0,2,1.0,3,1.0,6,1.0,8
313,1,0.903,0.003,0.03,NEXT_STEP,0,0.0358463223064505,0.0172869914641516,1.0086703815107183,-0.1773882529474822,Fault_Interface,14,0.0,0.0,0.3,1.0086703815107183,-0.1773882529474822,,,,,,,,,,,,,,10.947320231857905,63.35299760041254,52.40567736855464,GENROU_4,6,GENROU_1,1,1.0,1.0,0.0,GENROU_1,1,GENROU_1,1,1.4854503910474204,1.9941458915883368,GENROU_5,8,GENROU_2,2,1.0,1,1.0,2,1.0,3,1.0,6,1.0,8
314,1,0.906,0.003,0.03,NEXT_STEP,0,0.0358463223064505,0.0172869914641516,1.0086703815107183,-0.1773882529474822,Fault_Interface,14,0.0,0.0,0.3,1.0086703815107183,-0.1773882529474822,,,,,,,,,,,,,,10.947320231857905,63.35299760041254,52.40567736855464,GENROU_4,6,GENROU_1,1,1.0,1.0,0.0,GENROU_1,1,GENROU_1,1,1.4854503909417438,1.994145890254734,GENROU_5,8,GENROU_2,2,1.0,1,1.0,2,1.0,3,1.0,6,1.0,8
315,1,0.909,0.003,0.03,NEXT_STEP,0,0.0358463223064505,0.0172869914641516,1.0086703815107183,-0.1773882529474822,Fault_Interface,14,0.0,0.0,0.3,1.0086703815107183,-0.1773882529474822,,,,,,,,,,,,,,10.947320231857905,63.35299760041254,52.40567736855464,GENROU_4,6,GENROU_1,1,1.0,1.0,0.0,GENROU_1,1,GENROU_1,1,1.485450391113658,1.9941458887168368,GENROU_5,8,GENROU_2,2,1.0,1,1.0,2,1.0,3,1.0,6,1.0,8
316,1,0.912,0.003,0.03,NEXT_STEP,0,0.0358463223064505,0.0172869914641516,1.0086703816286144,-0.1773882528360239,Fault_Interface,14,0.0,0.0,0.3,1.0086703816286144,-0.1773882528360239,,,,,,,,,,,,,,10.947320231857905,63.35299760041254,52.40567736855464,GENROU_4,6,GENROU_1,1,1.0,1.0,0.0,GENROU_1,1,GENROU_1,1,1.485450391113658,1.994145887033472,GENROU_5,8,GENROU_2,2,1.0,1,1.0,2,1.0,3,1.0,6,1.0,8
317,1,0.915,0.003,0.03,NEXT_STEP,0,0.0358463223064505,0.0172869914641516,1.0086703816286144,-0.1773882528360239,Fault_Interface,14,0.0,0.0,0.3,1.0086703816286144,-0.1773882528360239,,,,,,,,,,,,,,10.947320231857905,63.35299760041254,52.40567736855464,GENROU_4,6,GENROU_1,1,1.0,1.0,0.0,GENROU_1,1,GENROU_1,1,1.485450391113658,1.9941458852318048,GENROU_5,8,GENROU_2,2,1.0,1,1.0,2,1.0,3,1.0,6,1.0,8
318,1,0.918,0.003,0.03,NEXT_STEP,0,0.0358463223064505,0.0172869914641516,1.0086703817427425,-0.1773882528360239,Fault_Interface,14,0.0,0.0,0.3,1.0086703817427425,-0.1773882528360239,,,,,,,,,,,,,,10.947320231857905,63.35299760041254,52.40567736855464,GENROU_4,6,GENROU_1,1,1.0,1.0,0.0,GENROU_1,1,GENROU_1,1,1.4854503905843377,1.9941458836788253,GENROU_5,8,GENROU_2,2,1.0,1,1.0,2,1.0,3,1.0,6,1.0,8
319,1,0.921,0.003,0.03,NEXT_STEP,0,0.0358463223064505,0.0172869914641516,1.0086703817427425,-0.1773882527227285,Fault_Interface,14,0.0,0.0,0.3,1.0086703817427425,-0.1773882527227285,,,,,,,,,,,,,,10.947320231857905,63.35299760041254,52.40567736855464,GENROU_4,6,GENROU_1,1,1.0,1.0,0.0,GENROU_1,1,GENROU_1,1,1.4854503903813918,1.9941458823299256,GENROU_5,8,GENROU_2,2,1.0,1,1.0,2,1.0,3,1.0,6,1.0,8
320,1,0.924,0.003,0.03,NEXT_STEP,0,0.0358463223064505,0.0172869914641516,1.00867038185228,-0.1773882527227285,Fault_Interface,14,0.0,0.0,0.3,1.00867038185228,-0.1773882527227285,,,,,,,,,,,,,,10.947320231857905,63.35299760041254,52.40567736855464,GENROU_4,6,GENROU_1,1,1.0,1.0,0.0,GENROU_1,1,GENROU_1,1,1.4854503898672045,1.994145880823536,GENROU_5,8,GENROU_2,2,1.0,1,1.0,2,1.0,3,1.0,6,1.0,8
321,1,0.927,0.003,0.03,NEXT_STEP,0,0.0358463223064505,0.0172869914641516,1.00867038185228,-0.1773882527227285,Fault_Interface,14,0.0,0.0,0.3,1.00867038185228,-0.1773882527227285,,,,,,,,,,,,,,10.947320231857905,63.35299760041254,52.40567736855464,GENROU_4,6,GENROU_1,1,1.0,1.0,0.0,GENROU_1,1,GENROU_1,1,1.4854503894095088,1.9941458788239128,GENROU_5,8,GENROU_2,2,1.0,1,1.0,2,1.0,3,1.0,6,1.0,8
322,1,0.93,0.003,0.03,NEXT_STEP,0,0.0358463223064505,0.0172869914641516,1.00867038185228,-0.1773882527227285,Fault_Interface,14,0.0,0.0,0.3,1.00867038185228,-0.1773882527227285,,,,,,,,,,,,,,10.947320231857905,63.35299760041254,52.40567736855464,GENROU_4,6,GENROU_1,1,1.0,1.0,0.0,GENROU_1,1,GENROU_1,1,1.4854503891699469,1.9941458767186029,GENROU_5,8,GENROU_2,2,1.0,1,1.0,2,1.0,3,1.0,6,1.0,8
323,1,0.933,0.003,0.03,NEXT_STEP,0,0.0358463223064505,0.0172869914641516,1.00867038185228,-0.1773882527227285,Fault_Interface,14,0.0,0.0,0.3,1.00867038185228,-0.1773882527227285,,,,,,,,,,,,,,10.947320231857905,63.35299760041254,52.40567736855464,GENROU_4,6,GENROU_1,1,1.0,1.0,0.0,GENROU_1,1,GENROU_1,1,1.48545038886944,1.9941458748707968,GENROU_5,8,GENROU_2,2,1.0,1,1.0,2,1.0,3,1.0,6,1.0,8
324,1,0.936,0.003,0.03,NEXT_STEP,0,0.0358463223064505,0.0172869914641516,1.0086703819807177,-0.1773882527227285,Fault_Interface,14,0.0,0.0,0.3,1.0086703819807177,-0.1773882527227285,,,,,,,,,,,,,,10.947320231857905,63.35299760041254,52.40567736855464,GENROU_4,6,GENROU_1,1,1.0,1.0,0.0,GENROU_1,1,GENROU_1,1,1.48545038886944,1.9941458733024024,GENROU_5,8,GENROU_2,2,1.0,1,1.0,2,1.0,3,1.0,6,1.0,8
325,1,0.939,0.003,0.03,NEXT_STEP,0,0.0358463223064505,0.0172869914641516,1.0086703819807177,-0.1773882526084979,Fault_Interface,14,0.0,0.0,0.3,1.0086703819807177,-0.1773882526084979,,,,,,,,,,,,,,10.947320231857905,63.35299760041254,52.40567736855464,GENROU_4,6,GENROU_1,1,1.0,1.0,0.0,GENROU_1,1,GENROU_1,1,1.48545038886944,1.9941458719757983,GENROU_5,8,GENROU_2,2,1.0,1,1.0,2,1.0,3,1.0,6,1.0,8
326,1,0.942,0.003,0.03,NEXT_STEP,0,0.0358463223064505,0.0172869914641516,1.0086703819807177,-0.1773882526084979,Fault_Interface,14,0.0,0.0,0.3,1.0086703819807177,-0.1773882526084979,,,,,,,,,,,,,,10.947320231857905,63.35299760041254,52.40567736855464,GENROU_4,6,GENROU_1,1,1.0,1.0,0.0,GENROU_1,1,GENROU_1,1,1.48545038886944,1.9941458708519144,GENROU_5,8,GENROU_2,2,1.0,1,1.0,2,1.0,3,1.0,6,1.0,8
327,1,0.945,0.003,0.03,NEXT_STEP,0,0.0358463223064505,0.0172869914641516,1.0086703819807177,-0.1773882526084979,Fault_Interface,14,0.0,0.0,0.3,1.0086703819807177,-0.1773882526084979,,,,,,,,,,,,,,10.947320231857905,63.35299760041254,52.40567736855464,GENROU_4,6,GENROU_1,1,1.0,1.0,0.0,GENROU_1,1,GENROU_1,1,1.485450388996289,1.994145869876769,GENROU_5,8,GENROU_2,2,1.0,1,1.0,2,1.0,3,1.0,6,1.0,8
328,1,0.948,0.003,0.03,NEXT_STEP,0,0.0358463223064505,0.0172869914641516,1.0086703821294192,-0.1773882526084979,Fault_Interface,14,0.0,0.0,0.3,1.0086703821294192,-0.1773882526084979,,,,,,,,,,,,,,10.947320231857905,63.35299760041254,52.40567736855464,GENROU_4,6,GENROU_1,1,1.0,1.0,0.0,GENROU_1,1,GENROU_1,1,1.485450388996289,1.9941458686923772,GENROU_5,8,GENROU_2,2,1.0,1,1.0,2,1.0,3,1.0,6,1.0,8
329,1,0.951,0.003,0.03,NEXT_STEP,0,0.0358463223064505,0.0172869914641516,1.0086703821294192,-0.1773882524864798,Fault_Interface,14,0.0,0.0,0.3,1.0086703821294192,-0.1773882524864798,,,,,,,,,,,,,,10.947320231857905,63.35299760041254,52.40567736855464,GENROU_4,6,GENROU_1,1,1.0,1.0,0.0,GENROU_1,1,GENROU_1,1,1.485450388996289,1.994145866969299,GENROU_5,8,GENROU_2,2,1.0,1,1.0,2,1.0,3,1.0,6,1.0,8
330,1,0.954,0.003,0.03,NEXT_STEP,0,0.0358463223064505,0.0172869914641516,1.008670382243258,-0.1773882524864798,Fault_Interface,14,0.0,0.0,0.3,1.008670382243258,-0.1773882524864798,,,,,,,,,,,,,,10.947320231857905,63.35299760041254,52.40567736855464,GENROU_4,6,GENROU_1,1,1.0,1.0,0.0,GENROU_1,1,GENROU_1,1,1.485450388996289,1.9941458651001347,GENROU_5,8,GENROU_2,2,1.0,1,1.0,2,1.0,3,1.0,6,1.0,8
331,1,0.957,0.003,0.03,NEXT_STEP,0,0.0358463223064505,0.0172869914641516,1.008670382243258,-0.1773882524864798,Fault_Interface,14,0.0,0.0,0.3,1.008670382243258,-0.1773882524864798,,,,,,,,,,,,,,10.947320231857905,63.35299760041254,52.40567736855464,GENROU_4,6,GENROU_1,1,1.0,1.0,0.0,GENROU_1,1,GENROU_1,1,1.485450388996289,1.9941458634848208,GENROU_5,8,GENROU_2,2,1.0,1,1.0,2,1.0,3,1.0,6,1.0,8
332,1,0.96,0.003,0.03,NEXT_STEP,0,0.0358463223064505,0.0172869914641516,1.008670382243258,-0.1773882524864798,Fault_Interface,14,0.0,0.0,0.3,1.008670382243258,-0.1773882524864798,,,,,,,,,,,,,,10.947320231857905,63.35299760041254,52.40567736855464,GENROU_4,6,GENROU_1,1,1.0,1.0,0.0,GENROU_1,1,GENROU_1,1,1.485450388996289,1.994145862059168,GENROU_5,8,GENROU_2,2,1.0,1,1.0,2,1.0,3,1.0,6,1.0,8
333,1,0.963,0.003,0.03,NEXT_STEP,0,0.0358463223064505,0.0172869914641516,1.008670382243258,-0.1773882524864798,Fault_Interface,14,0.0,0.0,0.3,1.008670382243258,-0.1773882524864798,,,,,,,,,,,,,,10.947320231857905,63.35299760041254,52.40567736855464,GENROU_4,6,GENROU_1,1,1.0,1.0,0.0,GENROU_1,1,GENROU_1,1,1.485450389119472,1.9941458605062377,GENROU_5,8,GENROU_2,2,1.0,1,1.0,2,1.0,3,1.0,6,1.0,8
334,1,0.966,0.003,0.03,NEXT_STEP,0,0.0358463223064505,0.0172869914641516,1.0086703823759586,-0.1773882523630181,Fault_Interface,14,0.0,0.0,0.3,1.0086703823759586,-0.1773882523630181,,,,,,,,,,,,,,10.947320231857905,63.35299760041254,52.40567736855464,GENROU_4,6,GENROU_1,1,1.0,1.0,0.0,GENROU_1,1,GENROU_1,1,1.4854503887396593,1.9941458588180063,GENROU_5,8,GENROU_2,2,1.0,1,1.0,2,1.0,3,1.0,6,1.0,8
335,1,0.969,0.003,0.03,NEXT_STEP,0,0.0358463223064505,0.0172869914641516,1.0086703823759586,-0.1773882523630181,Fault_Interface,14,0.0,0.0,0.3,1.0086703823759586,-0.1773882523630181,,,,,,,,,,,,,,10.947320231857905,63.35299760041254,52.40567736855464,GENROU_4,6,GENROU_1,1,1.0,1.0,0.0,GENROU_1,1,GENROU_1,1,1.4854503887396593,1.9941458573358768,GENROU_5,8,GENROU_2,2,1.0,1,1.0,2,1.0,3,1.0,6,1.0,8
336,1,0.972,0.003,0.03,NEXT_STEP,0,0.0358463223064505,0.0172869914641516,1.0086703823759586,-0.1773882523630181,Fault_Interface,14,0.0,0.0,0.3,1.0086703823759586,-0.1773882523630181,,,,,,,,,,,,,,10.947320231857905,63.35299760041254,52.40567736855464,GENROU_4,6,GENROU_1,1,1.0,1.0,0.0,GENROU_1,1,GENROU_1,1,1.485450388396916,1.9941458560800505,GENROU_5,8,GENROU_2,2,1.0,1,1.0,2,1.0,3,1.0,6,1.0,8
337,1,0.975,0.003,0.03,NEXT_STEP,0,0.0358463223064505,0.0172869914641516,1.0086703823759586,-0.1773882523630181,Fault_Interface,14,0.0,0.0,0.3,1.0086703823759586,-0.1773882523630181,,,,,,,,,,,,,,10.947320231857905,63.35299760041254,52.40567736855464,GENROU_4,6,GENROU_1,1,1.0,1.0,0.0,GENROU_1,1,GENROU_1,1,1.485450388396916,1.9941458549870057,GENROU_5,8,GENROU_2,2,1.0,1,1.0,2,1.0,3,1.0,6,1.0,8
338,1,0.978,0.003,0.03,NEXT_STEP,0,0.0358463223064505,0.0172869914641516,1.008670382505592,-0.1773882523630181,Fault_Interface,14,0.0,0.0,0.3,1.008670382505592,-0.1773882523630181,,,,,,,,,,,,,,10.947320231857905,63.35299760041254,52.40567736855464,GENROU_4,6,GENROU_1,1,1.0,1.0,0.0,GENROU_1,1,GENROU_1,1,1.485450388396916,1.994145853706929,GENROU_5,8,GENROU_2,2,1.0,1,1.0,2,1.0,3,1.0,6,1.0,8
339,1,0.981,0.003,0.03,NEXT_STEP,0,0.0358463223064505,0.0172869914641516,1.008670382505592,-0.1773882523630181,Fault_Interface,14,0.0,0.0,0.3,1.008670382505592,-0.1773882523630181,,,,,,,,,,,,,,10.947320231857905,63.35299760041254,52.40567736855464,GENROU_4,6,GENROU_1,1,1.0,1.0,0.0,GENROU_1,1,GENROU_1,1,1.485450388280709,1.994145851919316,GENROU_5,8,GENROU_2,2,1.0,1,1.0,2,1.0,3,1.0,6,1.0,8
340,1,0.984,0.003,0.03,NEXT_STEP,0,0.0358463223064505,0.0172869914641516,1.008670382505592,-0.1773882522526692,Fault_Interface,14,0.0,0.0,0.3,1.008670382505592,-0.1773882522526692,,,,,,,,,,,,,,10.947320231857905,63.35299760041254,52.40567736855464,GENROU_4,6,GENROU_1,1,1.0,1.0,0.0,GENROU_1,1,GENROU_1,1,1.4854503877894425,1.9941458500232512,GENROU_5,8,GENROU_2,2,1.0,1,1.0,2,1.0,3,1.0,6,1.0,8
341,1,0.987,0.003,0.03,NEXT_STEP,0,0.0358463223064505,0.0172869914641516,1.0086703826126795,-0.1773882522526692,Fault_Interface,14,0.0,0.0,0.3,1.0086703826126795,-0.1773882522526692,,,,,,,,,,,,,,10.947320231857905,63.35299760041254,52.40567736855464,GENROU_4,6,GENROU_1,1,1.0,1.0,0.0,GENROU_1,1,GENROU_1,1,1.485450387469209,1.9941458483558705,GENROU_5,8,GENROU_2,2,1.0,1,1.0,2,1.0,3,1.0,6,1.0,8
342,1,0.99,0.003,0.03,NEXT_STEP,0,0.0358463223064505,0.0172869914641516,1.0086703826126795,-0.1773882522526692,Fault_Interface,14,0.0,0.0,0.3,1.0086703826126795,-0.1773882522526692,,,,,,,,,,,,,,10.947320231857905,63.35299760041254,52.40567736855464,GENROU_4,6,GENROU_1,1,1.0,1.0,0.0,GENROU_1,1,GENROU_1,1,1.485450387093713,1.9941458469403488,GENROU_5,8,GENROU_2,2,1.0,1,1.0,2,1.0,3,1.0,6,1.0,8
343,1,0.993,0.003,0.03,NEXT_STEP,0,0.0358463223064505,0.0172869914641516,1.00867038271776,-0.1773882522526692,Fault_Interface,14,0.0,0.0,0.3,1.00867038271776,-0.1773882522526692,,,,,,,,,,,,,,10.947320231857905,63.35299760041254,52.40567736855464,GENROU_4,6,GENROU_1,1,1.0,1.0,0.0,GENROU_1,1,GENROU_1,1,1.485450387093713,1.994145845716932,GENROU_5,8,GENROU_2,2,1.0,1,1.0,2,1.0,3,1.0,6,1.0,8
344,1,0.996,0.003,0.03,NEXT_STEP,0,0.0358463223064505,0.0172869914641516,1.00867038271776,-0.1773882521513042,Fault_Interface,14,0.0,0.0,0.3,1.00867038271776,-0.1773882521513042,,,,,,,,,,,,,,10.947320231857905,63.35299760041254,52.40567736855464,GENROU_4,6,GENROU_1,1,1.0,1.0,0.0,GENROU_1,1,GENROU_1,1,1.485450387244113,1.99414584465706,GENROU_5,8,GENROU_2,2,1.0,1,1.0,2,1.0,3,1.0,6,1.0,8
345,1,0.999,0.003,0.03,NEXT_STEP,0,0.0358463223064505,0.0172869914641516,1.00867038271776,-0.1773882521513042,Fault_Interface,14,0.0,0.0,0.3,1.00867038271776,-0.1773882521513042,,,,,,,,,,,,,,10.947320231857905,63.35299760041254,52.40567736855464,GENROU_4,6,GENROU_1,1,1.0,1.0,0.0,GENROU_1,1,GENROU_1,1,1.485450387244113,1.994145843426091,GENROU_5,8,GENROU_2,2,1.0,1,1.0,2,1.0,3,1.0,6,1.0,8
346,1,1.002,0.003,0.03,NEXT_STEP,0,0.0358463223064505,0.0172869914641516,0.4436904171929023,-0.1577481439071018,Fault_Interface,14,1.0,0.0,0.3,0.4436904171929023,-0.1577481439071018,,,,,,,,,,,,,,10.9466614042987,63.352934886476646,52.40627348217794,GENROU_4,6,GENROU_1,1,0.9999687421941912,1.000000461651133,3.125780580892634e-05,GENROU_4,6,GENROU_5,8,1.3754908538068686,1.995097229224804,GENROU_5,8,GENROU_2,2,0.9999970304903376,1,0.9999918603119488,2,0.9999899151261435,3,0.9999687421941912,6,1.000000461651133,8
348,2,1.005,0.003,0.03,NEXT_STEP,1,0.0069345321498885,0.0033292087494224,0.4476018819481477,-0.1413748797779502,Fault_Interface,14,1.0,0.0,0.3,0.4476018819481477,-0.1413748797779502,,,,,,,,,,,,,,10.943174559953082,63.35266094687474,52.40948638692166,GENROU_4,6,GENROU_1,1,0.9999236391531664,1.0000017083468766,7.636084683360078e-05,GENROU_4,6,GENROU_5,8,1.4060266065460754,2.005218583277894,GENROU_5,8,GENROU_2,2,0.9999945145836774,1,0.9999801432380244,2,0.9999748088791934,3,0.9999236391531664,6,1.0000017083468766,8
350,2,1.008,0.003,0.03,NEXT_STEP,1,0.0054876874191323,0.0048008367950414,0.4417450749698665,-0.1465760187979983,Fault_Interface,14,1.0,0.0,0.3,0.4417450749698665,-0.1465760187979983,,,,,,,,,,,,,,10.936865585733829,63.352299180041975,52.41543359430815,GENROU_4,6,GENROU_1,1,0.9998816394203136,1.000003479841492,0.0001183605796865,GENROU_4,6,GENROU_5,8,1.4416220101635069,2.0336280257174013,GENROU_5,8,GENROU_2,2,0.999994319773336,1,0.9999692402360556,2,0.9999600920752092,3,0.9998816394203136,6,1.000003479841492,8
352,2,1.011,0.003,0.03,NEXT_STEP,1,0.0054540421651509,0.0048137124198098,0.4365214984146505,-0.1527310035654293,Fault_Interface,14,1.0,0.0,0.3,0.4365214984146505,-0.1527310035654293,,,,,,,,,,,,,,10.927860112173365,63.35196677341524,52.42410666124188,GENROU_4,6,GENROU_1,1,0.9998404138648572,1.0000048446581142,0.0001595861351426,GENROU_4,6,GENROU_5,8,1.48213094465792,2.086669329914587,GENROU_5,8,GENROU_2,2,0.999995420762876,1,0.999958385460633,2,0.9999450429175808,3,0.9998404138648572,6,1.0000048446581142,8
354,2,1.014,0.003,0.03,NEXT_STEP,1,0.0052060155637955,0.0045494871481737,0.4316666648408667,-0.1586547064196485,Fault_Interface,14,1.0,0.0,0.3,0.4316666648408667,-0.1586547064196485,,,,,,,,,,,,,,10.916205627800249,63.351746220173794,52.43554059237354,GENROU_4,6,GENROU_1,1,0.9997998798273304,1.0000058053028544,0.0002001201726695,GENROU_4,6,GENROU_5,8,1.5255547725014291,2.167633064273597,GENROU_5,8,GENROU_2,2,0.999997772038314,1,0.99994754126118,2,0.9999296650287476,3,0.9997998798273304,6,1.0000058053028544,8
356,2,1.017,0.003,0.03,NEXT_STEP,1,0.0049596867426538,0.0042824358052331,0.4270262517272006,-0.1645252542921355,Fault_Interface,14,1.0,0.0,0.3,0.4270262517272006,-0.1645252542921355,,,,,,,,,,,,,,10.901946087276894,63.35171784317232,52.44977175589543,GENROU_4,6,GENROU_1,1,0.9997600108972572,1.0000063989712165,0.0002399891027426,GENROU_4,6,GENROU_5,8,1.5704364089710614,2.2775261600756096,GENROU_5,8,GENROU_2,2,1.0000013521283075,1,0.9999366947941424,2,0.9999139805849152,3,0.9997600108972572,6,1.0000063989712165,8
358,2,1.02,0.003,0.03,NEXT_STEP,1,0.004741145375596,0.0040488664430867,0.4225686638237113,-0.170362847248764,Fault_Interface,14,1.0,0.0,0.3,0.4225686638237113,-0.170362847248764,,,,,,,,,,,,,,10.885123122960518,63.35196001376032,52.4668368907998,GENROU_4,6,GENROU_1,1,0.9997207618090276,1.0000066512222854,0.0002792381909725,GENROU_4,6,GENROU_5,8,1.6157416178535549,2.415676225679477,GENROU_5,8,GENROU_2,2,1.0000061222725565,1,0.9999258302455646,2,0.9998980051300288,3,0.9997207618090276,6,1.0000066512222854,8
360,2,1.023,0.003,0.03,NEXT_STEP,1,0.0045365034706144,0.0038310529099696,0.4182920772299619,-0.1761509954210392,Fault_Interface,14,1.0,0.0,0.3,0.4182920772299619,-0.1761509954210392,,,,,,,,,,,,,,10.865775554296144,63.35254839743624,52.486772843140095,GENROU_4,6,GENROU_1,1,0.9996820910099732,1.000012037717441,0.0003179089900267,GENROU_4,6,GENROU_1,1,1.6607393269237798,2.5802272129468884,GENROU_5,8,GENROU_2,2,1.000012037717441,1,0.999914934845825,2,0.999881754722134,3,0.9996820910099732,6,1.000006584696942,8
362,2,1.026,0.003,0.03,NEXT_STEP,1,0.0043470321923032,0.0036307146732934,0.4141850744497222,-0.1818874687103525,Fault_Interface,14,1.0,0.0,0.3,0.4141850744497222,-0.1818874687103525,,,,,,,,,,,,,,10.8439396973934,63.353555651296205,52.5096159539028,GENROU_4,6,GENROU_1,1,0.9996439627893248,1.0000190503646569,0.0003560372106752,GENROU_4,6,GENROU_1,1,1.7049167933293523,2.768538394129301,GENROU_5,8,GENROU_2,2,1.0000190503646569,1,0.9999039987293564,2,0.9998652465437128,3,0.9996439627893248,6,1.000006220323963,8
364,2,1.029,0.003,0.03,NEXT_STEP,1,0.0041708393894485,0.0034454992966521,0.410239326809129,-0.1875672181875376,Fault_Interface,14,1.0,0.0,0.3,0.410239326809129,-0.1875672181875376,,,,,,,,,,,,,,10.819649689292556,63.35505123346682,52.53540154417426,GENROU_4,6,GENROU_1,1,0.9996063456026244,1.0000271095788806,0.0003936543973754,GENROU_4,6,GENROU_1,1,1.744521725568175,2.977499683566629,GENROU_5,8,GENROU_2,2,1.0000271095788806,1,0.9998930138071628,2,0.9998484982836696,3,0.9996063456026244,6,1.0000055771608591,8
366,2,1.032,0.003,0.03,NEXT_STEP,1,0.0040069607408632,0.0032742605645819,0.4064465304508819,-0.1931864315387503,Fault_Interface,14,1.0,0.0,0.3,0.4064465304508819,-0.1931864315387503,,,,,,,,,,,,,,10.792937751098194,63.357101273854006,52.56416352275581,GENROU_4,6,GENROU_1,1,0.9995692118605124,1.0000361632725754,0.0004307881394876,GENROU_4,6,GENROU_1,1,1.7768191131769369,3.203775982451197,GENROU_5,8,GENROU_2,2,1.0000361632725754,1,0.9998819732717537,2,0.9998315280147388,3,0.9995692118605124,6,1.000004672774928,8
368,2,1.035,0.003,0.03,NEXT_STEP,1,0.0038543126038126,0.0031156814648077,0.4027991631485911,-0.1987413999379591,Fault_Interface,14,1.0,0.0,0.3,0.4027991631485911,-0.1987413999379591,,,,,,,,,,,,,,10.763834428939983,63.35976850399135,52.59593407505136,GENROU_4,6,GENROU_1,1,0.9995325374555922,1.0000461586452438,0.0004674625444077,GENROU_4,6,GENROU_1,1,1.803240398388885,3.443992043485933,GENROU_5,8,GENROU_2,2,1.0000461586452438,1,0.9998708711470397,2,0.9998143539953056,3,0.9995325374555922,6,1.000003523463687,8
370,2,1.038,0.003,0.03,NEXT_STEP,1,0.0037119636581345,0.0029686693328586,0.3992902122684382,-0.2042287926178948,Fault_Interface,14,1.0,0.0,0.3,0.3992902122684382,-0.2042287926178948,,,,,,,,,,,,,,10.732368808522128,63.36311223145135,52.630743422929214,GENROU_4,6,GENROU_1,1,0.9994963014204,1.0000570428195712,0.0005036985796,GENROU_4,6,GENROU_1,1,1.8249500547295825,3.694868087048045,GENROU_5,8,GENROU_2,2,1.0000570428195712,1,0.9998597019716378,2,0.9997969945559216,3,0.9994963014204,6,1.000002144394991,8
372,2,1.041,0.003,0.03,NEXT_STEP,1,0.003579044488246,0.0028321710837516,0.3959131745923591,-0.2096456441321441,Fault_Interface,14,1.0,0.0,0.3,0.3959131745923591,-0.2096456441321441,,,,,,,,,,,,,,10.698568707429908,63.367188352859415,52.66861964542951,GENROU_4,6,GENROU_1,1,0.9994604855829264,1.0000687633967271,0.0005395144170734,GENROU_4,6,GENROU_1,1,1.8428742099529016,3.9533151846253687,GENROU_5,8,GENROU_2,2,1.0000687633967271,1,0.999848460533684,2,0.9997794680449278,3,0.9994604855829264,6,1.0000005496763111,8
374,2,1.044,0.003,0.03,NEXT_STEP,1,0.0034548439759676,0.0027053516865905,0.3926619213299809,-0.2149894204226067,Fault_Interface,14,1.0,0.0,0.3,0.3926619213299809,-0.2149894204226067,,,,,,,,,,,,,,10.662460845978677,63.37204939900552,52.70958855302684,GENROU_4,6,GENROU_1,1,0.9994250742488257,1.0000812688917329,0.0005749257511743,GENROU_4,6,GENROU_1,1,1.8577517939283197,4.216498255899223,GENROU_5,8,GENROU_2,2,1.0000812688917329,1,0.9998371416745384,2,0.9997617927828502,3,0.9994250742488257,6,0.9999987524154272,8
376,2,1.047,0.003,0.03,NEXT_STEP,1,0.0033386548485922,0.0025873756248043,0.3895308128200878,-0.2202577593118468,Fault_Interface,14,1.0,0.0,0.3,0.3895308128200878,-0.2202577593118468,,,,,,,,,,,,,,10.624070999479102,63.37774460273975,52.75367360326065,GENROU_4,6,GENROU_1,1,0.999390053945632,1.0000945090012991,0.0006099460543681,GENROU_4,6,GENROU_1,1,1.8701734198677704,4.481873426498734,GENROU_5,8,GENROU_2,2,1.0000945090012991,1,0.9998257401882072,2,0.9997439869784508,3,0.999390053945632,6,0.9999967647913648,8
378,2,1.05,0.003,0.03,NEXT_STEP,1,0.0032298536909853,0.0024775141884605,0.3865145912667666,-0.2254485510943459,Fault_Interface,14,1.0,0.0,0.3,0.3865145912667666,-0.2254485510943459,,,,,,,,,,,,,,10.58342413550972,63.3843199804672,52.80089584495748,GENROU_4,6,GENROU_1,1,0.999355413215807,1.000108434755721,0.0006445867841929,GENROU_4,6,GENROU_1,1,1.8806119186659431,4.747205475279476,GENROU_5,8,GENROU_2,2,1.000108434755721,1,0.9998142507856108,2,0.9997260686311652,3,0.999355413215807,6,0.9999945981302188,8
380,2,1.053,0.003,0.03,NEXT_STEP,1,0.0031278701681091,0.002375098862728,0.3836083659999681,-0.2305599024729329,Fault_Interface,14,1.0,0.0,0.3,0.3836083659999681,-0.2305599024729329,,,,,,,,,,,,,,10.540544538230304,63.39181842142725,52.85127388319695,GENROU_4,6,GENROU_1,1,0.9993211424237172,1.0001229986072433,0.0006788575762828,GENROU_4,6,GENROU_1,1,1.8894464251623275,5.010570179480463,GENROU_5,8,GENROU_2,2,1.0001229986072433,1,0.99980266808435,2,0.9997080554465164,3,0.9993211424237172,6,0.9999922629726344,8
382,2,1.056,0.003,0.03,NEXT_STEP,1,0.0030321825675024,0.0022795307137811,0.3808075720468952,-0.2355901316448169,Fault_Interface,14,1.0,0.0,0.3,0.3808075720468952,-0.2355901316448169,,,,,,,,,,,,,,10.495455920793002,63.40027978130575,52.90482386051275,GENROU_4,6,GENROU_1,1,0.9992872335813044,1.0001381544754264,0.0007127664186955,GENROU_4,6,GENROU_1,1,1.89698140546982,5.2703455478575,GENROU_5,8,GENROU_2,2,1.0001381544754264,1,0.9997909866164116,2,0.99968996476988,3,0.9992872335813044,6,0.9999897691355828,8
384,2,1.059,0.003,0.03,NEXT_STEP,1,0.0029423450779564,0.0021902755669716,0.3781079333233709,-0.2405377945757996,Fault_Interface,14,1.0,0.0,0.3,0.3781079333233709,-0.2405377945757996,,,,,,,,,,,,,,10.448181526854569,63.40974097768391,52.96155945082934,GENROU_4,6,GENROU_1,1,0.9992536801860278,1.0001538577584674,0.0007463198139722,GENROU_4,6,GENROU_1,1,1.9034617208941005,5.5251952109977,GENROU_5,8,GENROU_2,2,1.0001538577584674,1,0.9997792008466054,2,0.9996718135341244,3,0.9992536801860278,6,0.9999871257672204,8
386,2,1.062,0.003,0.03,NEXT_STEP,1,0.0028579401704832,0.0021068730896556,0.3755054370197159,-0.2454016332671078,Fault_Interface,14,1.0,0.0,0.3,0.3755054370197159,-0.2454016332671078,,,,,,,,,,,,,,10.39874422204301,63.42023608544957,53.02149186340657,GENROU_4,6,GENROU_1,1,0.9992204770728748,1.00017006532072,0.0007795229271252,GENROU_4,6,GENROU_1,1,1.9090845801102736,5.774046608893448,GENROU_5,8,GENROU_2,2,1.00017006532072,1,0.9997673051983356,2,0.9996536182196606,3,0.9992204770728748,6,0.9999843413968664,8
388,2,1.065,0.003,0.03,NEXT_STEP,1,0.0027785396078309,0.0020288206758577,0.3729963770276014,-0.2501805010522741,Fault_Interface,14,1.0,0.0,0.3,0.3729963770276014,-0.2501805010522741,,,,,,,,,,,,,,10.347166576525913,63.43179643093784,53.08462985441193,GENROU_4,6,GENROU_1,1,0.9991876202877086,1.0001867354659553,0.0008123797122914,GENROU_4,6,GENROU_1,1,1.914009060421341,6.016066072680395,GENROU_5,8,GENROU_2,2,1.0001867354659553,1,0.999755294086319,2,0.9996353948278712,3,0.9991876202877086,6,0.9999814239831422,8
390,2,1.068,0.003,0.03,NEXT_STEP,1,0.0027038275716543,0.0019557550385581,0.3705772096370149,-0.2548735296057794,Fault_Interface,14,1.0,0.0,0.3,0.3705772096370149,-0.2548735296057794,,,,,,,,,,,,,,10.293470939463676,63.44445068384333,53.15097974437965,GENROU_4,6,GENROU_1,1,0.999155106963457,1.0002038278953247,0.000844893036543,GENROU_4,6,GENROU_1,1,1.9183636181795063,6.250632434217876,GENROU_5,8,GENROU_2,2,1.0002038278953247,1,0.9997431619480815,2,0.9996171588602044,3,0.999155106963457,6,0.999978380954846,8
392,2,1.071,0.003,0.03,NEXT_STEP,1,0.0026334807744213,0.0018873114333474,0.3682446304417515,-0.2594799629536888,Fault_Interface,14,1.0,0.0,0.3,0.3682446304417515,-0.2594799629536888,,,,,,,,,,,,,,10.23767950571181,63.458224946135054,53.22054544042325,GENROU_4,6,GENROU_1,1,0.9991229352046952,1.0002213036568892,0.0008770647953048,GENROU_4,6,GENROU_1,1,1.9222521534345869,6.47731040741062,GENROU_5,8,GENROU_2,2,1.0002213036568892,1,0.9997309032746504,2,0.9995989253036268,3,0.9991229352046952,6,0.9999752192476672,8
394,2,1.074,0.003,0.03,NEXT_STEP,1,0.0025671974497902,0.0018231449243548,0.365995539332107,-0.2639991842409725,Fault_Interface,14,1.0,0.0,0.3,0.365995539332107,-0.2639991842409725,,,,,,,,,,,,,,10.179814375674056,63.47314283765626,53.293328461982206,GENROU_4,6,GENROU_1,1,0.9990911039916704,1.0002391250937654,0.0009088960083295,GENROU_4,6,GENROU_1,1,1.925758813937104,6.695824660585294,GENROU_5,8,GENROU_2,2,1.0002391250937654,1,0.9997185126430926,2,0.9995807086253486,3,0.9990911039916704,6,0.9999719453406174,8
396,2,1.077,0.003,0.03,NEXT_STEP,1,0.0025046991263115,0.0017629465530053,0.3638270144620619,-0.2684307138837644,Fault_Interface,14,1.0,0.0,0.3,0.3638270144620619,-0.2684307138837644,,,,,,,,,,,,,,10.11989760909744,63.489225578241545,53.3693279691441,GENROU_4,6,GENROU_1,1,0.999059613089298,1.0002572557884963,0.0009403869107018,GENROU_4,6,GENROU_1,1,1.9289518388913856,6.9060352321425205,GENROU_5,8,GENROU_2,2,1.0002572557884963,1,0.9997059847456762,2,0.999562522771122,3,0.999059613089298,6,0.999968565288214,8
398,2,1.08,0.003,0.03,NEXT_STEP,1,0.0024457207668683,0.0017064171240399,1.00867038271776,-0.2727741043497388,Fault_Interface,14,0.0,0.0,0.3,1.00867038271776,-0.2727741043497388,,,,,,,,,,,,,,10.057951101327175,63.506491943210655,53.44854084188348,GENROU_4,6,GENROU_1,1,0.999028463155285,1.0002756608459544,0.0009715368447149,GENROU_4,6,GENROU_1,1,1.4854503874567238,1.9941458430475063,GENROU_5,8,GENROU_2,2,1.0002756608459544,1,0.9996933145225384,2,0.9995443811362328,3,0.999028463155285,6,0.99996508477414,8
400,2,1.083,0.003,0.03,NEXT_STEP,1,0.0179300128384429,0.0120245125053575,0.8524734285361092,-0.2519997771115409,Fault_Interface,14,0.0,0.0,0.3,0.8524734285361092,-0.2519997771115409,,,,,,,,,,,,,,9.995263007771864,63.52491606112712,53.52965305335526,GENROU_4,6,GENROU_1,1,0.9990373755230554,1.0002929553567106,0.0009626244769446,GENROU_4,6,GENROU_1,1,2.096531878114123,7.298611106897536,GENROU_5,8,GENROU_2,2,1.0002929553567106,1,0.9996904053481276,2,0.9995390502627706,3,0.9990373755230554,6,0.9999557014093784,8
402,2,1.086,0.003,0.03,NEXT_STEP,1,0.0404750510260363,0.0454511200686442,0.8414834197822916,-0.2571571017360455,Fault_Interface,14,0.0,0.0,0.3,0.8414834197822916,-0.2571571017360455,,,,,,,,,,,,,,9.9331527960038,63.5444058630786,53.61125306707479,GENROU_4,6,GENROU_1,1,0.9990456426322516,1.000308581740557,0.0009543573677485,GENROU_4,6,GENROU_1,1,2.078094746455125,7.469945901828038,GENROU_5,8,GENROU_2,2,1.000308581740557,1,0.999687040164128,2,0.999533936083218,3,0.9990456426322516,6,0.9999461263038812,8
404,2,1.089,0.003,0.03,NEXT_STEP,1,0.036636016775998,0.0404144224771473,0.8513158139401101,-0.2532277146255309,Fault_Interface,14,0.0,0.0,0.3,0.8513158139401101,-0.2532277146255309,,,,,,,,,,,,,,9.8715461190487,63.56485648965025,53.69331037060155,GENROU_4,6,GENROU_1,1,0.999052916720986,1.0003226104375806,0.0009470832790139,GENROU_4,6,GENROU_1,1,2.069650491257069,7.613913605622537,GENROU_5,8,GENROU_2,2,1.0003226104375806,1,0.9996831516382234,2,0.9995289018479924,3,0.999052916720986,6,0.9999365139872218,8
406,2,1.092,0.003,0.03,NEXT_STEP,1,0.0369931572870886,0.0406535256984977,0.8578024184818942,-0.2509130412038279,Fault_Interface,14,0.0,0.0,0.3,0.8578024184818942,-0.2509130412038279,,,,,,,,,,,,,,9.810433509580474,63.58617934124075,53.775745831660274,GENROU_4,6,GENROU_1,1,0.99906089162876,1.0003355022658296,0.0009391083712398,GENROU_4,6,GENROU_1,1,2.0617176222721536,7.725832743472338,GENROU_5,8,GENROU_2,2,1.0003355022658296,1,0.999679259903792,2,0.999524490905457,3,0.99906089162876,6,0.9999272706725448,8
408,2,1.095,0.003,0.03,NEXT_STEP,1,0.0379010879279362,0.0417664411574302,0.8635326806962318,-0.2488838634716136,Fault_Interface,14,0.0,0.0,0.3,0.8635326806962318,-0.2488838634716136,,,,,,,,,,,,,,9.749848940645068,63.60829680077119,53.85844786012613,GENROU_4,6,GENROU_1,1,0.9990692142682952,1.0003471353739992,0.0009307857317047,GENROU_4,6,GENROU_1,1,2.0550365883124377,7.803565938590259,GENROU_5,8,GENROU_2,2,1.0003471353739992,1,0.999675262043275,2,0.999520582340924,3,0.9990692142682952,6,0.9999182904703272,8
410,2,1.098,0.003,0.03,NEXT_STEP,1,0.0386766111129794,0.0427130629857095,0.8690851738524691,-0.2469044911040415,Fault_Interface,14,0.0,0.0,0.3,0.8690851738524691,-0.2469044911040415,,,,,,,,,,,,,,9.689814028409652,63.631126869058726,53.94131284064908,GENROU_4,6,GENROU_1,1,0.999077856341723,1.0003574963632704,0.000922143658277,GENROU_4,6,GENROU_1,1,2.049571662359758,7.846864022331075,GENROU_5,8,GENROU_2,2,1.0003574963632704,1,0.9996711512413134,2,0.9995171580448364,3,0.999077856341723,6,0.999909555967652,8
412,2,1.101,0.003,0.03,NEXT_STEP,1,0.0394127425562855,0.0436077134677089,0.8744097466033475,-0.2450024159499682,Fault_Interface,14,0.0,0.0,0.3,0.8744097466033475,-0.2450024159499682,,,,,,,,,,,,,,9.630348023631528,63.65459198835823,54.0242439647267,GENROU_4,6,GENROU_1,1,0.9990868142787576,1.0003665846147582,0.0009131857212424,GENROU_4,6,GENROU_1,1,2.045112265242655,7.856722353349268,GENROU_5,8,GENROU_2,2,1.0003665846147582,1,0.9996669264987712,2,0.9995142076581208,3,0.9990868142787576,6,0.999901055915988,8
414,2,1.104,0.003,0.03,NEXT_STEP,1,0.0401277892044549,0.044478220951823,0.8795122386599004,-0.243174980577849,Fault_Interface,14,0.0,0.0,0.3,0.8795122386599004,-0.243174980577849,,,,,,,,,,,,,,9.571475553255056,63.67860062779406,54.107125074539006,GENROU_4,6,GENROU_1,1,0.9990961341664132,1.0003744227752362,0.0009038658335868,GENROU_4,6,GENROU_1,1,2.0414583463292906,7.835543186730417,GENROU_5,8,GENROU_2,2,1.0003744227752362,1,0.9996626010119554,2,0.9995117349136948,3,0.9990961341664132,6,0.999892793136502,8
416,2,1.107,0.003,0.03,NEXT_STEP,1,0.0408208651755965,0.0453233776569855,0.8844043445867914,-0.2414188841753287,Fault_Interface,14,0.0,0.0,0.3,0.8844043445867914,-0.2414188841753287,,,,,,,,,,,,,,9.513218211820604,63.7030768851512,54.18985867333059,GENROU_4,6,GENROU_1,1,0.9991057997399309,1.0003810172666507,0.0008942002600692,GENROU_4,6,GENROU_1,1,2.0384881364121883,7.785986031947982,GENROU_5,8,GENROU_2,2,1.0003810172666507,1,0.9996581691561336,2,0.9995097247642936,3,0.9991057997399309,6,0.999884754965654,8
418,2,1.11,0.003,0.03,NEXT_STEP,1,0.0414924179689912,0.0461435075776271,0.8890983839035158,-0.2397301360573337,Fault_Interface,14,0.0,0.0,0.3,0.8890983839035158,-0.2397301360573337,,,,,,,,,,,,,,9.455598479743012,63.72794070854694,54.27234222880392,GENROU_4,6,GENROU_1,1,0.9991158134675512,1.000386384690008,0.0008841865324489,GENROU_4,6,GENROU_1,1,2.0360884236125787,7.711191303085186,GENROU_5,8,GENROU_2,2,1.000386384690008,1,0.9996536310622192,2,0.999508167282646,3,0.9991158134675512,6,0.9998769343313852,8
420,2,1.113,0.003,0.03,NEXT_STEP,1,0.042143235502585,0.0469394371565693,0.8936053233690517,-0.2381052862171303,Fault_Interface,14,0.0,0.0,0.3,0.8936053233690517,-0.2381052862171303,,,,,,,,,,,,,,9.398638950540873,63.75311321272029,54.35447426217942,GENROU_4,6,GENROU_1,1,0.9991261763718888,1.0003905444511447,0.0008738236281111,GENROU_4,6,GENROU_1,1,2.0341646250310177,7.614469085421385,GENROU_5,8,GENROU_2,2,1.0003905444511447,1,0.9996489869947688,2,0.9995070519141084,3,0.9991261763718888,6,0.9998693245522996,8
422,2,1.116,0.003,0.03,NEXT_STEP,1,0.0427740842068769,0.0477119857716952,0.8979351192938233,-0.236541281716352,Fault_Interface,14,0.0,0.0,0.3,0.8979351192938233,-0.236541281716352,,,,,,,,,,,,,,9.342362236908349,63.77851684177116,54.43615460486281,GENROU_4,6,GENROU_1,1,0.9991368880221692,1.000393518173882,0.0008631119778308,GENROU_4,6,GENROU_1,1,2.0315291290146305,7.499142353050865,GENROU_5,8,GENROU_2,2,1.000393518173882,1,0.99964423725638,2,0.999506367585354,3,0.9991368880221692,6,0.9998619193129444,8
424,2,1.119,0.003,0.03,NEXT_STEP,1,0.0433856798140153,0.0484619221769452,0.9020967692497366,-0.2350354623931871,Fault_Interface,14,0.0,0.0,0.3,0.9020967692497366,-0.2350354623931871,,,,,,,,,,,,,,9.286790876765927,63.804075497632304,54.51728462086638,GENROU_4,6,GENROU_1,1,0.9991479465413364,1.0003953292292398,0.0008520534586636,GENROU_4,6,GENROU_1,1,2.026179282778675,7.3684318142318626,GENROU_5,8,GENROU_2,2,1.0003953292292398,1,0.9996393826015836,2,0.999506102853684,3,0.9991479465413364,6,0.9998547126731324,8
426,2,1.122,0.003,0.03,NEXT_STEP,1,0.0439786728762405,0.0491899475365553,0.9060984678281356,-0.2335854821309328,Fault_Interface,14,0.0,0.0,0.3,0.9060984678281356,-0.2335854821309328,,,,,,,,,,,,,,9.231947239944631,63.82971464282174,54.59776740287711,GENROU_4,6,GENROU_1,1,0.9991593486185004,1.0003960024124097,0.0008406513814996,GENROU_4,6,GENROU_1,1,2.017724440295652,7.225374873894093,GENROU_5,8,GENROU_2,2,1.0003960024124097,1,0.9996344241823176,2,0.9995062460223392,3,0.9991593486185004,6,0.999847699089938,8
428,2,1.125,0.003,0.03,NEXT_STEP,1,0.0445535414735844,0.0498965713119284,0.9099478673106358,-0.2321891613454372,Fault_Interface,14,0.0,0.0,0.3,0.9099478673106358,-0.2321891613454372,,,,,,,,,,,,,,9.17785343731734,63.85536138643828,54.677507949120944,GENROU_4,6,GENROU_1,1,0.9991710895720152,1.0003955637485946,0.0008289104279847,GENROU_4,6,GENROU_1,1,2.006997457899689,7.072772147934016,GENROU_5,8,GENROU_2,2,1.0003955637485946,1,0.999629363563648,2,0.9995067851877804,3,0.9991710895720152,6,0.999840873412942,8
430,2,1.128,0.003,0.03,NEXT_STEP,1,0.0451110322521011,0.0505825894513863,0.9136519240914344,-0.2308445602286346,Fault_Interface,14,0.0,0.0,0.3,0.9136519240914344,-0.2308445602286346,,,,,,,,,,,,,,9.12453123460801,63.88094455807272,54.75641332346471,GENROU_4,6,GENROU_1,1,0.9991831634307832,1.0003940403141969,0.0008168365692167,GENROU_4,6,GENROU_1,1,1.9946533376769329,6.913155854726529,GENROU_5,8,GENROU_2,2,1.0003940403141969,1,0.999624202725352,2,0.9995077082631308,3,0.9991831634307832,6,0.99983423084026,8
432,2,1.131,0.003,0.03,NEXT_STEP,1,0.045651569429615,0.0512484894166414,0.917217290715945,-0.2295497658906249,Fault_Interface,14,0.0,0.0,0.3,0.917217290715945,-0.2295497658906249,,,,,,,,,,,,,,9.07200197233708,63.90639476982779,54.83439279749072,GENROU_4,6,GENROU_1,1,0.999195563042336,1.000391460048614,0.0008044369576639,GENROU_4,6,GENROU_1,1,1.9812042426895244,6.748775238246128,GENROU_5,8,GENROU_2,2,1.000391460048614,1,0.999618944181634,2,0.9995090030165864,3,0.999195563042336,6,0.99982776687564,8
434,2,1.134,0.003,0.03,NEXT_STEP,1,0.0461756248125376,0.0518947578943471,0.920650160511816,-0.2283030053409194,Fault_Interface,14,0.0,0.0,0.3,0.920650160511816,-0.2283030053409194,,,,,,,,,,,,,,9.02028649343504,63.93164446681928,54.91135797338424,GENROU_4,6,GENROU_1,1,0.999208280201428,1.0003878515869256,0.0007917197985719,GENROU_4,6,GENROU_1,1,1.9670480839637907,6.581594937517164,GENROU_5,8,GENROU_2,2,1.0003878515869256,1,0.9996135906806864,2,0.9995106571150686,3,0.999208280201428,6,0.999821477297018,8
436,2,1.137,0.003,0.03,NEXT_STEP,1,0.0466837824165989,0.0525220402505393,0.9239561739635488,-0.2271026787683108,Fault_Interface,14,0.0,0.0,0.3,0.9239561739635488,-0.2271026787683108,,,,,,,,,,,,,,8.969405078547341,63.95662796730833,54.98722288876099,GENROU_4,6,GENROU_1,1,0.9992213057588284,1.0003832441071807,0.0007786942411717,GENROU_4,6,GENROU_1,1,1.952491682116842,6.413302903942896,GENROU_5,8,GENROU_2,2,1.0003832441071807,1,0.99960814545411,2,0.9995126581508004,3,0.9992213057588284,6,0.9998153581168364,8
438,2,1.14,0.003,0.03,NEXT_STEP,1,0.047176469201872,0.0531308177172727,0.9271406108345658,-0.2259472743702971,Fault_Interface,14,0.0,0.0,0.3,0.9271406108345658,-0.2259472743702971,,,,,,,,,,,,,,8.9193773891035,63.981281493782745,55.06190410467924,GENROU_4,6,GENROU_1,1,0.9992346297521644,1.000377667203758,0.0007653702478356,GENROU_4,6,GENROU_1,1,1.9377695757126725,6.245325079352042,GENROU_5,8,GENROU_2,2,1.000377667203758,1,0.9996026120976682,2,0.9995149936654992,3,0.9992346297521644,6,0.999809405548466,8
440,2,1.143,0.003,0.03,NEXT_STEP,1,0.0476541662610295,0.053721613580234,0.9302083896049044,-0.2248353816930511,Fault_Interface,14,0.0,0.0,0.3,0.9302083896049044,-0.2248353816930511,,,,,,,,,,,,,,8.870222418436493,64.00554319657631,55.13532077813982,GENROU_4,6,GENROU_1,1,0.9992482415235452,1.000371150783698,0.0007517584764548,GENROU_4,6,GENROU_1,1,1.92305912889558,6.078844580489996,GENROU_5,8,GENROU_2,2,1.000371150783698,1,0.9995969945352156,2,0.9995176511767774,3,0.9992482415235452,6,0.9998036159798463,8
442,2,1.146,0.003,0.03,NEXT_STEP,1,0.0481171143230084,0.0542946999409238,0.933164302699664,-0.2237655729008693,Fault_Interface,14,0.0,0.0,0.3,0.933164302699664,-0.2237655729008693,,,,,,,,,,,,,,8.821958449808795,64.02935317148517,55.20739472167637,GENROU_4,6,GENROU_1,1,0.999262129815106,1.0003637249850938,0.0007378701848939,GENROU_4,6,GENROU_1,1,1.908492736711187,5.914823593009164,GENROU_5,8,GENROU_2,2,1.0003637249850938,1,0.9995912969874357,2,0.9995206182103092,3,0.999262129815106,6,0.9997979859570874,8
444,2,1.149,0.003,0.03,NEXT_STEP,1,0.0485658715532788,0.0548506717460076,0.9360127278329696,-0.2227365645042359,Fault_Interface,14,0.0,0.0,0.3,0.9360127278329696,-0.2227365645042359,,,,,,,,,,,,,,8.77460301962423,64.05265347233687,55.27805045271264,GENROU_4,6,GENROU_1,1,0.9992762828335184,1.0003554201029217,0.0007237171664814,GENROU_4,6,GENROU_1,1,1.8941674430739508,5.754026568829987,GENROU_5,8,GENROU_2,2,1.0003554201029217,1,0.9995855239355826,2,0.9995238823253326,3,0.9992762828335184,6,0.9997925121661384,8
446,2,1.152,0.003,0.03,NEXT_STEP,1,0.0490008731463939,0.055390047464461,0.9387578678071852,-0.2217470832385719,Fault_Interface,14,0.0,0.0,0.3,0.9387578678071852,-0.2217470832385719,,,,,,,,,,,,,,8.728172884434493,64.07538811898077,55.34721523454628,GENROU_4,6,GENROU_1,1,0.9992906883026006,1.0003462665218896,0.0007093116973994,GENROU_4,6,GENROU_1,1,1.8801527666107003,5.597043653307604,GENROU_5,8,GENROU_2,2,1.0003462665218896,1,0.9995796800823304,2,0.9995274311338574,3,0.9992906883026006,6,0.9997871914136632,8
448,2,1.155,0.003,0.03,NEXT_STEP,1,0.0494223600724385,0.0559130928780206,0.9414038431037892,-0.2207958487781356,Fault_Interface,14,0.0,0.0,0.3,0.9414038431037892,-0.2207958487781356,,,,,,,,,,,,,,8.682683992402296,64.09750310158648,55.41481910918419,GENROU_4,6,GENROU_1,1,0.9993053335482576,1.0003362946696448,0.0006946664517424,GENROU_4,6,GENROU_1,1,1.866496891873994,5.44431354633814,GENROU_5,8,GENROU_2,2,1.0003362946696448,1,0.9995737703244462,2,0.999531252328378,3,0.9993053335482576,6,0.999782020620998,8
450,2,1.158,0.003,0.03,NEXT_STEP,1,0.0498307522423824,0.0564202645593607,0.9439544799793964,-0.2198816767722684,Fault_Interface,14,0.0,0.0,0.3,0.9439544799793964,-0.2198816767722684,,,,,,,,,,,,,,8.638151459464366,64.11894638187488,55.48079492241051,GENROU_4,6,GENROU_1,1,0.9993202055585964,1.000325534968886,0.0006797944414036,GENROU_4,6,GENROU_1,1,1.8532315016640653,5.296145229254093,GENROU_5,8,GENROU_2,2,1.000325534968886,1,0.9995677997204242,2,0.9995353337001632,3,0.9993202055585964,6,0.9997769968122394,8
452,2,1.161,0.003,0.03,NEXT_STEP,1,0.050226361524886,0.0569119294855728,0.9464134734176484,-0.219003394225931,Fault_Interface,14,0.0,0.0,0.3,0.9464134734176484,-0.219003394225931,,,,,,,,,,,,,,8.594589549049541,64.13966789136126,55.54507834231171,GENROU_4,6,GENROU_1,1,0.9993352910335388,1.0003140177930396,0.0006647089664613,GENROU_4,6,GENROU_1,1,1.8403756962278104,5.152738175462158,GENROU_5,8,GENROU_2,2,1.0003140177930396,1,0.9995617734582076,2,0.99953966315277,3,0.9993352910335388,6,0.99977211710186,8
454,2,1.164,0.003,0.03,NEXT_STEP,1,0.0506096524718819,0.0573886054936015,0.9487842672411472,-0.2181599142833646,Fault_Interface,14,0.0,0.0,0.3,0.9487842672411472,-0.2181599142833646,,,,,,,,,,,,,,8.552011654957653,64.15961952689045,55.6076078719328,GENROU_4,6,GENROU_1,1,0.999350576432761,1.0003017734269972,0.0006494235672389,GENROU_4,6,GENROU_1,1,1.8279390095411705,5.014200811860324,GENROU_5,8,GENROU_2,2,1.0003017734269972,1,0.9995556968257292,2,0.999544228713812,3,0.999350576432761,6,0.9997673786837934,8
456,2,1.167,0.003,0.03,NEXT_STEP,1,0.0509809754053251,0.0578507134827795,0.9510701984880092,-0.2173501575587116,Fault_Interface,14,0.0,0.0,0.3,0.9510701984880092,-0.2173501575587116,,,,,,,,,,,,,,8.510430287237615,64.17875514375302,55.66832485651541,GENROU_4,6,GENROU_1,1,0.9993660480203242,1.000288832031724,0.0006339519796757,GENROU_4,6,GENROU_1,1,1.8159238439018504,4.880567114035936,GENROU_5,8,GENROU_2,2,1.000288832031724,1,0.9995495751839488,2,0.9995490185448264,3,0.9993660480203242,6,0.9997627788215168,8
458,2,1.17,0.003,0.03,NEXT_STEP,1,0.0513406166083896,0.0582985788632799,0.9532744980954542,-0.216573067978913,Fault_Interface,14,0.0,0.0,0.3,0.9532744980954542,-0.216573067978913,,,,,,,,,,,,,,8.469857061332338,64.19703054678115,55.727173485448816,GENROU_4,6,GENROU_1,1,0.9993816919208708,1.0002752236172925,0.0006183080791291,GENROU_4,6,GENROU_1,1,1.8043273357789,4.751811306559694,GENROU_5,8,GENROU_2,2,1.0002752236172925,1,0.9995434139470094,2,0.9995540209542514,3,0.9993816919208708,6,0.9997583148438832,8
460,2,1.173,0.003,0.03,NEXT_STEP,1,0.051688870344375,0.0587325376924948,0.955400249233747,-0.2158276300221497,Fault_Interface,14,0.0,0.0,0.3,0.955400249233747,-0.2158276300221497,,,,,,,,,,,,,,8.430302684977368,64.21440347968344,55.78410079470607,GENROU_4,6,GENROU_1,1,0.9993974941638356,1.000260978015494,0.0006025058361642,GENROU_4,6,GENROU_1,1,1.793142794592038,4.627860705413429,GENROU_5,8,GENROU_2,2,1.000260978015494,1,0.9995372185621628,2,0.9995592244062106,3,0.9993974941638356,6,0.9997539840437648,8
462,2,1.176,0.003,0.03,NEXT_STEP,1,0.0520261532747013,0.0591530680669229,0.9574503283811135,-0.2151128989077191,Fault_Interface,14,0.0,0.0,0.3,0.9574503283811135,-0.2151128989077191,,,,,,,,,,,,,,8.391776970234565,64.23083361253593,55.839056642301365,GENROU_4,6,GENROU_1,1,0.9994134407112064,1.0002461248503232,0.0005865592887936,GENROU_4,6,GENROU_1,1,1.7823608103438473,4.508606787702983,GENROU_5,8,GENROU_2,2,1.0002461248503232,1,0.9995309944879,2,0.9995646174295376,3,0.9994134407112064,6,0.9997497839583914,8
464,2,1.179,0.003,0.03,NEXT_STEP,1,0.0523527220454649,0.0595604851698441,0.959427568848491,-0.2144279220417379,Fault_Interface,14,0.0,0.0,0.3,0.959427568848491,-0.2144279220417379,,,,,,,,,,,,,,8.354288812143949,64.24628252756132,55.89199371541737,GENROU_4,6,GENROU_1,1,0.9994295174939012,1.000230693514658,0.0005704825060988,GENROU_4,6,GENROU_1,1,1.77197015861051,4.39391460683108,GENROU_5,8,GENROU_2,2,1.000230693514658,1,0.999524747177805,2,0.9995701889161468,3,0.9994295174939012,6,0.9997457120689132,8
466,2,1.182,0.003,0.03,NEXT_STEP,1,0.0526689793980728,0.0599552450163889,0.9613346083600232,-0.2137718228050348,Fault_Interface,14,0.0,0.0,0.3,0.9613346083600232,-0.2137718228050348,,,,,,,,,,,,,,8.317846194102742,64.260713703433,55.942867509330256,GENROU_4,6,GENROU_1,1,0.9994457103443332,1.000214713148048,0.0005542896556668,GENROU_4,6,GENROU_1,1,1.761958414744255,4.283630691181136,GENROU_5,8,GENROU_2,2,1.000214713148048,1,0.999518482065888,2,0.9995759278220048,3,0.9994457103443332,6,0.9997417658952876,8
468,2,1.185,0.003,0.03,NEXT_STEP,1,0.0529750921301045,0.0603375655839641,0.9631740927704792,-0.2131436941840278,Fault_Interface,14,0.0,0.0,0.3,0.9631740927704792,-0.2131436941840278,,,,,,,,,,,,,,8.28245618260491,64.27409249825206,55.99163631564715,GENROU_4,6,GENROU_1,1,0.9994620053501784,1.0001982126179727,0.0005379946498217,GENROU_4,6,GENROU_1,1,1.7523125012916387,4.17758957458313,GENROU_5,8,GENROU_2,2,1.0001982126179727,1,0.9995122045553196,2,0.9995818232769016,3,0.9994620053501784,6,0.9997379429932842,8
470,2,1.188,0.003,0.03,NEXT_STEP,1,0.0532713303653026,0.0607077420677748,0.9649485148574966,-0.2125426915474216,Fault_Interface,14,0.0,0.0,0.3,0.9649485148574966,-0.2125426915474216,,,,,,,,,,,,,,8.248124944915965,64.28638613138845,56.03826118647249,GENROU_4,6,GENROU_1,1,0.9994783885483112,1.000181220503521,0.0005216114516889,GENROU_4,6,GENROU_1,1,1.743019011021144,4.075619109879627,GENROU_5,8,GENROU_2,2,1.000181220503521,1,0.999505920009736,2,0.9995878645899364,3,0.9994783885483112,6,0.9997342409529776,8
472,2,1.191,0.003,0.03,NEXT_STEP,1,0.0535581631579765,0.0610663255770803,0.9666601398981972,-0.2119680539147301,Fault_Interface,14,0.0,0.0,0.3,0.9666601398981972,-0.2119680539147301,,,,,,,,,,,,,,8.214857745858383,64.29756366396406,56.08270591810568,GENROU_4,6,GENROU_1,1,0.9994948460486772,1.0001637650698003,0.0005051539513227,GENROU_4,6,GENROU_1,1,1.7340644626910893,3.9775447152471113,GENROU_5,8,GENROU_2,2,1.0001637650698003,1,0.9994996337366118,2,0.9995940412445986,3,0.9994948460486772,6,0.9997306573877508,8
474,2,1.194,0.003,0.03,NEXT_STEP,1,0.053835677107145,0.0614134513459042,0.96831134300335,-0.2114189496064261,Fault_Interface,14,0.0,0.0,0.3,0.96831134300335,-0.2114189496064261,,,,,,,,,,,,,,8.182658953646799,64.30759597810864,56.12493702446184,GENROU_4,6,GENROU_1,1,0.999493350982304,1.00014587425565,0.0005066490176959,GENROU_2,2,GENROU_1,1,1.7254355827406749,3.883192697261796,GENROU_5,8,GENROU_2,2,1.00014587425565,1,0.999493350982304,2,0.9996003429041168,3,0.9995113640682493,6,0.9997271899350664,8
476,2,1.197,0.003,0.03,NEXT_STEP,1,0.0541042365658048,0.0617495145817584,0.9699042688856814,-0.2108946525440915,Fault_Interface,14,0.0,0.0,0.3,0.9699042688856814,-0.2108946525440915,,,,,,,,,,,,,,8.151532047693351,64.31645575538222,56.16492370768887,GENROU_4,6,GENROU_1,1,0.9994870769266158,1.000127575660201,0.0005129230733842,GENROU_2,2,GENROU_1,1,1.7171193519645351,3.792392784759806,GENROU_5,8,GENROU_2,2,1.000127575660201,1,0.9994870769266158,2,0.9996067594148909,3,0.999527928957879,6,0.999723836255504,8
478,2,1.2,0.003,0.03,NEXT_STEP,1,0.0543641562518504,0.0620749109447062,0.9714409795673008,-0.2103944501470519,Fault_Interface,14,0.0,0.0,0.3,0.9714409795673008,-0.2103944501470519,,,,,,,,,,,,,,8.121479627336619,64.32411745410266,56.20263782676604,GENROU_4,6,GENROU_1,1,0.9994808166711606,1.0001088965225289,0.0005191833288393,GENROU_2,2,GENROU_1,1,1.7091031401724943,3.7049799967835297,GENROU_5,8,GENROU_2,2,1.0001088965225289,1,0.9994808166711606,2,0.9996132808020488,3,0.9995445272039502,6,0.9997205940247312,8
480,2,1.203,0.003,0.03,NEXT_STEP,1,0.0546156819287056,0.0623899348059991,0.9729234978460636,-0.2099176412050602,Fault_Interface,14,0.0,0.0,0.3,0.9729234978460636,-0.2099176412050602,,,,,,,,,,,,,,8.092503421402197,64.33055728568443,56.23805386428224,GENROU_4,6,GENROU_1,1,0.9994745752359184,1.0000898637114768,0.0005254247640814,GENROU_2,2,GENROU_1,1,1.701374774902969,3.620795956934867,GENROU_5,8,GENROU_2,2,1.0000898637114768,1,0.9994745752359184,2,0.9996198972724034,3,0.9995611454523948,6,0.999717460933881,8
482,2,1.206,0.003,0.03,NEXT_STEP,1,0.0548589478262289,0.0626947517210773,0.9743538290416996,-0.2094635217254752,Fault_Interface,14,0.0,0.0,0.3,0.9743538290416996,-0.2094635217254752,,,,,,,,,,,,,,8.064604301976091,64.33575319043119,56.2711488884551,GENROU_4,6,GENROU_1,1,0.999468357557398,1.0000705037189783,0.0005316424426019,GENROU_2,2,GENROU_1,1,1.6939216001767703,3.5396897536024925,GENROU_5,8,GENROU_2,2,1.0000705037189783,1,0.999468357557398,2,0.9996265991788336,3,0.9995777705017768,6,0.9997144347455398,8
484,2,1.209,0.003,0.03,NEXT_STEP,1,0.0550943854307238,0.0629898538788127,0.9757337370271064,-0.2090314920641598,Fault_Interface,14,0.0,0.0,0.3,0.9757337370271064,-0.2090314920641598,,,,,,,,,,,,,,8.037782282439059,64.33968481254446,56.3019025301054,GENROU_4,6,GENROU_1,1,0.9994621684804028,1.0000508426425423,0.0005378315195971,GENROU_2,2,GENROU_1,1,1.6867326008007009,3.461518433433372,GENROU_5,8,GENROU_2,2,1.0000508426425423,1,0.9994621684804028,2,0.9996333771183528,3,0.9995943893890556,6,0.9997115131242268,8
486,2,1.212,0.003,0.03,NEXT_STEP,1,0.0553221134311396,0.0632754214805745,0.9770650694839274,-0.2086208952097273,Fault_Interface,14,0.0,0.0,0.3,0.9770650694839274,-0.2086208952097273,,,,,,,,,,,,,,8.012036552980947,64.34233347414977,56.33029692116882,GENROU_4,6,GENROU_1,1,0.999456012755169,1.000030906172436,0.0005439872448309,GENROU_2,2,GENROU_1,1,1.6797973638158723,3.386147204621051,GENROU_5,8,GENROU_2,2,1.000030906172436,1,0.999456012755169,2,0.9996402218691518,3,0.999610989331373,6,0.9997086938007383,8
488,2,1.215,0.003,0.03,NEXT_STEP,1,0.0555423114525371,0.0635516488609132,0.978349588659334,-0.2082311162554259,Fault_Interface,14,0.0,0.0,0.3,0.978349588659334,-0.2082311162554259,,,,,,,,,,,,,,7.987365479169547,64.34368214877436,56.356316669604816,GENROU_4,6,GENROU_1,1,0.999449895039528,1.0000107195875825,0.0005501049604719,GENROU_2,2,GENROU_1,1,1.6731059021529784,3.3134494158436323,GENROU_5,8,GENROU_2,2,1.0000107195875825,1,0.999449895039528,2,0.9996471243961224,3,0.9996275577732134,6,0.9997059745203776,8
490,2,1.218,0.003,0.03,NEXT_STEP,1,0.0557553541774338,0.063818979917854,0.9795888701372454,-0.2078616123823612,Fault_Interface,14,0.0,0.0,0.3,0.9795888701372454,-0.2078616123823612,,,,,,,,,,,,,,7.963766620061481,64.3437154341839,56.37994881412243,GENROU_4,6,GENROU_1,1,0.9994438198905196,0.999990307739873,0.0005561801094803,GENROU_2,2,GENROU_1,1,1.666648632317094,3.243306365186557,GENROU_5,8,GENROU_2,2,0.999990307739873,1,0.9994438198905196,2,0.999654075844955,3,0.999644082377772,6,0.9997033530360108,8
492,2,1.221,0.003,0.03,NEXT_STEP,1,0.0559613316861488,0.0640775523227376,0.980784575395974,-0.2075117898252976,Fault_Interface,14,0.0,0.0,0.3,0.980784575395974,-0.2075117898252976,,,,,,,,,,,,,,7.941236742831763,64.34241952450938,56.40118278167762,GENROU_4,6,GENROU_1,1,0.9994377917637768,0.9999696950479506,0.0005622082362231,GENROU_2,2,GENROU_1,1,1.660416433711235,3.1756069865488707,GENROU_5,8,GENROU_2,2,0.9999696950479506,1,0.9994377917637768,2,0.9996610674383334,3,0.9996605510410638,6,0.9997008271094866,8
494,2,1.224,0.003,0.03,NEXT_STEP,1,0.0561605481777725,0.0643277055129278,0.9819381995367288,-0.2071811328326256,Fault_Interface,14,0.0,0.0,0.3,0.9819381995367288,-0.2071811328326256,,,,,,,,,,,,,,7.9197718382554205,64.33978218196634,56.42001034371092,GENROU_4,6,GENROU_1,1,0.999431815012908,0.9999489054908444,0.0005681849870919,GENROU_2,2,GENROU_1,1,1.6544005730249247,3.11024745153392,GENROU_5,8,GENROU_2,2,0.9999489054908444,1,0.999431815012908,2,0.9996680907100888,3,0.9996769519041108,6,0.9996983945125388,8
496,2,1.227,0.003,0.03,NEXT_STEP,1,0.0563530944771145,0.0645695774937275,0.9830512809272712,-0.2068690902185309,Fault_Interface,14,0.0,0.0,0.3,0.9830512809272712,-0.2068690902185309,,,,,,,,,,,,,,7.899367136782192,64.3357927081318,56.436425571349616,GENROU_4,6,GENROU_1,1,0.9994258938876236,0.9999279626006828,0.0005741061123764,GENROU_2,2,GENROU_1,1,1.6485927397867175,3.0471307172043507,GENROU_5,8,GENROU_2,2,0.9999279626006828,1,0.9994258938876236,2,0.9996751373406566,3,0.9996932733590612,6,0.9996960530263675,8
498,2,1.23,0.003,0.03,NEXT_STEP,1,0.0565392831387158,0.0648035183625821,0.98412519204013,-0.2065751887709206,Fault_Interface,14,0.0,0.0,0.3,0.98412519204013,-0.2065751887709206,,,,,,,,,,,,,,7.880017124966369,64.33044191476364,56.45042478979727,GENROU_4,6,GENROU_1,1,0.9994200325319968,0.9999068894558552,0.0005799674680031,GENROU_2,2,GENROU_1,1,1.6429849778750754,2.9861660456151724,GENROU_5,8,GENROU_2,2,0.9999068894558552,1,0.9994200325319968,2,0.999682199194596,3,0.9997095040540308,6,0.999693800441202,8
500,2,1.233,0.003,0.03,NEXT_STEP,1,0.0567193263205159,0.0650298078014799,0.985161289445894,-0.2062989474029674,Fault_Interface,14,0.0,0.0,0.3,0.985161289445894,-0.2062989474029674,,,,,,,,,,,,,,7.8617155619352435,64.3237220941097,56.462006532174456,GENROU_4,6,GENROU_1,1,0.999414234980496,0.9998857086721094,0.000585765019504,GENROU_2,2,GENROU_1,1,1.6375697053249192,2.9272685140751595,GENROU_5,8,GENROU_2,2,0.9998857086721094,1,0.999414234980496,2,0.9996892683174052,3,0.999725632889453,6,0.9996916345533632,8
502,2,1.236,0.003,0.03,NEXT_STEP,1,0.0568933591875478,0.0652486107498661,0.9861609284457364,-0.2060398853825842,Fault_Interface,14,0.0,0.0,0.3,0.9861609284457364,-0.2060398853825842,,,,,,,,,,,,,,7.844455496262808,64.31562698890008,56.47117149263727,GENROU_4,6,GENROU_1,1,0.9994085051606322,0.9998644424016678,0.0005914948393678,GENROU_2,2,GENROU_1,1,1.6323396968056585,2.870358530364266,GENROU_5,8,GENROU_2,2,0.9998644424016678,1,0.9994085051606322,2,0.9996963369389952,3,0.9997416490342372,6,0.9996895531694134,8
504,2,1.239,0.003,0.03,NEXT_STEP,1,0.0570616284043737,0.0654602180152976,0.98712534822911,-0.2057975796578229,Fault_Interface,14,0.0,0.0,0.3,0.98712534822911,-0.2057975796578229,,,,,,,,,,,,,,7.8282292834042195,64.30615176212262,56.477922478718405,GENROU_4,6,GENROU_1,1,0.9994028468913072,0.9998431123274232,0.0005971531086929,GENROU_2,2,GENROU_1,1,1.6272884879845095,2.8153613646595,GENROU_5,8,GENROU_2,2,0.9998431123274232,1,0.9994028468913072,2,0.9997033974725364,3,0.9997575419269176,6,0.9996875541053308,8
506,2,1.242,0.003,0.03,NEXT_STEP,1,0.0572241976640073,0.0656647263975656,0.9880558452576736,-0.2055715469140235,Fault_Interface,14,0.0,0.0,0.3,0.9880558452576736,-0.2055715469140235,,,,,,,,,,,,,,7.813028604807298,64.29529296333492,56.482264358527615,GENROU_4,6,GENROU_1,1,0.99939726393129,0.9998217394541776,0.0006027360687098,GENROU_2,2,GENROU_1,1,1.6224161082771795,2.76220670315887,GENROU_5,8,GENROU_2,2,0.9998217394541776,1,0.99939726393129,2,0.9997104425246224,3,0.999773301326264,6,0.9996856351669282,8
508,2,1.245,0.003,0.03,NEXT_STEP,1,0.0573813919175632,0.0658625039900805,0.9889535262025094,-0.2053614126157046,Fault_Interface,14,0.0,0.0,0.3,0.9889535262025094,-0.2053614126157046,,,,,,,,,,,,,,7.798844484376363,64.28304849396363,56.48420400958727,GENROU_4,6,GENROU_1,1,0.999391759838506,0.9998003447098804,0.0006082401614938,GENROU_2,2,GENROU_1,1,1.6177077748921829,2.71082823546703,GENROU_5,8,GENROU_2,2,0.9998003447098804,1,0.999391759838506,2,0.999717464866274,3,0.999788917178954,6,0.9996837942119065,8
510,2,1.248,0.003,0.03,NEXT_STEP,1,0.0575333219807738,0.0660537175034225,0.9898195560505488,-0.2051667560710623,Fault_Interface,14,0.0,0.0,0.3,0.9898195560505488,-0.2051667560710623,,,,,,,,,,,,,,7.785667304763903,64.26941759295907,56.48375028819517,GENROU_4,6,GENROU_1,1,0.9993863381025218,0.9998043797465872,0.0006136618974782,GENROU_2,2,GENROU_4,6,1.6131577173500435,2.661163271400385,GENROU_5,8,GENROU_2,2,0.999778948348326,1,0.9993863381025218,2,0.9997244574572328,3,0.9998043797465872,6,0.999682029086428,8
512,2,1.251,0.003,0.03,NEXT_STEP,1,0.057680089944351,0.0662384815561042,0.9906550759510974,-0.2049871713661683,Fault_Interface,14,0.0,0.0,0.3,0.9906550759510974,-0.2049871713661683,,,,,,,,,,,,,,7.773486826935556,64.25440079619771,56.48091396926216,GENROU_4,6,GENROU_1,1,0.9993810021057328,0.9998196795796984,0.0006189978942671,GENROU_2,2,GENROU_4,6,1.6087603772266148,2.613152392720313,GENROU_5,8,GENROU_2,2,0.999757570144355,1,0.9993810021057328,2,0.9997314134422216,3,0.9998196795796984,6,0.9996803376513592,8
514,2,1.254,0.003,0.03,NEXT_STEP,1,0.0578218343608076,0.0664169647986571,0.9914611610565368,-0.2048222753830496,Fault_Interface,14,0.0,0.0,0.3,0.9914611610565368,-0.2048222753830496,,,,,,,,,,,,,,7.762292208857545,64.2379999053457,56.47570769648816,GENROU_4,6,GENROU_1,1,0.9993757551226236,0.9998348075166594,0.0006242448773764,GENROU_2,2,GENROU_4,6,1.6045103927849085,2.5667391374614605,GENROU_5,8,GENROU_2,2,0.9997362293907486,1,0.9993757551226236,2,0.9997383261498922,3,0.9998348075166594,6,0.999678717781986,8
516,2,1.257,0.003,0.03,NEXT_STEP,1,0.0579588156322553,0.0665894773674421,0.992238778228407,-0.2046717293249011,Fault_Interface,14,0.0,0.0,0.3,0.992238778228407,-0.2046717293249011,,,,,,,,,,,,,,7.752072023804153,64.22021795643437,56.468145932630215,GENROU_4,6,GENROU_1,1,0.999370600316298,0.9998497546730508,0.000629399683702,GENROU_2,2,GENROU_4,6,1.600402585304621,2.5218697170372653,GENROU_5,8,GENROU_2,2,0.9997149448924424,1,0.999370600316298,2,0.9997451890886928,3,0.9998497546730508,6,0.9996771673649336,8
518,2,1.26,0.003,0.03,NEXT_STEP,1,0.0580912264330388,0.0667562682260472,0.9929888860241846,-0.2045351909369012,Fault_Interface,14,0.0,0.0,0.3,0.9929888860241846,-0.2045351909369012,,,,,,,,,,,,,,7.742814278202178,64.20105918815982,56.45824490995764,GENROU_4,6,GENROU_1,1,0.9993655407373312,0.9998645124379996,0.0006344592626686,GENROU_2,2,GENROU_4,6,1.5964319772597115,2.478492765421948,GENROU_5,8,GENROU_2,2,0.999693734963795,1,0.9993655407373312,2,0.9997519959448798,3,0.9998645124379996,6,0.999675684297478,8
520,2,1.263,0.003,0.03,NEXT_STEP,1,0.058219102115961,0.0669173916861946,0.9937124965817398,-0.2044122928530562,Fault_Interface,14,0.0,0.0,0.3,0.9937124965817398,-0.2044122928530562,,,,,,,,,,,,,,7.7345064298481025,64.18052901024365,56.44602258039554,GENROU_4,6,GENROU_1,1,0.9993605793287184,0.9998790724893438,0.0006394206712815,GENROU_2,2,GENROU_4,6,1.5925937972016442,2.436559118446705,GENROU_5,8,GENROU_2,2,0.9996726174332056,1,0.9993605793287184,2,0.999758740586772,3,0.9998790724893438,6,0.9996742664932892,8
522,2,1.266,0.003,0.03,NEXT_STEP,1,0.0583425457070201,0.0670729633190487,0.9944105550179512,-0.2043026971664774,Fault_Interface,14,0.0,0.0,0.3,0.9944105550179512,-0.2043026971664774,,,,,,,,,,,,,,7.7271354067957985,64.15863397198906,56.43149856519327,GENROU_4,6,GENROU_1,1,0.999355719030134,0.9998934267991652,0.000644280969866,GENROU_2,2,GENROU_4,6,1.5888834426957512,2.396021620037243,GENROU_5,8,GENROU_2,2,0.9996516096445408,1,0.999355719030134,2,0.9997654170661532,3,0.9998934267991652,6,0.9996729118849952,8
524,2,1.269,0.003,0.03,NEXT_STEP,1,0.0584619392216818,0.0672234332423816,0.995083813201416,-0.2042061463154561,Fault_Interface,14,0.0,0.0,0.3,0.995083813201416,-0.2042061463154561,,,,,,,,,,,,,,7.720687625623008,64.13538173059484,56.41469410497184,GENROU_4,6,GENROU_1,1,0.9993509624702852,0.999907567609082,0.0006490375297146,GENROU_2,2,GENROU_4,6,1.5852964481483214,2.3568349529554067,GENROU_5,8,GENROU_2,2,0.999630728448236,1,0.9993509624702852,2,0.9997720196098238,3,0.999907567609082,6,0.9996716184167332,8
526,2,1.272,0.003,0.03,NEXT_STEP,1,0.058577174879405,0.0673687229642901,0.9957332449622855,-0.2041222729986111,Fault_Interface,14,0.0,0.0,0.3,0.9957332449622855,-0.2041222729986111,,,,,,,,,,,,,,7.71514900931886,64.11078101935944,56.39563201004058,GENROU_4,6,GENROU_1,1,0.9993463122665478,0.9999214874432591,0.0006536877334522,GENROU_2,2,GENROU_4,6,1.5818285715092726,2.3189554924463742,GENROU_5,8,GENROU_2,2,0.9996099902067686,1,0.9993463122665478,2,0.9997785426232836,3,0.9999214874432591,6,0.9996703840498248,8
528,2,1.275,0.003,0.03,NEXT_STEP,1,0.058688392908521,0.0675089626396173,0.9963596833853948,-0.2040507846827902,Fault_Interface,14,0.0,0.0,0.3,0.9963596833853948,-0.2040507846827902,,,,,,,,,,,,,,7.710505006086955,64.08484161626325,56.37433661017629,GENROU_4,6,GENROU_1,1,0.9993417709344532,0.9999351791236574,0.0006582290655469,GENROU_2,2,GENROU_4,6,1.5784757005698395,2.282341179291518,GENROU_5,8,GENROU_2,2,0.9995894108009103,1,0.9993417709344532,2,0.999784980695379,3,0.9999351791236574,6,0.9996692067688068,8
530,2,1.278,0.003,0.03,NEXT_STEP,1,0.0587959007574351,0.0676445313141886,0.99696381855759,-0.2039914381466434,Fault_Interface,14,0.0,0.0,0.3,0.99696381855759,-0.2039914381466434,,,,,,,,,,,,,,7.706740607666306,64.05757431244005,56.35083370477375,GENROU_4,6,GENROU_1,1,0.9993373408793526,0.9999486357399028,0.0006626591206474,GENROU_2,2,GENROU_4,6,1.5752338501411378,2.246951410497435,GENROU_5,8,GENROU_2,2,0.9995690056200304,1,0.9993373408793526,2,0.9997913285882476,3,0.9999486357399028,6,0.9996680845723336,8
532,2,1.281,0.003,0.03,NEXT_STEP,1,0.0588996685567526,0.0677754258786377,0.997546491940388,-0.2039439183611,Fault_Interface,14,0.0,0.0,0.3,0.997546491940388,-0.2039439183611,,,,,,,,,,,,,,7.703840366981523,64.02899088051343,56.32515051353191,GENROU_4,6,GENROU_1,1,0.999333024400654,0.999961850658715,0.000666975599346,GENROU_2,2,GENROU_4,6,1.5720992217748733,2.2127469452395374,GENROU_5,8,GENROU_2,2,0.9995487895676024,1,0.999333024400654,2,0.9997975812399292,3,0.999961850658715,6,0.99966701547797,8
534,2,1.284,0.003,0.03,NEXT_STEP,1,0.0589997645340474,0.0679017093207416,0.9981084790949156,-0.2039079457729141,Fault_Interface,14,0.0,0.0,0.3,0.9981084790949156,-0.2039079457729141,,,,,,,,,,,,,,7.7017884165658685,63.99910404334213,56.29731562677626,GENROU_4,6,GENROU_1,1,0.9993288236977208,0.9999748175383326,0.0006711763022793,GENROU_2,2,GENROU_4,6,1.5690681448479282,2.1796898242181206,GENROU_5,8,GENROU_2,2,0.9995287770683604,1,0.9993288236977208,2,0.9998037337687896,3,0.9999748175383326,6,0.999665997528156,8
536,2,1.287,0.003,0.03,NEXT_STEP,1,0.0590964571896748,0.0680237021417851,0.9986504084147544,-0.2038832980130381,Fault_Interface,14,0.0,0.0,0.3,0.9986504084147544,-0.2038832980130381,,,,,,,,,,,,,,7.700568486716079,63.96792744280573,56.26735895608965,GENROU_4,6,GENROU_1,1,0.9993247408642444,0.9999875303058096,0.0006752591357555,GENROU_2,2,GENROU_4,6,1.5661370551694864,2.147743299895868,GENROU_5,8,GENROU_2,2,0.9995089820623804,1,0.9993247408642444,2,0.9998097814659352,3,0.9999875303058096,6,0.9996650287837928,8
538,2,1.29,0.003,0.03,NEXT_STEP,1,0.0591898333700472,0.0681415350459853,0.9991729725753888,-0.2038697175116673,Fault_Interface,14,0.0,0.0,0.3,0.9991729725753888,-0.2038697175116673,,,,,,,,,,,,,,7.700163922784461,63.9354756084508,56.23531168566634,GENROU_4,6,GENROU_1,1,0.9993207778886124,0.999999983153091,0.0006792221113874,GENROU_2,2,GENROU_4,6,1.5633025383687833,2.1168717766569216,GENROU_5,8,GENROU_2,2,0.999489418006661,1,0.9993207778886124,2,0.9998157197935188,3,0.999999983153091,6,0.9996641073245424,8
540,2,1.293,0.003,0.03,NEXT_STEP,1,0.059280010555373,0.068255344421954,0.999676831309254,-0.2038669644741432,Fault_Interface,14,0.0,0.0,0.3,0.999676831309254,-0.2038669644741432,,,,,,,,,,,,,,7.700557702598956,63.90176392637758,56.20120622377863,GENROU_4,6,GENROU_1,1,0.9993169366580252,1.0000121705448872,0.0006830633419748,GENROU_2,2,GENROU_4,6,1.5605613012844013,2.0870407596801392,GENROU_5,8,GENROU_2,2,0.9994700979787338,1,0.9993169366580252,2,0.9998215443868996,3,1.0000121705448872,6,0.9996632312527842,8
542,2,1.296,0.003,0.03,NEXT_STEP,1,0.0593670276119449,0.0683651888488136,1.000162657418708,-0.2038747878800317,Fault_Interface,14,0.0,0.0,0.3,1.000162657418708,-0.2038747878800317,,,,,,,,,,,,,,7.701732454155517,63.86680861476373,56.165076160608216,GENROU_4,6,GENROU_1,1,0.9993132189604876,1.000024087219204,0.0006867810395123,GENROU_2,2,GENROU_4,6,1.5579101762203584,2.0582168105280267,GENROU_5,8,GENROU_2,2,0.9994510343788636,1,0.9993132189604876,2,0.9998272510545602,3,1.000024087219204,6,0.9996623986952028,8
544,2,1.299,0.003,0.03,NEXT_STEP,1,0.0594509988221748,0.0684711995400425,1.0006310801606877,-0.2038929195913763,Fault_Interface,14,0.0,0.0,0.3,1.0006310801606877,-0.2038929195913763,,,,,,,,,,,,,,7.703670473237675,63.8306266800651,56.12695620682743,GENROU_4,6,GENROU_1,1,0.9993096264858616,1.0000357281845662,0.0006903735141383,GENROU_2,2,GENROU_4,6,1.555345134684951,2.03036750775662,GENROU_5,8,GENROU_2,2,0.999432239241549,1,0.9993096264858616,2,0.9998328357769644,3,1.0000357281845662,6,0.9996616078033888,8
546,2,1.302,0.003,0.03,NEXT_STEP,1,0.059531963624548,0.0685734357773851,1.001082684664795,-0.2039212106019431,Fault_Interface,14,0.0,0.0,0.3,1.001082684664795,-0.2039212106019431,,,,,,,,,,,,,,7.706353741550671,63.793235895960606,56.086882154409935,GENROU_4,6,GENROU_1,1,0.999306160671824,1.0000470887386743,0.0006938393281761,GENROU_2,2,GENROU_4,6,1.5528581490022244,2.0034614163730264,GENROU_5,8,GENROU_2,2,0.999413724212016,1,0.999306160671824,2,0.9998382947499834,3,1.0000470887386743,6,0.9996608567941148,8
548,2,1.305,0.003,0.03,NEXT_STEP,1,0.0596101567657393,0.0686721676708365,1.0015179923442252,-0.2039594401908064,Fault_Interface,14,0.0,0.0,0.3,1.0015179923442252,-0.2039594401908064,,,,,,,,,,,,,,7.709763943378546,63.75465477003164,56.04489082665309,GENROU_4,6,GENROU_1,1,0.999302823162799,1.0000581644041613,0.000697176837201,GENROU_2,2,GENROU_4,6,1.5504540223185312,1.9774680510639089,GENROU_5,8,GENROU_2,2,0.999395500296349,1,0.999302823162799,2,0.9998436242517624,3,1.0000581644041613,6,0.9996601438264352,8
550,2,1.308,0.003,0.03,NEXT_STEP,1,0.0596855463058411,0.0687673893163562,1.0019376145609409,-0.2040073709461838,Fault_Interface,14,0.0,0.0,0.3,1.0019376145609409,-0.2040073709461838,,,,,,,,,,,,,,7.713882481503315,63.71490251103605,56.001020029532725,GENROU_4,6,GENROU_1,1,0.9992996153570632,1.00006895097006,0.0007003846429368,GENROU_2,2,GENROU_4,6,1.5481296762086578,1.9523578495547904,GENROU_5,8,GENROU_2,2,0.9993775781297132,1,0.9992996153570632,2,0.9998488207670246,3,1.00006895097006,6,0.9996594671258036,8
552,2,1.311,0.003,0.03,NEXT_STEP,1,0.059758326229353,0.0688593094290626,1.0023420342077478,-0.2040648290922244,Fault_Interface,14,0.0,0.0,0.3,1.0023420342077478,-0.2040648290922244,,,,,,,,,,,,,,7.718690494169751,63.67399900203964,55.95530850786989,GENROU_4,6,GENROU_1,1,0.9992965385588004,1.0000794444826078,0.0007034614411995,GENROU_2,2,GENROU_4,6,1.545882176426013,1.928102145937451,GENROU_5,8,GENROU_2,2,0.9993599678889168,1,0.9992965385588004,2,0.9998538809466584,3,1.0000794444826078,6,0.9996588249441282,8
554,2,1.314,0.003,0.03,NEXT_STEP,1,0.0598284616021322,0.0689479173591144,1.0027318223501036,-0.2041315905415122,Fault_Interface,14,0.0,0.0,0.3,1.0027318223501036,-0.2041315905415122,,,,,,,,,,,,,,7.724168871646602,63.63196477083572,55.90779589918912,GENROU_4,6,GENROU_1,1,0.9992935939793188,1.0000896412419864,0.0007064060206812,GENROU_2,2,GENROU_4,6,1.5437087617011525,1.9046731472794949,GENROU_5,8,GENROU_2,2,0.9993426792961474,1,0.9992935939793188,2,0.9998588016063018,3,1.0000896412419864,6,0.9996582155602513,8
556,2,1.317,0.003,0.03,NEXT_STEP,1,0.0598961467564732,0.0690334227308782,1.003107420644827,-0.2042074949759638,Fault_Interface,14,0.0,0.0,0.3,1.003107420644827,-0.2042074949759638,,,,,,,,,,,,,,7.730298272567914,63.58882096060923,55.85852268804132,GENROU_4,6,GENROU_1,1,0.9992907827382144,1.000099537798795,0.0007092172617857,GENROU_2,2,GENROU_4,6,1.5416067803562103,1.8820439115910652,GENROU_5,8,GENROU_2,2,0.999325721622788,1,0.9992907827382144,2,0.9998635797248068,3,1.000099537798795,6,0.9996576372803196,8
558,2,1.32,0.003,0.03,NEXT_STEP,1,0.0599613478735108,0.0691158158864734,1.0034693599857571,-0.2042923316468616,Fault_Interface,14,0.0,0.0,0.3,1.0034693599857571,-0.2042923316468616,,,,,,,,,,,,,,7.737059140041971,63.54458930085356,55.80753016081159,GENROU_4,6,GENROU_1,1,0.999288105864546,1.0001091309504044,0.000711894135454,GENROU_2,2,GENROU_4,6,1.5395737256580124,1.8601883268786683,GENROU_5,8,GENROU_2,2,0.999309103693395,1,0.999288105864546,2,0.99986821244263,3,1.0001091309504044,6,0.9996570884381086,8
560,2,1.323,0.003,0.03,NEXT_STEP,1,0.0600242600744464,0.0691953078996673,1.0038180431269863,-0.2043859529262205,Fault_Interface,14,0.0,0.0,0.3,1.0038180431269863,-0.2043859529262205,,,,,,,,,,,,,,7.744431717523725,63.49929207855034,55.754860361026616,GENROU_4,6,GENROU_1,1,0.9992855642980312,1.000118417737304,0.0007144357019687,GENROU_2,2,GENROU_4,6,1.5376071775964295,1.8390810910873396,GENROU_5,8,GENROU_2,2,0.9992928338898392,1,0.9992855642980312,2,0.9998726970601832,3,1.000118417737304,6,0.9996565673953214,8
562,2,1.326,0.003,0.03,NEXT_STEP,1,0.0600849697070718,0.0692720280684465,1.0041538980648426,-0.2044881893793793,Fault_Interface,14,0.0,0.0,0.3,1.0041538980648426,-0.2044881893793793,,,,,,,,,,,,,,7.752396064189826,63.45295210952487,55.70055604533505,GENROU_4,6,GENROU_1,1,0.9992769201525846,1.000127395431403,0.0007230798474153,GENROU_1,1,GENROU_4,6,1.535704829366485,1.81869769293729,GENROU_5,8,GENROU_2,2,0.9992769201525846,1,0.9992831588876387,2,0.999877031033472,3,1.000127395431403,6,0.9996560725390532,8
564,2,1.329,0.003,0.03,NEXT_STEP,1,0.0601434811208969,0.0693459835239206,1.004477389236116,-0.2045988589362606,Fault_Interface,14,0.0,0.0,0.3,1.004477389236116,-0.2045988589362606,,,,,,,,,,,,,,7.760932070231242,63.405592710146905,55.644660639915664,GENROU_4,6,GENROU_1,1,0.9992613699900708,1.000136061545184,0.0007386300099291,GENROU_1,1,GENROU_4,6,1.533864480220097,1.7990143935515035,GENROU_5,8,GENROU_2,2,0.9992613699900708,1,0.999280890396972,2,0.9998812119765098,3,1.000136061545184,6,0.999655602286564,8
566,2,1.332,0.003,0.03,NEXT_STEP,1,0.060199790996249,0.0694171701176809,1.0047889697194277,-0.2047177828020146,Fault_Interface,14,0.0,0.0,0.3,1.0047889697194277,-0.2047177828020146,,,,,,,,,,,,,,7.7700194725187774,63.35723766955543,55.587218197036655,GENROU_4,6,GENROU_1,1,0.9992461904855008,1.000144413834061,0.0007538095144992,GENROU_1,1,GENROU_4,6,1.532084016890518,1.795167457220245,GENROU_5,8,GENROU_4,6,0.9992461904855008,1,0.9992787595075464,2,0.9998852376616502,3,1.000144413834061,6,0.9996551550875116,8
568,2,1.335,0.003,0.03,NEXT_STEP,1,0.0602541358991894,0.0694858591547933,1.0050889464135004,-0.2048448450871433,Fault_Interface,14,0.0,0.0,0.3,1.0050889464135004,-0.2048448450871433,,,,,,,,,,,,,,7.779637869713346,63.30791122206502,55.52827335235168,GENROU_4,6,GENROU_1,1,0.9992313882956592,1.00015245017029,0.0007686117043407,GENROU_1,1,GENROU_4,6,1.530361381362087,1.7932812571610404,GENROU_5,8,GENROU_4,6,0.9992313882956592,1,0.9992767668150246,2,0.9998891059097916,3,1.00015245017029,6,0.9996547294187504,8
570,2,1.338,0.003,0.03,NEXT_STEP,1,0.0603064864953495,0.0695520487776566,1.0053777423530414,-0.2049798702966745,Fault_Interface,14,0.0,0.0,0.3,1.0053777423530414,-0.2049798702966745,,,,,,,,,,,,,,7.789766733221731,63.25763801971735,55.467871286495615,GENROU_4,6,GENROU_1,1,0.9992169696565733,1.000160168853648,0.0007830303434267,GENROU_1,1,GENROU_4,6,1.5286946232753902,1.791455144670275,GENROU_5,8,GENROU_4,6,0.9992169696565733,1,0.9992749128310155,2,0.999892814892904,3,1.000160168853648,6,0.9996543237852402,8
572,2,1.341,0.003,0.03,NEXT_STEP,1,0.0603569212668387,0.0696158159275911,1.005655722822283,-0.2051227155424547,Fault_Interface,14,0.0,0.0,0.3,1.005655722822283,-0.2051227155424547,,,,,,,,,,,,,,7.800385424989683,63.20644310530776,55.40605768031808,GENROU_4,6,GENROU_1,1,0.9992029403925136,1.0001675683126514,0.0007970596074865,GENROU_1,1,GENROU_4,6,1.5270818560912758,1.789687006068032,GENROU_5,8,GENROU_4,6,0.9992029403925136,1,0.9992731979877862,2,0.9998963628366802,3,1.0001675683126514,6,0.99965393672384,8
574,2,1.344,0.003,0.03,NEXT_STEP,1,0.0604054811092762,0.0696772219102601,1.0059232492292045,-0.2052732322991153,Fault_Interface,14,0.0,0.0,0.3,1.0059232492292045,-0.2052732322991153,,,,,,,,,,,,,,7.811473215471917,63.15435188580948,55.34287867033757,GENROU_4,6,GENROU_1,1,0.9991893059192682,1.0001746471954964,0.0008106940807317,GENROU_1,1,GENROU_4,6,1.525521265526994,1.7879748171606078,GENROU_5,8,GENROU_4,6,0.9991893059192682,1,0.999271622638079,2,0.9998997481151448,3,1.0001746471954964,6,0.9996535668017518,8
576,2,1.347,0.003,0.03,NEXT_STEP,1,0.0604521671937032,0.0697362689368901,1.0061806755236773,-0.2054313133480762,Fault_Interface,14,0.0,0.0,0.3,1.0061806755236773,-0.2054313133480762,,,,,,,,,,,,,,7.823009526954413,63.10139010615312,55.2783805791987,GENROU_4,6,GENROU_1,1,0.999176071355449,1.000181411673791,0.000823928644551,GENROU_1,1,GENROU_4,6,1.5240120861653208,1.7863171847890031,GENROU_5,8,GENROU_4,6,0.999176071355449,1,0.9992701870581204,2,0.9999029692504064,3,1.000181411673791,6,0.999653212618808,8
578,2,1.35,0.003,0.03,NEXT_STEP,1,0.0604972178559291,0.0697932313265986,1.0064282792163208,-0.2055967702672713,Fault_Interface,14,0.0,0.0,0.3,1.0064282792163208,-0.2055967702672713,,,,,,,,,,,,,,7.834973962299128,63.0475838334701,55.21260987117097,GENROU_4,6,GENROU_1,1,0.9991632413323664,1.000187868324699,0.0008367586676335,GENROU_1,1,GENROU_4,6,1.522555406262279,1.784716906164676,GENROU_5,8,GENROU_4,6,0.9991632413323664,1,0.9992688916328044,2,0.9999060247842778,3,1.000187868324699,6,0.9996528727624044,8
580,2,1.353,0.003,0.03,NEXT_STEP,1,0.0605404843850116,0.069847969943051,1.0066664508134775,-0.2057694579174318,Fault_Interface,14,0.0,0.0,0.3,1.0066664508134775,-0.2057694579174318,,,,,,,,,,,,,,7.847347236055299,62.99295941611721,55.14561218006191,GENROU_4,6,GENROU_1,1,0.999150819989478,1.0001940306526205,0.0008491800105221,GENROU_1,1,GENROU_4,6,1.5211446972885276,1.7831655827063395,GENROU_5,8,GENROU_4,6,0.999150819989478,1,0.9992677363037858,2,0.9999089136437144,3,1.0001940306526205,6,0.9996525459363526,8
582,2,1.356,0.003,0.03,NEXT_STEP,1,0.0605821201163445,0.0699006314019426,1.0068954531587246,-0.2059492621061782,Fault_Interface,14,0.0,0.0,0.3,1.0068954531587246,-0.2059492621061782,,,,,,,,,,,,,,7.860110253750959,62.93754346126617,55.07743320751521,GENROU_4,6,GENROU_1,1,0.9991388111753968,1.0001998977151327,0.0008611888246032,GENROU_1,1,GENROU_4,6,1.519778632481043,1.7816617903773788,GENROU_5,8,GENROU_4,6,0.9991388111753968,1,0.999266721127781,2,0.9999116347856284,3,1.0001998977151327,6,0.999652230840145,8
584,2,1.359,0.003,0.03,NEXT_STEP,1,0.0606222092206883,0.0699513422795339,1.007115553089304,-0.2061360542578227,Fault_Interface,14,0.0,0.0,0.3,1.007115553089304,-0.2061360542578227,,,,,,,,,,,,,,7.873243849472775,62.8813628132161,55.00811896374333,GENROU_4,6,GENROU_1,1,0.9991272183602392,1.0002054684902362,0.0008727816397609,GENROU_1,1,GENROU_4,6,1.5184558930842396,1.7802041116056448,GENROU_5,8,GENROU_4,6,0.9991272183602392,1,0.9992658460899,2,0.99991418730631,3,1.0002054684902362,6,0.9996519262052348,8
586,2,1.362,0.003,0.03,NEXT_STEP,1,0.0606608782169245,0.0700002512245368,1.0073269911802718,-0.2063297218990487,Fault_Interface,14,0.0,0.0,0.3,1.0073269911802718,-0.2063297218990487,,,,,,,,,,,,,,7.886728796290302,62.8244445290618,54.9377157327715,GENROU_4,6,GENROU_1,1,0.9991160446416516,1.000210742116653,0.0008839553583483,GENROU_1,1,GENROU_4,6,1.5171751714502255,1.7787911398205962,GENROU_5,8,GENROU_4,6,0.9991160446416516,1,0.9992651111051668,2,0.999916570439525,3,1.000210742116653,6,0.9996516307954524,8
588,2,1.365,0.003,0.03,NEXT_STEP,1,0.0606979329256806,0.0700471502088336,1.0075301655918167,-0.2065300795093337,Fault_Interface,14,0.0,0.0,0.3,1.0075301655918167,-0.2065300795093337,,,,,,,,,,,,,,7.900545817214013,62.7668158607884,54.86627004357439,GENROU_4,6,GENROU_1,1,0.9991052927573174,1.0002157179105922,0.0008947072426825,GENROU_1,1,GENROU_4,6,1.5159352142498277,1.777421535687657,GENROU_5,8,GENROU_4,6,0.9991052927573174,1,0.9992645160255854,2,0.9999187835602984,3,1.0002157179105922,6,0.9996513434131804,8
590,2,1.368,0.003,0.03,NEXT_STEP,1,0.0607335222507662,0.0700921801441288,1.007725294993123,-0.206737028534465,Fault_Interface,14,0.0,0.0,0.3,1.007725294993123,-0.206737028534465,,,,,,,,,,,,,,7.914675596576865,62.708504215031645,54.79382861845478,GENROU_4,6,GENROU_1,1,0.9990949650896964,1.0002203953620612,0.0009050349103036,GENROU_1,1,GENROU_4,6,1.5147347538079334,1.7760939368407855,GENROU_5,8,GENROU_4,6,0.9990949650896964,1,0.9992640606407622,2,0.9999208261822208,3,1.0002203953620612,6,0.9996510628984407,8
592,2,1.371,0.003,0.03,NEXT_STEP,1,0.0607677312552179,0.0701354676823533,1.0079126008458166,-0.2069504567989038,Fault_Interface,14,0.0,0.0,0.3,1.0079126008458166,-0.2069504567989038,,,,,,,,,,,,,,7.92909879061124,62.64953714666616,54.72043835605492,GENROU_4,6,GENROU_1,1,0.9990850636644556,1.0002247741137331,0.0009149363355445,GENROU_1,1,GENROU_4,6,1.513572553982138,1.7748070160124323,GENROU_5,8,GENROU_4,6,0.9990850636644556,1,0.9992637446728818,2,0.999922697948892,3,1.0002247741137331,6,0.9996507881221725,8
594,2,1.374,0.003,0.03,NEXT_STEP,1,0.0608006867120761,0.0701771622234676,1.0080922797241094,-0.2071702673821846,Fault_Interface,14,0.0,0.0,0.3,1.0080922797241094,-0.2071702673821846,,,,,,,,,,,,,,7.943796037316599,62.58994233047593,54.64614629315933,GENROU_4,6,GENROU_1,1,0.9990755901568336,1.0002288539601754,0.0009244098431664,GENROU_1,1,GENROU_4,6,1.5124474077320085,1.7735594788743878,GENROU_5,8,GENROU_4,6,0.9990755901568336,1,0.9992635677781896,2,0.9999243986318392,3,1.0002288539601754,6,0.9996505179865048,8
596,2,1.377,0.003,0.03,NEXT_STEP,1,0.0608321944956047,0.0702170559692743,1.0082646872915906,-0.2073962899161422,Fault_Interface,14,0.0,0.0,0.3,1.0082646872915906,-0.2073962899161422,,,,,,,,,,,,,,7.958747966836096,62.52974753886426,54.57099957202817,GENROU_4,6,GENROU_1,1,0.9990665459045348,1.000232634864334,0.000933454095465,GENROU_1,1,GENROU_4,6,1.5113581753903484,1.7723501139945108,GENROU_5,8,GENROU_4,6,0.9990665459045348,1,0.9992635295541638,2,0.9999259281342548,3,1.000232634864334,6,0.999650251334663,8
598,2,1.38,0.003,0.03,NEXT_STEP,1,0.0608625251013513,0.0702554301932703,1.0084299353350232,-0.2076284695268816,Fault_Interface,14,0.0,0.0,0.3,1.0084299353350232,-0.2076284695268816,,,,,,,,,,,,,,7.973935211978128,62.46898062004562,54.49504540806749,GENROU_4,6,GENROU_1,1,0.9990579319097044,1.0002361169455165,0.0009420680902956,GENROU_1,1,GENROU_4,6,1.510303699910197,1.7711776817177949,GENROU_5,8,GENROU_4,6,0.9990579319097044,1,0.9992636295375183,2,0.9999272864855204,3,1.0002361169455165,6,0.9996499872592716,8
600,2,1.383,0.003,0.03,NEXT_STEP,1,0.0608915696162416,0.0702922044876003,1.0085883043727468,-0.2078666616087136,Fault_Interface,14,0.0,0.0,0.3,1.0085883043727468,-0.2078666616087136,,,,,,,,,,,,,,7.989338418077793,62.40766947642307,54.41833105834528,GENROU_4,6,GENROU_1,1,0.9990497488426862,1.0002393004710526,0.0009502511573138,GENROU_1,1,GENROU_4,6,1.5092828972022334,1.77004103128279,GENROU_5,8,GENROU_4,6,0.9990497488426862,1,0.9992638672034464,2,0.9999284738368126,3,1.0002393004710526,6,0.9996497247636064,8
602,2,1.386,0.003,0.03,NEXT_STEP,1,0.0609193655712741,0.070327394021165,1.0087400126456785,-0.2081107623912629,Fault_Interface,14,0.0,0.0,0.3,1.0087400126456785,-0.2081107623912629,,,,,,,,,,,,,,8.004938253013538,62.345842043478704,54.34090379046516,GENROU_4,6,GENROU_1,1,0.9990419970540928,1.0002421858694015,0.0009580029459071,GENROU_1,1,GENROU_4,6,1.5082947044256303,1.7689390347487437,GENROU_5,8,GENROU_4,6,0.9990419970540928,1,0.999264241971766,2,0.9999294904637724,3,1.0002421858694015,6,0.999649462887486,8
604,2,1.389,0.003,0.03,NEXT_STEP,1,0.0609460724652173,0.0703611962530039,1.0088851894444386,-0.2083606983541272,Fault_Interface,14,0.0,0.0,0.3,1.0088851894444386,-0.2083606983541272,,,,,,,,,,,,,,8.020715416986999,62.283526269021216,54.26281085203422,GENROU_4,6,GENROU_1,1,0.9990346765737624,1.0002447737097526,0.0009653234262374,GENROU_1,1,GENROU_4,6,1.5073380765849482,1.767870580793392,GENROU_5,8,GENROU_4,6,0.9990346765737624,1,0.9992647532021958,2,0.9999303367582144,3,1.0002447737097526,6,0.9996492007005698,8
606,2,1.392,0.003,0.03,NEXT_STEP,1,0.0609716195510441,0.0703935469922419,1.009024078105733,-0.2086163445559078,Fault_Interface,14,0.0,0.0,0.3,1.009024078105733,-0.2086163445559078,,,,,,,,,,,,,,8.036650651788253,62.22075009269191,54.18409944090365,GENROU_4,6,GENROU_1,1,0.9990277871197772,1.0002470647065356,0.0009722128802228,GENROU_1,1,GENROU_4,6,1.5064120293077463,1.766834631559009,GENROU_5,8,GENROU_4,6,0.9990277871197772,1,0.9992654001977738,2,0.9999310132279158,3,1.0002470647065356,6,0.99964893730451,8
608,2,1.395,0.003,0.03,NEXT_STEP,1,0.0609960845410201,0.0704245212195228,1.0091568452391235,-0.2088776152528777,Fault_Interface,14,0.0,0.0,0.3,1.0091568452391235,-0.2088776152528777,,,,,,,,,,,,,,8.052724750305352,62.15754142602887,54.10481667572352,GENROU_4,6,GENROU_1,1,0.9990213281066722,1.0002490597224445,0.0009786718933277,GENROU_1,1,GENROU_4,6,1.5036612306931971,1.7658301673808638,GENROU_2,2,GENROU_4,6,0.9990213281066722,1,0.9992661822077732,2,0.9999315204959396,3,1.0002490597224445,6,0.9996486718345838,8
610,2,1.398,0.003,0.03,NEXT_STEP,1,0.0610195098635425,0.0704541828890116,1.0092836583958833,-0.2091444178772379,Fault_Interface,14,0.0,0.0,0.3,1.0092836583958833,-0.2091444178772379,,,,,,,,,,,,,,8.068918565800367,62.09392813290281,54.02500956710245,GENROU_4,6,GENROU_1,1,0.9990152986486964,1.0002507597582184,0.0009847013513035,GENROU_1,1,GENROU_4,6,1.4950417174975754,1.7648562082680574,GENROU_2,2,GENROU_4,6,0.9990152986486964,1,0.9992670984263472,2,0.9999318592956256,3,1.0002507597582184,6,0.9996484034566234,8
612,2,1.401,0.003,0.03,NEXT_STEP,1,0.0610418988525732,0.0704825371356226,1.0094047033582554,-0.209416653969221,Fault_Interface,14,0.0,0.0,0.3,1.0094047033582554,-0.209416653969221,,,,,,,,,,,,,,8.085213020927437,62.02993801032508,53.94472498939764,GENROU_4,6,GENROU_1,1,0.9990096975680404,1.0002521659548895,0.0009903024319597,GENROU_1,1,GENROU_4,6,1.4867392382455102,1.7639118177227304,GENROU_2,2,GENROU_4,6,0.9990096975680404,1,0.9992681479952183,2,0.9999320304697032,3,1.0002521659548895,6,0.9996481312655956,8
614,2,1.404,0.003,0.03,NEXT_STEP,1,0.0610632515061809,0.070509583862359,1.0095201613011149,-0.2096942267138467,Fault_Interface,14,0.0,0.0,0.3,1.0095201613011149,-0.2096942267138467,,,,,,,,,,,,,,8.101589116829302,61.965598769760746,53.86400965293144,GENROU_4,6,GENROU_1,1,0.999004523402196,1.0002532795939598,0.0009954765978038,GENROU_1,1,GENROU_4,6,1.4787438898269596,1.7629960942592635,GENROU_2,2,GENROU_4,6,0.999004523402196,1,0.99926933000572,2,0.9999320349687456,3,1.0002532795939598,6,0.9996478545806116,8
616,2,1.407,0.003,0.03,NEXT_STEP,1,0.0610835671613149,0.0705353222472784,1.0096302071017644,-0.2099770413986319,Fault_Interface,14,0.0,0.0,0.3,1.0096302071017644,-0.2099770413986319,,,,,,,,,,,,,,8.11802794215793,61.90093801888965,53.78291007673173,GENROU_4,6,GENROU_1,1,0.9989997744104248,1.0002541020948823,0.0010002255895752,GENROU_1,1,GENROU_4,6,1.4710461318960182,1.7621081693355702,GENROU_2,2,GENROU_4,6,0.9989997744104248,1,0.9992706434999772,2,0.999931873848754,3,1.0002541020948823,6,0.9996475726656088,8
618,2,1.41,0.003,0.03,NEXT_STEP,1,0.0611029658710221,0.0705598910380046,1.0097349436492733,-0.2102650343608136,Fault_Interface,14,0.0,0.0,0.3,1.0097349436492733,-0.2102650343608136,,,,,,,,,,,,,,8.134510681666043,61.835983243680325,53.70147256201428,GENROU_4,6,GENROU_1,1,0.9989954485769416,1.0002546350043349,0.0010045514230583,GENROU_1,1,GENROU_4,6,1.463636774502286,1.7612471894260289,GENROU_2,2,GENROU_4,6,0.9989954485769416,1,0.9992720874693894,2,0.9999315482660036,3,1.0002546350043349,6,0.9996472848136366,8
620,2,1.413,0.003,0.03,NEXT_STEP,1,0.0611214950748908,0.0705833606978635,1.0098345006923677,-0.2105581268271745,Fault_Interface,14,0.0,0.0,0.3,1.0098345006923677,-0.2105581268271745,,,,,,,,,,,,,,8.151018624260676,61.770761790733495,53.619743166472816,GENROU_4,6,GENROU_1,1,0.9989915436160574,1.0002548799903457,0.0010084563839426,GENROU_1,1,GENROU_4,6,1.4565069664840855,1.7604123440570305,GENROU_2,2,GENROU_4,6,0.9989915436160574,1,0.9992736608546264,2,0.9999310594733584,3,1.0002548799903457,6,0.9996469903919224,8
622,2,1.416,0.003,0.03,NEXT_STEP,1,0.0611391583047849,0.0706057376348624,1.0099290369213207,-0.2108562131676534,Fault_Interface,14,0.0,0.0,0.3,1.0099290369213207,-0.2108562131676534,,,,,,,,,,,,,,8.16753317100108,61.705300850120025,53.53776767911894,GENROU_4,6,GENROU_1,1,0.9989880569822922,1.000254838846441,0.0010119430177077,GENROU_1,1,GENROU_4,6,1.449648184641983,1.7596020809433122,GENROU_2,2,GENROU_4,6,0.9989880569822922,1,0.9992753625495566,2,0.9999304088205402,3,1.000254838846441,6,0.999646688704278,8
624,2,1.419,0.003,0.03,NEXT_STEP,1,0.0611558347912115,0.0706268822410722,1.01001875041834,-0.2111592157318864,Fault_Interface,14,0.0,0.0,0.3,1.01001875041834,-0.2111592157318864,,,,,,,,,,,,,,8.184035859640362,61.63962741380667,53.45559155416631,GENROU_4,6,GENROU_1,1,0.998984985490982,1.000254513752305,0.001015014509018,GENROU_1,1,GENROU_4,6,1.4430522188415875,1.7588140667732388,GENROU_2,2,GENROU_4,6,0.998984985490982,1,0.9992771912573144,2,0.999929597960928,3,1.000254513752305,6,0.9996463791819848,8
626,2,1.4220000000000002,0.003,0.03,NEXT_STEP,1,0.0611717190974277,0.0706470025594897,1.010103695374047,-0.2114670810483354,Fault_Interface,14,0.0,0.0,0.3,1.010103695374047,-0.2114670810483354,,,,,,,,,,,,,,8.200508341441939,61.57376830842925,53.37325996698731,GENROU_4,6,GENROU_1,1,0.9989823264667624,1.0002539065195557,0.0010176735332374,GENROU_1,1,GENROU_4,6,1.436711166217409,1.7580507136472825,GENROU_2,2,GENROU_4,6,0.9989823264667624,1,0.999279145930087,2,0.9999286282315296,3,1.0002539065195557,6,0.9996460611917214,8
628,2,1.425,0.003,0.03,NEXT_STEP,1,0.0611867798835751,0.0706660934894539,1.0101840156066932,-0.2117797194684678,Fault_Interface,14,0.0,0.0,0.3,1.0101840156066932,-0.2117797194684678,,,,,,,,,,,,,,8.216932404126343,61.50775015539229,53.29081775126595,GENROU_4,6,GENROU_1,1,0.9989800766236364,1.000253019306366,0.0010199233763634,GENROU_1,1,GENROU_4,6,1.4306174196260018,1.7573111719721872,GENROU_2,2,GENROU_4,6,0.9989800766236364,1,0.9992812253279822,2,0.9999275012562948,3,1.000253019306366,6,0.9996457341717974,8
630,2,1.428,0.003,0.03,NEXT_STEP,1,0.0612009776620913,0.0706840964332375,1.0102598695060454,-0.2120970431952308,Fault_Interface,14,0.0,0.0,0.3,1.0102598695060454,-0.2120970431952308,,,,,,,,,,,,,,8.233289979266193,61.44159935567737,53.20830937641118,GENROU_4,6,GENROU_1,1,0.9989782324444032,1.0002518543945265,0.0010217675555969,GENROU_1,1,GENROU_4,6,1.4247636586778771,1.7565946597409925,GENROU_2,2,GENROU_4,6,0.9989782324444032,1,0.9992834281707332,2,0.9999262187482216,3,1.0002518543945265,6,0.9996453975916202,8
632,2,1.431,0.003,0.03,NEXT_STEP,1,0.0612144299454694,0.0707011455158683,1.0103313220131154,-0.212419002743048,Fault_Interface,14,0.0,0.0,0.3,1.0103313220131154,-0.212419002743048,,,,,,,,,,,,,,8.249563149888775,61.37534207494152,53.12577892505274,GENROU_4,6,GENROU_1,1,0.9989767901831512,1.000250414176871,0.0010232098168486,GENROU_1,1,GENROU_4,6,1.4191428392716552,1.7559004248576695,GENROU_2,2,GENROU_4,6,0.9989767901831512,1,0.9992857531355498,2,0.9999247825036144,3,1.000250414176871,6,0.9996450509475884,8
634,2,1.4340000000000002,0.003,0.03,NEXT_STEP,1,0.0612270621595277,0.0707171709052433,1.010398530414186,-0.2127455044194702,Fault_Interface,14,0.0,0.0,0.3,1.010398530414186,-0.2127455044194702,,,,,,,,,,,,,,8.265734157655825,61.30900422894032,53.043270071284496,GENROU_4,6,GENROU_1,1,0.9989757458728006,1.00024870115675,0.0010242541271994,GENROU_1,1,GENROU_4,6,1.4137481834582153,1.7552277895266808,GENROU_2,2,GENROU_4,6,0.9989757458728006,1,0.9992881988588966,2,0.9999231944002316,3,1.00024870115675,6,0.9996446937635864,8
636,2,1.437,0.003,0.03,NEXT_STEP,1,0.0612390736177159,0.0707323879108692,1.0104615102851262,-0.2130765225597398,Fault_Interface,14,0.0,0.0,0.3,1.0104615102851262,-0.2130765225597398,,,,,,,,,,,,,,8.281785409757997,61.2426114693391,52.96082605958111,GENROU_4,6,GENROU_1,1,0.9989750953294632,1.0002467179398746,0.0010249046705367,GENROU_1,1,GENROU_4,6,1.4085731698993489,1.7545760812025766,GENROU_2,2,GENROU_4,6,0.9989750953294632,1,0.99929076393573,2,0.9999214563929092,3,1.0002467179398746,6,0.9996443255885472,8
638,2,1.44,0.003,0.03,NEXT_STEP,1,0.061250312569817,0.0707466525480854,1.010520445702253,-0.2134119484368828,Fault_Interface,14,0.0,0.0,0.3,1.010520445702253,-0.2134119484368828,,,,,,,,,,,,,,8.297699485630977,61.17618916993965,52.87848968430867,GENROU_4,6,GENROU_1,1,0.9989748341610226,1.0002444672367845,0.0010251658389773,GENROU_1,1,GENROU_4,6,1.403611524913524,1.7539447122400391,GENROU_2,2,GENROU_4,6,0.9989748341610226,1,0.999293446922173,2,0.9999195705126276,3,1.0002444672367845,6,0.9996439459978506,8
640,2,1.443,0.003,0.03,NEXT_STEP,1,0.0612606922558833,0.0707598352381278,1.010575503433938,-0.2137516922360345,Fault_Interface,14,0.0,0.0,0.3,1.010575503433938,-0.2137516922360345,,,,,,,,,,,,,,8.313459144262216,61.10976241365148,52.79630326938926,GENROU_4,6,GENROU_1,1,0.99897495778138,1.000241951878849,0.0010250422186198,GENROU_1,1,GENROU_4,6,1.3988572134785824,1.7533331210210217,GENROU_2,2,GENROU_4,6,0.99897495778138,1,0.999296246342814,2,0.999917538870292,3,1.000241951878849,6,0.9996435545995642,8
642,2,1.446,0.003,0.03,NEXT_STEP,1,0.0612705680755688,0.0707723433513015,1.0106265985399707,-0.2140957691804049,Fault_Interface,14,0.0,0.0,0.3,1.0106265985399707,-0.2140957691804049,,,,,,,,,,,,,,8.329047330847914,61.04335597968935,52.71430864884144,GENROU_4,6,GENROU_1,1,0.9989754614033354,1.000239174781991,0.0010245385966646,GENROU_1,1,GENROU_4,6,1.3943044300154328,1.7527407091063687,GENROU_2,2,GENROU_4,6,0.9989754614033354,1,0.9992991606806588,2,0.999915363643198,3,1.000239174781991,6,0.9996431510219144,8
644,2,1.449,0.003,0.03,NEXT_STEP,1,0.0612797176539772,0.0707839686681678,1.0106739346302929,-0.2144440580792939,Fault_Interface,14,0.0,0.0,0.3,1.0106739346302929,-0.2144440580792939,,,,,,,,,,,,,,8.344447182475953,60.97699433087326,52.63254714839731,GENROU_4,6,GENROU_1,1,0.998976340048876,1.000236138952885,0.001023659951124,GENROU_1,1,GENROU_4,6,1.389947590004681,1.7521669880326605,GENROU_2,2,GENROU_4,6,0.998976340048876,1,0.9993021883809788,2,0.9999130470751948,3,1.000236138952885,6,0.999642734916293,8
646,2,1.452,0.003,0.03,NEXT_STEP,1,0.0612881334867684,0.0707946583050224,1.0107176287026542,-0.2147964933985557,Fault_Interface,14,0.0,0.0,0.3,1.0107176287026542,-0.2147964933985557,,,,,,,,,,,,,,8.359642034687049,60.91070160179611,52.55105956710906,GENROU_4,6,GENROU_1,1,0.9989775885654528,1.0002328475102007,0.0010224114345472,GENROU_1,1,GENROU_4,6,1.3857813221658704,1.7516114687319717,GENROU_2,2,GENROU_4,6,0.9989775885654528,1,0.9993053278602766,2,0.9999105914821452,3,1.0002328475102007,6,0.9996423059651366,8
648,2,1.455,0.003,0.03,NEXT_STEP,1,0.061295971609648,0.070804604749697,1.0107576866801713,-0.2151530470533943,Fault_Interface,14,0.0,0.0,0.3,1.0107576866801713,-0.2151530470533943,,,,,,,,,,,,,,8.374615427841135,60.844501587387214,52.46988615954608,GENROU_4,6,GENROU_1,1,0.9989792016221868,1.0002293036569396,0.0010207983778133,GENROU_1,1,GENROU_4,6,1.3818004603042546,1.7510736557689646,GENROU_2,2,GENROU_4,6,0.9989792016221868,1,0.9993085774019363,2,0.9999079992412632,3,1.0002293036569396,6,0.9996418638724124,8
650,2,1.458,0.003,0.03,NEXT_STEP,1,0.0613031614725359,0.0708137437334853,1.0107942307901956,-0.2155136391105101,Fault_Interface,14,0.0,0.0,0.3,1.0107942307901956,-0.2155136391105101,,,,,,,,,,,,,,8.389351112622679,60.77841773162649,52.38906661900381,GENROU_4,6,GENROU_1,1,0.9989811737182002,1.0002255106816875,0.0010188262817998,GENROU_1,1,GENROU_4,6,1.378000035462276,1.7505531093281073,GENROU_2,2,GENROU_4,6,0.9989811737182002,1,0.9993119354538732,2,0.9999052727897848,3,1.0002255106816875,6,0.9996414083648664,8
652,2,1.461,0.003,0.03,NEXT_STEP,1,0.0613096601482795,0.0708220114404477,1.0108273764092524,-0.2158781985075715,Fault_Interface,14,0.0,0.0,0.3,1.0108273764092524,-0.2158781985075715,,,,,,,,,,,,,,8.403833055922139,60.7124731169136,52.308640060991465,GENROU_4,6,GENROU_1,1,0.9989834991944386,1.000221471969076,0.0010165008055613,GENROU_1,1,GENROU_4,6,1.3743752685053834,1.750049406835437,GENROU_2,2,GENROU_4,6,0.9989834991944386,1,0.9993154003344784,2,0.9999024146268408,3,1.000221471969076,6,0.999640939196076,8
654,2,1.464,0.003,0.03,NEXT_STEP,1,0.061315585228392,0.0708295417508167,1.0108571451478112,-0.2162466927669882,Fault_Interface,14,0.0,0.0,0.3,1.0108571451478112,-0.2162466927669882,,,,,,,,,,,,,,8.418045446570796,60.6466904538607,52.22864500728991,GENROU_4,6,GENROU_1,1,0.9989861722350224,1.00021719098464,0.0010138277649776,GENROU_1,1,GENROU_4,6,1.3709215626527578,1.7495621193753874,GENROU_2,2,GENROU_4,6,0.9989861722350224,1,0.9993189703306042,2,0.9998994273069136,3,1.00021719098464,6,0.9996404561414868,8
656,2,1.467,0.003,0.03,NEXT_STEP,1,0.0613209833702083,0.0708364050498108,1.0108835867786128,-0.2166190735941737,Fault_Interface,14,0.0,0.0,0.3,1.0108835867786128,-0.2166190735941737,,,,,,,,,,,,,,8.43197270030394,60.58109207126165,52.14911937095771,GENROU_4,6,GENROU_1,1,0.9989891868713272,1.0002126712661628,0.0010108131286727,GENROU_1,1,GENROU_4,6,1.3676344964171208,1.749090846357627,GENROU_2,2,GENROU_4,6,0.9989891868713272,1,0.9993226436964704,2,0.9998963134352667,3,1.0002126712661628,6,0.9996399589959488,8
658,2,1.47,0.003,0.03,NEXT_STEP,1,0.06132585889704,0.0708426081923434,1.0109067757190475,-0.2169952848181135,Fault_Interface,14,0.0,0.0,0.3,1.0109067757190475,-0.2169952848181135,,,,,,,,,,,,,,8.445599464598299,60.51569990650307,52.07010044190477,GENROU_4,6,GENROU_1,1,0.9989925369914796,1.000207916428541,0.0010074630085203,GENROU_1,1,GENROU_4,6,1.364509817330942,1.7486352128665554,GENROU_2,2,GENROU_4,6,0.9989925369914796,1,0.9993264186570562,2,0.9998930756678496,3,1.000207916428541,6,0.9996394475301996,8
660,2,1.473,0.003,0.03,NEXT_STEP,1,0.0613300910931919,0.0708480118552818,1.0109268520658938,-0.2173752416332454,Fault_Interface,14,0.0,0.0,0.3,1.0109268520658938,-0.2173752416332454,,,,,,,,,,,,,,8.458910623940465,60.45053549663421,51.99162487269375,GENROU_4,6,GENROU_1,1,0.9989962163512394,1.0002029301721638,0.0010037836487606,GENROU_1,1,GENROU_4,6,1.3615434358262724,1.748194877116637,GENROU_2,2,GENROU_4,6,0.9989962163512394,1,0.9993302934853864,2,0.9998897167125343,3,1.0002029301721638,6,0.9996389216315512,8
662,2,1.476,0.003,0.03,NEXT_STEP,1,0.0613337537316735,0.0708526849095746,1.0109438547094198,-0.2177589066373038,Fault_Interface,14,0.0,0.0,0.3,1.0109438547094198,-0.2177589066373038,,,,,,,,,,,,,,8.47189130512554,60.38561996993397,51.91372866480843,GENROU_4,6,GENROU_1,1,0.999000218578446,1.00019771627549,0.0009997814215538,GENROU_1,1,GENROU_4,6,1.3587314186511847,1.7477694835197346,GENROU_2,2,GENROU_4,6,0.999000218578446,1,0.9993342662426408,2,0.9998862393252228,3,1.00019771627549,6,0.999638381164086,8
664,2,1.479,0.003,0.03,NEXT_STEP,1,0.0613368898718999,0.0708566915114847,1.0109578256553091,-0.2181462350540942,Fault_Interface,14,0.0,0.0,0.3,1.0109578256553091,-0.2181462350540942,,,,,,,,,,,,,,8.484526881880562,60.3209740376834,51.83644715580284,GENROU_4,6,GENROU_1,1,0.9990045371749664,1.0001922785815347,0.0009954628250334,GENROU_1,1,GENROU_4,6,1.3560699821930675,1.747358692765693,GENROU_2,2,GENROU_4,6,0.9990045371749664,1,0.999338335086032,2,0.9998826463038232,3,1.0001922785815347,6,0.9996378260103694,8
666,2,1.482,0.003,0.03,NEXT_STEP,1,0.061339503180816,0.0708600377077492,1.010968829755342,-0.2185371747351915,Fault_Interface,14,0.0,0.0,0.3,1.010968829755342,-0.2185371747351915,,,,,,,,,,,,,,8.496802979108425,60.25661798627068,51.75981500716226,GENROU_4,6,GENROU_1,1,0.999009165524936,1.0001866209997945,0.000990834475064,GENROU_1,1,GENROU_4,6,1.3535554863435,1.7469621866291272,GENROU_2,2,GENROU_4,6,0.999009165524936,1,0.9993424981686564,2,0.999878940487258,3,1.0001866209997945,6,0.9996372561713384,8
668,2,1.485,0.003,0.03,NEXT_STEP,1,0.0613415945414389,0.0708627243785575,1.0109769317740451,-0.2189316739448251,Fault_Interface,14,0.0,0.0,0.3,1.0109769317740451,-0.2189316739448251,,,,,,,,,,,,,,8.508705477201183,60.192571669798006,51.68386619259682,GENROU_4,6,GENROU_1,1,0.9990140969020352,1.0001807475064195,0.0009859030979648,GENROU_1,1,GENROU_4,6,1.3511844287613073,1.7465796602697667,GENROU_2,2,GENROU_4,6,0.9990140969020352,1,0.9993467535887072,2,0.9998751247539376,3,1.0001807475064195,6,0.9996366714579862,8
670,2,1.488,0.003,0.03,NEXT_STEP,1,0.0613431633088907,0.0708647514527988,1.0109821949138806,-0.2193296814463088,Fault_Interface,14,0.0,0.0,0.3,1.0109821949138806,-0.2193296814463088,,,,,,,,,,,,,,8.52022051628248,60.12885450313015,51.60863398684767,GENROU_4,6,GENROU_1,1,0.9990193244758578,1.0001746621418417,0.0009806755241421,GENROU_1,1,GENROU_4,6,1.3489534395165763,1.74621082098876,GENROU_2,2,GENROU_4,6,0.9990193244758578,1,0.9993510994217544,2,0.9998712020194848,3,1.0001746621418417,6,0.9996360718116346,8
672,2,1.491,0.003,0.03,NEXT_STEP,1,0.0613442101910063,0.0708661190093975,1.0109846801069116,-0.2197311473137117,Fault_Interface,14,0.0,0.0,0.3,1.0109846801069116,-0.2197311473137117,,,,,,,,,,,,,,8.531334500286574,60.06548545535051,51.534150955063936,GENROU_4,6,GENROU_1,1,0.999024841318108,1.0001683690081078,0.000975158681892,GENROU_1,1,GENROU_4,6,1.3468592752403132,1.7458553873027625,GENROU_2,2,GENROU_4,6,0.999024841318108,1,0.9993555337215986,2,0.999867175234374,3,1.0001683690081078,6,0.9996354571928252,8
674,2,1.494,0.003,0.03,NEXT_STEP,1,0.0613448561369875,0.0708669672242371,1.010984380774186,-0.2201360511114042,Fault_Interface,14,0.0,0.0,0.3,1.010984380774186,-0.2201360511114042,,,,,,,,,,,,,,8.542034100606816,60.00248304350835,51.460448942901536,GENROU_4,6,GENROU_1,1,0.9990306404053938,1.000161872258259,0.0009693595946062,GENROU_1,1,GENROU_4,6,1.3448988140881384,1.7455130722225976,GENROU_2,2,GENROU_4,6,0.9990306404053938,1,0.9993600545184904,2,0.9998630473788718,3,1.000161872258259,6,0.9996348275780376,8
676,2,1.497,0.003,0.03,NEXT_STEP,1,0.0613449059066568,0.0708670869989098,1.0109814532974368,-0.220544297959497,Fault_Interface,14,0.0,0.0,0.3,1.0109814532974368,-0.220544297959497,,,,,,,,,,,,,,8.552306259733813,59.93986532682554,51.38755906709173,GENROU_4,6,GENROU_1,1,0.9990367146306336,1.0001551761066043,0.0009632853693664,GENROU_1,1,GENROU_4,6,1.3430690507430605,1.7451836439222626,GENROU_2,2,GENROU_4,6,0.9990367146306336,1,0.9993646598242776,2,0.9998588214649188,3,1.0001551761066043,6,0.9996341829635984,8
678,2,1.5,0.003,0.03,NEXT_STEP,1,0.061344511822578,0.0708666231446113,1.01097588189922,-0.2209558775966237,Fault_Interface,14,0.0,0.0,0.3,1.01097588189922,-0.2209558775966237,,,,,,,,,,,,,,8.56213819506834,59.87764990144272,51.31551170637438,GENROU_4,6,GENROU_1,1,0.9990430568082164,1.0001482848239764,0.0009569431917836,GENROU_1,1,GENROU_4,6,1.3413670914007187,1.7448668326282597,GENROU_2,2,GENROU_4,6,0.9990430568082164,1,0.999369347632631,2,0.9998545005332076,3,1.0001482848239764,6,0.999633523364723,8
680,2,1.503,0.003,0.03,NEXT_STEP,1,0.0613437605158025,0.0708657051408904,1.0109676628158613,-0.2213707629820357,Fault_Interface,14,0.0,0.0,0.3,1.0109676628158613,-0.2213707629820357,,,,,,,,,,,,,,8.571517401908011,59.815853895270656,51.244336493362646,GENROU_4,6,GENROU_1,1,0.9990496596722463,1.0001412027167116,0.0009503403277536,GENROU_1,1,GENROU_4,6,1.3397901489363142,1.7445623847227347,GENROU_2,2,GENROU_4,6,0.9990496596722463,1,0.9993741159137028,2,0.9998500876446796,3,1.0001412027167116,6,0.9996328488082185,8
682,2,1.506,0.003,0.03,NEXT_STEP,1,0.0613425384577223,0.0708642052412811,1.0109569071027722,-0.2217888820794295,Fault_Interface,14,0.0,0.0,0.3,1.0109569071027722,-0.2217888820794295,,,,,,,,,,,,,,8.580431656226299,59.75449396321889,51.1740623069926,GENROU_4,6,GENROU_1,1,0.9990565158897924,1.0001339341415054,0.0009434841102077,GENROU_1,1,GENROU_4,6,1.3383355387867055,1.7442700887000624,GENROU_2,2,GENROU_4,6,0.9990565158897924,1,0.9993789626207328,2,0.9998455858838824,3,1.0001339341415054,6,0.999632159338226,8
684,2,1.509,0.003,0.03,NEXT_STEP,1,0.0613407991956607,0.0708620537934522,1.010943695598801,-0.222210179714778,Fault_Interface,14,0.0,0.0,0.3,1.010943695598801,-0.222210179714778,,,,,,,,,,,,,,8.588869018136174,59.693586283156826,51.10471726502065,GENROU_4,6,GENROU_1,1,0.9990636180702804,1.000126483511642,0.0009363819297196,GENROU_1,1,GENROU_4,6,1.3370006748195469,1.7439897314986053,GENROU_2,2,GENROU_4,6,0.9990636180702804,1,0.9993838856939116,2,0.9998409983597574,3,1.000126483511642,6,0.9996314550188582,8
686,2,1.512,0.003,0.03,NEXT_STEP,1,0.0613386597877425,0.0708593841335378,1.0109280148192543,-0.2226346393283797,Fault_Interface,14,0.0,0.0,0.3,1.0109280148192543,-0.2226346393283797,,,,,,,,,,,,,,8.596817834982646,59.6331465521608,51.03632871717815,GENROU_4,6,GENROU_1,1,0.999070958764986,1.0001188552792015,0.0009290412350139,GENROU_1,1,GENROU_4,6,1.3357830647114743,1.743721082733598,GENROU_2,2,GENROU_4,6,0.999070958764986,1,0.999388883056164,2,0.999836328198437,3,1.0001188552792015,6,0.9996307359283804,8
688,2,1.515,0.003,0.03,NEXT_STEP,1,0.0613360460054314,0.0708561265999191,1.0109099463451596,-0.2230621994363076,Fault_Interface,14,0.0,0.0,0.3,1.0109099463451596,-0.2230621994363076,,,,,,,,,,,,,,8.604266743832488,59.57318998295736,50.96892323912487,GENROU_4,6,GENROU_1,1,0.999078530473576,1.0001110539342857,0.000921469526424,GENROU_1,1,GENROU_4,6,1.3346803054721856,1.743463946857228,GENROU_2,2,GENROU_4,6,0.999078530473576,1,0.9993939526145644,2,0.9998315785415384,3,1.0001110539342857,6,0.9996300022608612,8
690,2,1.518,0.003,0.03,NEXT_STEP,1,0.0613330355795091,0.0708523569650532,1.0108894989643733,-0.2234928364062811,Fault_Interface,14,0.0,0.0,0.3,1.0108894989643733,-0.2234928364062811,,,,,,,,,,,,,,8.611204673937612,59.51373130079904,50.90252662686143,GENROU_4,6,GENROU_1,1,0.9990863256508492,1.0001030840050928,0.0009136743491509,GENROU_1,1,GENROU_4,6,1.333690079385632,1.7432181161579907,GENROU_2,2,GENROU_4,6,0.9990863256508492,1,0.9993990922620444,2,0.9998267525448444,3,1.0001030840050928,6,0.9996292540381044,8
692,2,1.521,0.003,0.03,NEXT_STEP,1,0.0613295516096121,0.070848000358856,1.0108667538449176,-0.2239264895708875,Fault_Interface,14,0.0,0.0,0.3,1.0108667538449176,-0.2239264895708875,,,,,,,,,,,,,,8.61762084913317,59.45478474073757,50.837163891604405,GENROU_4,6,GENROU_1,1,0.999094336712359,1.0000949500556624,0.0009056632876409,GENROU_1,1,GENROU_4,6,1.3328101501253455,1.7429834101173332,GENROU_2,2,GENROU_4,6,0.999094336712359,1,0.9994042998782828,2,0.99982185337621,3,1.0000949500556624,6,0.9996284913817696,8
694,2,1.524,0.003,0.03,NEXT_STEP,1,0.0613257927389937,0.0708432721081906,1.0108416518361676,-0.2243631654460778,Fault_Interface,14,0.0,0.0,0.3,1.0108416518361676,-0.2243631654460778,,,,,,,,,,,,,,8.62350478981868,59.39636404515491,50.77285925533623,GENROU_4,6,GENROU_1,1,0.9991025560366638,1.00008665667541,0.0008974439633362,GENROU_1,1,GENROU_4,6,1.3320383591433156,1.7427596185118994,GENROU_2,2,GENROU_4,6,0.9991025560366638,1,0.9994095733278604,2,0.999816884210746,3,1.00008665667541,6,0.9996277144244202,8
696,2,1.527,0.003,0.03,NEXT_STEP,1,0.0610551508625309,0.0703222479612152,1.0110298877342572,-0.2247494792902944,Fault_Interface,14,0.0,0.0,0.3,1.0110298877342572,-0.2247494792902944,,,,,,,,,,,,,,8.628846914012572,59.33848267868503,50.709635764672456,GENROU_4,6,GENROU_1,1,0.9991109826727604,1.000078226979341,0.0008890173272395,GENROU_1,1,GENROU_4,6,1.331372017679037,1.7426016557567257,GENROU_2,2,GENROU_4,6,0.9991109826727604,1,0.9994149165521736,2,0.9998118544225584,3,1.000078226979341,6,0.999626928670256,8
698,2,1.53,0.003,0.03,NEXT_STEP,1,0.0610694430222781,0.0703409522058085,1.0109929557559214,-0.225194165608862,Fault_Interface,14,0.0,0.0,0.3,1.0109929557559214,-0.225194165608862,,,,,,,,,,,,,,8.63363848071804,59.2811538126414,50.64751533192336,GENROU_4,6,GENROU_1,1,0.999119608476781,1.0000696638967823,0.0008803915232189,GENROU_1,1,GENROU_4,6,1.3308069387451045,1.7423812173172042,GENROU_2,2,GENROU_4,6,0.999119608476781,1,0.9994203270046106,2,0.9998067669763088,3,1.0000696638967823,6,0.999626133994474,8
700,2,1.533,0.003,0.03,NEXT_STEP,1,0.061075109342857,0.070351997470958,1.0109571890110958,-0.2256398112992494,Fault_Interface,14,0.0,0.0,0.3,1.0109571890110958,-0.2256398112992494,,,,,,,,,,,,,,8.63787037653045,59.22438987113492,50.58651949460447,GENROU_4,6,GENROU_1,1,0.9991284186604332,1.000060952737727,0.0008715813395667,GENROU_1,1,GENROU_4,6,1.3303380703149557,1.742169065195212,GENROU_2,2,GENROU_4,6,0.9991284186604332,1,0.9994257962307528,2,0.9998016188206628,3,1.000060952737727,6,0.9996253251274968,8
702,2,1.536,0.003,0.03,NEXT_STEP,1,0.0610703319182652,0.0703465907094267,1.01092593685616,-0.226086261759266,Fault_Interface,14,0.0,0.0,0.3,1.01092593685616,-0.226086261759266,,,,,,,,,,,,,,8.641533194896109,59.16820256998962,50.52666937509351,GENROU_4,6,GENROU_1,1,0.9991374060161128,1.0000520994181163,0.0008625939838871,GENROU_1,1,GENROU_4,6,1.329961168726914,1.7419665303881968,GENROU_2,2,GENROU_4,6,0.9991374060161128,1,0.9994313224757644,2,0.9997964135008898,3,1.0000520994181163,6,0.9996245026576164,8
704,2,1.539,0.003,0.03,NEXT_STEP,1,0.0610649457290391,0.0703398464269892,1.0108930416510964,-0.2265350399344408,Fault_Interface,14,0.0,0.0,0.3,1.0108930416510964,-0.2265350399344408,,,,,,,,,,,,,,8.644617854047363,59.11260312734109,50.46798527329373,GENROU_4,6,GENROU_1,1,0.9991465624375556,1.0000431079529777,0.0008534375624442,GENROU_1,1,GENROU_4,6,1.3296732198242998,1.741780767665899,GENROU_2,2,GENROU_4,6,0.9991465624375556,1,0.9994369037920624,2,0.9997911545982592,3,1.0000431079529777,6,0.999623666973751,8
706,2,1.542,0.003,0.03,NEXT_STEP,1,0.0608106457444157,0.0698696525397276,1.0110526554224992,-0.2269369242100558,Fault_Interface,14,0.0,0.0,0.3,1.0110526554224992,-0.2269369242100558,,,,,,,,,,,,,,8.647116809602359,59.0576016806376,50.41048487103525,GENROU_4,6,GENROU_1,1,0.9991558750950212,1.0000340116761963,0.0008441249049788,GENROU_1,1,GENROU_4,6,1.3294716511173077,1.74163617746994,GENROU_2,2,GENROU_4,6,0.9991558750950212,1,0.9994425454244484,2,0.9997858527316528,3,1.0000340116761963,6,0.999622823096652,8
708,2,1.545,0.003,0.03,NEXT_STEP,1,0.0608200597571787,0.0698806708085523,1.0110097833929474,-0.2273934527305258,Fault_Interface,14,0.0,0.0,0.3,1.0110097833929474,-0.2273934527305258,,,,,,,,,,,,,,8.649021884939291,59.0032097205876,50.354187835648304,GENROU_4,6,GENROU_1,1,0.999165361297062,1.000024791662763,0.0008346387029378,GENROU_1,1,GENROU_4,6,1.329352913342209,1.741445684618166,GENROU_2,2,GENROU_4,6,0.999165361297062,1,0.99944824133042,2,0.9997805067765628,3,1.000024791662763,6,0.9996219714803836,8
710,2,1.548,0.003,0.03,NEXT_STEP,1,0.0608229118845166,0.0698874886316136,1.0109667099481476,-0.2278512084284676,Fault_Interface,14,0.0,0.0,0.3,1.0109667099481476,-0.2278512084284676,,,,,,,,,,,,,,8.650325715049028,58.9494371862586,50.29911147120957,GENROU_4,6,GENROU_1,1,0.9991749932097276,1.0000154507123258,0.0008250067902724,GENROU_1,1,GENROU_4,6,1.3293130932157422,1.7412627524317974,GENROU_2,2,GENROU_4,6,0.9991749932097276,1,0.999453985237864,2,0.9997751163849876,3,1.0000154507123258,6,0.9996211069553276,8
712,2,1.5510000000000002,0.003,0.03,NEXT_STEP,1,0.0608167290769851,0.0698801953956438,1.0109272388193329,-0.2283099115338003,Fault_Interface,14,0.0,0.0,0.3,1.0109272388193329,-0.2283099115338003,,,,,,,,,,,,,,8.651020420567974,58.89629328517906,50.24527286461109,GENROU_4,6,GENROU_1,1,0.9991847635524896,1.0000059911354269,0.0008152364475103,GENROU_1,1,GENROU_4,6,1.329349241030268,1.741089131288179,GENROU_2,2,GENROU_4,6,0.9991847635524896,1,0.9994597752784288,2,0.9997696849876287,3,1.0000059911354269,6,0.999620230077382,8
714,2,1.554,0.003,0.03,NEXT_STEP,1,0.0608098787353228,0.0698716115272544,1.0108859097624288,-0.2287712875636777,Fault_Interface,14,0.0,0.0,0.3,1.0108859097624288,-0.2287712875636777,,,,,,,,,,,,,,8.651098490178834,58.843786745881,50.192688255702166,GENROU_4,6,GENROU_1,1,0.9991946648632304,0.9999964184204638,0.0008053351367696,GENROU_1,1,GENROU_4,6,1.3294597159972823,1.7409242947289572,GENROU_2,2,GENROU_4,6,0.9991946648632304,1,0.99946560944241,2,0.9997642159045024,3,0.9999964184204638,6,0.9996193412479344,8
716,2,1.557,0.003,0.03,NEXT_STEP,1,0.0608028932635699,0.0698628334706831,1.0108423200587158,-0.2292353937506552,Fault_Interface,14,0.0,0.0,0.3,1.0108423200587158,-0.2292353937506552,,,,,,,,,,,,,,8.650552769984698,58.79192580673044,50.14137303674574,GENROU_4,6,GENROU_1,1,0.9992046894771164,0.999986738047402,0.0007953105228835,GENROU_1,1,GENROU_4,6,1.3296437716442624,1.7407688831245889,GENROU_2,2,GENROU_4,6,0.9992046894771164,1,0.999471485515186,2,0.9997587122521382,3,0.999986738047402,6,0.9996184406913924,8
718,2,1.56,0.003,0.03,NEXT_STEP,1,0.0607954881249809,0.0698535462035979,1.0107966592001565,-0.2297021223678445,Fault_Interface,14,0.0,0.0,0.3,1.0107966592001565,-0.2297021223678445,,,,,,,,,,,,,,8.649376464660227,58.74071821042008,50.09134174575985,GENROU_4,6,GENROU_1,1,0.999214829759318,0.999976955919042,0.000785170240682,GENROU_1,1,GENROU_4,6,1.329901267743976,1.7406234258070756,GENROU_2,2,GENROU_4,6,0.999214829759318,1,0.9994774012718975,2,0.9997531771296648,3,0.999976955919042,6,0.9996175286401788,8
720,2,1.5630000000000002,0.003,0.03,NEXT_STEP,1,0.0607878167848909,0.0698438986842571,1.010748895113775,-0.2301714705225662,Fault_Interface,14,0.0,0.0,0.3,1.010748895113775,-0.2301714705225662,,,,,,,,,,,,,,8.64756318610226,58.690171206249126,50.04260802014687,GENROU_4,6,GENROU_1,1,0.9992250781163448,0.9999670783826692,0.0007749218836551,GENROU_1,1,GENROU_4,6,1.3302324617487706,1.7404881954204794,GENROU_2,2,GENROU_4,6,0.9992250781163448,1,0.9994833544874582,2,0.9997476136261444,3,0.9999670783826692,6,0.999616605340135,8
722,2,1.566,0.003,0.03,NEXT_STEP,1,0.0607797242603301,0.0698337444711672,1.010699139834375,-0.2306433600313255,Fault_Interface,14,0.0,0.0,0.3,1.010699139834375,-0.2306433600313255,,,,,,,,,,,,,,8.645106955036628,58.64029155279169,49.995184597755056,GENROU_4,6,GENROU_1,1,0.999235426995911,0.9999571117090688,0.000764573004089,GENROU_1,1,GENROU_4,6,1.3306378459024184,1.7403633620844268,GENROU_2,2,GENROU_4,6,0.999235426995911,1,0.9994893429349844,2,0.9997420248161228,3,0.9999571117090688,6,0.999615671047111,8
724,2,1.569,0.003,0.03,NEXT_STEP,1,0.0607712460341193,0.0698230939819889,1.010647424078642,-0.2311177603919832,Fault_Interface,14,0.0,0.0,0.3,1.010647424078642,-0.2311177603919832,,,,,,,,,,,,,,8.642002196322679,58.5910855207942,49.94908332447152,GENROU_4,6,GENROU_1,1,0.9992458688938638,0.9999470621007844,0.0007541311061362,GENROU_1,1,GENROU_4,6,1.3311180218207286,1.7402489675835937,GENROU_2,2,GENROU_4,6,0.9992458688938638,1,0.999495364389621,2,0.999736413760571,3,0.9999470621007844,6,0.9996147260293964,8
726,2,1.572,0.003,0.03,NEXT_STEP,1,0.0607624208554324,0.0698120051195488,1.0105937608418023,-0.231594640130438,Fault_Interface,14,0.0,0.0,0.3,1.0105937608418023,-0.231594640130438,,,,,,,,,,,,,,8.638243734147771,58.54255889623453,49.90431516208676,GENROU_4,6,GENROU_1,1,0.9992563963523924,0.9999369356801688,0.0007436036476075,GENROU_1,1,GENROU_4,6,1.3316736063926455,1.7401449736879389,GENROU_2,2,GENROU_4,6,0.9992563963523924,1,0.9995014166254276,2,0.9997307835011796,3,0.9999369356801688,6,0.999613770562642,8
728,2,1.5750000000000002,0.003,0.03,NEXT_STEP,1,0.0607533722931982,0.0698006215443151,1.0105381200728858,-0.2320739891265037,Fault_Interface,14,0.0,0.0,0.3,1.0105381200728858,-0.2320739891265037,,,,,,,,,,,,,,8.63382678665777,58.4947169833672,49.86089019670943,GENROU_4,6,GENROU_1,1,0.9992670019613138,0.999926738484077,0.0007329980386862,GENROU_1,1,GENROU_4,6,1.332305163965841,1.7400512797889691,GENROU_2,2,GENROU_4,6,0.9992670019613138,1,0.9995074974144424,2,0.999725137056697,3,0.999926738484077,6,0.9996128049275192,8
730,2,1.578,0.003,0.03,NEXT_STEP,1,0.0607439071522766,0.069788737972141,1.010480635759775,-0.2325557218997946,Fault_Interface,14,0.0,0.0,0.3,1.010480635759775,-0.2325557218997946,,,,,,,,,,,,,,8.628746960926353,58.44756460813301,49.81881764720666,GENROU_4,6,GENROU_1,1,0.9992776783680604,0.9999164764795776,0.0007223216319396,GENROU_1,1,GENROU_4,6,1.3330131600210842,1.7399677938137634,GENROU_2,2,GENROU_4,6,0.9992776783680604,1,0.9995136045327516,2,0.999719477426412,3,0.9999164764795776,6,0.9996118294147897,8
732,2,1.581,0.003,0.03,NEXT_STEP,1,0.0601941143126104,0.0687655651507261,1.010846371738066,-0.23293002852238,Fault_Interface,14,0.0,0.0,0.3,1.010846371738066,-0.23293002852238,,,,,,,,,,,,,,8.623001455839484,58.40110656960074,49.77810511376126,GENROU_4,6,GENROU_1,1,0.9992884320957922,0.9999061927203012,0.0007115679042077,GENROU_1,1,GENROU_4,6,1.3337967395494112,1.7400028829525036,GENROU_2,2,GENROU_4,6,0.9992884320957922,1,0.99951974807945,2,0.9997138200776252,3,0.9999061927203012,6,0.9996108553339684,8
734,2,1.584,0.033,0.03,NEXT_STEP,1,0.0602124810509067,0.0687843933107192,1.010777672898408,-0.2334188731350965,Fault_Interface,14,0.0,0.0,0.3,1.010777672898408,-0.2334188731350965,,,,,,,,,,,,,,8.616588946876789,58.35534762247447,49.73875867559768,GENROU_4,6,GENROU_1,1,0.9992992551850663,0.9998958902270212,0.0007007448149335,GENROU_1,1,GENROU_4,6,1.334651787320141,1.739905526014956,GENROU_2,2,GENROU_4,6,0.9992992551850663,1,0.9995259252573192,2,0.9997081677337852,3,0.9998958902270212,6,0.9996098826048148,8
736,2,1.617,0.033,0.03,NEXT_STEP,0,0.0602316856980972,0.0688191409588625,1.0099615371295247,-0.2389082518517738,Fault_Interface,14,0.0,0.0,0.3,1.0099615371295247,-0.2389082518517738,,,,,,,,,,,,,,8.501419830595012,57.89867365303021,49.3972538224352,GENROU_4,6,GENROU_1,1,0.9994194492417556,0.999780860208754,0.0005805507582444,GENROU_1,1,GENROU_4,6,1.3480909305828763,1.7393503060982924,GENROU_2,2,GENROU_4,6,0.9994194492417556,1,0.9995944848818108,2,0.9996465295625812,3,0.999780860208754,6,0.9995986779113942,8
738,2,1.62,0.033,0.03,NEXT_STEP,1,0.0601254892331961,0.0686937219923687,1.0099344547123414,-0.2393955118870051,Fault_Interface,14,0.0,0.0,0.3,1.0099344547123414,-0.2393955118870051,,,,,,,,,,,,,,8.486877925316938,57.861409061125705,49.374531135808766,GENROU_4,6,GENROU_1,1,0.9994304093976256,0.9997703151736002,0.0005695906023744,GENROU_1,1,GENROU_4,6,1.34967409180696,1.7393704088784123,GENROU_2,2,GENROU_4,6,0.9994304093976256,1,0.9996007522549673,2,0.999641007128233,3,0.9997703151736002,6,0.9995976196463762,8
740,2,1.653,0.033,0.03,NEXT_STEP,0,0.0600666568304862,0.0686043400504753,1.0089323128783658,-0.2451332099930969,Fault_Interface,14,0.0,0.0,0.3,1.0089323128783658,-0.2451332099930969,,,,,,,,,,,,,,8.282581441546846,57.49716595716092,49.21458451561407,GENROU_4,6,GENROU_1,1,0.99954727720258,0.9996686908059944,0.0004527227974201,GENROU_1,1,GENROU_2,2,1.371368244889772,1.7400420929947924,GENROU_2,2,GENROU_4,6,0.99954727720258,1,0.9996686908059944,2,0.9995828264677946,3,0.9996566532374784,6,0.9995857876442992,8
742,2,1.656,0.033,0.03,NEXT_STEP,1,0.0599574759210998,0.0684838815130511,1.0088852168310474,-0.245640277833598,Fault_Interface,14,0.0,0.0,0.3,1.0088852168310474,-0.245640277833598,,,,,,,,,,,,,,8.260006190655963,57.46816091502964,49.20815472437368,GENROU_4,6,GENROU_1,1,0.9995575057187752,0.9996747538058328,0.0004424942812246,GENROU_1,1,GENROU_2,2,1.373733190545641,1.7401724734855788,GENROU_2,2,GENROU_4,6,0.9995575057187752,1,0.9996747538058328,2,0.9995777948965926,3,0.9996465797597166,6,0.9995846984061314,8
744,2,1.689,0.033,0.03,NEXT_STEP,0,0.0598881791822056,0.0683798697925733,1.0077064841049963,-0.2515776941466192,Fault_Interface,14,0.0,0.0,0.3,1.0077064841049963,-0.2515776941466192,,,,,,,,,,,,,,7.970388755487446,57.190380966501,49.21999221101356,GENROU_4,6,GENROU_1,1,0.9995265978374914,0.9997389410537008,0.0004734021625085,GENROU_3,3,GENROU_2,2,1.4036181304151218,1.7418750822714777,GENROU_2,2,GENROU_4,6,0.9996624986223044,1,0.9997389410537008,2,0.9995265978374914,3,0.9995412239644216,6,0.9995728207508694,8
746,2,1.6920000000000002,0.033,0.03,NEXT_STEP,1,0.0597588884378714,0.068236673664005,1.0076557820776395,-0.2520956030599349,Fault_Interface,14,0.0,0.0,0.3,1.0076557820776395,-0.2520956030599349,,,,,,,,,,,,,,7.940367025906788,57.16879656676623,49.22842954085944,GENROU_4,6,GENROU_1,1,0.9995223390763304,0.999744529479051,0.0004776609236695,GENROU_3,3,GENROU_2,2,1.4066720143171765,1.7420881143047235,GENROU_2,2,GENROU_4,6,0.9996713162006964,1,0.999744529479051,2,0.9995223390763304,3,0.9995321794435827,6,0.9995717545589736,8
748,2,1.725,0.033,0.03,NEXT_STEP,0,0.059677885763139,0.068114850857032,1.0063507045478164,-0.2581747601270393,Fault_Interface,14,0.0,0.0,0.3,1.0063507045478164,-0.2581747601270393,,,,,,,,,,,,,,7.574016832914975,56.96573811917658,49.3917212862616,GENROU_4,6,GENROU_1,1,0.9994404975270592,0.9998022175687074,0.0005595024729407,GENROU_4,6,GENROU_2,2,1.4431422180017095,1.7445805733564468,GENROU_2,2,GENROU_4,6,0.9997581509314172,1,0.9998022175687074,2,0.9994807626219158,3,0.9994404975270592,6,0.9995604253209192,8
750,2,1.7280000000000002,0.033,0.03,NEXT_STEP,1,0.0594983295452727,0.0678772573467638,1.006329868492002,-0.2586928825342802,Fault_Interface,14,0.0,0.0,0.3,1.006329868492002,-0.2586928825342802,,,,,,,,,,,,,,7.537514944388314,56.95029131396868,49.41277636958037,GENROU_4,6,GENROU_1,1,0.9994329012509696,0.9998071029861796,0.0005670987490302,GENROU_4,6,GENROU_2,2,1.4467071432991154,1.7448683687918545,GENROU_2,2,GENROU_4,6,0.999765095575478,1,0.9998071029861796,2,0.9994774741395724,3,0.9994329012509696,6,0.999559436026763,8
752,2,1.761,0.033,0.03,NEXT_STEP,0,0.0594071248388826,0.0677378305046026,1.0049499037379408,-0.2648563087384114,Fault_Interface,14,0.0,0.0,0.3,1.0049499037379408,-0.2648563087384114,,,,,,,,,,,,,,7.106602832013257,56.80626510509688,49.699662273083625,GENROU_4,6,GENROU_1,1,0.9993587387197924,0.9998560505384124,0.0006412612802074,GENROU_4,6,GENROU_2,2,1.4879161433283237,1.747951619567378,GENROU_2,2,GENROU_4,6,0.999829903767758,1,0.9998560505384124,2,0.9994472103970904,3,0.9993587387197924,6,0.9995492296590176,8
754,2,1.764,0.033,0.03,NEXT_STEP,1,0.0592613001391641,0.0675787232886843,1.0048916463208828,-0.265386024801621,Fault_Interface,14,0.0,0.0,0.3,1.0048916463208828,-0.265386024801621,,,,,,,,,,,,,,7.064858716884666,56.79539927055078,49.73054055366612,GENROU_4,6,GENROU_1,1,0.999352862852496,0.9998600517440313,0.0006471371475038,GENROU_4,6,GENROU_2,2,1.4897798474409998,1.748277336994089,GENROU_5,8,GENROU_4,6,0.9998347306044538,1,0.9998600517440313,2,0.9994449998357228,3,0.999352862852496,6,0.999548365465698,8
756,2,1.7970000000000002,0.033,0.03,NEXT_STEP,0,0.0591685772327567,0.0674395368597487,1.0034659517918425,-0.2715883903343686,Fault_Interface,14,0.0,0.0,0.3,1.0034659517918425,-0.2715883903343686,,,,,,,,,,,,,,6.583894651344014,56.69259719559568,50.10870254425167,GENROU_4,6,GENROU_1,1,0.999298395926097,0.9998985348370464,0.0007016040739029,GENROU_4,6,GENROU_2,2,1.4924637794869926,1.7518471958816328,GENROU_5,8,GENROU_4,6,0.9998759190081168,1,0.9998985348370464,2,0.9994267367731424,3,0.999298395926097,6,0.9995397484486614,8
758,2,1.8,0.033,0.03,NEXT_STEP,1,0.0590152406492178,0.067270786387107,1.0034101213253803,-0.2721175501766807,Fault_Interface,14,0.0,0.0,0.3,1.0034101213253803,-0.2721175501766807,,,,,,,,,,,,,,6.538300375048355,56.68464313016141,50.146342755113054,GENROU_4,6,GENROU_1,1,0.9992943735469956,0.9999015227303584,0.0007056264530045,GENROU_4,6,GENROU_2,2,1.4927380719429977,1.7522132195820226,GENROU_5,8,GENROU_4,6,0.9998785847268186,1,0.9999015227303584,2,0.9994256250419022,3,0.9992943735469956,6,0.9995390482454524,8
760,2,1.833,0.033,0.03,NEXT_STEP,0,0.0589189070269265,0.0671259176569184,1.0019859403376083,-0.2783100364775649,Fault_Interface,14,0.0,0.0,0.3,1.0019859403376083,-0.2783100364775649,,,,,,,,,,,,,,6.0229508703458,56.6048426407383,50.581891770392495,GENROU_4,6,GENROU_1,1,0.9992604099385644,0.9999284392584824,0.0007395900614355,GENROU_4,6,GENROU_2,2,1.4956631068270014,1.7561230991536998,GENROU_5,8,GENROU_4,6,0.9998966581345552,1,0.9999284392584824,2,0.9994191893213208,3,0.9992604099385644,6,0.999532408798702,8
762,2,1.836,0.033,0.03,NEXT_STEP,1,0.0587671625797603,0.066959444095631,1.0019311133809157,-0.2788365321667383,Fault_Interface,14,0.0,0.0,0.3,1.0019311133809157,-0.2788365321667383,,,,,,,,,,,,,,5.974955523459786,56.59816669736806,50.623211173908274,GENROU_4,6,GENROU_1,1,0.9992582524201744,0.9999303415081072,0.0007417475798257,GENROU_4,6,GENROU_2,2,1.495953391492466,1.7565119509299654,GENROU_5,8,GENROU_4,6,0.9998972938121764,1,0.9999303415081072,2,0.999419123773936,3,0.9992582524201744,6,0.9995319032402126,8
764,2,1.869,0.033,0.03,NEXT_STEP,0,0.0586716386338672,0.0668158652491892,1.000547389465274,-0.2849765507834395,Fault_Interface,14,0.0,0.0,0.3,1.000547389465274,-0.2849765507834395,,,,,,,,,,,,,,5.441009712254775,56.524207141317575,51.0831974290628,GENROU_4,6,GENROU_1,1,0.9992443126551248,0.999945199545813,0.0007556873448752,GENROU_4,6,GENROU_2,2,1.4989992059870545,1.760599732892245,GENROU_5,8,GENROU_4,6,0.9998944484533862,1,0.999945199545813,2,0.999423592436329,3,0.9992443126551248,6,0.9995275216067198,8
766,2,1.872,0.033,0.03,NEXT_STEP,1,0.0585249165438378,0.0666551274107866,1.0004955351863605,-0.2854975104903931,Fault_Interface,14,0.0,0.0,0.3,1.0004955351863605,-0.2854975104903931,,,,,,,,,,,,,,5.392028553893436,56.51733083054375,51.12530227665032,GENROU_4,6,GENROU_1,1,0.9992439234020152,0.9999459990585444,0.0007560765979848,GENROU_4,6,GENROU_2,2,1.4992948221032314,1.760997077436831,GENROU_5,8,GENROU_4,6,0.9998933193511949,1,0.9999459990585444,2,0.9994244592106598,3,0.9992439234020152,6,0.9995272310953802,8
768,2,1.905,0.033,0.03,NEXT_STEP,0,0.0584326370384232,0.0665163932111437,0.9991889264420536,-0.291547476726289,Fault_Interface,14,0.0,0.0,0.3,0.9991889264420536,-0.291547476726289,,,,,,,,,,,,,,4.854481119172419,56.43425650740864,51.57977538823622,GENROU_4,6,GENROU_1,1,0.9992484600913022,0.9999489015994732,0.0007515399086978,GENROU_4,6,GENROU_2,2,1.5023504082249617,1.7651130202354133,GENROU_5,8,GENROU_4,6,0.9998729975685732,1,0.9999489015994732,2,0.999438324903394,3,0.9992484600913022,6,0.9995252752785476,8
770,2,1.908,0.033,0.03,NEXT_STEP,1,0.0582949463595234,0.066365839050052,0.9991411682492144,-0.2920606973600334,Fault_Interface,14,0.0,0.0,0.3,0.9991411682492144,-0.2920606973600334,,,,,,,,,,,,,,4.805820074899866,56.42594457624077,51.62012450134091,GENROU_4,6,GENROU_1,1,0.9992496559954946,0.999948633895328,0.0007503440045053,GENROU_4,6,GENROU_2,2,1.5026410566014403,1.7655049394115667,GENROU_5,8,GENROU_4,6,0.9998704610211222,1,0.999948633895328,2,0.9994399649954422,3,0.9992496559954946,6,0.9995252099754482,8
772,2,1.941,0.033,0.03,NEXT_STEP,0,0.058208123685389,0.0662353744589119,0.9979429619410216,-0.2979893587161644,Fault_Interface,14,0.0,0.0,0.3,0.9979429619410216,-0.2979893587161644,,,,,,,,,,,,,,4.278133504733865,56.32179228912416,52.043658784390296,GENROU_4,6,GENROU_1,1,0.9992702930261892,0.9999402359176954,0.0007297069738108,GENROU_4,6,GENROU_2,2,1.505602784108235,1.7695086361252106,GENROU_5,8,GENROU_4,6,0.9998368846387768,1,0.9999402359176954,2,0.99946131588042,3,0.9992702930261892,6,0.9995257369898566,8
774,2,1.944,0.033,0.03,NEXT_STEP,1,0.0580826096596326,0.0660983626086862,0.9979003440025948,-0.298493062959494,Fault_Interface,14,0.0,0.0,0.3,0.9979003440025948,-0.298493062959494,,,,,,,,,,,,,,4.230930583987623,56.31110782912657,52.08017724513895,GENROU_4,6,GENROU_1,1,0.9992728269728474,0.9999389841426424,0.0007271730271526,GENROU_4,6,GENROU_2,2,1.5058791317650486,1.7698824938756523,GENROU_5,8,GENROU_4,6,0.9998333478149342,1,0.9999389841426424,2,0.999463541977612,3,0.9992728269728474,6,0.9995258970765062,8
776,2,1.977,0.033,0.03,NEXT_STEP,0,0.0580033876918744,0.0659793366233242,0.9968348806116384,-0.3042763437863623,Fault_Interface,14,0.0,0.0,0.3,0.9968348806116384,-0.3042763437863623,,,,,,,,,,,,,,3.72448773971801,56.17733829237423,52.45285055265622,GENROU_4,6,GENROU_1,1,0.99930660874748,0.9999204277227262,0.0006933912525199,GENROU_4,6,GENROU_2,2,1.5086549769913458,1.77926874259305,GENROU_5,8,GENROU_2,2,0.9997910713894896,1,0.9999204277227262,2,0.9994902411534112,3,0.99930660874748,6,0.9995288581953858,8
778,2,1.98,0.033,0.03,NEXT_STEP,1,0.0578924600850274,0.0658584734600631,0.9967981027868098,-0.3047692608573633,Fault_Interface,14,0.0,0.0,0.3,0.9967981027868098,-0.3047692608573633,,,,,,,,,,,,,,3.679672089354333,56.163666272285546,52.48399418293121,GENROU_4,6,GENROU_1,1,0.9993101922678505,0.9999183158315696,0.0006898077321496,GENROU_4,6,GENROU_2,2,1.5089090236786495,1.782755999604834,GENROU_5,8,GENROU_2,2,0.9997869524793164,1,0.9999183158315696,2,0.9994928533272908,3,0.9993101922678505,6,0.9995292347833264,8
780,2,2.013,0.033,0.03,NEXT_STEP,0,0.0578223845295401,0.0657531873468628,0.9958818299235944,-0.310390656718279,Fault_Interface,14,0.0,0.0,0.3,0.9958818299235944,-0.310390656718279,,,,,,,,,,,,,,3.203420597362201,55.99526717952186,52.79184658215966,GENROU_4,6,GENROU_1,1,0.9993538277071792,0.9998911470541946,0.0006461722928209,GENROU_4,6,GENROU_2,2,1.511422884459466,1.8188968571834847,GENROU_5,8,GENROU_2,2,0.9997404673965754,1,0.9998911470541946,2,0.9995227062325098,3,0.9993538277071792,6,0.9995344849710044,8
782,2,2.016,0.033,0.03,NEXT_STEP,1,0.0577275626808734,0.0656500865650449,0.995851272496038,-0.3108720128872787,Fault_Interface,14,0.0,0.0,0.3,0.995851272496038,-0.3108720128872787,,,,,,,,,,,,,,3.161688753931317,55.97831000070331,52.816621246772,GENROU_4,6,GENROU_1,1,0.9993581524338432,0.9998883315654088,0.0006418475661569,GENROU_4,6,GENROU_2,2,1.511648353287624,1.821976475509144,GENROU_5,8,GENROU_2,2,0.9997361625904876,1,0.9998883315654088,2,0.9995255064353152,3,0.9993581524338432,6,0.9995350607913096,8
784,2,2.049,0.033,0.03,NEXT_STEP,0,0.0576675570957982,0.0655599344472902,0.9950921610807932,-0.3163227014265193,Fault_Interface,14,0.0,0.0,0.3,0.9950921610807932,-0.3163227014265193,,,,,,,,,,,,,,2.721968347233925,55.77361875932347,53.05165041208954,GENROU_4,6,GENROU_1,1,0.9994082398686368,0.9998544039256432,0.0005917601313631,GENROU_4,6,GENROU_2,2,1.5138434823978768,1.8533945167517007,GENROU_5,8,GENROU_2,2,0.999689573084592,1,0.9998544039256432,2,0.9995564071295724,3,0.9994082398686368,6,0.9995423711529194,8
786,2,2.052,0.033,0.03,NEXT_STEP,1,0.0575894922871212,0.065475246687832,0.9950678509826676,-0.3167922138010292,Fault_Interface,14,0.0,0.0,0.3,0.9950678509826676,-0.3167922138010292,,,,,,,,,,,,,,2.6837764264352697,55.75336889059774,53.06959246416247,GENROU_4,6,GENROU_1,1,0.9994129971437504,0.9998510645924584,0.0005870028562495,GENROU_4,6,GENROU_2,2,1.5140360814425402,1.856025047886921,GENROU_5,8,GENROU_2,2,0.999685430761082,1,0.9998510645924584,2,0.9995592113538748,3,0.9994129971437504,6,0.9995431219092122,8
788,2,2.085,0.033,0.03,NEXT_STEP,0,0.0575401002511211,0.0654009986745099,0.9944653324146516,-0.3220708246345058,Fault_Interface,14,0.0,0.0,0.3,0.9944653324146516,-0.3220708246345058,,,,,,,,,,,,,,2.284310710195234,55.51367570032833,53.22936499013309,GENROU_4,6,GENROU_1,1,0.9994662220875248,0.9998124327832972,0.0005337779124753,GENROU_4,6,GENROU_2,2,1.5158810302275016,1.882406847195286,GENROU_5,8,GENROU_2,2,0.9996422134242224,1,0.9998124327832972,2,0.9995892619685096,3,0.9994662220875248,6,0.9995521937181692,8
790,2,2.088,0.033,0.03,NEXT_STEP,1,0.0574785556041902,0.0653344254044939,0.994446984466284,-0.3225286466616561,Fault_Interface,14,0.0,0.0,0.3,0.994446984466284,-0.3225286466616561,,,,,,,,,,,,,,2.249880569480911,55.49037134073452,53.24049077125361,GENROU_4,6,GENROU_1,1,0.999471119248453,0.999808762741898,0.000528880751547,GENROU_4,6,GENROU_2,2,1.5160378020028349,1.884572757596143,GENROU_5,8,GENROU_2,2,0.999638516217944,1,0.999808762741898,2,0.9995919097786456,3,0.999471119248453,6,0.9995530894556278,8
792,2,2.121,0.033,0.03,NEXT_STEP,0,0.0574395483372892,0.0652757642366708,0.9939930083603736,-0.3276404467267743,Fault_Interface,14,0.0,0.0,0.3,0.9939930083603736,-0.3276404467267743,,,,,,,,,,,,,,1.8919100991610416,55.21936783131052,53.32745773214948,GENROU_4,6,GENROU_1,1,0.9995244200487322,0.9997675739289148,0.0004755799512677,GENROU_4,6,GENROU_2,2,1.5175117408492824,1.905884609055072,GENROU_5,8,GENROU_2,2,0.9996013628117596,1,0.9997675739289148,2,0.99961951014488,3,0.9995244200487322,6,0.9995635696732992,8
794,2,2.124,0.033,0.03,NEXT_STEP,1,0.0573936300354621,0.0652262725974226,0.9939800180533928,-0.3280871425298947,Fault_Interface,14,0.0,0.0,0.3,0.9939800180533928,-0.3280871425298947,,,,,,,,,,,,,,1.861247193714931,55.193437461190086,53.33219026747516,GENROU_4,6,GENROU_1,1,0.9995291939807088,0.999763769617238,0.0004708060192911,GENROU_4,6,GENROU_2,2,1.517633577257136,1.907595134990093,GENROU_5,8,GENROU_2,2,0.9995983171227948,1,0.999763769617238,2,0.9996218714612022,3,0.9995291939807088,6,0.999564576286237,8
796,2,2.157,0.033,0.03,NEXT_STEP,0,0.0573644123744286,0.0651823261417697,0.9936600956779924,-0.3330430867895056,Fault_Interface,14,0.0,0.0,0.3,0.9936600956779924,-0.3330430867895056,,,,,,,,,,,,,,1.5437770756121592,54.896576616337335,53.35279954072517,GENROU_4,6,GENROU_1,1,0.999569063891103,0.9997221530126604,0.0004309361088969,GENROU_1,1,GENROU_2,2,1.5187454170410717,1.92406028969624,GENROU_5,8,GENROU_2,2,0.999569063891103,1,0.9997221530126604,2,0.9996457786203716,3,0.9995798902338492,6,0.9995760749713644,8
798,2,2.16,0.033,0.03,NEXT_STEP,1,0.0573323944812408,0.0651479705039575,0.9936517707654492,-0.3334794777136226,Fault_Interface,14,0.0,0.0,0.3,0.9936517707654492,-0.3334794777136226,,,,,,,,,,,,,,1.5166974022779849,54.86857851272228,53.351881110444296,GENROU_4,6,GENROU_1,1,0.9995667971084324,0.999718403967178,0.0004332028915675,GENROU_1,1,GENROU_2,2,1.518832826219067,1.9253465057853096,GENROU_5,8,GENROU_2,2,0.9995667971084324,1,0.999718403967178,2,0.999647758370426,3,0.9995843173792937,6,0.999577155809474,8
800,2,2.193,0.033,0.03,NEXT_STEP,0,0.0573120024319609,0.0651172597993505,0.9934470121031528,-0.3382946377870096,Fault_Interface,14,0.0,0.0,0.3,0.9934470121031528,-0.3382946377870096,,,,,,,,,,,,,,1.2368313018111246,54.55240767607295,53.31557637426183,GENROU_4,6,GENROU_1,1,0.999546424945026,0.9996783616496824,0.000453575054974,GENROU_1,1,GENROU_2,2,1.5196086714700672,1.937402630573149,GENROU_5,8,GENROU_2,2,0.999546424945026,1,0.9996783616496824,2,0.9996671231517308,3,0.9996302044626044,6,0.999589264292183,8
802,2,2.196,0.033,0.03,NEXT_STEP,1,0.0572918556922577,0.0650958094881166,0.993442473155872,-0.3387218054321315,Fault_Interface,14,0.0,0.0,0.3,0.993442473155872,-0.3387218054321315,,,,,,,,,,,,,,1.2129950498449695,54.52296942661896,53.309974376774,GENROU_4,6,GENROU_1,1,0.9995449878404628,0.9996748425998362,0.0004550121595372,GENROU_1,1,GENROU_2,2,1.519668074426512,1.9383126461789495,GENROU_5,8,GENROU_2,2,0.9995449878404628,1,0.9996748425998362,2,0.9996686609292352,3,0.9996341082598094,6,0.9995903817626512,8
804,2,2.229,0.033,0.03,NEXT_STEP,0,0.0572788714751807,0.0650762589847517,0.9933309547440724,-0.3434148407551791,Fault_Interface,14,0.0,0.0,0.3,0.9933309547440724,-0.3434148407551791,,,,,,,,,,,,,,0.966328507567325,54.19448470940154,53.22815620183422,GENROU_4,6,GENROU_1,1,0.999533678318185,0.9996830111528278,0.000466321681815,GENROU_1,1,GENROU_3,3,1.5201579922505914,1.9465601259349337,GENROU_5,8,GENROU_2,2,0.999533678318185,1,0.9996381754874564,2,0.9996830111528278,3,0.999673512382967,6,0.9996026885467928,8
806,2,2.232,0.033,0.03,NEXT_STEP,1,0.0572683048770877,0.0650651713412725,0.9933292648501588,-0.3438340236634693,Fault_Interface,14,0.0,0.0,0.3,0.9933292648501588,-0.3438340236634693,,,,,,,,,,,,,,0.9452775226766325,54.16424681456312,53.21896929188649,GENROU_4,6,GENROU_1,1,0.9995330546304192,0.9996840818270842,0.0004669453695809,GENROU_1,1,GENROU_3,3,1.5201915348385449,1.947154610188156,GENROU_5,8,GENROU_2,2,0.9995330546304192,1,0.9996350380953022,2,0.9996840818270842,3,0.9996767649396276,6,0.9996038055506952,8
808,2,2.265,0.033,0.03,NEXT_STEP,0,0.0572614166118611,0.0650547770961834,0.9932880349276376,-0.3484249483345134,Fault_Interface,14,0.0,0.0,0.3,0.9932880349276376,-0.3484249483345134,,,,,,,,,,,,,,0.7263154142994628,53.830320975265664,53.1040055609662,GENROU_4,6,GENROU_1,1,0.9995303155525016,0.9997085573273974,0.0004696844474983,GENROU_1,1,GENROU_4,6,1.5204360176491645,1.9522989220236224,GENROU_5,8,GENROU_2,2,0.9995303155525016,1,0.9996032522651994,2,0.999693319868783,3,0.9997085573273974,6,0.9996159135555548,8
810,2,2.268,0.033,0.03,NEXT_STEP,1,0.0572579164343809,0.0650513021764957,0.9932883467893516,-0.3488374123288898,Fault_Interface,14,0.0,0.0,0.3,0.9932883467893516,-0.3488374123288898,,,,,,,,,,,,,,0.7075117421331147,53.79988917562845,53.09237743349533,GENROU_4,6,GENROU_1,1,0.9995304330428164,0.99971108119112,0.0004695669571834,GENROU_1,1,GENROU_4,6,1.5204489200888958,1.952644998032029,GENROU_5,8,GENROU_2,2,0.9995304330428164,1,0.9996006183241476,2,0.9996939305098248,3,0.99971108119112,6,0.9996169951418548,8
812,2,2.301,0.033,0.03,NEXT_STEP,0,0.0572555268520613,0.0650476729228887,0.9932952550530412,-0.3533465062716586,Fault_Interface,14,0.0,0.0,0.3,0.9932952550530412,-0.3533465062716586,,,,,,,,,,,,,,0.5100932204267732,53.46679794988316,52.95670472945638,GENROU_4,6,GENROU_1,1,0.999535231917586,0.9997346764927242,0.0004647680824139,GENROU_1,1,GENROU_4,6,1.520502877487689,1.9554320680243549,GENROU_5,8,GENROU_2,2,0.999535231917586,1,0.99957486832861,2,0.9996982886793152,3,0.9997346764927242,6,0.9996285383538362,8
814,2,2.304,0.033,0.03,NEXT_STEP,1,0.0572568040471363,0.0650493136331423,0.9932967274287592,-0.3537535480938448,Fault_Interface,14,0.0,0.0,0.3,0.9932967274287592,-0.3537535480938448,,,,,,,,,,,,,,0.4929575175210963,53.436705035402085,52.943747517880986,GENROU_4,6,GENROU_1,1,0.9995359762572052,0.99973644237244,0.0004640237427948,GENROU_1,1,GENROU_4,6,1.5205004421936308,1.955597861447094,GENROU_5,8,GENROU_2,2,0.9995359762572052,1,0.9995728256942664,2,0.9996984740418632,3,0.99973644237244,6,0.9996295530251208,8
816,2,2.337,0.033,0.03,NEXT_STEP,0,0.0572575599177347,0.0650503864340443,0.9933314440205236,-0.3582003852921853,Fault_Interface,14,0.0,0.0,0.3,0.9933314440205236,-0.3582003852921853,,,,,,,,,,,,,,0.3106646379828999,53.10976871867998,52.79910408069708,GENROU_4,6,GENROU_1,1,0.999546899650484,0.9997517613124568,0.000453100349516,GENROU_1,1,GENROU_4,6,1.5204188805083694,1.9567593806663357,GENROU_5,8,GENROU_2,2,0.999546899650484,1,0.999553879332254,2,0.9996984586770452,3,0.9997517613124568,6,0.9996402097073408,8
818,2,2.34,0.033,0.03,NEXT_STEP,1,0.0572614619534831,0.0650548070077185,0.9933333906175832,-0.3586032193974255,Fault_Interface,14,0.0,0.0,0.3,0.9933333906175832,-0.3586032193974255,,,,,,,,,,,,,,0.2946119422042912,53.08044759984195,52.78583565763766,GENROU_4,6,GENROU_1,1,0.9995481293589248,0.9997527836281004,0.0004518706410753,GENROU_1,1,GENROU_4,6,1.5204062856381593,1.9568094848193256,GENROU_5,8,GENROU_2,2,0.9995481293589248,1,0.9995524796443784,2,0.9996982755922746,3,0.9997527836281004,6,0.9996411305176872,8
820,2,2.373,0.033,0.03,NEXT_STEP,0,0.0572638458471103,0.0650583578904136,0.9933786325865136,-0.3630056364277225,Fault_Interface,14,0.0,0.0,0.3,0.9933786325865136,-0.3630056364277225,,,,,,,,,,,,,,0.1211410611811563,52.76379840439102,52.64265734320986,GENROU_4,6,GENROU_1,1,0.9995407045678334,0.99976019482515,0.0004592954321666,GENROU_2,2,GENROU_4,6,1.5202411665389766,1.9570179474289164,GENROU_5,8,GENROU_2,2,0.9995635462588148,1,0.9995407045678334,2,0.9996946016463896,3,0.99976019482515,6,0.9996506337103528,8
822,2,2.376,0.033,0.03,NEXT_STEP,1,0.0572688097949723,0.0650638538760809,0.993380364919505,-0.3634054339474209,Fault_Interface,14,0.0,0.0,0.3,0.993380364919505,-0.3634054339474209,,,,,,,,,,,,,,0.1056124491587366,52.735566728197405,52.62995427903867,GENROU_4,6,GENROU_1,1,0.9995399630819884,0.9997605255746956,0.0004600369180115,GENROU_2,2,GENROU_4,6,1.520223081765835,1.9570098012378032,GENROU_5,8,GENROU_2,2,0.999565107356262,1,0.9995399630819884,2,0.9996941227692174,3,0.9997605255746956,6,0.9996514391427757,8
824,2,2.409,0.033,0.03,NEXT_STEP,0,0.0572717851876438,0.06506834830299,0.9934220686323438,-0.3677790187221665,Fault_Interface,14,0.0,0.0,0.3,0.9934220686323438,-0.3677790187221665,,,,,,,,,,,,,,-0.0649063380259462,52.43203984026373,52.49694617828968,GENROU_4,6,GENROU_1,1,0.9995353359145596,0.9997607703358272,0.0004646640854403,GENROU_2,2,GENROU_4,6,1.5200204632404055,1.9568452477528824,GENROU_5,8,GENROU_2,2,0.9995833230950232,1,0.9995353359145596,2,0.9996876436084038,3,0.9997607703358272,6,0.9996595849550688,8
826,2,2.412,0.033,0.03,NEXT_STEP,1,0.0572761042687345,0.0650730388439875,0.9934233206326548,-0.368176674868142,Fault_Interface,14,0.0,0.0,0.3,0.9934233206326548,-0.368176674868142,,,,,,,,,,,,,,-0.0804174055224298,52.40509548599627,52.4855128915187,GENROU_4,6,GENROU_1,1,0.999535233343272,0.999760491686955,0.0004647666567281,GENROU_2,2,GENROU_4,6,1.520000958739658,1.956826740341597,GENROU_5,8,GENROU_2,2,0.9995850623988756,1,0.999535233343272,2,0.9996869509291666,3,0.999760491686955,6,0.9996602595086256,8
828,2,2.445,0.033,0.03,NEXT_STEP,0,0.0572787951896473,0.0650770955683877,0.9934511617178432,-0.3725341921905669,Fault_Interface,14,0.0,0.0,0.3,0.9934511617178432,-0.3725341921905669,,,,,,,,,,,,,,-0.2531632180412754,52.11623275185956,52.36939596990083,GENROU_4,6,GENROU_1,1,0.9995373702931496,0.9997545992244988,0.0004626297068505,GENROU_2,2,GENROU_4,6,1.5197990030382915,1.956756277128881,GENROU_5,8,GENROU_2,2,0.9996044538488792,1,0.9995373702931496,2,0.9996785879552186,3,0.9997545992244988,6,0.999666912243798,8
830,2,2.448,0.033,0.03,NEXT_STEP,1,0.0572815579018541,0.0650800421193384,0.993451570447854,-0.3729305210129721,Fault_Interface,14,0.0,0.0,0.3,0.993451570447854,-0.3729305210129721,,,,,,,,,,,,,,-0.2690905466096936,52.09065888103218,52.35974942764188,GENROU_4,6,GENROU_1,1,0.999537856470864,0.9997538154312856,0.000462143529136,GENROU_2,2,GENROU_4,6,1.5197812482241178,1.9567643753124655,GENROU_5,8,GENROU_2,2,0.999606230164343,1,0.999537856470864,2,0.999677766537886,3,0.9997538154312856,6,0.999667446755048,8
832,2,2.481,0.033,0.03,NEXT_STEP,0,0.0572833697499175,0.065082756783508,0.993458721508397,-0.3772817155874452,Fault_Interface,14,0.0,0.0,0.3,0.993458721508397,-0.3772817155874452,,,,,,,,,,,,,,-0.448363119116383,51.81680738729614,52.26517050641252,GENROU_4,6,GENROU_1,1,0.9995460616700084,0.999743011966964,0.0004539383299916,GENROU_2,2,GENROU_4,6,1.51960931304673,1.957133102861146,GENROU_5,8,GENROU_2,2,0.9996253541789702,1,0.9995460616700084,2,0.999668443302424,3,0.999743011966964,6,0.9996725406119704,8
834,2,2.484,0.033,0.03,NEXT_STEP,1,0.0572838857977504,0.0650832228154517,0.9934581499811546,-0.3776772999640182,Fault_Interface,14,0.0,0.0,0.3,0.9934581499811546,-0.3776772999640182,,,,,,,,,,,,,,-0.4650538520166601,51.79258515987363,52.25763901189029,GENROU_4,6,GENROU_1,1,0.99954706067959,0.9997418410739652,0.00045293932041,GENROU_2,2,GENROU_4,6,1.5195956507921808,1.9571936088236943,GENROU_5,8,GENROU_2,2,0.9996270468359952,1,0.99954706067959,2,0.9996675756071648,3,0.9997418410739652,6,0.9996729322773916,8
836,2,2.517,0.033,0.03,NEXT_STEP,0,0.0572841630454928,0.065083686025485,0.9934412410295372,-0.3820287167818073,Fault_Interface,14,0.0,0.0,0.3,0.9934412410295372,-0.3820287167818073,,,,,,,,,,,,,,-0.6541551257789631,51.53306851089552,52.18722363667448,GENROU_4,6,GENROU_1,1,0.9995603887549306,0.9997274605950742,0.0004396112450694,GENROU_2,2,GENROU_4,6,1.5194740901135124,1.9582264845262385,GENROU_5,8,GENROU_2,2,0.999644718621232,1,0.9995603887549306,2,0.9996581601335974,3,0.9997274605950742,6,0.9996764703881946,8
838,2,2.52,0.033,0.03,NEXT_STEP,1,0.0572820811181622,0.0650812735692702,0.9934396814303172,-0.3824239357812406,Fault_Interface,14,0.0,0.0,0.3,0.9934396814303172,-0.3824239357812406,,,,,,,,,,,,,,-0.6718621246518781,51.51009534097405,52.181957465625935,GENROU_4,6,GENROU_1,1,0.9995618050657958,0.9997260264871084,0.0004381949342041,GENROU_2,2,GENROU_4,6,1.5194659979585257,1.958354552764936,GENROU_5,8,GENROU_2,2,0.9996462331627162,1,0.9995618050657958,2,0.999657321198382,3,0.9997260264871084,6,0.9996767225508778,8
840,2,2.553,0.033,0.03,NEXT_STEP,0,0.0572808656271009,0.0650794595676862,0.993397906646932,-0.3867792077879122,Fault_Interface,14,0.0,0.0,0.3,0.993397906646932,-0.3867792077879122,,,,,,,,,,,,,,-0.873045490427663,51.26343348703586,52.136478977463526,GENROU_4,6,GENROU_1,1,0.9995791330682596,0.9997094261881888,0.0004208669317404,GENROU_2,2,GENROU_4,6,1.519406478609667,1.9601652639321805,GENROU_5,8,GENROU_2,2,0.9996615727130782,1,0.9995791330682596,2,0.99964857881827,3,0.9997094261881888,6,0.9996787730321152,8
842,2,2.556,0.033,0.03,NEXT_STEP,1,0.0572761977146309,0.0650742305893552,0.9933953824537112,-0.387174256617935,Fault_Interface,14,0.0,0.0,0.3,0.9933953824537112,-0.387174256617935,,,,,,,,,,,,,,-0.891925692173291,51.24154458651739,52.13347027869068,GENROU_4,6,GENROU_1,1,0.9995808585833,0.9997078512098748,0.0004191414166999,GENROU_2,2,GENROU_4,6,1.519404649077762,1.9603665253336933,GENROU_5,8,GENROU_2,2,0.9996628436694904,1,0.9995808585833,2,0.9996478325153068,3,0.9997078512098748,6,0.999678894684252,8
844,2,2.589,0.033,0.03,NEXT_STEP,0,0.0572732149965229,0.0650698120102891,0.9933305057442736,-0.3915340781956414,Fault_Interface,14,0.0,0.0,0.3,0.9933305057442736,-0.3915340781956414,,,,,,,,,,,,,,-1.1064074659877106,51.00569788580415,52.11210535179186,GENROU_4,6,GENROU_1,1,0.9996009614944568,0.9996903364900614,0.0003990385055432,GENROU_2,2,GENROU_4,6,1.5194112896779968,1.9629728233682289,GENROU_5,8,GENROU_2,2,0.999675291973556,1,0.9996009614944568,2,0.9996403912205524,3,0.9996903364900614,6,0.999679584263626,8
846,2,2.592,0.033,0.03,NEXT_STEP,1,0.0572662266513373,0.0650620381164782,0.9933271260935986,-0.3919289693787991,Fault_Interface,14,0.0,0.0,0.3,0.9933271260935986,-0.3919289693787991,,,,,,,,,,,,,,-1.1265255417679692,50.984688931141136,52.111214472909104,GENROU_4,6,GENROU_1,1,0.9996028822096322,0.9996887352451158,0.0003971177903677,GENROU_2,2,GENROU_4,6,1.5194157423274817,1.9632449999962664,GENROU_5,8,GENROU_2,2,0.9996762830606076,1,0.9996028822096322,2,0.9996397877148911,3,0.9996887352451158,6,0.9996795893863928,8
848,2,2.625,0.033,0.03,NEXT_STEP,0,0.0572617716017017,0.0650554196200346,0.993242399812438,-0.3962916418554333,Fault_Interface,14,0.0,0.0,0.3,0.993242399812438,-0.3962916418554333,,,,,,,,,,,,,,-1.3545499920379132,50.75730434871716,52.111854340755066,GENROU_4,6,GENROU_1,1,0.999624508119564,0.9996855915024856,0.0003754918804359,GENROU_2,2,GENROU_1,1,1.5194861919245843,1.9665871272414104,GENROU_5,8,GENROU_2,2,0.9996855915024856,1,0.999624508119564,2,0.9996341165976498,3,0.9996714966196836,6,0.999679094933323,8
850,2,2.628,0.033,0.03,NEXT_STEP,1,0.0572525878770606,0.0650452453414207,0.9932384773582158,-0.3966861393500455,Fault_Interface,14,0.0,0.0,0.3,0.9932384773582158,-0.3966861393500455,,,,,,,,,,,,,,-1.375886459131468,50.73695344684764,52.1128399059791,GENROU_4,6,GENROU_1,1,0.99962651089851,0.9996862935473956,0.00037348910149,GENROU_2,2,GENROU_1,1,1.5194964496347716,1.9669217747052865,GENROU_5,8,GENROU_2,2,0.9996862935473956,1,0.99962651089851,2,0.9996336909688932,3,0.9996699706269075,6,0.9996790016311576,8
852,2,2.661,0.033,0.03,NEXT_STEP,0,0.0572468403048812,0.0650366562079712,0.993138492269172,-0.4010477989607324,Fault_Interface,14,0.0,0.0,0.3,0.993138492269172,-0.4010477989607324,,,,,,,,,,,,,,-1.6168344061809885,50.51559388299221,52.132428289173205,GENROU_4,6,GENROU_1,1,0.9996300915495554,0.9996924917658248,0.0003699084504446,GENROU_3,3,GENROU_1,1,1.5196233057830286,1.97088200224983,GENROU_5,8,GENROU_2,2,0.9996924917658248,1,0.9996484510383812,2,0.9996300915495554,3,0.9996540356811436,6,0.999677540062516,8
854,2,2.664,0.033,0.03,NEXT_STEP,1,0.0572361856239193,0.0650249162193286,0.9931340984616404,-0.4014416403938669,Fault_Interface,14,0.0,0.0,0.3,0.9931340984616404,-0.4014416403938669,,,,,,,,,,,,,,-1.6392971563856924,50.4956812182336,52.134978374619294,GENROU_4,6,GENROU_1,1,0.9996298635573873,0.9996929189312104,0.0003701364426127,GENROU_3,3,GENROU_1,1,1.5196384085471806,1.971266290777268,GENROU_5,8,GENROU_2,2,0.9996929189312104,1,0.999650429637726,2,0.9996298635573873,3,0.9996526699408372,6,0.9996773694835236,8
856,2,2.697,0.033,0.03,NEXT_STEP,0,0.0572295313873499,0.0650149467096607,0.993023947359668,-0.4057968334819487,Fault_Interface,14,0.0,0.0,0.3,0.993023947359668,-0.4057968334819487,,,,,,,,,,,,,,-1.8918264910256792,50.27802336971319,52.16984986073887,GENROU_4,6,GENROU_1,1,0.9996284723736863,0.9996962659410048,0.0003715276263136,GENROU_3,3,GENROU_1,1,1.519810805847868,1.9756886935734748,GENROU_5,8,GENROU_2,2,0.9996962659410048,1,0.9996715792144314,2,0.9996284723736863,3,0.9996388685932188,6,0.9996751865273232,8
858,2,2.7,0.033,0.03,NEXT_STEP,1,0.0572179059560282,0.0650021774052238,0.9930193276888803,-0.4061895762504484,Fault_Interface,14,0.0,0.0,0.3,0.9930193276888803,-0.4061895762504484,,,,,,,,,,,,,,-1.9152647476254383,50.25834742378106,52.173612171406496,GENROU_4,6,GENROU_1,1,0.9996284471863656,0.9996964507696714,0.0003715528136344,GENROU_3,3,GENROU_1,1,1.5198295969705014,1.976107244810267,GENROU_5,8,GENROU_2,2,0.9996964507696714,1,0.9996734393480736,2,0.9996284471863656,3,0.999637728960413,6,0.9996749620816168,8
860,2,2.733,0.033,0.03,NEXT_STEP,0,0.0572105339309335,0.0649911599177754,0.992904437170666,-0.4105316268648635,Fault_Interface,14,0.0,0.0,0.3,0.992904437170666,-0.4105316268648635,,,,,,,,,,,,,,-2.1774716968618777,50.042337934606095,52.21980963146797,GENROU_4,6,GENROU_1,1,0.9996266750330968,0.9996973778557408,0.0003733249669032,GENROU_4,6,GENROU_1,1,1.5200345699216138,1.9808165746027624,GENROU_5,8,GENROU_2,2,0.9996973778557408,1,0.9996928474955714,2,0.9996292486425968,3,0.9996266750330968,6,0.9996723201665748,8
862,2,2.736,0.033,0.03,NEXT_STEP,1,0.057198409904274,0.0649778563891009,0.9928998556552484,-0.4109227372811014,Fault_Interface,14,0.0,0.0,0.3,0.9928998556552484,-0.4109227372811014,,,,,,,,,,,,,,-2.2016912919034133,50.02272766214678,52.22441895405019,GENROU_4,6,GENROU_1,1,0.9996258072418184,0.9996973657538776,0.0003741927581817,GENROU_4,6,GENROU_1,1,1.5200557468761,1.9812530021233323,GENROU_5,8,GENROU_2,2,0.9996973657538776,1,0.9996945107806648,2,0.9996294184052318,3,0.9996258072418184,6,0.9996720661533932,8
864,2,2.769,0.033,0.03,NEXT_STEP,0,0.0571908516334242,0.064966511259518,0.9927852631577172,-0.4152443839547363,Fault_Interface,14,0.0,0.0,0.3,0.9927852631577172,-0.4152443839547363,,,,,,,,,,,,,,-2.4712808514412377,49.80669313450686,52.277973985948094,GENROU_4,6,GENROU_1,1,0.9996178932101716,0.9997114165235162,0.0003821067898284,GENROU_4,6,GENROU_2,2,1.5202793533750425,1.9860699831551427,GENROU_5,8,GENROU_2,2,0.999696414471658,1,0.9997114165235162,2,0.9996322651707756,3,0.9996178932101716,6,0.9996692322098562,8
866,2,2.772,0.033,0.03,NEXT_STEP,1,0.057178834720839,0.0649533707649547,0.9927808562552236,-0.4156333221678163,Fault_Interface,14,0.0,0.0,0.3,0.9927808562552236,-0.4156333221678163,,,,,,,,,,,,,,-2.4960598706110084,49.78701575936869,52.2830756299797,GENROU_4,6,GENROU_1,1,0.9996173229460796,0.9997128231324652,0.0003826770539202,GENROU_4,6,GENROU_2,2,1.52030157152937,1.9865081764711592,GENROU_5,8,GENROU_2,2,0.9996962580634026,1,0.9997128231324652,2,0.9996326111327578,3,0.9996173229460796,6,0.999668972777806,8
868,2,2.805,0.033,0.03,NEXT_STEP,0,0.0571712949378713,0.0649420558632957,0.992671229655794,-0.4199270445260629,Fault_Interface,14,0.0,0.0,0.3,0.992671229655794,-0.4199270445260629,,,,,,,,,,,,,,-2.7705155591081354,49.56972502443898,52.34024058354712,GENROU_4,6,GENROU_1,1,0.9996127269002332,0.9997266778062436,0.0003872730997667,GENROU_4,6,GENROU_2,2,1.520530224278387,1.991263047523652,GENROU_5,8,GENROU_2,2,0.999694020231338,1,0.9997266778062436,2,0.9996372498418448,3,0.9996127269002332,6,0.9996662062878918,8
870,2,2.808,0.033,0.03,NEXT_STEP,1,0.0571598525920148,0.064929566436317,0.9926671669917442,-0.4203132426686063,Fault_Interface,14,0.0,0.0,0.3,0.9926671669917442,-0.4203132426686063,,,,,,,,,,,,,,-2.7956194942195247,49.54988959455149,52.34550908877101,GENROU_4,6,GENROU_1,1,0.9996124610011602,0.9997277878608862,0.0003875389988398,GENROU_4,6,GENROU_2,2,1.5205522323310412,1.9916883236459275,GENROU_5,8,GENROU_2,2,0.9996937741134194,1,0.9997277878608862,2,0.9996377448894816,3,0.9996124610011602,6,0.9996659643909396,8
872,2,2.841,0.033,0.03,NEXT_STEP,0,0.0571526307922274,0.0649187375711111,0.9925663703798548,-0.424571790501656,Fault_Interface,14,0.0,0.0,0.3,0.9925663703798548,-0.424571790501656,,,,,,,,,,,,,,-3.0723634089662317,49.330571596798094,52.40293500576433,GENROU_4,6,GENROU_1,1,0.999611164248922,0.9997382635124452,0.0003888357510779,GENROU_4,6,GENROU_2,2,1.520773439016365,1.9962312485825509,GENROU_5,8,GENROU_2,2,0.9996908378035856,1,0.9997382635124452,2,0.9996438449361468,3,0.999611164248922,6,0.999663506341331,8
874,2,2.8440000000000003,0.033,0.03,NEXT_STEP,1,0.057142163916065,0.0649073305373478,0.9925627731597838,-0.4249547051974648,Fault_Interface,14,0.0,0.0,0.3,0.9925627731597838,-0.4249547051974648,,,,,,,,,,,,,,-3.0975590665615864,49.31052872156054,52.40808778812213,GENROU_4,6,GENROU_1,1,0.999611192689211,0.9997390572280296,0.000388807310789,GENROU_4,6,GENROU_2,2,1.520794125360152,1.996631092939452,GENROU_5,8,GENROU_2,2,0.99969055398656,1,0.9997390572280296,2,0.999644456281247,3,0.999611192689211,6,0.9996633028650896,8
876,2,2.877,0.033,0.03,NEXT_STEP,0,0.0571356186021597,0.0648974891986118,0.9924737309773206,-0.42917148203274,Fault_Interface,14,0.0,0.0,0.3,0.9924737309773206,-0.42917148203274,,,,,,,,,,,,,,-3.374095231897247,49.088851808278754,52.462947040176005,GENROU_4,6,GENROU_1,1,0.9996130053565416,0.9997460419685682,0.0003869946434582,GENROU_4,6,GENROU_2,2,1.5209972008227477,2.0008390021276443,GENROU_5,8,GENROU_2,2,0.9996874584705971,1,0.9997460419685682,2,0.9996516393259088,3,0.9996130053565416,6,0.9996613659025914,8
878,2,2.88,0.033,0.03,NEXT_STEP,1,0.0571264683160085,0.064887548800174,0.9924706575223562,-0.4295506280198582,Fault_Interface,14,0.0,0.0,0.3,0.9924706575223562,-0.4295506280198582,,,,,,,,,,,,,,-3.399162834150978,49.0685902114812,52.46775304563218,GENROU_4,6,GENROU_1,1,0.9996133038541406,0.9997465186765672,0.0003866961458593,GENROU_4,6,GENROU_2,2,1.5210156529298982,2.00120358539672,GENROU_5,8,GENROU_2,2,0.9996871827605212,1,0.9997465186765672,2,0.9996523311494848,3,0.9996133038541406,6,0.999661218531798,8
880,2,2.9130000000000003,0.033,0.03,NEXT_STEP,0,0.0571206723997005,0.064878850747848,0.992395486632704,-0.4337199070097158,Fault_Interface,14,0.0,0.0,0.3,0.992395486632704,-0.4337199070097158,,,,,,,,,,,,,,-3.6731983275366393,48.84461070424487,52.5178090317815,GENROU_4,6,GENROU_1,1,0.9996178958501264,0.999750100707523,0.0003821041498734,GENROU_4,6,GENROU_2,2,1.5211921908011643,2.004984450736808,GENROU_5,8,GENROU_2,2,0.9996843846734872,1,0.999750100707523,2,0.9996601997763837,3,0.9996178958501264,6,0.9996599785284472,8
882,2,2.916,0.033,0.03,NEXT_STEP,1,0.0571128712924418,0.0648703818586583,0.9923930857500066,-0.4340948203409507,Fault_Interface,14,0.0,0.0,0.3,0.9923930857500066,-0.4340948203409507,,,,,,,,,,,,,,-3.697941422742818,48.82415138536174,52.52209280810455,GENROU_4,6,GENROU_1,1,0.9996184289342452,0.9997502769457928,0.0003815710657547,GENROU_4,6,GENROU_2,2,1.5212077502970842,2.0053068743470117,GENROU_5,8,GENROU_2,2,0.9996841541475886,1,0.9997502769457928,2,0.999660935880554,3,0.9996184289342452,6,0.999659901418972,8
884,2,2.949,0.033,0.03,NEXT_STEP,0,0.0571079894068021,0.0648630328659311,0.9923329356816342,-0.4382120465272469,Fault_Interface,14,0.0,0.0,0.3,0.9923329356816342,-0.4382120465272469,,,,,,,,,,,,,,-3.967481927071075,48.59824052595437,52.56572245302544,GENROU_4,6,GENROU_1,1,0.9996253647911362,0.9997507194218916,0.0003746352088638,GENROU_4,6,GENROU_2,2,1.5213516472129645,2.0086005536503846,GENROU_5,8,GENROU_2,2,0.9996820056895076,1,0.9997507194218916,2,0.9996690991779767,3,0.9996253647911362,6,0.9996594916863618,8
886,2,2.952,0.033,0.03,NEXT_STEP,1,0.057101917009566,0.0648564793237987,0.9923310660162392,-0.4385824610991277,Fault_Interface,14,0.0,0.0,0.3,0.9923310660162392,-0.4385824610991277,,,,,,,,,,,,,,-3.991734840060504,48.57762937972737,52.56936421978787,GENROU_4,6,GENROU_1,1,0.9996260889821524,0.9997506263578828,0.0003739110178476,GENROU_4,6,GENROU_2,2,1.5213638194945482,2.0088767706959176,GENROU_5,8,GENROU_2,2,0.999681847234138,1,0.9997506263578828,2,0.99966984481704,3,0.9996260889821524,6,0.9996594948802058,8
888,2,2.9850000000000003,0.033,0.03,NEXT_STEP,0,0.0570980293993716,0.064850646822068,0.9922861879934154,-0.4426443860272542,Fault_Interface,14,0.0,0.0,0.3,0.9922861879934154,-0.4426443860272542,,,,,,,,,,,,,,-4.255153070164095,48.35038774000816,52.60554081017226,GENROU_4,6,GENROU_1,1,0.9996348626542392,0.9997483344360282,0.0003651373457609,GENROU_4,6,GENROU_2,2,1.521471554328001,2.011654110300748,GENROU_5,8,GENROU_2,2,0.9996805857050208,1,0.9997483344360282,2,0.99967794052935,3,0.9996348626542392,6,0.9996600018279896,8
890,2,2.988,0.033,0.03,NEXT_STEP,1,0.0570934864114908,0.0648457494049274,0.9922849617524128,-0.4430100182301509,Fault_Interface,14,0.0,0.0,0.3,0.9922849617524128,-0.4430100182301509,,,,,,,,,,,,,,-4.278785889730608,48.32968743722756,52.60847332695817,GENROU_4,6,GENROU_1,1,0.999635729703962,0.9997480143530412,0.000364270296038,GENROU_4,6,GENROU_2,2,1.5214801667258206,2.011882858953861,GENROU_5,8,GENROU_2,2,0.9996805156053729,1,0.9997480143530412,2,0.9996786646296058,3,0.999635729703962,6,0.999660090994546,8
892,2,3.021,0.033,0.03,NEXT_STEP,0,0.0570906308556838,0.0648414446629977,0.9922549191562264,-0.4470147281796569,Fault_Interface,14,0.0,0.0,0.3,0.9922549191562264,-0.4470147281796569,,,,,,,,,,,,,,-4.534862649515659,48.101855594856985,52.636718244372645,GENROU_4,6,GENROU_1,1,0.999645799980425,0.9997434988281734,0.0003542000195749,GENROU_4,6,GENROU_2,2,1.5215504607669006,2.014143224594561,GENROU_5,8,GENROU_2,2,0.9996802641582684,1,0.9997434988281734,2,0.9996863766148238,3,0.999645799980425,6,0.9996615527227696,8
894,2,3.024,0.033,0.03,NEXT_STEP,1,0.0570876768742714,0.0648382946891439,0.992254224327946,-0.4473754793214637,Fault_Interface,14,0.0,0.0,0.3,0.992254224327946,-0.4473754793214637,,,,,,,,,,,,,,-4.557783716769055,48.081137514532735,52.638921231301794,GENROU_4,6,GENROU_1,1,0.9996467599376684,0.9997430019390064,0.0003532400623315,GENROU_4,6,GENROU_2,2,1.5215554766661692,2.014325606603913,GENROU_5,8,GENROU_2,2,0.9996802885890618,1,0.9997430019390064,2,0.9996870529014288,3,0.9996467599376684,6,0.9996617291219086,8
896,2,3.057,0.033,0.03,NEXT_STEP,0,0.0570857475119525,0.0648354019422984,0.9922379196023514,-0.4513222779023387,Fault_Interface,14,0.0,0.0,0.3,0.9922379196023514,-0.4513222779023387,,,,,,,,,,,,,,-4.805723380467705,47.85351191531542,52.65923529578313,GENROU_4,6,GENROU_1,1,0.9996575806955764,0.9997368370726925,0.0003424193044235,GENROU_4,6,GENROU_2,2,1.521588139884003,2.0160927364807883,GENROU_5,8,GENROU_2,2,0.9996810689801288,1,0.9997368370726925,2,0.9996941261335464,3,0.9996575806955764,6,0.9996641358562964,8
898,2,3.06,0.033,0.03,NEXT_STEP,1,0.0570842209937677,0.0648337977268332,0.9922377329083172,-0.4516781179398538,Fault_Interface,14,0.0,0.0,0.3,0.9922377329083172,-0.4516781179398538,,,,,,,,,,,,,,-4.827879629396559,47.83284895850103,52.66072858789758,GENROU_4,6,GENROU_1,1,0.9996585847788602,0.9997362177086184,0.0003414152211398,GENROU_4,6,GENROU_2,2,1.5215899889409277,2.016231956125388,GENROU_5,8,GENROU_2,2,0.999681185226642,1,0.9997362177086184,2,0.9996947341084924,3,0.9996585847788602,6,0.999664396559968,8
900,2,3.093,0.033,0.03,NEXT_STEP,0,0.0570832625508261,0.0648323394183651,0.9922337628798285,-0.4555678192686888,Fault_Interface,14,0.0,0.0,0.3,0.9922337628798285,-0.4555678192686888,,,,,,,,,,,,,,-5.067300457890581,47.60620474609927,52.673505203989855,GENROU_4,6,GENROU_1,1,0.9996676940644178,0.999729011508506,0.0003323059355822,GENROU_5,8,GENROU_2,2,1.5215887454764432,2.017547681693474,GENROU_5,8,GENROU_2,2,0.999682922008048,1,0.999729011508506,2,0.9997009742288356,3,0.9996696391416608,6,0.9996676940644178,8
902,2,3.096,0.033,0.03,NEXT_STEP,1,0.0570829913841811,0.0648321086639314,0.9922340073616815,-0.4559188191212405,Fault_Interface,14,0.0,0.0,0.3,0.9922340073616815,-0.4559188191212405,,,,,,,,,,,,,,-5.08867535723456,47.58566451682471,52.674339874059264,GENROU_4,6,GENROU_1,1,0.9996680321640734,0.9997283251643978,0.0003319678359265,GENROU_5,8,GENROU_2,2,1.5215875527453964,2.017648043115874,GENROU_5,8,GENROU_2,2,0.9996831200867804,1,0.9997283251643978,2,0.99970149951847,3,0.9996706417427844,6,0.9996680321640734,8
904,2,3.129,0.033,0.03,NEXT_STEP,0,0.0570827707368237,0.0648317747467184,0.9922406236369908,-0.4597531448703149,Fault_Interface,14,0.0,0.0,0.3,0.9922406236369908,-0.4597531448703149,,,,,,,,,,,,,,-5.319580874559826,47.36069311253525,52.68027398709508,GENROU_4,6,GENROU_1,1,0.9996721260348188,0.9997206758238714,0.0003278739651813,GENROU_5,8,GENROU_2,2,1.5215555630502,2.0185652079436127,GENROU_5,8,GENROU_2,2,0.9996856747123868,1,0.9997206758238714,2,0.999706783018576,3,0.9996814580242204,6,0.9996721260348188,8
906,2,3.132,0.033,0.03,NEXT_STEP,1,0.0570836191508464,0.0648327554591506,0.9922411956788204,-0.460099478299084,Fault_Interface,14,0.0,0.0,0.3,0.9922411956788204,-0.460099478299084,,,,,,,,,,,,,,-5.340191253918461,47.34033341484832,52.68052466876679,GENROU_4,6,GENROU_1,1,0.999672531407678,0.9997199754714288,0.000327468592322,GENROU_5,8,GENROU_2,2,1.521551705214623,2.0186320489771,GENROU_5,8,GENROU_2,2,0.9996859395565352,1,0.9997199754714288,2,0.9997072175489454,3,0.9996824191560686,6,0.999672531407678,8
908,2,3.165,0.033,0.03,NEXT_STEP,0,0.0570840702526602,0.064833445357535,0.9922564067685308,-0.4638811174199774,Fault_Interface,14,0.0,0.0,0.3,0.9922564067685308,-0.4638811174199774,,,,,,,,,,,,,,-5.56292610630518,47.11760041232614,52.68052651863132,GENROU_4,6,GENROU_1,1,0.9996772939325,0.999712440416868,0.0003227060675,GENROU_5,8,GENROU_2,2,1.521493529121733,2.0192135535440423,GENROU_5,8,GENROU_2,2,0.999689128382444,1,0.999712440416868,2,0.9997114883539384,3,0.9996925922136064,6,0.9996772939325,8
910,2,3.168,0.033,0.03,NEXT_STEP,1,0.0570857062639033,0.0648352659353923,0.99225729727698,-0.4642229847846665,Fault_Interface,14,0.0,0.0,0.3,0.99225729727698,-0.4642229847846665,,,,,,,,,,,,,,-5.582817415814904,47.09746608476383,52.68028350057873,GENROU_4,6,GENROU_1,1,0.9996777535667012,0.9997118299921784,0.0003222464332988,GENROU_5,8,GENROU_3,3,1.521487461892753,2.0192529080282053,GENROU_5,8,GENROU_2,2,0.999689441754522,1,0.9997117742451582,2,0.9997118299921784,3,0.999693478480538,6,0.9996777535667012,8
912,2,3.201,0.033,0.03,NEXT_STEP,0,0.0570867564525025,0.0648368235614601,0.992279080235362,-0.4679553746621372,Fault_Interface,14,0.0,0.0,0.3,0.992279080235362,-0.4679553746621372,,,,,,,,,,,,,,-5.798011065939013,46.87738505172826,52.67539611766728,GENROU_4,6,GENROU_1,1,0.9996830328246148,0.9997150923514226,0.0003169671753853,GENROU_5,8,GENROU_3,3,1.5214101457533027,2.019565553027841,GENROU_5,8,GENROU_2,2,0.9996930592367996,1,0.999704845335881,2,0.9997150923514226,3,0.9997026814372456,6,0.9996830328246148,8
914,2,3.204,0.033,0.03,NEXT_STEP,1,0.0570891466197615,0.0648394783719335,0.9922801131193982,-0.4682931038409942,Fault_Interface,14,0.0,0.0,0.3,0.9922801131193982,-0.4682931038409942,,,,,,,,,,,,,,-5.81725184983312,46.85750639258996,52.67475824242308,GENROU_4,6,GENROU_1,1,0.999683531842393,0.9997153443090904,0.0003164681576069,GENROU_5,8,GENROU_3,3,1.5214018335331692,2.0195835009294747,GENROU_5,8,GENROU_2,2,0.9996934019009072,1,0.9997042543791976,2,0.9997153443090904,3,0.9997034669090956,6,0.999683531842393,8
916,2,3.237,0.033,0.03,NEXT_STEP,0,0.0570906306188971,0.0648416973490138,0.9923066190485532,-0.4719800725801417,Fault_Interface,14,0.0,0.0,0.3,0.9923066190485532,-0.4719800725801417,,,,,,,,,,,,,,-6.025753835537583,46.64032944244935,52.666083277986935,GENROU_4,6,GENROU_1,1,0.9996891570409911,0.9997176607199156,0.0003108429590087,GENROU_5,8,GENROU_3,3,1.5213067091920611,2.0196929874073737,GENROU_5,8,GENROU_2,2,0.9996972398071828,1,0.99969833458736,2,0.9997176607199156,3,0.9997114611867548,6,0.9996891570409911,8
918,2,3.24,0.033,0.03,NEXT_STEP,1,0.0570935100685233,0.0648448726678256,0.9923077698738372,-0.4723139729639025,Fault_Interface,14,0.0,0.0,0.3,0.9923077698738372,-0.4723139729639025,,,,,,,,,,,,,,-6.044429531626398,46.62072203054823,52.66515156217463,GENROU_4,6,GENROU_1,1,0.9996896795167142,0.9997178306722974,0.0003103204832858,GENROU_5,8,GENROU_3,3,1.521297119180311,2.0196953694233164,GENROU_5,8,GENROU_2,2,0.9996975934296144,1,0.999697851218471,2,0.9997178306722974,3,0.9997121282467823,6,0.9996896795167142,8
920,2,3.273,0.033,0.03,NEXT_STEP,0,0.057095296261211,0.0648475515058534,0.9923372964444118,-0.4759596865537704,Fault_Interface,14,0.0,0.0,0.3,0.9923372964444118,-0.4759596865537704,,,,,,,,,,,,,,-6.2472407931829785,46.40654518098509,52.65378597416806,GENROU_4,6,GENROU_1,1,0.9996932453662016,0.9997193053834406,0.0003067546337982,GENROU_2,2,GENROU_3,3,1.5211906101233652,2.0196623000194687,GENROU_5,8,GENROU_2,2,0.999701459444071,1,0.9996932453662016,2,0.9997193053834406,3,0.9997187629250752,6,0.9996954734344436,8
922,2,3.276,0.033,0.03,NEXT_STEP,1,0.0570983462836905,0.0648508962502072,0.9923385815352388,-0.4762900665949122,Fault_Interface,14,0.0,0.0,0.3,0.9923385815352388,-0.4762900665949122,,,,,,,,,,,,,,-6.265447488184548,46.38721102062146,52.65265850880601,GENROU_4,6,GENROU_1,1,0.9996928926077427,0.9997194045953554,0.0003071073922571,GENROU_2,2,GENROU_3,3,1.5211801657888206,2.0196542709649434,GENROU_5,8,GENROU_2,2,0.9997018075284744,1,0.9996928926077427,2,0.9997194045953554,3,0.999719301822004,6,0.9996960031523198,8
924,2,3.309,0.033,0.03,NEXT_STEP,0,0.0571003642483721,0.0648538828009159,0.9923696374618564,-0.479898756100271,Fault_Interface,14,0.0,0.0,0.3,0.9923696374618564,-0.479898756100271,,,,,,,,,,,,,,-6.463653017785683,46.17599167396726,52.63964469175294,GENROU_4,6,GENROU_1,1,0.9996898010139126,0.9997245112757448,0.0003101989860874,GENROU_2,2,GENROU_4,6,1.5210663854008906,2.019531213142285,GENROU_5,8,GENROU_2,2,0.9997055381247733,1,0.9996898010139126,2,0.9997201742579056,3,0.9997245112757448,6,0.9997017898517304,8
926,2,3.312,0.033,0.03,NEXT_STEP,1,0.0571036660110247,0.0648575210902101,0.9923708699242628,-0.4802260188762977,Fault_Interface,14,0.0,0.0,0.3,0.9923708699242628,-0.4802260188762977,,,,,,,,,,,,,,-6.481491444940284,46.156921202004895,52.63841264694518,GENROU_4,6,GENROU_1,1,0.9996895922509804,0.9997249197488072,0.0003104077490194,GENROU_2,2,GENROU_4,6,1.5210554324999452,2.0195171784717645,GENROU_5,8,GENROU_2,2,0.9997058674007318,1,0.9996895922509804,2,0.9997202162252412,3,0.9997249197488072,6,0.9997023110200164,8
928,2,3.345,0.033,0.03,NEXT_STEP,0,0.0571056982445615,0.0648605748568255,0.9924022500856744,-0.4838017642407652,Fault_Interface,14,0.0,0.0,0.3,0.9924022500856744,-0.4838017642407652,,,,,,,,,,,,,,-6.676196663005378,45.94850409555872,52.624700758564096,GENROU_4,6,GENROU_1,1,0.99968811066928,0.9997287165857142,0.00031188933072,GENROU_2,2,GENROU_4,6,1.520938123391553,2.01934860659723,GENROU_5,8,GENROU_2,2,0.9997093369220734,1,0.99968811066928,2,0.9997204386791604,3,0.9997287165857142,6,0.9997079243486006,8
930,2,3.348,0.033,0.03,NEXT_STEP,1,0.0571089302114482,0.0648641062268296,0.9924035103007196,-0.4841261965197134,Fault_Interface,14,0.0,0.0,0.3,0.9924035103007196,-0.4841261965197134,,,,,,,,,,,,,,-6.693766666502836,45.92967886718673,52.62344553368957,GENROU_4,6,GENROU_1,1,0.999688049979073,0.9997289991189046,0.0003119500209269,GENROU_2,2,GENROU_4,6,1.5209270185383132,2.0193322440384214,GENROU_5,8,GENROU_2,2,0.9997096378525824,1,0.999688049979073,2,0.9997204384110135,3,0.9997289991189046,6,0.9997084226094264,8
932,2,3.381,0.033,0.03,NEXT_STEP,0,0.0571110666493923,0.0648672730373275,0.992434153316728,-0.4876728510561133,Fault_Interface,14,0.0,0.0,0.3,0.992434153316728,-0.4876728510561133,,,,,,,,,,,,,,-6.886040171820915,45.72382741721759,52.60986758903851,GENROU_4,6,GENROU_1,1,0.999688176081982,0.99973146444241,0.000311823918018,GENROU_2,2,GENROU_4,6,1.5208091337679246,2.0191539295115195,GENROU_5,8,GENROU_2,2,0.9997127629334092,1,0.999688176081982,2,0.9997202813941934,3,0.99973146444241,6,0.9997137134927344,8
934,2,3.384,0.033,0.03,NEXT_STEP,1,0.0571142303091206,0.0648707451594623,0.9924353412488932,-0.4879947833206256,Fault_Interface,14,0.0,0.0,0.3,0.9924353412488932,-0.4879947833206256,,,,,,,,,,,,,,-6.903435865543991,45.70522309410699,52.60865895965098,GENROU_4,6,GENROU_1,1,0.9996882590348788,0.9997316312045336,0.0003117409651212,GENROU_2,2,GENROU_4,6,1.5207981055900572,2.019138057160412,GENROU_5,8,GENROU_2,2,0.9997130298911108,1,0.9996882590348788,2,0.9997202542785044,3,0.9997316312045336,6,0.9997141762417506,8
936,2,3.417,0.033,0.03,NEXT_STEP,0,0.0571161953147581,0.0648736958043901,0.9924646201151388,-0.4915156983251612,Fault_Interface,14,0.0,0.0,0.3,0.9924646201151388,-0.4915156983251612,,,,,,,,,,,,,,-7.094261019425039,45.5016523643246,52.59591338374964,GENROU_4,6,GENROU_1,1,0.9996899033655188,0.9997329023429712,0.0003100966344811,GENROU_2,2,GENROU_4,6,1.5206819360642618,2.018976589485411,GENROU_5,8,GENROU_2,2,0.9997157694239804,1,0.9996899033655188,2,0.9997198844509056,3,0.9997329023429712,6,0.9997190188117836,8
938,2,3.42,0.033,0.03,NEXT_STEP,1,0.0571193260738703,0.0648771180084453,0.9924656679703376,-0.4918354295302616,Fault_Interface,14,0.0,0.0,0.3,0.9924656679703376,-0.4918354295302616,,,,,,,,,,,,,,-7.111566812626826,45.48324170120011,52.59480851382693,GENROU_4,6,GENROU_1,1,0.999690118226345,0.9997329680321267,0.0003098817736549,GENROU_2,2,GENROU_4,6,1.5206711562368005,2.0189632325983347,GENROU_5,8,GENROU_2,2,0.9997160005343014,1,0.999690118226345,2,0.9997198453615918,3,0.9997329680321267,6,0.9997194358005966,8
940,2,3.453,0.033,0.03,NEXT_STEP,0,0.0571212865421273,0.0648800616821217,0.992492932330254,-0.4953335639045677,Fault_Interface,14,0.0,0.0,0.3,0.992492932330254,-0.4953335639045677,,,,,,,,,,,,,,-7.301803275137511,45.281649995800656,52.583453270938165,GENROU_4,6,GENROU_1,1,0.999693118809679,0.9997332247862724,0.0003068811903209,GENROU_2,2,GENROU_4,6,1.520558322900396,2.0188370810452216,GENROU_5,8,GENROU_2,2,0.999718352155457,1,0.999693118809679,2,0.99971941944038,3,0.9997332247862724,6,0.9997237319551088,8
942,2,3.456,0.033,0.03,NEXT_STEP,1,0.0571240731390726,0.0648830934312752,0.9924939648059724,-0.4956512568936553,Fault_Interface,14,0.0,0.0,0.3,0.9924939648059724,-0.4956512568936553,,,,,,,,,,,,,,-7.319090863637792,45.26340557905533,52.58249644269312,GENROU_4,6,GENROU_1,1,0.9996934479890932,0.9997332073215874,0.0003065520109067,GENROU_2,2,GENROU_4,6,1.5205479550279544,2.0188275831626328,GENROU_5,8,GENROU_2,2,0.9997185488287904,1,0.9996934479890932,2,0.9997193819652106,3,0.9997332073215874,6,0.9997240956242066,8
944,2,3.489,0.033,0.03,NEXT_STEP,0,0.0571258434462277,0.0648857467403484,0.9925190255073372,-0.49912889912492,Fault_Interface,14,0.0,0.0,0.3,0.9925190255073372,-0.49912889912492,,,,,,,,,,,,,,-7.509446882748263,45.06350230199582,52.57294918474408,GENROU_4,6,GENROU_1,1,0.999697587503776,0.999732658354668,0.000302412496224,GENROU_2,2,GENROU_4,6,1.520439402227633,2.018747953568607,GENROU_5,8,GENROU_2,2,0.9997205429630815,1,0.999697587503776,2,0.9997190393677404,3,0.999732658354668,6,0.9997277781779526,8
946,2,3.492,0.033,0.03,NEXT_STEP,1,0.0571284377727098,0.0648885758428556,0.9925199344098138,-0.4994447761678802,Fault_Interface,14,0.0,0.0,0.3,0.9925199344098138,-0.4994447761678802,,,,,,,,,,,,,,-7.526773227997405,45.04539886645864,52.57217209445604,GENROU_4,6,GENROU_1,1,0.9996980091921882,0.999732577623906,0.0003019908078117,GENROU_2,2,GENROU_4,6,1.5204294716647675,2.018743005005953,GENROU_5,8,GENROU_2,2,0.9997207092512752,1,0.9996980091921882,2,0.9997190152303934,3,0.999732577623906,6,0.99972808386547,8
948,2,3.525,0.033,0.03,NEXT_STEP,0,0.0571300882251432,0.0648910466354943,0.9925425824477012,-0.5029037023552184,Fault_Interface,14,0.0,0.0,0.3,0.9925425824477012,-0.5029037023552184,,,,,,,,,,,,,,-7.717788862029178,44.846926881235696,52.56471574326488,GENROU_4,6,GENROU_1,1,0.9997030328897908,0.9997314459101344,0.0002969671102093,GENROU_2,2,GENROU_4,6,1.520325617974129,2.018714751629053,GENROU_5,8,GENROU_2,2,0.99972240083008,1,0.9997030328897908,2,0.9997188722882852,3,0.9997314459101344,6,0.9997311175006208,8
950,2,3.528,0.033,0.03,NEXT_STEP,1,0.057132476068195,0.0648936509272556,0.9925433696639436,-0.5032178938221865,Fault_Interface,14,0.0,0.0,0.3,0.9925433696639436,-0.5032178938221865,,,,,,,,,,,,,,-7.735195159190638,44.82894304645288,52.56413820564352,GENROU_4,6,GENROU_1,1,0.9997035227063288,0.9997313634576656,0.0002964772936711,GENROU_2,2,GENROU_5,8,1.5203161535325531,2.0187145690560198,GENROU_5,8,GENROU_2,2,0.9997225425408208,1,0.9997035227063288,2,0.999718870907961,3,0.9997313225886564,6,0.9997313634576656,8
952,2,3.561,0.033,0.03,NEXT_STEP,0,0.0571338886440907,0.0648958038094635,0.9925636532189874,-0.5066592541645305,Fault_Interface,14,0.0,0.0,0.3,0.9925636532189874,-0.5066592541645305,,,,,,,,,,,,,,-7.9272360889684625,44.63169432656115,52.558930415529616,GENROU_4,6,GENROU_1,1,0.9997091565561542,0.9997337446626354,0.0002908434438457,GENROU_2,2,GENROU_5,8,1.5202170747629986,2.0187382631861768,GENROU_5,8,GENROU_2,2,0.9997240026123924,1,0.9997091565561542,2,0.9997190172916226,3,0.9997298326840331,6,0.9997337446626354,8
954,2,3.564,0.033,0.03,NEXT_STEP,1,0.0571360262907523,0.064898117149343,0.9925643529247172,-0.5069718312650839,Fault_Interface,14,0.0,0.0,0.3,0.9925643529247172,-0.5069718312650839,,,,,,,,,,,,,,-7.944747657322172,44.61381371938055,52.55856137670272,GENROU_4,6,GENROU_1,1,0.999709689174081,0.9997339319568128,0.000290310825919,GENROU_2,2,GENROU_5,8,1.5202080672064011,2.0187427339998565,GENROU_5,8,GENROU_2,2,0.9997241267956134,1,0.999709689174081,2,0.9997190455538524,3,0.9997296868112228,6,0.9997339319568128,8
956,2,3.597,0.033,0.03,NEXT_STEP,0,0.0571373097508615,0.0649000729770058,0.9925823093602104,-0.5103962885522685,Fault_Interface,14,0.0,0.0,0.3,0.9925823093602104,-0.5103962885522685,,,,,,,,,,,,,,-8.13800854170511,44.41763849881172,52.55564704051683,GENROU_4,6,GENROU_1,1,0.999715656886443,0.9997356867413524,0.0002843431135569,GENROU_2,2,GENROU_5,8,1.5201134509845824,2.018815592504297,GENROU_5,8,GENROU_2,2,0.9997254334142126,1,0.999715656886443,2,0.9997195425439525,3,0.9997280533008334,6,0.9997356867413524,8
958,2,3.6,0.033,0.03,NEXT_STEP,1,0.0571391279074112,0.0649020339578146,0.9925829657345032,-0.5107072681701206,Fault_Interface,14,0.0,0.0,0.3,0.9925829657345032,-0.5107072681701206,,,,,,,,,,,,,,-8.155635536355252,44.39985027282791,52.55548580918315,GENROU_4,6,GENROU_1,1,0.9997162075014064,0.9997358190037066,0.0002837924985935,GENROU_2,2,GENROU_5,8,1.520104869434865,2.018824332961129,GENROU_5,8,GENROU_2,2,0.9997255472652992,1,0.9997162075014064,2,0.9997196047176552,3,0.9997279036544092,6,0.9997358190037066,8
960,2,3.633,0.033,0.03,NEXT_STEP,0,0.0571403408632986,0.0649038373114016,0.9925987433628818,-0.5141150106686916,Fault_Interface,14,0.0,0.0,0.3,0.9925987433628818,-0.5141150106686916,,,,,,,,,,,,,,-8.350151623892472,44.20465918277135,52.55481080666382,GENROU_4,6,GENROU_1,1,0.9997204843596608,0.9997370002268472,0.0002795156403392,GENROU_3,3,GENROU_5,8,1.5200145628080035,2.0189412148643653,GENROU_5,8,GENROU_2,2,0.9997267770651403,1,0.9997222460539006,2,0.9997204843596608,3,0.9997263215104196,6,0.9997370002268472,8
962,2,3.636,0.033,0.03,NEXT_STEP,1,0.0571420101434855,0.0649056610909172,0.9925992739577884,-0.5144244284421627,Fault_Interface,14,0.0,0.0,0.3,0.9925992739577884,-0.5144244284421627,,,,,,,,,,,,,,-8.367890423702399,44.18695790959184,52.55484833329424,GENROU_4,6,GENROU_1,1,0.999720582176574,0.999737083275542,0.0002794178234259,GENROU_3,3,GENROU_5,8,1.5200062436151769,2.018953681812015,GENROU_5,8,GENROU_2,2,0.9997268873428996,1,0.9997227916711654,2,0.999720582176574,3,0.9997261846682864,6,0.999737083275542,8
964,2,3.669,0.033,0.03,NEXT_STEP,0,0.0571429939131534,0.0649071606181697,0.9926131557528124,-0.5178151473681788,Fault_Interface,14,0.0,0.0,0.3,0.9926131557528124,-0.5178151473681788,,,,,,,,,,,,,,-8.563556050445799,43.9927187498409,52.55627480028669,GENROU_4,6,GENROU_1,1,0.9997218515292812,0.9997377644776112,0.0002781484707187,GENROU_3,3,GENROU_5,8,1.5199191383895938,2.019108583026209,GENROU_5,8,GENROU_2,2,0.999728110369125,1,0.9997286625237816,2,0.9997218515292812,3,0.9997248208392534,6,0.9997377644776112,8
966,2,3.672,0.033,0.03,NEXT_STEP,1,0.0571444106932741,0.0649086900916937,0.9926136542639384,-0.5181229410081706,Fault_Interface,14,0.0,0.0,0.3,0.9926136542639384,-0.5181229410081706,,,,,,,,,,,,,,-8.58139123014193,43.97510394745889,52.55649517760082,GENROU_4,6,GENROU_1,1,0.9997219843897166,0.999737805936214,0.0002780156102833,GENROU_3,3,GENROU_5,8,1.5199111279556483,2.0191242369124094,GENROU_5,8,GENROU_2,2,0.9997282228906896,1,0.9997291829196896,2,0.9997219843897166,3,0.9997247106516068,6,0.999737805936214,8
968,2,3.705,0.033,0.03,NEXT_STEP,0,0.0571453802319659,0.0649101224494182,0.99262579644301,-0.5214961293053894,Fault_Interface,14,0.0,0.0,0.3,0.99262579644301,-0.5214961293053894,,,,,,,,,,,,,,-8.777983200877888,43.78183384409112,52.55981704496901,GENROU_4,6,GENROU_1,1,0.999723625484181,0.99973807810493,0.0002763745158189,GENROU_3,3,GENROU_5,8,1.5198267342456075,2.0193108031690405,GENROU_5,8,GENROU_2,2,0.9997294956802628,1,0.999734683109076,2,0.999723625484181,3,0.9997237001179646,6,0.99973807810493,8
970,2,3.708,0.033,0.03,NEXT_STEP,1,0.0571466370341863,0.064911497680798,0.9926262245276568,-0.5218022580317349,Fault_Interface,14,0.0,0.0,0.3,0.9926262245276568,-0.5218022580317349,,,,,,,,,,,,,,-8.795889794229355,43.7643090263494,52.56019882057875,GENROU_4,6,GENROU_1,1,0.9997236272477308,0.999738086850763,0.0002763727522692,GENROU_4,6,GENROU_5,8,1.5198189607984642,2.0193290204355905,GENROU_5,8,GENROU_2,2,0.9997296148832644,1,0.9997351616432434,2,0.9997237907434696,3,0.9997236272477308,6,0.999738086850763,8
972,2,3.741,0.033,0.03,NEXT_STEP,0,0.0571473754935759,0.0649126232091279,0.9926370230535972,-0.5251570838424883,Fault_Interface,14,0.0,0.0,0.3,0.9926370230535972,-0.5251570838424883,,,,,,,,,,,,,,-8.993093862385747,43.57206280573684,52.56515666812259,GENROU_4,6,GENROU_1,1,0.9997230691356328,0.999740130201566,0.0002769308643671,GENROU_4,6,GENROU_2,2,1.519736639405837,2.019540343357326,GENROU_5,8,GENROU_2,2,0.9997309777326376,1,0.999740130201566,2,0.999725765242088,3,0.9997230691356328,6,0.9997380519724294,8
974,2,3.744,0.033,0.03,NEXT_STEP,1,0.0571484955178073,0.0649138355771002,0.9926374072025574,-0.5254614757922577,Fault_Interface,14,0.0,0.0,0.3,0.9926374072025574,-0.5254614757922577,,,,,,,,,,,,,,-9.01103989589406,43.55463433477149,52.56567423066555,GENROU_4,6,GENROU_1,1,0.9997230409412712,0.9997405542701324,0.0002769590587289,GENROU_4,6,GENROU_2,2,1.5197290537179335,2.0195605012977245,GENROU_5,8,GENROU_2,2,0.9997311064968272,1,0.9997405542701324,2,0.9997259586064118,3,0.9997230409412712,6,0.999738037631915,8
976,2,3.777,0.033,0.03,NEXT_STEP,0,0.0571491679962311,0.0649148602833448,0.9926470574005368,-0.5287970710818504,Fault_Interface,14,0.0,0.0,0.3,0.9926470574005368,-0.5287970710818504,,,,,,,,,,,,,,-9.208478957909149,43.363491350908426,52.571970308817576,GENROU_4,6,GENROU_1,1,0.9997229977550376,0.999744875670624,0.0002770022449622,GENROU_4,6,GENROU_2,2,1.5196481782909104,2.0197899177593945,GENROU_5,8,GENROU_2,2,0.9997325821423813,1,0.999744875670624,2,0.999728212253208,3,0.9997229977550376,6,0.9997378029451144,8
978,2,3.78,0.033,0.03,NEXT_STEP,1,0.0571501863372186,0.0649159623713109,0.9926473997600812,-0.5290996488258478,Fault_Interface,14,0.0,0.0,0.3,0.9926473997600812,-0.5290996488258478,,,,,,,,,,,,,,-9.226428039223077,43.34616719621388,52.57259523543695,GENROU_4,6,GENROU_1,1,0.9997230182537916,0.999745236874141,0.0002769817462082,GENROU_4,6,GENROU_2,2,1.5196407308389666,2.019811429224732,GENROU_5,8,GENROU_2,2,0.999732721725071,1,0.999745236874141,2,0.9997284281850384,3,0.9997230182537916,6,0.9997377753517508,8
980,2,3.813,0.033,0.03,NEXT_STEP,0,0.057150797774892,0.0649168939978274,0.9926561809480818,-0.5324150751664225,Fault_Interface,14,0.0,0.0,0.3,0.9926561809480818,-0.5324150751664225,,,,,,,,,,,,,,-9.423690331467231,43.1562177178889,52.579908049356135,GENROU_4,6,GENROU_1,1,0.9997235167898508,0.9997488416120712,0.000276483210149,GENROU_4,6,GENROU_2,2,1.519560804341446,2.020052845998333,GENROU_5,8,GENROU_2,2,0.9997343155854274,1,0.9997488416120712,2,0.999730895574619,3,0.9997235167898508,6,0.9997374476444432,8
982,2,3.816,0.033,0.03,NEXT_STEP,1,0.0571517128725466,0.0649178839744797,0.992656508014676,-0.5327157530479334,Fault_Interface,14,0.0,0.0,0.3,0.992656508014676,-0.5327157530479334,,,,,,,,,,,,,,-9.44160417319354,43.139006232452886,52.580610405646425,GENROU_4,6,GENROU_1,1,0.9997235868605716,0.9997491356965902,0.0002764131394284,GENROU_4,6,GENROU_2,2,1.5195534592187738,2.0200751903671192,GENROU_5,8,GENROU_2,2,0.9997344657282756,1,0.9997491356965902,2,0.9997311277362794,3,0.9997235868605716,6,0.9997374163463358,8
984,2,3.849,0.033,0.03,NEXT_STEP,0,0.0571523781058973,0.0649188529311108,0.9926646342675076,-0.5360101434231616,Fault_Interface,14,0.0,0.0,0.3,0.9926646342675076,-0.5360101434231616,,,,,,,,,,,,,,-9.638269974872705,42.95033863007953,52.58860860495223,GENROU_4,6,GENROU_1,1,0.9997246210160488,0.9997519983843178,0.0002753789839511,GENROU_4,6,GENROU_2,2,1.5194740554938522,2.02032313085232,GENROU_5,8,GENROU_2,2,0.9997361676617392,1,0.9997519983843178,2,0.9997337367077088,3,0.9997246210160488,6,0.999737096748008,8
986,2,3.852,0.033,0.03,NEXT_STEP,1,0.0571532346664026,0.0649197981488714,0.9926649401161408,-0.5363088544071869,Fault_Interface,14,0.0,0.0,0.3,0.9926649401161408,-0.5363088544071869,,,,,,,,,,,,,,-9.656110720098567,42.93324745061297,52.589358170711535,GENROU_4,6,GENROU_1,1,0.9997247386992024,0.9997522249551176,0.0002752613007976,GENROU_4,6,GENROU_2,2,1.519466775095975,2.0203458317103857,GENROU_5,8,GENROU_2,2,0.9997363267991696,1,0.9997522249551176,2,0.999733978384162,3,0.9997247386992024,6,0.99973707055322,8
988,2,3.885,0.033,0.03,NEXT_STEP,0,0.0571537298313976,0.064920553029348,0.9926728039473436,-0.5395813662924743,Fault_Interface,14,0.0,0.0,0.3,0.9926728039473436,-0.5395813662924743,,,,,,,,,,,,,,-9.851776357058345,42.74593718114568,52.59771353820402,GENROU_4,6,GENROU_1,1,0.9997262736678576,0.9997543602927712,0.0002737263321422,GENROU_4,6,GENROU_2,2,1.5193875491534865,2.020595175007045,GENROU_5,8,GENROU_2,2,0.9997381139767944,1,0.9997543602927712,2,0.9997366552186866,3,0.9997262736678576,6,0.99973685001847,8
990,2,3.888,0.033,0.03,NEXT_STEP,1,0.0571545528622178,0.0649214475192502,0.992673111889361,-0.539878052467004,Fault_Interface,14,0.0,0.0,0.3,0.992673111889361,-0.539878052467004,,,,,,,,,,,,,,-9.869508608200205,42.72897233136605,52.59848093956626,GENROU_4,6,GENROU_1,1,0.999726434630233,0.9997545223735218,0.0002735653697669,GENROU_4,6,GENROU_2,2,1.5193802998329609,2.0206177726908905,GENROU_5,8,GENROU_2,2,0.9997382795485258,1,0.9997545223735218,2,0.9997368997328328,3,0.999726434630233,6,0.9997368366311438,8
992,2,3.921,0.033,0.03,NEXT_STEP,0,0.0571550431798757,0.0649221950974855,0.9926808745493656,-0.5431281069319248,Fault_Interface,14,0.0,0.0,0.3,0.9926808745493656,-0.5431281069319248,,,,,,,,,,,,,,-10.063806818458351,42.543073433210985,52.60688025166934,GENROU_4,6,GENROU_1,1,0.9997284119010856,0.9997559794176774,0.0002715880989143,GENROU_4,6,GENROU_2,2,1.5193009016954593,2.0208634454830654,GENROU_5,8,GENROU_2,2,0.9997401199567774,1,0.9997559794176774,2,0.9997395728822596,3,0.9997284119010856,6,0.999736792205082,8
994,2,3.924,0.033,0.03,NEXT_STEP,1,0.0571558673864179,0.0649230912741778,0.992681182761338,-0.5434227293549465,Fault_Interface,14,0.0,0.0,0.3,0.992681182761338,-0.5434227293549465,,,,,,,,,,,,,,-10.08139931274354,42.52623867469909,52.60763798744263,GENROU_4,6,GENROU_1,1,0.9997286098802356,0.9997560828533169,0.0002713901197642,GENROU_4,6,GENROU_2,2,1.5192936535267827,2.020885482458858,GENROU_5,8,GENROU_2,2,0.999740288731127,1,0.9997560828533169,2,0.9997398139277436,3,0.9997286098802356,6,0.999736797912215,8
996,2,3.957,0.033,0.03,NEXT_STEP,0,0.0571563582413719,0.0649238393549596,0.9926890676129962,-0.5466499260222092,Fault_Interface,14,0.0,0.0,0.3,0.9926890676129962,-0.5466499260222092,,,,,,,,,,,,,,-10.274015555223915,42.341778094491865,52.61579364971578,GENROU_4,6,GENROU_1,1,0.9997309527972348,0.9997569381209888,0.0002690472027652,GENROU_4,6,GENROU_2,2,1.5192138709462597,2.02112275726556,GENROU_5,8,GENROU_2,2,0.9997421449843784,1,0.9997569381209888,2,0.999742417582441,3,0.9997309527972348,6,0.9997369899379652,8
998,2,3.96,0.033,0.03,NEXT_STEP,1,0.0571571820818315,0.0649247353828352,0.9926893966321616,-0.5469424578703135,Fault_Interface,14,0.0,0.0,0.3,0.9926893966321616,-0.5469424578703135,,,,,,,,,,,,,,-10.291442447303238,42.32507454693207,52.616516994235305,GENROU_4,6,GENROU_1,1,0.99973118016328,0.9997569909246375,0.0002688198367198,GENROU_4,6,GENROU_2,2,1.5192066065348084,2.021143831858115,GENROU_5,8,GENROU_2,2,0.99974231342427,1,0.9997569909246375,2,0.9997426495213944,3,0.99973118016328,6,0.999737019414467,8
1000,2,3.993,0.033,0.03,NEXT_STEP,0,0.0571576728852852,0.0649254833895884,0.9926976096920774,-0.5501466272675041,Fault_Interface,14,0.0,0.0,0.3,0.9926976096920774,-0.5501466272675041,,,,,,,,,,,,,,-10.482126623891858,42.14204948705861,52.62417611095047,GENROU_4,6,GENROU_1,1,0.9997338000524576,0.9997573409853648,0.0002661999475422,GENROU_4,6,GENROU_2,2,1.519126261890975,2.021368435569288,GENROU_5,8,GENROU_2,2,0.9997441466661484,1,0.9997573409853648,2,0.999745126499198,3,0.9997338000524576,6,0.9997374898956224,8
1002,2,3.996,0.033,0.03,NEXT_STEP,1,0.057158612056362,0.064926510328253,0.9926979137600156,-0.5504370929731147,Fault_Interface,14,0.0,0.0,0.3,0.9926979137600156,-0.5504370929731147,,,,,,,,,,,,,,-10.49936833576986,42.12547552406496,52.62484385983482,GENROU_4,6,GENROU_1,1,0.9997340483463693,0.9997573526441764,0.0002659516536307,GENROU_4,6,GENROU_2,2,1.5191189477427465,2.0213881694224693,GENROU_5,8,GENROU_2,2,0.9997443112661464,1,0.9997573526441764,2,0.999745344584956,3,0.9997340483463693,6,0.999737546097664,8
1004,2,4.029,0.033,0.03,NEXT_STEP,0,0.0571591663102949,0.0649273553377692,0.9927065755799542,-0.5536183361310051,Fault_Interface,14,0.0,0.0,0.3,0.9927065755799542,-0.5536183361310051,,,,,,,,,,,,,,-10.687941921370507,41.94385363948879,52.6317955608593,GENROU_4,6,GENROU_1,1,0.9997368501939662,0.9997573064593276,0.0002631498060338,GENROU_4,6,GENROU_2,2,1.519037940512693,2.021596191980847,GENROU_5,8,GENROU_2,2,0.999746084580008,1,0.9997573064593276,2,0.9997476483200874,3,0.9997368501939662,6,0.9997383179804736,8
1006,2,4.032,0.033,0.03,NEXT_STEP,1,0.0571600927995254,0.0649283626527048,0.9927069399058932,-0.5539067229997071,Fault_Interface,14,0.0,0.0,0.3,0.9927069399058932,-0.5539067229997071,,,,,,,,,,,,,,-10.704985589828375,41.9274050258929,52.63239061572128,GENROU_4,6,GENROU_1,1,0.9997371106560996,0.9997572872501505,0.0002628893439003,GENROU_4,6,GENROU_2,2,1.519030586326103,2.021614257230766,GENROU_5,8,GENROU_2,2,0.9997462421608596,1,0.9997572872501505,2,0.9997478488478456,3,0.9997371106560996,6,0.9997384021333666,8
1008,2,4.065,0.033,0.03,NEXT_STEP,0,0.0571606447377591,0.0649292039370774,0.9927162436846616,-0.5570653394053995,Fault_Interface,14,0.0,0.0,0.3,0.9927162436846616,-0.5570653394053995,,,,,,,,,,,,,,-10.89134423689713,41.74712714110424,52.63847137800137,GENROU_4,6,GENROU_1,1,0.9997394798226212,0.9997569590179258,0.0002605201773788,GENROU_5,8,GENROU_2,2,1.5189487982362615,2.021802168842988,GENROU_5,8,GENROU_2,2,0.9997479236404512,1,0.9997569590179258,2,0.9997499448212313,3,0.9997399990708694,6,0.9997394798226212,8
1010,2,4.068,0.033,0.03,NEXT_STEP,1,0.0571615717426203,0.0649302121386377,0.9927166711368138,-0.5573516895528202,Fault_Interface,14,0.0,0.0,0.3,0.9927166711368138,-0.5573516895528202,,,,,,,,,,,,,,-10.90818374124573,41.7307973866377,52.63898112788343,GENROU_4,6,GENROU_1,1,0.9997395915081572,0.999756919376529,0.0002604084918427,GENROU_5,8,GENROU_2,2,1.5189413807414636,2.021818244000632,GENROU_5,8,GENROU_2,2,0.9997480715920628,1,0.999756919376529,2,0.99975012522017,3,0.9997402631405934,6,0.9997395915081572,8
1012,2,4.101,0.033,0.03,NEXT_STEP,0,0.0571622389931652,0.06493118456051,0.9927266567203664,-0.5604882542121857,Fault_Interface,14,0.0,0.0,0.3,0.9927266567203664,-0.5604882542121857,,,,,,,,,,,,,,-11.0922957346412,41.5517822203781,52.6440779550193,GENROU_4,6,GENROU_1,1,0.9997409620586178,0.9997564218144768,0.0002590379413821,GENROU_5,8,GENROU_2,2,1.5188586865917064,2.021982642498213,GENROU_5,8,GENROU_2,2,0.9997496364004984,1,0.9997564218144768,2,0.9997519914039886,3,0.999743147004398,6,0.9997409620586178,8
1014,2,4.104,0.033,0.03,NEXT_STEP,1,0.0571633256620268,0.0649323907553247,0.992727061645218,-0.560772666280099,Fault_Interface,14,0.0,0.0,0.3,0.992727061645218,-0.560772666280099,,,,,,,,,,,,,,-11.108931394761695,41.53556307925786,52.64449447401956,GENROU_4,6,GENROU_1,1,0.999741099353202,0.9997563717560252,0.0002589006467981,GENROU_5,8,GENROU_2,2,1.5188511745383475,2.021996440229346,GENROU_5,8,GENROU_2,2,0.999749772824186,1,0.9997563717560252,2,0.9997521502357524,3,0.9997434066955866,6,0.999741099353202,8
1016,2,4.1370000000000005,0.033,0.03,NEXT_STEP,0,0.0571639478354196,0.0649333395840161,0.9927378573766752,-0.5638878947689984,Fault_Interface,14,0.0,0.0,0.3,0.9927378573766752,-0.5638878947689984,,,,,,,,,,,,,,-11.290832739219844,41.35771326142699,52.64854600064683,GENROU_4,6,GENROU_1,1,0.9997427344697098,0.9997558103512753,0.0002572655302901,GENROU_5,8,GENROU_2,2,1.518767598605634,2.022134781206636,GENROU_5,8,GENROU_2,2,0.9997512044948682,1,0.9997558103512753,2,0.9997537768577188,3,0.9997462032478038,6,0.9997427344697098,8
1018,2,4.14,0.033,0.03,NEXT_STEP,1,0.057165091021108,0.0649345875237052,0.9927383134613011,-0.5641704212889734,Fault_Interface,14,0.0,0.0,0.3,0.9927383134613011,-0.5641704212889734,,,,,,,,,,,,,,-11.30727072418604,41.34159532414397,52.648866048330014,GENROU_4,6,GENROU_1,1,0.9997428941764004,0.9997557590131044,0.0002571058235997,GENROU_5,8,GENROU_2,2,1.5187600048215686,2.0221461245604586,GENROU_5,8,GENROU_2,2,0.9997513283050384,1,0.9997557590131044,2,0.9997539137840932,3,0.99974645153719,6,0.9997428941764004,8
1020,2,4.173,0.033,0.03,NEXT_STEP,0,0.0571657674799933,0.0649356187628401,0.992749893225532,-0.5672652507695892,Fault_Interface,14,0.0,0.0,0.3,0.992749893225532,-0.5672652507695892,,,,,,,,,,,,,,-11.487057181739232,41.1648041885205,52.65186137025973,GENROU_4,6,GENROU_1,1,0.9997447529974652,0.9997553026699288,0.0002552470025347,GENROU_5,8,GENROU_3,3,1.5186754975990937,2.022256691635163,GENROU_5,8,GENROU_2,2,0.9997526193904904,1,0.9997552275476078,2,0.9997553026699288,3,0.9997490900033914,6,0.9997447529974652,8
1022,2,4.176,0.033,0.03,NEXT_STEP,1,0.057167015469138,0.0649369812600348,0.9927503676042756,-0.5675459930143187,Fault_Interface,14,0.0,0.0,0.3,0.9927503676042756,-0.5675459930143187,,,,,,,,,,,,,,-11.503308663543956,41.1487775189468,52.65208618249076,GENROU_4,6,GENROU_1,1,0.9997449309023884,0.9997554183487558,0.0002550690976116,GENROU_5,8,GENROU_3,3,1.518667804352687,2.02226544261388,GENROU_5,8,GENROU_2,2,0.9997527303140252,1,0.9997551828175693,2,0.9997554183487558,3,0.9997493210520184,6,0.9997449309023884,8
1024,2,4.209,0.033,0.03,NEXT_STEP,0,0.057167753741245,0.0649381068146284,0.9927626971303548,-0.5706214765985613,Fault_Interface,14,0.0,0.0,0.3,0.9927626971303548,-0.5706214765985613,,,,,,,,,,,,,,-11.68112566059718,40.97293598197024,52.65406164256742,GENROU_4,6,GENROU_1,1,0.9997469629717628,0.9997565815135638,0.000253037028237,GENROU_5,8,GENROU_3,3,1.518582392654445,2.0223472047563584,GENROU_5,8,GENROU_2,2,0.9997538820036184,1,0.9997547598860432,2,0.9997565815135638,3,0.9997517446106248,6,0.9997469629717628,8
1026,2,4.212,0.033,0.03,NEXT_STEP,1,0.0571691042830808,0.0649395811138624,0.9927631867096912,-0.5709005344268132,Fault_Interface,14,0.0,0.0,0.3,0.9927631867096912,-0.5709005344268132,,,,,,,,,,,,,,-11.697205827620984,40.95699072790276,52.65419655552374,GENROU_4,6,GENROU_1,1,0.9997471541389114,0.9997566774609764,0.0002528458610886,GENROU_5,8,GENROU_3,3,1.5185746025697375,2.0223533203613515,GENROU_5,8,GENROU_2,2,0.9997539805251628,1,0.9997547281531914,2,0.9997566774609764,3,0.9997519539380232,6,0.9997471541389114,8
1028,2,4.245,0.033,0.03,NEXT_STEP,0,0.0571699040857573,0.0649408001836375,0.99277619887451,-0.5739578116047305,Fault_Interface,14,0.0,0.0,0.3,0.99277619887451,-0.5739578116047305,,,,,,,,,,,,,,-11.873236994121838,40.78199368559512,52.65523067971696,GENROU_4,6,GENROU_1,1,0.9997493027573032,0.9997576354683736,0.0002506972426966,GENROU_5,8,GENROU_3,3,1.5184883687277315,2.022406388187441,GENROU_5,8,GENROU_2,2,0.9997550017811482,1,0.999754475064054,2,0.9997576354683736,3,0.9997541212107912,6,0.9997493027573032,8
1030,2,4.248,0.033,0.03,NEXT_STEP,1,0.0571712427024884,0.0649422557853678,0.9927767586955336,-0.5742352630662736,Fault_Interface,14,0.0,0.0,0.3,0.9927767586955336,-0.5742352630662736,,,,,,,,,,,,,,-11.889163959509528,40.76612062815629,52.65528458766582,GENROU_4,6,GENROU_1,1,0.9997495018392928,0.9997577138959894,0.0002504981607071,GENROU_5,8,GENROU_3,3,1.518480500164258,2.022409928204524,GENROU_5,8,GENROU_2,2,0.9997550890386412,1,0.9997544610831828,2,0.9997577138959894,3,0.9997543057834158,6,0.9997495018392928,8
1032,2,4.281,0.033,0.03,NEXT_STEP,0,0.0571721554093154,0.0649436021199152,0.9927903393887236,-0.5772755284059475,Fault_Interface,14,0.0,0.0,0.3,0.9927903393887236,-0.5772755284059475,,,,,,,,,,,,,,-12.063618894187565,40.59187247784138,52.65549137202894,GENROU_4,6,GENROU_1,1,0.9997517074671176,0.999758493969773,0.0002482925328824,GENROU_5,8,GENROU_3,3,1.5183935064622525,2.0224353140309197,GENROU_5,8,GENROU_2,2,0.999755995218736,1,0.9997544209481768,2,0.999758493969773,3,0.9997561913454066,6,0.9997517074671176,8
1034,2,4.284,0.033,0.03,NEXT_STEP,1,0.057173539052869,0.0649451258337895,0.9927909201576977,-0.5775514954340012,Fault_Interface,14,0.0,0.0,0.3,0.9927909201576977,-0.5775514954340012,,,,,,,,,,,,,,-12.07941256890012,40.57606348328515,52.655476052185264,GENROU_4,6,GENROU_1,1,0.9997519090041744,0.9997585575973462,0.0002480909958256,GENROU_5,8,GENROU_3,3,1.5183855528166172,2.02243640175636,GENROU_5,8,GENROU_2,2,0.999756072850516,1,0.9997544278016464,2,0.9997585575973462,3,0.9997563495585268,6,0.9997519090041744,8
1036,2,4.317,0.033,0.03,NEXT_STEP,0,0.057174458264223,0.0649464826705771,0.9928049938140096,-0.5805759161713057,Fault_Interface,14,0.0,0.0,0.3,0.9928049938140096,-0.5805759161713057,,,,,,,,,,,,,,-12.252514665999,40.40248239036528,52.65499705636428,GENROU_4,6,GENROU_1,1,0.9997541124287078,0.9997591914923416,0.0002458875712921,GENROU_5,8,GENROU_3,3,1.5182979338674143,2.0224359653289663,GENROU_5,8,GENROU_2,2,0.999756883883576,1,0.999754625611962,2,0.9997591914923416,3,0.9997579433146716,6,0.9997541124287078,8
1038,2,4.32,0.033,0.03,NEXT_STEP,1,0.0571759556356632,0.0649481349091637,0.9928055513259272,-0.5808505244336509,Fault_Interface,14,0.0,0.0,0.3,0.9928055513259272,-0.5808505244336509,,,,,,,,,,,,,,-12.268195674999715,40.38673073327778,52.6549264082775,GENROU_4,6,GENROU_1,1,0.9997543111336245,0.9997592433584216,0.0002456888663755,GENROU_5,8,GENROU_3,3,1.5182898991953262,2.022434817681937,GENROU_5,8,GENROU_2,2,0.999756953860637,1,0.9997546547694228,2,0.9997592433584216,3,0.999758074926047,6,0.9997543111336245,8
1040,2,4.353,0.033,0.03,NEXT_STEP,0,0.0571769379778597,0.0649495881993928,0.9928199179255616,-0.5838602852141095,Fault_Interface,14,0.0,0.0,0.3,0.9928199179255616,-0.5838602852141095,,,,,,,,,,,,,,-12.440170641818554,40.21375143842827,52.65392208024682,GENROU_4,6,GENROU_1,1,0.9997550984392354,0.9997597652515686,0.0002449015607646,GENROU_2,2,GENROU_3,3,1.5182018494013254,2.0224114928654715,GENROU_5,8,GENROU_2,2,0.9997576923056848,1,0.9997550984392354,2,0.9997597652515686,3,0.99975938089889,6,0.9997564563806952,8
1042,2,4.356,0.033,0.03,NEXT_STEP,1,0.0571784228975343,0.0649512210302085,0.9928205070676392,-0.5841336081498898,Fault_Interface,14,0.0,0.0,0.3,0.9928205070676392,-0.5841336081498898,,,,,,,,,,,,,,-12.455759325687588,40.19805198785039,52.65381131353798,GENROU_4,6,GENROU_1,1,0.9997551498883872,0.9997598085220208,0.0002448501116129,GENROU_2,2,GENROU_3,3,1.5181937699499628,2.0224084265013067,GENROU_5,8,GENROU_2,2,0.9997577567505532,1,0.9997551498883872,2,0.9997598085220208,3,0.99975948688293,6,0.9997566473851808,8
1044,2,4.389,0.033,0.03,NEXT_STEP,0,0.0571794031315818,0.0649526706960925,0.99283504661748,-0.5871297976666171,Fault_Interface,14,0.0,0.0,0.3,0.99283504661748,-0.5871297976666171,,,,,,,,,,,,,,-12.626824788371955,40.025627141514526,52.65245192988648,GENROU_4,6,GENROU_1,1,0.9997558321529348,0.9997605217042764,0.0002441678470651,GENROU_2,2,GENROU_4,6,1.5181054746352487,2.022365959914891,GENROU_5,8,GENROU_2,2,0.9997584459876108,1,0.9997558321529348,2,0.9997602531134776,3,0.9997605217042764,6,0.9997586843432572,8
1046,2,4.392,0.033,0.03,NEXT_STEP,1,0.0571808885774142,0.0649543044088869,0.99283564304156,-0.5874019352320149,Fault_Interface,14,0.0,0.0,0.3,0.99283564304156,-0.5874019352320149,,,,,,,,,,,,,,-12.642340312842236,40.00997641871898,52.652316731561214,GENROU_4,6,GENROU_1,1,0.9997559045998772,0.9997606040836776,0.0002440954001227,GENROU_2,2,GENROU_4,6,1.5180973603647598,2.022361332369951,GENROU_5,8,GENROU_2,2,0.9997585070125268,1,0.9997559045998772,2,0.999760290915319,3,0.9997606040836776,6,0.9997588634143902,8
1048,2,4.425,0.033,0.03,NEXT_STEP,0,0.0571818688098234,0.0649557543410224,0.9928501782093312,-0.5903855774822241,Fault_Interface,14,0.0,0.0,0.3,0.9928501782093312,-0.5903855774822241,,,,,,,,,,,,,,-12.812696933424895,39.83807650330251,52.650773436727405,GENROU_4,6,GENROU_1,1,0.9997568053429564,0.999761394581191,0.0002431946570436,GENROU_2,2,GENROU_4,6,1.518009009733921,2.02230382819449,GENROU_5,8,GENROU_2,2,0.9997591694058976,1,0.9997568053429564,2,0.999760691563734,3,0.999761394581191,6,0.9997607497999272,8
1050,2,4.428,0.033,0.03,NEXT_STEP,1,0.0571833543431283,0.0649573880615231,0.992850766061768,-0.5906566185243167,Fault_Interface,14,0.0,0.0,0.3,0.992850766061768,-0.5906566185243167,,,,,,,,,,,,,,-12.82815656830654,39.82247261018763,52.65062917849417,GENROU_4,6,GENROU_1,1,0.9997568964414878,0.999761456194067,0.0002431035585122,GENROU_2,2,GENROU_4,6,1.5180008815475947,2.0222980320322947,GENROU_5,8,GENROU_2,2,0.999759228954754,1,0.9997568964414878,2,0.9997607268244184,3,0.999761456194067,6,0.999760913492427,8
1052,2,4.461,0.033,0.03,NEXT_STEP,0,0.0571843346800777,0.0649588380362395,0.9928651185999512,-0.5936286387894953,Fault_Interface,14,0.0,0.0,0.3,0.9928651185999512,-0.5936286387894953,,,,,,,,,,,,,,-12.997981084607192,39.6510845525171,52.649065637124295,GENROU_4,6,GENROU_1,1,0.9997579853389112,0.9997626162919636,0.0002420146610887,GENROU_2,2,GENROU_5,8,1.5179127201601168,2.0222300696594275,GENROU_5,8,GENROU_2,2,0.9997598843422626,1,0.9997579853389112,2,0.999761113977242,3,0.9997620368938422,6,0.9997626162919636,8
1054,2,4.464,0.033,0.03,NEXT_STEP,1,0.0571858200949219,0.0649604718077604,0.9928656819392008,-0.5938986625178929,Fault_Interface,14,0.0,0.0,0.3,0.9928656819392008,-0.5938986625178929,,,,,,,,,,,,,,-13.01339965963399,39.63552699306987,52.64892665270386,GENROU_4,6,GENROU_1,1,0.9997580919491912,0.9997627620540316,0.0002419080508088,GENROU_2,2,GENROU_5,8,1.5179046021259788,2.0222235430473874,GENROU_5,8,GENROU_2,2,0.9997599440698598,1,0.9997580919491912,2,0.9997611492962598,3,0.9997620811608864,6,0.9997627620540316,8
1056,2,4.497,0.033,0.03,NEXT_STEP,0,0.0571868004773548,0.064961921813031,0.992879680779972,-0.5968598754311152,Fault_Interface,14,0.0,0.0,0.3,0.992879680779972,-0.5968598754311152,,,,,,,,,,,,,,-13.182839909030518,39.46465174395883,52.64749165298935,GENROU_4,6,GENROU_1,1,0.9997593314567788,0.9997642583892646,0.0002406685432211,GENROU_2,2,GENROU_5,8,1.517816893729055,2.0221500441757425,GENROU_5,8,GENROU_2,2,0.9997606086169378,1,0.9997593314567788,2,0.9997615492374468,3,0.9997624916861958,6,0.9997642583892646,8
1058,2,4.5,0.033,0.03,NEXT_STEP,1,0.0571882860230308,0.0649635556508618,0.992880204635529,-0.5971289507925237,Fault_Interface,14,0.0,0.0,0.3,0.992880204635529,-0.5971289507925237,,,,,,,,,,,,,,-13.19822945352189,39.44914116473928,52.64737061826117,GENROU_4,6,GENROU_1,1,0.9997594499102574,0.999764384614478,0.0002405500897425,GENROU_2,2,GENROU_5,8,1.5178088122029103,2.022143241341212,GENROU_5,8,GENROU_2,2,0.9997606698022118,1,0.9997594499102574,2,0.9997615867877367,3,0.9997625223727123,6,0.999764384614478,8
1060,2,4.533,0.033,0.03,NEXT_STEP,0,0.0571891512088087,0.0649648748484724,0.9928937626411002,-0.6000800216516111,Fault_Interface,14,0.0,0.0,0.3,0.9928937626411002,-0.6000800216516111,,,,,,,,,,,,,,-13.36740138420392,39.27879055126611,52.64619193547004,GENROU_4,6,GENROU_1,1,0.999760798101798,0.9997656620624976,0.0002392018982019,GENROU_2,2,GENROU_5,8,1.5177218142874065,2.02206908960583,GENROU_5,8,GENROU_2,2,0.9997613552843424,1,0.999760798101798,2,0.9997620207641346,3,0.9997628049564746,6,0.9997656620624976,8
1062,2,4.536,0.033,0.03,NEXT_STEP,1,0.0571905923121452,0.064966441471376,0.992894264938184,-0.600348195859485,Fault_Interface,14,0.0,0.0,0.3,0.992894264938184,-0.600348195859485,,,,,,,,,,,,,,-13.382770942493355,39.26332843118025,52.64609937367361,GENROU_4,6,GENROU_1,1,0.9997609244643132,0.9997657680968248,0.0002390755356866,GENROU_2,2,GENROU_5,8,1.5177137981998017,2.0220624401741176,GENROU_5,8,GENROU_2,2,0.9997614187870814,1,0.9997609244643132,2,0.9997620622325564,3,0.999762825960518,6,0.9997657680968248,8
1064,2,4.569,0.033,0.03,NEXT_STEP,0,0.0571914510055911,0.0649677504815185,0.9929071991108612,-0.6032897283001063,Fault_Interface,14,0.0,0.0,0.3,0.9929071991108612,-0.6032897283001063,,,,,,,,,,,,,,-13.551757532159266,39.0935215936192,52.64527912577846,GENROU_4,6,GENROU_1,1,0.9997621322175926,0.999766824418094,0.0002378677824074,GENROU_1,1,GENROU_5,8,1.5176277114551189,2.021992073183571,GENROU_5,8,GENROU_2,2,0.9997621322175926,1,0.9997623377611268,2,0.9997625458944456,3,0.9997630229823772,6,0.999766824418094,8
1066,2,4.572,0.033,0.03,NEXT_STEP,1,0.0571927784787078,0.0649691885971741,0.9929077009109166,-0.6035570308509596,Fault_Interface,14,0.0,0.0,0.3,0.9929077009109166,-0.6035570308509596,,,,,,,,,,,,,,-13.567113153105131,39.07810990738816,52.645223060493294,GENROU_4,6,GENROU_1,1,0.999762198454289,0.999766910503954,0.0002378015457109,GENROU_1,1,GENROU_5,8,1.5176197910557307,2.0219859560783333,GENROU_5,8,GENROU_2,2,0.999762198454289,1,0.9997624680618348,2,0.9997625924388704,3,0.9997630380995404,6,0.999766910503954,8
1068,2,4.605,0.033,0.03,NEXT_STEP,0,0.0571936894465991,0.0649705320680342,0.9929198860278224,-0.6064895095876953,Fault_Interface,14,0.0,0.0,0.3,0.9929198860278224,-0.6064895095876953,,,,,,,,,,,,,,-13.735965179305472,38.90886958265559,52.64483476196106,GENROU_4,6,GENROU_1,1,0.999762942087744,0.9997677528701728,0.0002370579122559,GENROU_1,1,GENROU_5,8,1.517534825797093,2.021923328402341,GENROU_5,8,GENROU_2,2,0.999762942087744,1,0.9997639037266994,2,0.9997631355994316,3,0.9997631898649698,6,0.9997677528701728,8
1070,2,4.608,0.033,0.03,NEXT_STEP,1,0.0571949585471864,0.0649719260422582,0.9929203415232264,-0.6067559913989347,Fault_Interface,14,0.0,0.0,0.3,0.9929203415232264,-0.6067559913989347,,,,,,,,,,,,,,-13.751310063187985,38.89351046436309,52.64482052755108,GENROU_4,6,GENROU_1,1,0.999763011051376,0.9997678200582676,0.0002369889486241,GENROU_1,1,GENROU_5,8,1.5175270139875283,2.021918083024804,GENROU_5,8,GENROU_2,2,0.999763011051376,1,0.9997640341648484,2,0.9997631878442964,3,0.999763202607792,6,0.9997678200582676,8
1072,2,4.641,0.033,0.03,NEXT_STEP,0,0.0571956994516748,0.0649730555680968,0.9929318290215876,-0.6096797288574938,Fault_Interface,14,0.0,0.0,0.3,0.9929318290215876,-0.6096797288574938,,,,,,,,,,,,,,-13.920048410557136,38.72485943046395,52.64490784102109,GENROU_4,6,GENROU_1,1,0.9997633456166144,0.9997684639304256,0.0002366543833857,GENROU_4,6,GENROU_5,8,1.51744337479418,2.021866595667668,GENROU_5,8,GENROU_2,2,0.9997637827889,1,0.999765452043562,2,0.9997637946142678,3,0.9997633456166144,6,0.9997684639304256,8
1074,2,4.644,0.033,0.03,NEXT_STEP,1,0.0571969350753927,0.064974398829331,0.9929322329529612,-0.6099454263553488,Fault_Interface,14,0.0,0.0,0.3,0.9929322329529612,-0.6099454263553488,,,,,,,,,,,,,,-13.935383177782432,38.70955486593336,52.6449380437158,GENROU_4,6,GENROU_1,1,0.9997633590986544,0.9997685139705028,0.0002366409013455,GENROU_4,6,GENROU_5,8,1.5174356861632814,2.021862495902458,GENROU_5,8,GENROU_2,2,0.999763854108304,1,0.999765579169135,2,0.9997638526854052,3,0.9997633590986544,6,0.9997685139705028,8
1076,2,4.677,0.033,0.03,NEXT_STEP,0,0.057197671071421,0.0649755209569601,0.9929428897689084,-0.6128607465869833,Fault_Interface,14,0.0,0.0,0.3,0.9929428897689084,-0.6128607465869833,,,,,,,,,,,,,,-14.10400235453874,38.54151279422635,52.645515148765085,GENROU_4,6,GENROU_1,1,0.9997635246304112,0.9997689816078332,0.0002364753695889,GENROU_4,6,GENROU_5,8,1.5173534932646138,2.021824667763992,GENROU_5,8,GENROU_2,2,0.9997646480933674,1,0.9997669440315108,2,0.9997645218461207,3,0.9997635246304112,6,0.9997689816078332,8
1078,2,4.68,0.033,0.03,NEXT_STEP,1,0.057198792361597,0.0649767349826144,0.992943279068735,-0.6131256618481478,Fault_Interface,14,0.0,0.0,0.3,0.992943279068735,-0.6131256618481478,,,,,,,,,,,,,,-14.119325414669596,38.52626435557476,52.64558977024436,GENROU_4,6,GENROU_1,1,0.9997635414149328,0.999769016788918,0.0002364585850671,GENROU_4,6,GENROU_5,8,1.5173459540400775,2.0218219018507617,GENROU_5,8,GENROU_2,2,0.9997647210840528,1,0.9997670648635032,2,0.9997645854033478,3,0.9997635414149328,6,0.999769016788918,8
1080,2,4.713,0.033,0.03,NEXT_STEP,0,0.0571994654717335,0.0649777605980004,0.9929531431498873,-0.6160327627205244,Fault_Interface,14,0.0,0.0,0.3,0.9929531431498873,-0.6160327627205244,,,,,,,,,,,,,,-14.287798015322588,38.358845211114,52.64664322643658,GENROU_4,6,GENROU_1,1,0.9997637543315684,0.9997693356078242,0.0002362456684317,GENROU_4,6,GENROU_5,8,1.5172653125331186,2.021799387939085,GENROU_5,8,GENROU_2,2,0.9997655285714052,1,0.9997683469555894,2,0.9997653110591544,3,0.9997637543315684,6,0.9997693356078242,8
1082,2,4.716,0.033,0.03,NEXT_STEP,1,0.0572004843477142,0.0649788633252811,0.9929535112454452,-0.6162969148743502,Fault_Interface,14,0.0,0.0,0.3,0.9929535112454452,-0.6162969148743502,,,,,,,,,,,,,,-14.303106019870985,38.343653852362166,52.64675987223315,GENROU_4,6,GENROU_1,1,0.9997637763922468,0.9997693586110667,0.0002362236077533,GENROU_4,6,GENROU_5,8,1.5172579273873794,2.021798064678212,GENROU_5,8,GENROU_2,2,0.9997656023313164,1,0.9997684590796184,2,0.9997653793741288,3,0.9997637763922468,6,0.9997693586110667,8
1084,2,4.749,0.033,0.03,NEXT_STEP,0,0.057201211007555,0.0649799263769461,0.9929625417811287,-0.6191959890096623,Fault_Interface,14,0.0,0.0,0.3,0.9929625417811287,-0.6191959890096623,,,,,,,,,,,,,,-14.471387942390452,38.17686400131416,52.64825194370461,GENROU_4,6,GENROU_1,1,0.99976405491279,0.9997696351679768,0.0002359450872099,GENROU_4,6,GENROU_2,2,1.517178885282943,2.0217916053540343,GENROU_5,8,GENROU_2,2,0.9997664125814052,1,0.9997696351679768,2,0.999766151720581,3,0.99976405491279,6,0.9997695593638644,8
1086,2,4.752,0.033,0.03,NEXT_STEP,1,0.0572021712511452,0.0649809842726496,0.9929628618124676,-0.6194594014374253,Fault_Interface,14,0.0,0.0,0.3,0.9929628618124676,-0.6194594014374253,,,,,,,,,,,,,,-14.486676255420866,38.16172991750123,52.6484061729221,GENROU_4,6,GENROU_1,1,0.9997640835739257,0.9997697367757992,0.0002359164260743,GENROU_4,6,GENROU_2,2,1.517171656043897,2.021791754670753,GENROU_5,8,GENROU_2,2,0.999766486066344,1,0.9997697367757992,2,0.999766223745172,3,0.9997640835739257,6,0.99976957308695,8
1088,2,4.785,0.033,0.03,NEXT_STEP,0,0.0572027279158649,0.0649818331613698,0.9929712319391836,-0.6223505195469445,Fault_Interface,14,0.0,0.0,0.3,0.9929712319391836,-0.6223505195469445,,,,,,,,,,,,,,-14.6547119307109,37.99556696279922,52.65027889351013,GENROU_4,6,GENROU_1,1,0.9997644389602686,0.9997707904550354,0.0002355610397314,GENROU_4,6,GENROU_2,2,1.517094260462316,2.0218013065624683,GENROU_5,8,GENROU_2,2,0.9997672873639494,1,0.9997707904550354,2,0.9997670300950028,3,0.9997644389602686,6,0.999769688114304,8
1090,2,4.788,0.033,0.03,NEXT_STEP,1,0.0572035391754766,0.0649827094216269,0.9929715720807828,-0.6226131808836028,Fault_Interface,14,0.0,0.0,0.3,0.9929715720807828,-0.6226131808836028,,,,,,,,,,,,,,-14.66997511989958,37.98048952107237,52.65046464097195,GENROU_4,6,GENROU_1,1,0.9997644749536612,0.9997708803734194,0.0002355250463388,GENROU_4,6,GENROU_2,2,1.5170871997371624,2.021802885658021,GENROU_5,8,GENROU_2,2,0.9997673594963328,1,0.9997708803734194,2,0.9997671045681232,3,0.9997644749536612,6,0.9997696955301902,8
1092,2,4.821,0.033,0.03,NEXT_STEP,0,0.0572041431235001,0.0649835848622455,0.9929792490116146,-0.6254964984044928,Fault_Interface,14,0.0,0.0,0.3,0.9929792490116146,-0.6254964984044928,,,,,,,,,,,,,,-14.837702774835858,37.81494193100677,52.65264470584262,GENROU_4,6,GENROU_1,1,0.9997649118754854,0.9997718020461864,0.0002350881245145,GENROU_4,6,GENROU_2,2,1.5170113470961948,2.021827364093653,GENROU_5,8,GENROU_2,2,0.999768140104859,1,0.9997718020461864,2,0.9997679301192052,3,0.9997649118754854,6,0.9997697570894046,8
1094,2,4.824,0.033,0.03,NEXT_STEP,1,0.0572048974983718,0.0649844187849329,0.9929795540482252,-0.6257584395913636,Fault_Interface,14,0.0,0.0,0.3,0.9929795540482252,-0.6257584395913636,,,,,,,,,,,,,,-14.852935077929596,37.79991966891695,52.65285474684654,GENROU_4,6,GENROU_1,1,0.9997649553129796,0.999771879696992,0.0002350446870205,GENROU_4,6,GENROU_2,2,1.5170044341424884,2.0218302229129383,GENROU_5,8,GENROU_2,2,0.9997682098306404,1,0.999771879696992,2,0.99976800563788,3,0.9997649553129796,6,0.999769761076486,8
1096,2,4.857,0.033,0.03,NEXT_STEP,0,0.0572054464774061,0.0649852114711756,0.9929866738610836,-0.6286340414394849,Fault_Interface,14,0.0,0.0,0.3,0.9929866738610836,-0.6286340414394849,,,,,,,,,,,,,,-15.020291805470416,37.63496703033633,52.65525883580674,GENROU_4,6,GENROU_1,1,0.9997654721066176,0.9997726660923136,0.0002345278933822,GENROU_4,6,GENROU_2,2,1.5169300989025856,2.021867871496189,GENROU_5,8,GENROU_2,2,0.9997689587113692,1,0.9997726660923136,2,0.999768834747202,3,0.9997654721066176,6,0.9997697996911172,8
1098,2,4.86,0.033,0.03,NEXT_STEP,1,0.0572062114695101,0.0649860617593899,0.9929869218723872,-0.6288952899233852,Fault_Interface,14,0.0,0.0,0.3,0.9929869218723872,-0.6288952899233852,,,,,,,,,,,,,,-15.035487577612344,37.61999770525151,52.65548528286385,GENROU_4,6,GENROU_1,1,0.99976552258036,0.99977273145414,0.0002344774196401,GENROU_4,6,GENROU_2,2,1.5169233243630014,2.021871844122758,GENROU_5,8,GENROU_2,2,0.9997690250823096,1,0.99977273145414,2,0.9997689098653196,3,0.99976552258036,6,0.999769802911896,8
1100,2,4.893,0.033,0.03,NEXT_STEP,0,0.0572066472905634,0.064986726516744,0.9929936072948494,-0.6317632779202224,Fault_Interface,14,0.0,0.0,0.3,0.9929936072948494,-0.6317632779202224,,,,,,,,,,,,,,-15.20241384374437,37.455611576415386,52.65802542015976,GENROU_4,6,GENROU_1,1,0.9997661122922432,0.99977338505137,0.0002338877077568,GENROU_4,6,GENROU_2,2,1.5168504416856885,2.0219206413306314,GENROU_5,8,GENROU_2,2,0.9997697326657636,1,0.99977338505137,2,0.9997697268050304,3,0.9997661122922432,6,0.999769846121502,8
1102,2,4.896,0.033,0.03,NEXT_STEP,1,0.0572073672267402,0.0649875088894141,0.9929938456057544,-0.6320238319983467,Fault_Interface,14,0.0,0.0,0.3,0.9929938456057544,-0.6320238319983467,,,,,,,,,,,,,,-15.217567931145824,37.44069226942769,52.65826020057352,GENROU_4,6,GENROU_1,1,0.9997661689607984,0.9997734385924956,0.0002338310392014,GENROU_4,6,GENROU_2,2,1.5168438055949665,2.0219255224519705,GENROU_5,8,GENROU_2,2,0.9997697948963448,1,0.9997734385924956,2,0.999769800117776,3,0.9997661689607984,6,0.9997698509162946,8
1104,2,4.929,0.033,0.03,NEXT_STEP,0,0.0572077964719646,0.0649881632043403,0.9930001476228268,-0.6348843673970556,Fault_Interface,14,0.0,0.0,0.3,0.9930001476228268,-0.6348843673970556,,,,,,,,,,,,,,-15.384011296131526,37.27683753053776,52.66084882666929,GENROU_4,6,GENROU_1,1,0.9997668203519412,0.9997739667915836,0.0002331796480586,GENROU_4,6,GENROU_2,2,1.516772234174481,2.021982909926592,GENROU_5,8,GENROU_2,2,0.9997704535971912,1,0.9997739667915836,2,0.9997705900097488,3,0.9997668203519412,6,0.9997699222391254,8
1106,2,4.932,0.033,0.03,NEXT_STEP,1,0.0572084027279279,0.0649888170225924,0.993000417049564,-0.6351442229051337,Fault_Interface,14,0.0,0.0,0.3,0.993000417049564,-0.6351442229051337,,,,,,,,,,,,,,-15.399119339167996,37.2619647866258,52.6610841257938,GENROU_4,6,GENROU_1,1,0.9997668820234764,0.9997740093826004,0.0002331179765237,GENROU_4,6,GENROU_2,2,1.5167657315573797,2.021988442560461,GENROU_5,8,GENROU_2,2,0.9997705110968844,1,0.9997740093826004,2,0.9997706602224696,3,0.9997668820234764,6,0.9997699305396164,8
1108,2,4.965,0.033,0.03,NEXT_STEP,0,0.057208768850707,0.0649893749405264,0.9930064846380828,-0.6379974520737641,Fault_Interface,14,0.0,0.0,0.3,0.9930064846380828,-0.6379974520737641,,,,,,,,,,,,,,-15.565037364360482,37.09860131136729,52.66363867572777,GENROU_4,6,GENROU_1,1,0.9997675807080932,0.9997744235504308,0.0002324192919068,GENROU_4,6,GENROU_2,2,1.5166953116800777,2.022051454863801,GENROU_5,8,GENROU_2,2,0.9997711156461202,1,0.9997744235504308,2,0.9997714097831903,3,0.9997675807080932,6,0.9997700486433196,8
1110,2,4.968,0.033,0.03,NEXT_STEP,1,0.0572093877436178,0.064990048228132,0.9930067245188215,-0.6382566560777204,Fault_Interface,14,0.0,0.0,0.3,0.9930067245188215,-0.6382566560777204,,,,,,,,,,,,,,-15.580096020547913,37.08377130290243,52.66386732345034,GENROU_4,6,GENROU_1,1,0.9997676459527888,0.9997744563754646,0.0002323540472113,GENROU_4,6,GENROU_2,2,1.5166889081383277,2.022057357041135,GENROU_5,8,GENROU_2,2,0.9997711680432358,1,0.9997744563754646,2,0.9997714757748766,3,0.9997676459527888,6,0.9997700619218216,8
1112,2,5.001,0.033,0.03,NEXT_STEP,0,0.0572098714676797,0.0649907407931636,0.9930125344979456,-0.6411028317548052,Fault_Interface,14,0.0,0.0,0.3,0.9930125344979456,-0.6411028317548052,,,,,,,,,,,,,,-15.745458390266403,36.920855766650455,52.66631415691686,GENROU_4,6,GENROU_1,1,0.9997683751927672,0.9997747706952216,0.0002316248072328,GENROU_4,6,GENROU_2,2,1.5166195331395664,2.0221230986883807,GENROU_5,8,GENROU_2,2,0.999771715475064,1,0.9997747706952216,2,0.9997721737581952,3,0.9997683751927672,6,0.99977024042714,8
1114,2,5.004,0.033,0.03,NEXT_STEP,1,0.0572090803895666,0.0649894243517022,0.9930136669042944,-0.6413610700729047,Fault_Interface,14,0.0,0.0,0.3,0.9930136669042944,-0.6413610700729047,,,,,,,,,,,,,,-15.760465496453426,36.90606445754647,52.6665299539999,GENROU_4,6,GENROU_1,1,0.9997684425175098,0.999774795175655,0.0002315574824901,GENROU_4,6,GENROU_2,2,1.5166134426073243,2.02212913222652,GENROU_5,8,GENROU_2,2,0.9997717626390104,1,0.999774795175655,2,0.9997722346444547,3,0.9997684425175098,6,0.9997702596865776,8
1116,2,5.037,0.033,0.03,NEXT_STEP,0,0.0572090779622063,0.0649894780674119,0.9930198301232596,-0.6442001536576976,Fault_Interface,14,0.0,0.0,0.3,0.9930198301232596,-0.6442001536576976,,,,,,,,,,,,,,-15.925254404255623,36.74355248110951,52.668806885365136,GENROU_4,6,GENROU_1,1,0.9997691870060548,0.9997750265326651,0.0002308129939452,GENROU_4,6,GENROU_2,2,1.516544277304892,2.022192995112832,GENROU_5,8,GENROU_2,2,0.9997722532354122,1,0.9997750265326651,2,0.9997728732908976,3,0.9997691870060548,6,0.9997705074360302,8
1118,2,5.04,0.033,0.03,NEXT_STEP,1,0.0572050657931427,0.0649835903855946,0.993023049774728,-0.6444570120338747,Fault_Interface,14,0.0,0.0,0.3,0.993023049774728,-0.6444570120338747,,,,,,,,,,,,,,-15.940208878460666,36.72879585529845,52.66900473375912,GENROU_4,6,GENROU_1,1,0.9997692551481108,0.9997750443168965,0.0002307448518893,GENROU_4,6,GENROU_2,2,1.516538647452328,2.022198509747777,GENROU_5,8,GENROU_2,2,0.9997722953506664,1,0.9997750443168965,2,0.9997729285543157,3,0.9997692551481108,6,0.999770533305688,8
1120,2,5.073,0.033,0.03,NEXT_STEP,0,0.0572052830428131,0.0649839528295058,0.9930294756863962,-0.6472892081823587,Fault_Interface,14,0.0,0.0,0.3,0.9930294756863962,-0.6472892081823587,,,,,,,,,,,,,,-16.104417560354175,36.56664446505117,52.67106202540535,GENROU_4,6,GENROU_1,1,0.9997700016791092,0.9997752114205974,0.0002299983208906,GENROU_4,6,GENROU_2,2,1.516467837411316,2.022250300278769,GENROU_5,8,GENROU_2,2,0.999772732359296,1,0.9997752114205974,2,0.9997735040267248,3,0.9997700016791092,6,0.999770855034434,8
1122,2,5.076,0.033,0.03,NEXT_STEP,1,0.0572013598738341,0.0649781845453405,0.9930326673877224,-0.6475454765933909,Fault_Interface,14,0.0,0.0,0.3,0.9930326673877224,-0.6475454765933909,,,,,,,,,,,,,,-16.11931926534863,36.55191873220129,52.67123799754992,GENROU_4,6,GENROU_1,1,0.9997700691543951,0.9997752241469866,0.0002299308456048,GENROU_4,6,GENROU_2,2,1.516462011060855,2.022254142130252,GENROU_5,8,GENROU_2,2,0.9997727697132386,1,0.9997752241469866,2,0.9997735533695696,3,0.9997700691543951,6,0.999770887638824,8
1124,2,5.109,0.033,0.03,NEXT_STEP,0,0.0572016937698185,0.0649786764032356,0.9930392693603836,-0.6503711707201167,Fault_Interface,14,0.0,0.0,0.3,0.9930392693603836,-0.6503711707201167,,,,,,,,,,,,,,-16.282953115492266,36.39008742287778,52.673040538370046,GENROU_4,6,GENROU_1,1,0.9997707998920567,0.999775344084562,0.0002292001079432,GENROU_4,6,GENROU_2,2,1.5163901479896225,2.022287355414224,GENROU_5,8,GENROU_2,2,0.9997731562419672,1,0.999775344084562,2,0.9997740628265964,3,0.9997707998920567,6,0.999771281450197,8
1126,2,5.112,0.033,0.03,NEXT_STEP,1,0.057197826720799,0.0649729939246334,0.9930424399782464,-0.6506268749369174,Fault_Interface,14,0.0,0.0,0.3,0.9930424399782464,-0.6506268749369174,,,,,,,,,,,,,,-16.297803166919525,36.37538901497759,52.67319218189711,GENROU_4,6,GENROU_1,1,0.9997708651873488,0.9997753532871876,0.0002291348126511,GENROU_4,6,GENROU_2,2,1.5163842893575317,2.022289609529781,GENROU_5,8,GENROU_2,2,0.999773189193212,1,0.9997753532871876,2,0.999774106105962,3,0.9997708651873488,6,0.9997713203972932,8
1128,2,5.145,0.033,0.03,NEXT_STEP,0,0.0571980534863603,0.0649733675152366,0.9930492611814083,-0.6534463745871311,Fault_Interface,14,0.0,0.0,0.3,0.9930492611814083,-0.6534463745871311,,,,,,,,,,,,,,-16.46088052131354,36.21384036684415,52.674720888157694,GENROU_4,6,GENROU_1,1,0.999771564798392,0.9997754424488134,0.0002284352016079,GENROU_4,6,GENROU_2,2,1.5163122949436136,2.022308242657177,GENROU_5,8,GENROU_2,2,0.9997735300787942,1,0.9997754424488134,2,0.9997745492925012,3,0.999771564798392,6,0.9997717800042332,8
1130,2,5.148,0.033,0.03,NEXT_STEP,1,0.0571942669578181,0.0649677631245513,0.9930524050277124,-0.6537015548105561,Fault_Interface,14,0.0,0.0,0.3,0.9930524050277124,-0.6537015548105561,,,,,,,,,,,,,,-16.475681119331412,36.199166057579056,52.67484717691047,GENROU_4,6,GENROU_1,1,0.9997716266208094,0.9997754495674016,0.0002283733791905,GENROU_4,6,GENROU_2,2,1.5163064251169716,2.022309399603197,GENROU_5,8,GENROU_2,2,0.9997735591414189,1,0.9997754495674016,2,0.999774586602305,3,0.9997716266208094,6,0.9997718245461712,8
1132,2,5.181,0.033,0.03,NEXT_STEP,0,0.0571945523229699,0.0649682251038895,0.993059294961726,-0.6565152687299909,Fault_Interface,14,0.0,0.0,0.3,0.993059294961726,-0.6565152687299909,,,,,,,,,,,,,,-16.638231336879745,36.03786692847377,52.67609826535352,GENROU_4,6,GENROU_1,1,0.9997722819791404,0.999775522909246,0.0002277180208597,GENROU_4,6,GENROU_2,2,1.5162345375273496,2.0223170816554794,GENROU_5,8,GENROU_2,2,0.9997738604890688,1,0.999775522909246,2,0.999774965657912,3,0.9997722819791404,6,0.9997723400371752,8
1134,2,5.184,0.033,0.03,NEXT_STEP,1,0.0571907657666329,0.0649626203193164,0.9930624465280852,-0.656769938667332,Fault_Interface,14,0.0,0.0,0.3,0.9930624465280852,-0.656769938667332,,,,,,,,,,,,,,-16.652985608892887,36.02321392310478,52.67619953199767,GENROU_4,6,GENROU_1,1,0.999772339255022,0.9997755292226412,0.000227660744978,GENROU_4,6,GENROU_2,2,1.5162286877740454,2.022317335316822,GENROU_5,8,GENROU_2,2,0.9997738862588018,1,0.9997755292226412,2,0.9997749972940356,3,0.999772339255022,6,0.9997723891289636,8
1136,2,5.217,0.033,0.03,NEXT_STEP,0,0.0571910504325624,0.0649630810188164,0.993069404214286,-0.6595782243882514,Fault_Interface,14,0.0,0.0,0.3,0.993069404214286,-0.6595782243882514,,,,,,,,,,,,,,-16.815047159705745,35.8621362098997,52.67718336960544,GENROU_4,6,GENROU_1,1,0.9997729401342904,0.9997755997897536,0.0002270598657097,GENROU_4,6,GENROU_2,2,1.51615710218789,2.022315797730821,GENROU_5,8,GENROU_2,2,0.9997741548949598,1,0.9997755997897536,2,0.999775316504302,3,0.9997729401342904,6,0.9997729478663628,8
1138,2,5.22,0.033,0.03,NEXT_STEP,1,0.0571859579419054,0.0649557201257661,0.9930733695014312,-0.6598321056969338,Fault_Interface,14,0.0,0.0,0.3,0.9930733695014312,-0.6598321056969338,,,,,,,,,,,,,,-16.829758953201218,35.84750219705938,52.67726115026059,GENROU_4,6,GENROU_1,1,0.9997729921652322,0.9997756064150344,0.0002270078347678,GENROU_4,6,GENROU_2,2,1.51615147284864,2.0223152739954866,GENROU_5,8,GENROU_2,2,0.9997741780420674,1,0.9997756064150344,2,0.9997753429757056,3,0.9997729921652322,6,0.9997730002883328,8
1140,2,5.253,0.033,0.03,NEXT_STEP,0,0.0571859162704131,0.0649557424934559,0.9930807072190094,-0.6626351395386866,Fault_Interface,14,0.0,0.0,0.3,0.9930807072190094,-0.6626351395386866,,,,,,,,,,,,,,-16.991376260483054,35.6866234896725,52.67799975015555,GENROU_4,6,GENROU_1,1,0.9997735334890616,0.9997756857219718,0.0002264665109382,GENROU_4,6,GENROU_2,2,1.516079615458255,2.022303863793772,GENROU_5,8,GENROU_2,2,0.9997744217604928,1,0.9997756857219718,2,0.9997756092423868,3,0.9997735334890616,6,0.9997735886307978,8
1142,2,5.256,0.033,0.03,NEXT_STEP,1,0.0571782923232302,0.0649449526191044,0.99308626248071,-0.6628879645460721,Fault_Interface,14,0.0,0.0,0.3,0.99308626248071,-0.6628879645460721,,,,,,,,,,,,,,-17.006049782091278,35.67200670866935,52.67805649076063,GENROU_4,6,GENROU_1,1,0.9997735800415488,0.999775693631922,0.0002264199584512,GENROU_4,6,GENROU_2,2,1.5160742958317437,2.022302285197585,GENROU_5,8,GENROU_2,2,0.9997744430233608,1,0.999775693631922,2,0.9997756312890084,3,0.9997735800415488,6,0.999773643125158,8
1144,2,5.289,0.033,0.03,NEXT_STEP,0,0.0571783964836449,0.0649451954061325,0.9930938373629696,-0.665686049854066,Fault_Interface,14,0.0,0.0,0.3,0.9930938373629696,-0.665686049854066,,,,,,,,,,,,,,-17.16726949580909,35.511310769792445,52.67858026560154,GENROU_4,6,GENROU_1,1,0.999774061049919,0.9997758536070146,0.000225938950081,GENROU_4,6,GENROU_3,3,1.5160009713776592,2.0222759136588264,GENROU_5,8,GENROU_2,2,0.9997746698354616,1,0.9997757913473022,2,0.9997758536070146,3,0.999774061049919,6,0.999774247238496,8
1146,2,5.292,0.033,0.03,NEXT_STEP,1,0.0571708202089212,0.0649344673513558,0.9930993828713972,-0.6659384550697385,Fault_Interface,14,0.0,0.0,0.3,0.9930993828713972,-0.6659384550697385,,,,,,,,,,,,,,-17.18190901436272,35.496710023353366,52.67861903771609,GENROU_4,6,GENROU_1,1,0.999774101957685,0.9997758720335858,0.0002258980423149,GENROU_4,6,GENROU_3,3,1.515995490353129,2.022272678131252,GENROU_5,8,GENROU_2,2,0.9997746898423449,1,0.99977580124612,2,0.9997758720335858,3,0.999774101957685,6,0.9997743024705884,8
1148,2,5.325,0.033,0.03,NEXT_STEP,0,0.0571709240793251,0.0649347065158946,0.9931070865584292,-0.6687319955946145,Fault_Interface,14,0.0,0.0,0.3,0.9931070865584292,-0.6687319955946145,,,,,,,,,,,,,,-17.342778913132914,35.33618599497552,52.678964908108426,GENROU_4,6,GENROU_1,1,0.9997745206510062,0.9997760588205744,0.0002254793489937,GENROU_4,6,GENROU_3,3,1.5159213404867409,2.022229438831819,GENROU_5,8,GENROU_2,2,0.9997749055760732,1,0.9997759232828972,2,0.9997760588205744,3,0.9997745206510062,6,0.9997749071107982,8
1150,2,5.328,0.033,0.03,NEXT_STEP,1,0.0571633666148495,0.0649240076080704,0.99311262368582,-0.668984009462241,Fault_Interface,14,0.0,0.0,0.3,0.99311262368582,-0.668984009462241,,,,,,,,,,,,,,-17.357388833066185,35.321600499870094,52.67898933293628,GENROU_4,6,GENROU_1,1,0.9997745558942632,0.9997760744087976,0.0002254441057367,GENROU_4,6,GENROU_3,3,1.5159158344866126,2.022224876938178,GENROU_5,8,GENROU_2,2,0.9997749248219076,1,0.9997759355974236,2,0.9997760744087976,3,0.9997745558942632,6,0.9997749617066818,8
1152,2,5.361,0.033,0.03,NEXT_STEP,0,0.0571635887453149,0.0649243817385323,0.9931202476859804,-0.671773410874436,Fault_Interface,14,0.0,0.0,0.3,0.9931202476859804,-0.671773410874436,,,,,,,,,,,,,,-17.51795704719421,35.16124175110411,52.67919879829832,GENROU_4,6,GENROU_1,1,0.9997749132756112,0.9997762342344249,0.0002250867243888,GENROU_4,6,GENROU_3,3,1.515841707818666,2.022170578773759,GENROU_5,8,GENROU_2,2,0.9997751345190572,1,0.999776085416915,2,0.9997762342344249,3,0.9997749132756112,6,0.9997755522204724,8
1154,2,5.364,0.033,0.03,NEXT_STEP,1,0.0571559780317265,0.0649136458873334,0.99312579858601,-0.6720250476936735,Fault_Interface,14,0.0,0.0,0.3,0.99312579858601,-0.6720250476936735,,,,,,,,,,,,,,-17.532541701977966,35.14667108050516,52.67921278248312,GENROU_4,6,GENROU_1,1,0.9997749430582236,0.9997762477594764,0.0002250569417765,GENROU_4,6,GENROU_3,3,1.5158362234193508,2.0221653097145333,GENROU_5,8,GENROU_2,2,0.9997751534254198,1,0.999776100352555,2,0.9997762477594764,3,0.9997749430582236,6,0.999775604896129,8
1156,2,5.397,0.033,0.03,NEXT_STEP,0,0.0571561456970633,0.064913937021487,0.9931333443666966,-0.6748106021971074,Fault_Interface,14,0.0,0.0,0.3,0.9931333443666966,-0.6748106021971074,,,,,,,,,,,,,,-17.692854606123642,34.98647458234235,52.679329188466,GENROU_4,6,GENROU_1,1,0.9997752426441596,0.9997763890346856,0.0002247573558402,GENROU_4,6,GENROU_3,3,1.5157624676717132,2.02210528494251,GENROU_5,8,GENROU_2,2,0.9997753613054212,1,0.9997762791766782,2,0.9997763890346856,3,0.9997752426441596,6,0.9997761680427012,8
1158,2,5.4,0.033,0.03,NEXT_STEP,1,0.0571485638205764,0.0649032452477569,0.9931388611429612,-0.6750619114556496,Fault_Interface,14,0.0,0.0,0.3,0.9931388611429612,-0.6750619114556496,,,,,,,,,,,,,,-17.707418081155403,34.97191860750132,52.679336688656726,GENROU_4,6,GENROU_1,1,0.9997752673857244,0.9997764012442558,0.0002247326142756,GENROU_4,6,GENROU_3,3,1.515757015326977,2.022099666058087,GENROU_5,8,GENROU_2,2,0.999775380211831,1,0.999776296748202,2,0.9997764012442558,3,0.9997752673857244,6,0.999776217674208,8
1160,2,5.433,0.033,0.03,NEXT_STEP,0,0.057148736375622,0.0649035432309332,0.9931462056580176,-0.677843939948062,Fault_Interface,14,0.0,0.0,0.3,0.9931462056580176,-0.677843939948062,,,,,,,,,,,,,,-17.86751857041249,34.81188419648717,52.679402766899656,GENROU_4,6,GENROU_1,1,0.9997755145537148,0.999776742113224,0.0002244854462851,GENROU_4,6,GENROU_5,8,1.5156838655013494,2.0220372208617814,GENROU_5,8,GENROU_2,2,0.9997755894060956,1,0.9997765037435624,2,0.9997765318043916,3,0.9997755145537148,6,0.999776742113224,8
1162,2,5.436,0.033,0.03,NEXT_STEP,1,0.0571411715814416,0.0648928774884664,0.9931516893853616,-0.6780949456919786,Fault_Interface,14,0.0,0.0,0.3,0.9931516893853616,-0.6780949456919786,,,,,,,,,,,,,,-17.882064570819406,34.7973430100901,52.67940758090951,GENROU_4,6,GENROU_1,1,0.999775534816442,0.9997767877676192,0.0002244651835578,GENROU_4,6,GENROU_5,8,1.5156784696087402,2.0220315106536417,GENROU_5,8,GENROU_2,2,0.999775608544612,1,0.9997765237891916,2,0.9997765433754614,3,0.999775534816442,6,0.9997767877676192,8
1164,2,5.469,0.033,0.03,NEXT_STEP,0,0.0571413467349514,0.0648931789302242,0.9931587670226008,-0.6808737251920428,Fault_Interface,14,0.0,0.0,0.3,0.9931587670226008,-0.6808737251920428,,,,,,,,,,,,,,-18.04199078453026,34.637472512088806,52.67946329661906,GENROU_4,6,GENROU_1,1,0.9997757363938362,0.9997772644686616,0.0002242636061637,GENROU_4,6,GENROU_5,8,1.5156061370197136,2.0219693501245914,GENROU_5,8,GENROU_2,2,0.9997758210404866,1,0.999776756380013,2,0.9997766701743068,3,0.9997757363938362,6,0.9997772644686616,8
1166,2,5.472,0.033,0.03,NEXT_STEP,1,0.0571337995698469,0.0648825399176338,0.993164212032754,-0.6811244513827126,Fault_Interface,14,0.0,0.0,0.3,0.993164212032754,-0.6811244513827126,,,,,,,,,,,,,,-18.056522532951742,34.622946347304016,52.67946888025576,GENROU_4,6,GENROU_1,1,0.9997757528524144,0.9997773054383786,0.0002242471475857,GENROU_4,6,GENROU_5,8,1.5156008135064332,2.021963779764929,GENROU_5,8,GENROU_2,2,0.9997758405402298,1,0.9997767785955028,2,0.9997766816922616,3,0.9997757528524144,6,0.9997773054383786,8
1168,2,5.505,0.033,0.03,NEXT_STEP,0,0.0571338625492231,0.0648827144218295,0.9931710385686924,-0.6839001956547593,Fault_Interface,14,0.0,0.0,0.3,0.9931710385686924,-0.6839001956547593,,,,,,,,,,,,,,-18.216306880077436,34.46324271325717,52.679549593334606,GENROU_4,6,GENROU_1,1,0.9997759167283884,0.9997777279734452,0.0002240832716114,GENROU_4,6,GENROU_5,8,1.5155294379891096,2.0219041386778214,GENROU_5,8,GENROU_2,2,0.9997760572539692,1,0.9997770328453932,2,0.9997768106019196,3,0.9997759167283884,6,0.9997777279734452,8
1170,2,5.508,0.033,0.03,NEXT_STEP,1,0.057126288428159,0.064872035015693,0.9931764717874532,-0.6841506522549345,Fault_Interface,14,0.0,0.0,0.3,0.9931764717874532,-0.6841506522549345,,,,,,,,,,,,,,-18.230827041520364,34.448731868060335,52.6795589095807,GENROU_4,6,GENROU_1,1,0.9997759301406568,0.999777763798396,0.0002240698593432,GENROU_4,6,GENROU_5,8,1.5155242019487234,2.021898880677732,GENROU_5,8,GENROU_2,2,0.9997760771535356,1,0.9997770568225822,2,0.9997768225485772,3,0.9997759301406568,6,0.999777763798396,8
1172,2,5.541,0.033,0.03,NEXT_STEP,0,0.057126347741857,0.0648722030372956,0.9931829578136506,-0.6869235984757786,Fault_Interface,14,0.0,0.0,0.3,0.9931829578136506,-0.6869235984757786,,,,,,,,,,,,,,-18.390495569895855,34.28919837574317,52.67969394563903,GENROU_4,6,GENROU_1,1,0.9997760647265302,0.9997781284266616,0.0002239352734697,GENROU_4,6,GENROU_5,8,1.515453839421592,2.0218433142282803,GENROU_5,8,GENROU_2,2,0.9997762980081784,1,0.9997773277930804,2,0.9997769582600528,3,0.9997760647265302,6,0.9997781284266616,8
1174,2,5.5440000000000005,0.033,0.03,NEXT_STEP,1,0.0571187928466635,0.0648615526323699,0.9931883451503484,-0.6871738144098086,Fault_Interface,14,0.0,0.0,0.3,0.9931883451503484,-0.6871738144098086,,,,,,,,,,,,,,-18.405006215022915,34.27470314264744,52.67970935767036,GENROU_4,6,GENROU_1,1,0.999776075855968,0.9997781588847988,0.0002239241440319,GENROU_4,6,GENROU_5,8,1.5154486903786424,2.0218384829645077,GENROU_5,8,GENROU_2,2,0.9997763182542992,1,0.9997773530433336,2,0.9997769709911688,3,0.999776075855968,6,0.9997781588847988,8
1176,2,5.577,0.033,0.03,NEXT_STEP,0,0.0571188551886039,0.0648617248785574,0.993194453930397,-0.6899441544230926,Fault_Interface,14,0.0,0.0,0.3,0.993194453930397,-0.6899441544230926,,,,,,,,,,,,,,-18.564578475849505,34.11534264813743,52.67992112398693,GENROU_4,6,GENROU_1,1,0.9997761894328012,0.9997784644327558,0.0002238105671986,GENROU_4,6,GENROU_5,8,1.5153794435123522,2.0217882405007326,GENROU_5,8,GENROU_2,2,0.9997765422594352,1,0.9997776350953882,2,0.9997771165880254,3,0.9997761894328012,6,0.9997784644327558,8
1178,2,5.58,0.033,0.03,NEXT_STEP,1,0.0571077789799895,0.0648465206016335,0.9932019248668276,-0.6901932911519535,Fault_Interface,14,0.0,0.0,0.3,0.9932019248668276,-0.6901932911519535,,,,,,,,,,,,,,-18.57908108186787,34.10086325244187,52.67994433430974,GENROU_4,6,GENROU_1,1,0.9997761992703356,0.999778489611657,0.0002238007296644,GENROU_4,6,GENROU_5,8,1.5153748949906678,2.021783944725,GENROU_5,8,GENROU_2,2,0.9997765628116896,1,0.9997776611624216,2,0.9997771304121116,3,0.9997761992703356,6,0.999778489611657,8
1180,2,5.613,0.033,0.03,NEXT_STEP,0,0.0571071417471627,0.0648457540559763,0.9932084523248224,-0.6929607098023614,Fault_Interface,14,0.0,0.0,0.3,0.9932084523248224,-0.6929607098023614,,,,,,,,,,,,,,-18.7385682192665,33.94167837321934,52.68024659248584,GENROU_4,6,GENROU_1,1,0.9997763051431388,0.999778739499091,0.0002236948568611,GENROU_4,6,GENROU_5,8,1.5153050655492044,2.021735121503393,GENROU_5,8,GENROU_2,2,0.9997767903934814,1,0.9997779502993054,2,0.9997772899747852,3,0.9997763051431388,6,0.999778739499091,8
1182,2,5.616,0.033,0.03,NEXT_STEP,1,0.0570916226707447,0.0648248057252245,0.993218588323434,-0.6932085328762516,Fault_Interface,14,0.0,0.0,0.3,0.993218588323434,-0.6932085328762516,,,,,,,,,,,,,,-18.75306332911812,33.92721506811178,52.6802783972299,GENROU_4,6,GENROU_1,1,0.9997763149231692,0.9997787598689166,0.0002236850768306,GENROU_4,6,GENROU_5,8,1.515300999421813,2.021730456066828,GENROU_5,8,GENROU_2,2,0.9997768113007296,1,0.9997779768569688,2,0.999777305256012,3,0.9997763149231692,6,0.9997787598689166,8
1184,2,5.649,0.033,0.03,NEXT_STEP,0,0.0570912213701364,0.0648243384053351,0.9932252439532082,-0.6959731011511684,Fault_Interface,14,0.0,0.0,0.3,0.9932252439532082,-0.6959731011511684,,,,,,,,,,,,,,-18.91246632533497,33.76820867898225,52.68067500431722,GENROU_4,6,GENROU_1,1,0.9997764257341308,0.9997789603721244,0.0002235742658691,GENROU_4,6,GENROU_5,8,1.5152284266441751,2.021670593882819,GENROU_5,8,GENROU_2,2,0.9997770426163464,1,0.9997782696664136,2,0.9997774823210293,3,0.9997764257341308,6,0.9997789603721244,8
1186,2,5.652,0.033,0.03,NEXT_STEP,1,0.0570758629497772,0.0648036191251739,0.9932352822693506,-0.6962207124057492,Fault_Interface,14,0.0,0.0,0.3,0.9932352822693506,-0.6962207124057492,,,,,,,,,,,,,,-18.9269536004081,33.75376172474278,52.680715325150885,GENROU_4,6,GENROU_1,1,0.9997764361463282,0.9997789764797864,0.0002235638536718,GENROU_4,6,GENROU_5,8,1.5152240728185709,2.0216643468791604,GENROU_5,8,GENROU_2,2,0.9997770637342874,1,0.999778296305875,2,0.999777499207847,3,0.9997764361463282,6,0.9997789764797864,8
1188,2,5.6850000000000005,0.033,0.03,NEXT_STEP,0,0.0570753598057292,0.0648030373884605,0.9932419461327248,-0.6989826016559709,Fault_Interface,14,0.0,0.0,0.3,0.9932419461327248,-0.6989826016559709,,,,,,,,,,,,,,-19.086266998073164,33.59493562404752,52.681202622120686,GENROU_4,6,GENROU_1,1,0.9997765560798814,0.9997791331561005,0.0002234439201186,GENROU_4,6,GENROU_5,8,1.5151500542531229,2.021589420991642,GENROU_5,8,GENROU_2,2,0.9997772959392734,1,0.9997785875029844,2,0.9997776935082372,3,0.9997765560798814,6,0.9997791331561005,8
1190,2,5.688,0.033,0.03,NEXT_STEP,1,0.0570600912122474,0.0647824144058326,0.993251924381869,-0.69923000116215,Fault_Interface,14,0.0,0.0,0.3,0.993251924381869,-0.69923000116215,,,,,,,,,,,,,,-19.100745793659204,33.580505083719125,52.68125087737833,GENROU_4,6,GENROU_1,1,0.999776567513142,0.9997791455664924,0.000223432486858,GENROU_4,6,GENROU_5,8,1.5151456548521836,2.0215821495937707,GENROU_5,8,GENROU_2,2,0.999777317013554,1,0.999778613772601,2,0.9997777119093172,3,0.999776567513142,6,0.9997791455664924,8
1192,2,5.721,0.033,0.03,NEXT_STEP,0,0.0570596501069642,0.064781926473948,0.9932583306752728,-0.7019893883386793,Fault_Interface,14,0.0,0.0,0.3,0.9932583306752728,-0.7019893883386793,,,,,,,,,,,,,,-19.25996108103491,33.42185895564187,52.68182003667678,GENROU_4,6,GENROU_1,1,0.9997767001035848,0.9997792651297134,0.0002232998964151,GENROU_4,6,GENROU_5,8,1.5150715756227078,2.0215011909269918,GENROU_5,8,GENROU_2,2,0.999777547546781,1,0.999778898670418,2,0.9997779216853626,3,0.9997767001035848,6,0.9997792651297134,8
1194,2,5.724,0.033,0.03,NEXT_STEP,1,0.0570442758206459,0.0647611895028923,0.9932683392142376,-0.7022365374071472,Fault_Interface,14,0.0,0.0,0.3,0.9932683392142376,-0.7022365374071472,,,,,,,,,,,,,,-19.27443050226253,33.40744471133003,52.68187521359256,GENROU_4,6,GENROU_1,1,0.9997767128214888,0.9997792744998208,0.0002232871785112,GENROU_4,6,GENROU_5,8,1.5150672113154935,2.0214937973661278,GENROU_5,8,GENROU_2,2,0.99977756836952,1,0.9997789241743792,2,0.9997779413965452,3,0.9997767128214888,6,0.9997792744998208,8
1196,2,5.757,0.033,0.03,NEXT_STEP,0,0.057043774967808,0.0647606095488493,0.993274488648052,-0.704993471397324,Fault_Interface,14,0.0,0.0,0.3,0.993274488648052,-0.704993471397324,,,,,,,,,,,,,,-19.433536851712848,33.24897648057468,52.68251333228753,GENROU_4,6,GENROU_1,1,0.9997768605784574,0.9997793646011526,0.0002231394215426,GENROU_4,6,GENROU_5,8,1.514993526199696,2.021413704904093,GENROU_5,8,GENROU_2,2,0.9997777952754636,1,0.9997791988832712,2,0.9997781641237694,3,0.9997768605784574,6,0.9997793646011526,8
1198,2,5.76,0.033,0.03,NEXT_STEP,1,0.0570284340426811,0.0647399265038878,0.9932844432179104,-0.7052404092678941,Fault_Interface,14,0.0,0.0,0.3,0.9932844432179104,-0.7052404092678941,,,,,,,,,,,,,,-19.447995827459025,33.23457827584216,52.68257410330119,GENROU_4,6,GENROU_1,1,0.9997768747380186,0.99977937165419,0.0002231252619814,GENROU_4,6,GENROU_5,8,1.514989203703891,2.021406563013924,GENROU_5,8,GENROU_2,2,0.999777815689582,1,0.9997792233031796,2,0.9997781848714334,3,0.9997768747380186,6,0.99977937165419,8
1200,2,5.793,0.033,0.03,NEXT_STEP,0,0.0570279411921195,0.0647393581764964,0.9932902372920824,-0.7079949643939898,Fault_Interface,14,0.0,0.0,0.3,0.9932902372920824,-0.7079949643939898,,,,,,,,,,,,,,-19.606981046843025,33.07628449888737,52.68326554573039,GENROU_4,6,GENROU_1,1,0.9997770384889098,0.9997794846896908,0.0002229615110902,GENROU_4,6,GENROU_2,2,1.5149162172651065,2.021330358414717,GENROU_5,8,GENROU_2,2,0.999778037392308,1,0.9997794846896908,2,0.9997784171984848,3,0.9997770384889098,6,0.9997794403224918,8
1202,2,5.796,0.033,0.03,NEXT_STEP,1,0.0570126200976488,0.0647187078804488,0.9933001439824328,-0.7082416924633325,Fault_Interface,14,0.0,0.0,0.3,0.9933001439824328,-0.7082416924633325,,,,,,,,,,,,,,-19.621428446357186,33.06190196601643,52.68333041237361,GENROU_4,6,GENROU_1,1,0.999777054118678,0.9997795077778792,0.0002229458813219,GENROU_4,6,GENROU_2,2,1.514911967623461,2.02132366917478,GENROU_5,8,GENROU_2,2,0.9997780572721696,1,0.9997795077778792,2,0.9997784386526092,3,0.999777054118678,6,0.99977944579593,8
1204,2,5.829,0.033,0.03,NEXT_STEP,0,0.0570121325007161,0.064718146804101,0.993305563278382,-0.7109939070156627,Fault_Interface,14,0.0,0.0,0.3,0.993305563278382,-0.7109939070156627,,,,,,,,,,,,,,-19.7802801492136,32.903778128096064,52.68405827730966,GENROU_4,6,GENROU_1,1,0.9997772336740948,0.9997797535459192,0.0002227663259053,GENROU_4,6,GENROU_2,2,1.51483991534091,2.0212532353334702,GENROU_5,8,GENROU_2,2,0.9997782725940216,1,0.9997797535459192,2,0.9997786768096948,3,0.9997772336740948,6,0.9997795010784978,8
1206,2,5.832,0.033,0.03,NEXT_STEP,1,0.0569968318866775,0.0646975303049665,0.9933154208548022,-0.7112404281901417,Fault_Interface,14,0.0,0.0,0.3,0.9933154208548022,-0.7112404281901417,,,,,,,,,,,,,,-19.794714855238524,32.88941081609787,52.6841256713364,GENROU_4,6,GENROU_1,1,0.999777250707852,0.999779775132174,0.0002227492921479,GENROU_4,6,GENROU_2,2,1.5148357533213943,2.0212471357811133,GENROU_5,8,GENROU_2,2,0.9997782918504784,1,0.999779775132174,2,0.9997786986165048,3,0.999777250707852,6,0.999779505695224,8
1208,2,5.865,0.033,0.03,NEXT_STEP,0,0.056996234918106,0.0646968465553837,0.9933205334519464,-0.7139902940123495,Fault_Interface,14,0.0,0.0,0.3,0.9933205334519464,-0.7139902940123495,,,,,,,,,,,,,,-19.953421151596984,32.7314516460706,52.68487279766759,GENROU_4,6,GENROU_1,1,0.9997774450008188,0.9997800038534258,0.0002225549991813,GENROU_4,6,GENROU_2,2,1.5147647467162235,2.021183455948477,GENROU_5,8,GENROU_2,2,0.9997785000262388,1,0.9997800038534258,2,0.999778938737092,3,0.9997774450008188,6,0.9997795553349847,8
1210,2,5.868,0.033,0.03,NEXT_STEP,1,0.0569809106204117,0.0646761969654687,0.993330373566299,-0.7142365991244202,Fault_Interface,14,0.0,0.0,0.3,0.993330373566299,-0.7142365991244202,,,,,,,,,,,,,,-19.967842122329056,32.71709904986633,52.68494117219538,GENROU_4,6,GENROU_1,1,0.99977746330992,0.9997800238484994,0.00022253669008,GENROU_4,6,GENROU_2,2,1.514760683110612,2.021177986903517,GENROU_5,8,GENROU_2,2,0.999778518609432,1,0.9997800238484994,2,0.9997789605497835,3,0.99977746330992,6,0.9997795597782786,8
1212,2,5.901,0.033,0.03,NEXT_STEP,0,0.0569803125381018,0.0646755105733887,0.9933351430933656,-0.7169841531604852,Fault_Interface,14,0.0,0.0,0.3,0.9933351430933656,-0.7169841531604852,,,,,,,,,,,,,,-20.126392235816983,32.55929882325047,52.68569105906745,GENROU_4,6,GENROU_1,1,0.9997776705338426,0.9997802349130308,0.0002223294661574,GENROU_4,6,GENROU_2,2,1.5146907258705045,2.0211210794508854,GENROU_5,8,GENROU_2,2,0.9997787192250605,1,0.9997802349130308,2,0.9997791989135218,3,0.9997776705338426,6,0.9997796108822484,8
1214,2,5.904,0.033,0.03,NEXT_STEP,1,0.0569648955574034,0.0646547669618547,0.9933449991308132,-0.7172302252859907,Fault_Interface,14,0.0,0.0,0.3,0.9933449991308132,-0.7172302252859907,,,,,,,,,,,,,,-20.140798557112824,32.54496040852266,52.685758965635486,GENROU_4,6,GENROU_1,1,0.9997776899199896,0.9997802532956156,0.0002223100800105,GENROU_4,6,GENROU_2,2,1.5146867691487145,2.0211162089158425,GENROU_5,8,GENROU_2,2,0.9997787371105012,1,0.9997802532956156,2,0.999779220404672,3,0.9997776899199896,6,0.9997796157603608,8
1216,2,5.937,0.033,0.03,NEXT_STEP,0,0.0569643547658713,0.0646541224393004,0.9933494263189746,-0.7199754912484916,Fault_Interface,14,0.0,0.0,0.3,0.9933494263189746,-0.7199754912484916,,,,,,,,,,,,,,-20.29918335801806,32.38731318918606,52.68649654720412,GENROU_4,6,GENROU_1,1,0.9997779076670597,0.9997804468179166,0.0002220923329403,GENROU_4,6,GENROU_2,2,1.5146178561446235,2.021065606782149,GENROU_5,8,GENROU_2,2,0.9997789300348526,1,0.9997804468179166,2,0.9997794536143008,3,0.9997779076670597,6,0.9997796745119228,8
1218,2,5.94,0.033,0.03,NEXT_STEP,1,0.0569489003123093,0.0646333685664338,0.993359262972913,-0.7202213439801478,Fault_Interface,14,0.0,0.0,0.3,0.993359262972913,-0.7202213439801478,,,,,,,,,,,,,,-20.313574286236364,32.372988412248944,52.6865626984853,GENROU_4,6,GENROU_1,1,0.9997779278817582,0.9997804636269628,0.0002220721182417,GENROU_4,6,GENROU_2,2,1.5146139969191688,2.0210612838673536,GENROU_5,8,GENROU_2,2,0.9997789472201748,1,0.9997804636269628,2,0.9997794744921288,3,0.9997779278817582,6,0.999779680336944,8
1220,2,5.973,0.033,0.03,NEXT_STEP,0,0.0569483104870005,0.0646326491007043,0.9933634283981324,-0.7229643053354272,Fault_Interface,14,0.0,0.0,0.3,0.9933634283981324,-0.7229643053354272,,,,,,,,,,,,,,-20.471786689466445,32.21548825392418,52.68727494339062,GENROU_4,6,GENROU_1,1,0.999778153336328,0.9997806403462132,0.000221846663672,GENROU_4,6,GENROU_2,2,1.5145461386064818,2.021016427736432,GENROU_5,8,GENROU_2,2,0.9997791325630304,1,0.9997806403462132,2,0.9997796996242516,3,0.999778153336328,6,0.9997797517930606,8
1222,2,5.976,0.033,0.03,NEXT_STEP,1,0.0569328873845768,0.0646119454865012,0.9933732169626176,-0.7232099572070042,Fault_Interface,14,0.0,0.0,0.3,0.9933732169626176,-0.7232099572070042,,,,,,,,,,,,,,-20.48616168010977,32.20117657881325,52.68733825892302,GENROU_4,6,GENROU_1,1,0.9997781741129522,0.9997806556757028,0.0002218258870477,GENROU_4,6,GENROU_2,2,1.514542368172339,2.0210126009919818,GENROU_5,8,GENROU_2,2,0.9997791490693482,1,0.9997806556757028,2,0.9997797196492676,3,0.9997781741129522,6,0.9997797589706766,8
1224,2,6.009,0.033,0.03,NEXT_STEP,0,0.056932304639207,0.0646112364303398,0.9933771036614604,-0.7259506416166636,Fault_Interface,14,0.0,0.0,0.3,0.9933771036614604,-0.7259506416166636,,,,,,,,,,,,,,-20.64419688002141,32.043817695413274,52.688014575434686,GENROU_4,6,GENROU_1,1,0.9997784042122608,0.9997808168348956,0.0002215957877391,GENROU_4,6,GENROU_2,2,1.5144755636627667,2.020972927235332,GENROU_5,8,GENROU_2,2,0.9997793271227922,1,0.9997808168348956,2,0.9997799343558488,3,0.9997784042122608,6,0.999779846919688,8
1226,2,6.012,0.033,0.03,NEXT_STEP,1,0.0569169019027625,0.0645905660851621,0.9933868534145618,-0.7261960917131194,Fault_Interface,14,0.0,0.0,0.3,0.9933868534145618,-0.7261960917131194,,,,,,,,,,,,,,-20.658555604894783,32.029518606878376,52.68807421177316,GENROU_4,6,GENROU_1,1,0.999778425266956,0.9997808308178756,0.000221574733044,GENROU_4,6,GENROU_2,2,1.5144718855972372,2.020969547758804,GENROU_5,8,GENROU_2,2,0.9997793429841554,1,0.9997808308178756,2,0.9997799533430408,3,0.999778425266956,6,0.9997798557347788,8
1228,2,6.045,0.033,0.03,NEXT_STEP,0,0.0569163243354763,0.0645898643123731,0.9933904834883084,-0.728934516406871,Fault_Interface,14,0.0,0.0,0.3,0.9933904834883084,-0.728934516406871,,,,,,,,,,,,,,-20.81641119180678,31.8722955029196,52.68870669472638,GENROU_4,6,GENROU_1,1,0.9997786569490053,0.999780978062626,0.0002213430509948,GENROU_4,6,GENROU_2,2,1.5144061399786788,2.0209345531173524,GENROU_5,8,GENROU_2,2,0.9997795142032592,1,0.999780978062626,2,0.9997801559361954,3,0.9997786569490053,6,0.9997799626617276,8
1230,2,6.048,0.033,0.03,NEXT_STEP,1,0.0569008276633856,0.0645690978412501,0.993400258661288,-0.7291797379444366,Fault_Interface,14,0.0,0.0,0.3,0.993400258661288,-0.7291797379444366,,,,,,,,,,,,,,-20.83075353892784,31.85800851795205,52.688762056879895,GENROU_4,6,GENROU_1,1,0.9997786780163942,0.99978099086659,0.0002213219836058,GENROU_4,6,GENROU_2,2,1.514402567861755,2.020931576551146,GENROU_5,8,GENROU_2,2,0.999779529470582,1,0.99978099086659,2,0.9997801737662224,3,0.9997786780163942,6,0.9997799732838016,8
1232,2,6.081,0.033,0.03,NEXT_STEP,0,0.0569001925184479,0.0645683073207094,0.993403709026644,-0.731915897680566,Fault_Interface,14,0.0,0.0,0.3,0.993403709026644,-0.731915897680566,,,,,,,,,,,,,,-20.98842933321113,31.70091613306525,52.68934546627638,GENROU_4,6,GENROU_1,1,0.9997789086017314,0.9997811262047546,0.0002210913982686,GENROU_4,6,GENROU_2,2,1.5143378083742878,2.0209005744956405,GENROU_5,8,GENROU_2,2,0.9997796945188896,1,0.9997811262047546,2,0.9997803633373088,3,0.9997789086017314,6,0.9997801004760762,8
1234,2,6.084,0.033,0.03,NEXT_STEP,1,0.056884843771919,0.0645477242692495,0.9934133788164992,-0.7321609515992744,Fault_Interface,14,0.0,0.0,0.3,0.9934133788164992,-0.7321609515992744,,,,,,,,,,,,,,-21.002755380827804,31.686640815258176,52.68939619608598,GENROU_4,6,GENROU_1,1,0.999778929434791,0.99978113801854,0.000221070565209,GENROU_4,6,GENROU_2,2,1.514334299178475,2.020897917547789,GENROU_5,8,GENROU_2,2,0.999779709252497,1,0.99978113801854,2,0.9997803799559012,3,0.999778929434791,6,0.9997801129617868,8
1236,2,6.117,0.033,0.03,NEXT_STEP,0,0.0568841646526961,0.0645469112611434,0.9934166303294336,-0.7348948803078991,Fault_Interface,14,0.0,0.0,0.3,0.9934166303294336,-0.7348948803078991,,,,,,,,,,,,,,-21.160253307264792,31.52967459107619,52.68992789834098,GENROU_4,6,GENROU_1,1,0.99977915609166,0.9997812635269328,0.00022084390834,GENROU_4,6,GENROU_2,2,1.5142705400968677,2.0208702123376088,GENROU_5,8,GENROU_2,2,0.999779868750664,1,0.9997812635269328,2,0.999780556167484,3,0.99977915609166,6,0.9997802603887488,8
1238,2,6.12,0.033,0.03,NEXT_STEP,1,0.0568687795651668,0.0645262752423409,0.993426305421472,-0.7351397251254337,Fault_Interface,14,0.0,0.0,0.3,0.993426305421472,-0.7351397251254337,,,,,,,,,,,,,,-21.17456333211665,31.515410548235483,52.68997388035213,GENROU_4,6,GENROU_1,1,0.9997791764746408,0.999781274547687,0.0002208235253592,GENROU_4,6,GENROU_2,2,1.514267128665106,2.020867842037849,GENROU_5,8,GENROU_2,2,0.9997798830135116,1,0.999781274547687,2,0.999780571576915,3,0.9997791764746408,6,0.9997802746864716,8
1240,2,6.153,0.033,0.03,NEXT_STEP,0,0.056868097010388,0.0645254554687144,0.993429370502664,-0.7378714556980093,Fault_Interface,14,0.0,0.0,0.3,0.993429370502664,-0.7378714556980093,,,,,,,,,,,,,,-21.331887247201447,31.35856645992353,52.69045370712497,GENROU_4,6,GENROU_1,1,0.999779397226013,0.9997813924368532,0.000220602773987,GENROU_4,6,GENROU_2,2,1.51420433993054,2.0208430844868737,GENROU_5,8,GENROU_2,2,0.9997800377107978,1,0.9997813924368532,2,0.9997807347953744,3,0.999779397226013,6,0.9997804413077234,8
1242,2,6.156,0.033,0.03,NEXT_STEP,1,0.0568526202988098,0.0645047268188925,0.9934390748223512,-0.7381160788446637,Fault_Interface,14,0.0,0.0,0.3,0.9934390748223512,-0.7381160788446637,,,,,,,,,,,,,,-21.34618166652957,31.344313352717524,52.690495019247095,GENROU_4,6,GENROU_1,1,0.9997794169922548,0.9997814028660528,0.0002205830077451,GENROU_4,6,GENROU_2,2,1.5142010222738256,2.02084095896733,GENROU_5,8,GENROU_2,2,0.9997800515729676,1,0.9997814028660528,2,0.9997807490565976,3,0.9997794169922548,6,0.9997804572785044,8
1244,2,6.189,0.033,0.03,NEXT_STEP,0,0.0568519949320755,0.0645039490243734,0.9934419458313,-0.740845653299613,Fault_Interface,14,0.0,0.0,0.3,0.9934419458313,-0.740845653299613,,,,,,,,,,,,,,-21.50333679600332,31.18758796545628,52.6909247614596,GENROU_4,6,GENROU_1,1,0.9997796302345182,0.9997815153135134,0.0002203697654817,GENROU_4,6,GENROU_2,2,1.5141391312557018,2.020818559132975,GENROU_5,8,GENROU_2,2,0.9997802022331496,1,0.9997815153135134,2,0.9997809002090072,3,0.9997796302345182,6,0.9997806411432448,8
1246,2,6.192,0.033,0.03,NEXT_STEP,1,0.0568365953279326,0.0644833400856485,0.9934515811787142,-0.7410900985298458,Fault_Interface,14,0.0,0.0,0.3,0.9934515811787142,-0.7410900985298458,,,,,,,,,,,,,,-21.51761614087388,31.173345508372662,52.69096164924655,GENROU_4,6,GENROU_1,1,0.9997796492447854,0.9997815253403644,0.0002203507552146,GENROU_4,6,GENROU_2,2,1.5141358802130542,2.0208166195915416,GENROU_5,8,GENROU_2,2,0.9997802157580968,1,0.9997815253403644,2,0.9997809134239936,3,0.9997796492447854,6,0.9997806585676864,8
1248,2,6.225,0.033,0.03,NEXT_STEP,0,0.0568359840914211,0.0644825836206552,0.9934542686632196,-0.7438175479622557,Fault_Interface,14,0.0,0.0,0.3,0.9934542686632196,-0.7438175479622557,,,,,,,,,,,,,,-21.67460886561974,31.016735936723208,52.69134480234295,GENROU_4,6,GENROU_1,1,0.9997798536280104,0.9997816343182772,0.0002201463719897,GENROU_4,6,GENROU_2,2,1.514074935227744,2.0207962668509496,GENROU_5,8,GENROU_2,2,0.9997803630336998,1,0.9997816343182772,2,0.9997810537921442,3,0.9997798536280104,6,0.9997808569036752,8
1250,2,6.228,0.033,0.03,NEXT_STEP,1,0.0568204888591882,0.064461875624325,0.993463937366486,-0.744061777036728,Fault_Interface,14,0.0,0.0,0.3,0.993463937366486,-0.744061777036728,,,,,,,,,,,,,,-21.688873761777955,31.0025038906389,52.69137765241685,GENROU_4,6,GENROU_1,1,0.9997798717992054,0.9997816441188722,0.0002201282007946,GENROU_4,6,GENROU_2,2,1.514071782253257,2.0207945178284525,GENROU_5,8,GENROU_2,2,0.9997803762846856,1,0.9997816441188722,2,0.9997810660989108,3,0.9997798717992054,6,0.9997808755061276,8
1252,2,6.261,0.033,0.03,NEXT_STEP,0,0.0568198197286268,0.0644610296349503,0.9934665128980602,-0.7467871087024258,Fault_Interface,14,0.0,0.0,0.3,0.9934665128980602,-0.7467871087024258,,,,,,,,,,,,,,-21.845711179727115,30.84600779306353,52.691718972790646,GENROU_4,6,GENROU_1,1,0.9997800668252036,0.9997817515173288,0.0002199331747965,GENROU_4,6,GENROU_2,2,1.514011732515039,2.020776095682728,GENROU_5,8,GENROU_2,2,0.9997805209231356,1,0.9997817515173288,2,0.999781197416372,3,0.9997800668252036,6,0.999781085136242,8
1254,2,6.264,0.033,0.03,NEXT_STEP,1,0.0568044724241755,0.0644405050875867,0.9934760818144838,-0.747031184145166,Fault_Interface,14,0.0,0.0,0.3,0.9934760818144838,-0.747031184145166,,,,,,,,,,,,,,-21.859962289107678,30.831785971341,52.69174826044868,GENROU_4,6,GENROU_1,1,0.999780084119841,0.9997817612496804,0.000219915880159,GENROU_4,6,GENROU_2,2,1.5140086321525197,2.020774500575895,GENROU_5,8,GENROU_2,2,0.9997805339619712,1,0.9997817612496804,2,0.9997812089815636,3,0.999780084119841,6,0.9997811046063866,8
1256,2,6.297,0.033,0.03,NEXT_STEP,0,0.0568037593042727,0.0644396365339135,0.9934785140484816,-0.749754444069593,Fault_Interface,14,0.0,0.0,0.3,0.9934785140484816,-0.749754444069593,,,,,,,,,,,,,,-22.016651827310817,30.67540152213515,52.69205334944597,GENROU_4,6,GENROU_1,1,0.9997802694356608,0.99978186861354,0.0002197305643392,GENROU_4,6,GENROU_2,2,1.513949484536496,2.020757709145168,GENROU_5,8,GENROU_2,2,0.9997806765361562,1,0.99978186861354,2,0.9997813330896412,3,0.9997802694356608,6,0.9997813219345332,8
1258,2,6.3,0.033,0.03,NEXT_STEP,1,0.0567881071666224,0.0644186966126038,0.9934882595574976,-0.7499982612900087,Fault_Interface,14,0.0,0.0,0.3,0.9934882595574976,-0.7499982612900087,,,,,,,,,,,,,,-22.030889835226677,30.66118977918425,52.69207961441093,GENROU_4,6,GENROU_1,1,0.9997802858755782,0.9997818784153486,0.0002197141244217,GENROU_4,6,GENROU_2,2,1.5139465116107014,2.020756263079565,GENROU_5,8,GENROU_2,2,0.9997806894221496,1,0.9997818784153486,2,0.9997813440965522,3,0.9997802858755782,6,0.9997813419459388,8
1260,2,6.333,0.033,0.03,NEXT_STEP,0,0.0567873036081375,0.0644176920115701,0.9934906398181186,-0.7527194450103621,Fault_Interface,14,0.0,0.0,0.3,0.9934906398181186,-0.7527194450103621,,,,,,,,,,,,,,-22.187438754421024,30.50491566785501,52.69235442227603,GENROU_4,6,GENROU_1,1,0.9997804622517256,0.9997819872417142,0.0002195377482743,GENROU_4,6,GENROU_2,2,1.5138880965322272,2.0207406561621077,GENROU_5,8,GENROU_2,2,0.9997808306879704,1,0.9997819872417142,2,0.9997814631882858,3,0.9997804622517256,6,0.9997815635162228,8
1262,2,6.336,0.033,0.03,NEXT_STEP,1,0.0567681542907931,0.0643918882508325,0.9935025964028552,-0.7529622506140288,Fault_Interface,14,0.0,0.0,0.3,0.9935025964028552,-0.7529622506140288,,,,,,,,,,,,,,-22.20166428544302,30.49071391355024,52.69237819899325,GENROU_4,6,GENROU_1,1,0.99978047814883,0.9997819973069793,0.0002195218511699,GENROU_4,6,GENROU_2,2,1.5138856992917689,2.020739258588594,GENROU_5,8,GENROU_2,2,0.9997808435618823,1,0.9997819973069793,2,0.9997814739151756,3,0.99978047814883,6,0.9997815838277324,8
1264,2,6.369,0.033,0.03,NEXT_STEP,0,0.0567669154273254,0.0643902605466578,0.9935055237607704,-0.7556810143761672,Fault_Interface,14,0.0,0.0,0.3,0.9935055237607704,-0.7556810143761672,,,,,,,,,,,,,,-22.35807727540536,30.33455006236521,52.692627337770574,GENROU_4,6,GENROU_1,1,0.9997806513797144,0.9997821105103476,0.0002193486202857,GENROU_4,6,GENROU_2,2,1.5138261357631804,2.0207188698653766,GENROU_5,8,GENROU_2,2,0.9997809859455818,1,0.9997821105103476,2,0.9997815921554852,3,0.9997806513797144,6,0.9997818081385176,8
1266,2,6.372,0.033,0.03,NEXT_STEP,1,0.0567474151782242,0.0643639685651432,0.9935177193671232,-0.7559235317147606,Fault_Interface,14,0.0,0.0,0.3,0.9935177193671232,-0.7559235317147606,,,,,,,,,,,,,,-22.372290559155537,30.32035837312448,52.692648932280015,GENROU_4,6,GENROU_1,1,0.999780667023058,0.9997821210369796,0.0002193329769419,GENROU_4,6,GENROU_2,2,1.5138236020807383,2.0207164885987985,GENROU_5,8,GENROU_2,2,0.9997809989543956,1,0.9997821210369796,2,0.9997816029322312,3,0.999780667023058,6,0.999781828578567,8
1268,2,6.405,0.033,0.03,NEXT_STEP,0,0.0567461435120727,0.0643623023947429,0.9935208123958054,-0.7586400375270917,Fault_Interface,14,0.0,0.0,0.3,0.9935208123958054,-0.7586400375270917,,,,,,,,,,,,,,-22.52856977453548,30.1643058557857,52.69287563032118,GENROU_4,6,GENROU_1,1,0.9997808378653968,0.9997822398289647,0.0002191621346031,GENROU_4,6,GENROU_2,2,1.513762764818717,2.0206835805859646,GENROU_5,8,GENROU_2,2,0.9997811429404496,1,0.9997822398289647,2,0.999781722863236,3,0.9997808378653968,6,0.9997820529133772,8
1270,2,6.408,0.033,0.03,NEXT_STEP,1,0.0567264687054806,0.0643357631076526,0.9935331265294752,-0.7588823133183322,Fault_Interface,14,0.0,0.0,0.3,0.9935331265294752,-0.7588823133183322,,,,,,,,,,,,,,-22.542770980215145,30.150124344789774,52.69289532500491,GENROU_4,6,GENROU_1,1,0.9997808533173296,0.9997822509041728,0.0002191466826704,GENROU_4,6,GENROU_2,2,1.5137602026466372,2.020680035324054,GENROU_5,8,GENROU_2,2,0.9997811561028862,1,0.9997822509041728,2,0.9997817338901318,3,0.9997808533173296,6,0.9997820732269602,8
1272,2,6.441,0.033,0.03,NEXT_STEP,0,0.05672474693828,0.0643334172218447,0.9935365860074188,-0.761596501285606,Fault_Interface,14,0.0,0.0,0.3,0.9935365860074188,-0.761596501285606,,,,,,,,,,,,,,-22.698917928034824,29.99418453930497,52.6931024673398,GENROU_4,6,GENROU_1,1,0.9997810227330284,0.9997823761760144,0.0002189772669715,GENROU_4,6,GENROU_2,2,1.5136989256387956,2.020636916720827,GENROU_5,8,GENROU_2,2,0.9997813020615336,1,0.9997823761760144,2,0.999781857579681,3,0.9997810227330284,6,0.9997822950192145,8
1274,2,6.444,0.033,0.03,NEXT_STEP,1,0.0567017180776892,0.0643020129678252,0.993551102674508,-0.7618377942596896,Fault_Interface,14,0.0,0.0,0.3,0.993551102674508,-0.7618377942596896,,,,,,,,,,,,,,-22.71310714933673,29.98001334833928,52.693120497676006,GENROU_4,6,GENROU_1,1,0.9997810383379002,0.9997823879466404,0.0002189616620997,GENROU_4,6,GENROU_2,2,1.5136968459965956,2.0206326526486227,GENROU_5,8,GENROU_2,2,0.9997813155012536,1,0.9997823879466404,2,0.9997818691096056,3,0.9997810383379002,6,0.99978231506684,8
1276,2,6.477,0.033,0.03,NEXT_STEP,0,0.0566999890735483,0.0642994979772482,0.9935549664622996,-0.7645495306438006,Fault_Interface,14,0.0,0.0,0.3,0.9935549664622996,-0.7645495306438006,,,,,,,,,,,,,,-22.869120791532037,29.82418860882104,52.69330940035307,GENROU_4,6,GENROU_1,1,0.9997812117180912,0.999782533845618,0.0002187882819089,GENROU_4,6,GENROU_5,8,1.513633644928741,2.0205784081384444,GENROU_5,8,GENROU_2,2,0.9997814655316148,1,0.999782521912134,2,0.9997820000398252,3,0.9997812117180912,6,0.999782533845618,8
1278,2,6.48,0.033,0.03,NEXT_STEP,1,0.0566771351567542,0.0642683819324327,0.9935693743973532,-0.7647906460235887,Fault_Interface,14,0.0,0.0,0.3,0.9935693743973532,-0.7647906460235887,,,,,,,,,,,,,,-22.88329775627876,29.81002802297513,52.6933257792539,GENROU_4,6,GENROU_1,1,0.9997812276415778,0.9997825535377431,0.0002187723584221,GENROU_4,6,GENROU_5,8,1.5136313036371578,2.020572767492384,GENROU_5,8,GENROU_2,2,0.9997814793496844,1,0.999782534490444,2,0.9997820122976644,3,0.9997812276415778,6,0.9997825535377431,8
1280,2,6.513,0.033,0.03,NEXT_STEP,0,0.0566754209564423,0.0642658941639551,0.99357331908899,-0.7675000443898043,Fault_Interface,14,0.0,0.0,0.3,0.99357331908899,-0.7675000443898043,,,,,,,,,,,,,,-23.039175271029382,29.654321560019756,52.69349683104913,GENROU_4,6,GENROU_1,1,0.9997814043642138,0.9997827675901028,0.0002185956357861,GENROU_4,6,GENROU_5,8,1.51356676289222,2.0205040554672293,GENROU_5,8,GENROU_2,2,0.9997816335531804,1,0.9997826774347872,2,0.9997821516873922,3,0.9997814043642138,6,0.9997827675901028,8
1282,2,6.516,0.033,0.03,NEXT_STEP,1,0.0566525925421852,0.0642348216624583,0.9935877085032104,-0.7677409551023555,Fault_Interface,14,0.0,0.0,0.3,0.9935877085032104,-0.7677409551023555,,,,,,,,,,,,,,-23.053339742582036,29.64017187450456,52.693511617086585,GENROU_4,6,GENROU_1,1,0.999781420587865,0.9997827867846144,0.0002185794121349,GENROU_4,6,GENROU_5,8,1.513564378845507,2.020497290902705,GENROU_5,8,GENROU_2,2,0.999781647758079,1,0.9997826908393372,2,0.9997821647547508,3,0.999781420587865,6,0.9997827867846144,8
1284,2,6.549,0.033,0.03,NEXT_STEP,0,0.056651007439276,0.0642324860095748,0.9935915288604504,-0.770448087458063,Fault_Interface,14,0.0,0.0,0.3,0.9935915288604504,-0.770448087458063,,,,,,,,,,,,,,-23.20907859564853,29.48458702304805,52.693665618696585,GENROU_4,6,GENROU_1,1,0.999781600470696,0.9997829947889928,0.000218399529304,GENROU_4,6,GENROU_5,8,1.5134996613319394,2.0204204551473524,GENROU_5,8,GENROU_2,2,0.9997818063801952,1,0.999782842856784,2,0.99978231323136,3,0.999781600470696,6,0.9997829947889928,8
1286,2,6.552,0.033,0.03,NEXT_STEP,1,0.0566282480533372,0.0642015238978872,0.9936058590167972,-0.7706888063814901,Fault_Interface,14,0.0,0.0,0.3,0.9936058590167972,-0.7706888063814901,,,,,,,,,,,,,,-23.22323035066384,29.4704485502549,52.69367890091874,GENROU_4,6,GENROU_1,1,0.9997816169671032,0.9997830133845952,0.0002183830328966,GENROU_4,6,GENROU_5,8,1.5134972720031246,2.020413305042987,GENROU_5,8,GENROU_2,2,0.999781821002732,1,0.9997828570828052,2,0.9997823271374928,3,0.9997816169671032,6,0.9997830133845952,8
1288,2,6.585,0.033,0.03,NEXT_STEP,0,0.0566265631604747,0.064199081263073,0.9936095884747652,-0.7733936301813037,Fault_Interface,14,0.0,0.0,0.3,0.9936095884747652,-0.7733936301813037,,,,,,,,,,,,,,-23.378828155394352,29.314988916163983,52.693817071558335,GENROU_4,6,GENROU_1,1,0.9997817998543116,0.9997832145396958,0.0002182001456884,GENROU_4,6,GENROU_5,8,1.5134328215359174,2.020334410586695,GENROU_5,8,GENROU_2,2,0.9997819844975108,1,0.9997830180703248,2,0.999782484854755,3,0.9997817998543116,6,0.9997832145396958,8
1290,2,6.588,0.033,0.03,NEXT_STEP,1,0.0566037857404947,0.0641680974937647,0.9936239131317416,-0.7736341367617119,Fault_Interface,14,0.0,0.0,0.3,0.9936239131317416,-0.7736341367617119,,,,,,,,,,,,,,-23.392966981341303,29.300862000607125,52.69382898194843,GENROU_4,6,GENROU_1,1,0.9997818166288072,0.999783232494008,0.0002181833711928,GENROU_4,6,GENROU_5,8,1.5134304690997933,2.020327249167288,GENROU_5,8,GENROU_2,2,0.9997819995902404,1,0.9997830331059598,2,0.9997824996014872,3,0.9997818166288072,6,0.999783232494008,8
1292,2,6.621,0.033,0.03,NEXT_STEP,0,0.0566021040527902,0.0641656591865762,0.9936274555944544,-0.7763366627706929,Fault_Interface,14,0.0,0.0,0.3,0.9936274555944544,-0.7763366627706929,,,,,,,,,,,,,,-23.54842138417822,29.145531590825225,52.69395297500344,GENROU_4,6,GENROU_1,1,0.9997820025521248,0.999783426588398,0.0002179974478752,GENROU_4,6,GENROU_5,8,1.5133664835264844,2.0202492152662392,GENROU_5,8,GENROU_2,2,0.9997821685108582,1,0.999783202837914,2,0.999782666412688,3,0.9997820025521248,6,0.999783426588398,8
1294,2,6.624,0.033,0.03,NEXT_STEP,1,0.0565792406272833,0.0641345947645314,0.993641802170616,-0.776576937705596,Fault_Interface,14,0.0,0.0,0.3,0.993641802170616,-0.776576937705596,,,,,,,,,,,,,,-23.562547066275624,29.13141661610013,52.69396368237575,GENROU_4,6,GENROU_1,1,0.9997820196053624,0.99978344390528,0.0002179803946374,GENROU_4,6,GENROU_5,8,1.5133641884644846,2.0202422134338667,GENROU_5,8,GENROU_2,2,0.999782184121083,1,0.9997832186540584,2,0.999782681971783,3,0.9997820196053624,6,0.99978344390528,8
1296,2,6.657,0.033,0.03,NEXT_STEP,0,0.0565776202871986,0.0641322051695462,0.9936451077958932,-0.7792771567012179,Fault_Interface,14,0.0,0.0,0.3,0.9936451077958932,-0.7792771567012179,,,,,,,,,,,,,,-23.71785569481535,28.97621983208797,52.69407552690332,GENROU_4,6,GENROU_1,1,0.9997822085892236,0.9997836312213824,0.0002177914107763,GENROU_4,6,GENROU_5,8,1.5133007925597677,2.0201665428762103,GENROU_5,8,GENROU_2,2,0.9997823589241996,1,0.9997833967292172,2,0.9997828574395464,3,0.9997822085892236,6,0.9997836312213824,8
1298,2,6.66,0.033,0.03,NEXT_STEP,1,0.0565548394690561,0.0641012721530769,0.9936593751458686,-0.7795172384666261,Fault_Interface,14,0.0,0.0,0.3,0.9936593751458686,-0.7795172384666261,,,,,,,,,,,,,,-23.73196801705436,28.962117213879463,52.69408523093382,GENROU_4,6,GENROU_1,1,0.9997822259095724,0.9997836479427072,0.0002177740904276,GENROU_4,6,GENROU_5,8,1.5132985417898657,2.0201598096344724,GENROU_5,8,GENROU_2,2,0.9997823750817108,1,0.9997834132772646,2,0.9997828737550212,3,0.9997822259095724,6,0.9997836479427072,8
1300,2,6.693,0.033,0.03,NEXT_STEP,0,0.0565531232366592,0.0640987818113301,0.993662494471343,-0.7822150857823044,Fault_Interface,14,0.0,0.0,0.3,0.993662494471343,-0.7822150857823044,,,,,,,,,,,,,,-23.887128536542512,28.807058726586543,52.69418726312905,GENROU_4,6,GENROU_1,1,0.9997824178620788,0.9997838291451376,0.0002175821379212,GENROU_4,6,GENROU_5,8,1.5132358957563632,2.02008765025566,GENROU_5,8,GENROU_2,2,0.9997825560105904,1,0.9997835990873912,2,0.999783057161913,3,0.9997824178620788,6,0.9997838291451376,8
1302,2,6.696,0.033,0.03,NEXT_STEP,1,0.0565303234770351,0.0640678258021172,0.9936767507541364,-0.782454947761421,Fault_Interface,14,0.0,0.0,0.3,0.9936767507541364,-0.782454947761421,,,,,,,,,,,,,,-23.901227288869727,28.792968897955884,52.69419618682561,GENROU_4,6,GENROU_1,1,0.9997824354611554,0.9997838453547796,0.0002175645388445,GENROU_4,6,GENROU_5,8,1.5132337177644433,2.0200812848119,GENROU_5,8,GENROU_2,2,0.999782572735377,1,0.9997836163108426,2,0.9997830741655854,3,0.9997824354611554,6,0.9997838453547796,8
1304,2,6.729,0.033,0.03,NEXT_STEP,0,0.0565287235530568,0.0640654678413471,0.993679566383836,-0.7851504378139432,Fault_Interface,14,0.0,0.0,0.3,0.993679566383836,-0.7851504378139432,,,,,,,,,,,,,,-24.05623736250134,28.638053513093038,52.694290875594376,GENROU_4,6,GENROU_1,1,0.9997826304324632,0.9997840214994296,0.0002173695675367,GENROU_4,6,GENROU_5,8,1.51317186720886,2.0200134526054723,GENROU_5,8,GENROU_2,2,0.9997827598758128,1,0.9997838091473374,2,0.9997832646729682,3,0.9997826304324632,6,0.9997840214994296,8
1306,2,6.732,0.033,0.03,NEXT_STEP,1,0.0565059958271404,0.0640346264039748,0.9936937489143102,-0.7853900980067949,Fault_Interface,14,0.0,0.0,0.3,0.9936937489143102,-0.7853900980067949,,,,,,,,,,,,,,-24.070322331662798,28.623976913049543,52.69429924471234,GENROU_4,6,GENROU_1,1,0.9997826482971214,0.9997840373015412,0.0002173517028786,GENROU_4,6,GENROU_5,8,1.513169751770083,2.020007503218737,GENROU_5,8,GENROU_2,2,0.9997827771598822,1,0.9997838269706564,2,0.9997832822770856,3,0.9997826482971214,6,0.9997840373015412,8
1308,2,6.765,0.033,0.03,NEXT_STEP,0,0.0565042983680441,0.0640321647700603,0.993696367124377,-0.7880831406360845,Fault_Interface,14,0.0,0.0,0.3,0.993696367124377,-0.7880831406360845,,,,,,,,,,,,,,-24.225179627441115,28.46920940710577,52.69438903454689,GENROU_4,6,GENROU_1,1,0.999782846277042,0.9997842096914468,0.000217153722958,GENROU_4,6,GENROU_5,8,1.5131087877685128,2.019944472712208,GENROU_5,8,GENROU_2,2,0.9997829703699488,1,0.9997840259920828,2,0.9997834789191048,3,0.999782846277042,6,0.9997842096914468,8
1310,2,6.768,0.033,0.03,NEXT_STEP,1,0.0564814383187742,0.0640011721514437,0.9937105998728906,-0.7883225454245097,Fault_Interface,14,0.0,0.0,0.3,0.9937105998728906,-0.7883225454245097,,,,,,,,,,,,,,-24.23925060033572,28.455146464823613,52.694397065159336,GENROU_4,6,GENROU_1,1,0.9997828644360875,0.9997842252239548,0.0002171355639123,GENROU_4,6,GENROU_5,8,1.5131067685672372,2.0199389782023447,GENROU_5,8,GENROU_2,2,0.9997829882015896,1,0.9997840443437164,2,0.9997834970424768,3,0.9997828644360875,6,0.9997842252239548,8
1312,2,6.801,0.033,0.03,NEXT_STEP,0,0.0564797949838102,0.0639987475923844,0.9937129708903572,-0.7910131200947682,Fault_Interface,14,0.0,0.0,0.3,0.9937129708903572,-0.7910131200947682,,,,,,,,,,,,,,-24.393952640911117,28.300531483678387,52.6944841245895,GENROU_4,6,GENROU_1,1,0.9997830657590976,0.9997843954696596,0.0002169342409023,GENROU_4,6,GENROU_5,8,1.5130466145929506,2.019880764421976,GENROU_5,8,GENROU_2,2,0.9997831872723204,1,0.999784248752646,2,0.9997836989494676,3,0.9997830657590976,6,0.9997843954696596,8
1314,2,6.804,0.033,0.03,NEXT_STEP,1,0.0564570189283675,0.0639678887061484,0.9937271231878232,-0.7912523166090853,Fault_Interface,14,0.0,0.0,0.3,0.9937271231878232,-0.7912523166090853,,,,,,,,,,,,,,-24.408009381674987,28.286482613255995,52.694491994930985,GENROU_4,6,GENROU_1,1,0.999783084217326,0.9997844108779282,0.000216915782674,GENROU_4,6,GENROU_5,8,1.5130446513168134,2.019875686198201,GENROU_5,8,GENROU_2,2,0.9997832056158776,1,0.9997842675508692,2,0.9997837175061928,3,0.999783084217326,6,0.9997844108779282,8
1316,2,6.837,0.033,0.03,NEXT_STEP,0,0.0564552805708558,0.0639653642981193,0.9937293134279148,-0.793940343019198,Fault_Interface,14,0.0,0.0,0.3,0.9937293134279148,-0.793940343019198,,,,,,,,,,,,,,-24.56255356300374,28.132024528480613,52.69457809148435,GENROU_4,6,GENROU_1,1,0.99978328891647,0.9997845805905162,0.0002167110835299,GENROU_4,6,GENROU_5,8,1.5129853494133274,2.0198220134214075,GENROU_5,8,GENROU_2,2,0.999783410065749,1,0.999784476427292,2,0.9997839237312456,3,0.99978328891647,6,0.9997845805905162,8
1318,2,6.84,0.033,0.03,NEXT_STEP,1,0.0564324856589299,0.0639344823488697,0.993743456002518,-0.7941793030265496,Fault_Interface,14,0.0,0.0,0.3,0.993743456002518,-0.7941793030265496,,,,,,,,,,,,,,-24.57659583278479,28.11799011021605,52.69458594300084,GENROU_4,6,GENROU_1,1,0.9997833076952258,0.999784596027974,0.0002166923047741,GENROU_4,6,GENROU_5,8,1.5129834663291577,2.019817349082428,GENROU_5,8,GENROU_2,2,0.9997834288767028,1,0.9997844955931446,2,0.9997839426422774,3,0.9997833076952258,6,0.999784596027974,8
1320,2,6.873,0.033,0.03,NEXT_STEP,0,0.0564307496460522,0.0639319611925329,0.993745430114138,-0.7968647499227377,Fault_Interface,14,0.0,0.0,0.3,0.993745430114138,-0.7968647499227377,,,,,,,,,,,,,,-24.73097943948979,27.963692899045704,52.6946723385355,GENROU_4,6,GENROU_1,1,0.9997835159886964,0.9997847668822968,0.0002164840113034,GENROU_4,6,GENROU_5,8,1.5129249974671382,2.019768147330951,GENROU_5,8,GENROU_2,2,0.9997836381664584,1,0.9997847080794586,2,0.9997841523600676,3,0.9997835159886964,6,0.9997847668822968,8
1322,2,6.876,0.033,0.03,NEXT_STEP,1,0.0564079830702745,0.0639011279247803,0.9937595317309867,-0.7971034795492725,Fault_Interface,14,0.0,0.0,0.3,0.9937595317309867,-0.7971034795492725,,,,,,,,,,,,,,-24.745006984313896,27.94967327502356,52.69468025933746,GENROU_4,6,GENROU_1,1,0.9997835350969791,0.9997847824966029,0.0002164649030208,GENROU_4,6,GENROU_5,8,1.512923182338012,2.019763878688114,GENROU_5,8,GENROU_2,2,0.9997836573884136,1,0.9997847275333036,2,0.9997841715513586,3,0.9997835350969791,6,0.9997847824966029,8
1324,2,6.909,0.033,0.03,NEXT_STEP,0,0.0564063704590227,0.063898750361197,0.9937612218586944,-0.7997863336348453,Fault_Interface,14,0.0,0.0,0.3,0.9937612218586944,-0.7997863336348453,,,,,,,,,,,,,,-24.899227227817587,27.795540433043328,52.69476766086092,GENROU_4,6,GENROU_1,1,0.999783746954455,0.9997849560124412,0.0002162530455449,GENROU_4,6,GENROU_5,8,1.512865565070324,2.019719003593093,GENROU_5,8,GENROU_2,2,0.9997838708194872,1,0.9997849427346004,2,0.999784383947388,3,0.999783746954455,6,0.9997849560124412,8
1326,2,6.912,0.033,0.03,NEXT_STEP,1,0.0563835603843293,0.063867900150815,0.9937753158597842,-0.8000248106671739,Fault_Interface,14,0.0,0.0,0.3,0.9937753158597842,-0.8000248106671739,,,,,,,,,,,,,,-24.913239795538143,27.78153589609428,52.69477569163243,GENROU_4,6,GENROU_1,1,0.999783766387503,0.9997849719349942,0.000216233612497,GENROU_4,6,GENROU_5,8,1.5128638338410418,2.019715130260664,GENROU_5,8,GENROU_2,2,0.999783890385789,1,0.999784962396526,2,0.9997844033481276,3,0.999783766387503,6,0.9997849719349942,8
1328,2,6.945,0.033,0.03,NEXT_STEP,0,0.0563817875535868,0.0638653231724681,0.9937769024886168,-0.8027049444361023,Fault_Interface,14,0.0,0.0,0.3,0.9937769024886168,-0.8027049444361023,,,,,,,,,,,,,,-25.067293834678,27.627570395548737,52.69486423022674,GENROU_4,6,GENROU_1,1,0.9997839821059408,0.9997851795613462,0.0002160178940591,GENROU_4,6,GENROU_2,2,1.512807072130023,2.019674501391396,GENROU_5,8,GENROU_2,2,0.9997841073332092,1,0.9997851795613462,2,0.9997846178039016,3,0.9997839821059408,6,0.999785149575361,8
1330,2,6.948,0.033,0.03,NEXT_STEP,1,0.0563590854180851,0.0638345987465366,0.993790919280431,-0.8029432017144098,Fault_Interface,14,0.0,0.0,0.3,0.993790919280431,-0.8029432017144098,,,,,,,,,,,,,,-25.081291153351888,27.613581194099712,52.6948723474516,GENROU_4,6,GENROU_1,1,0.9997840018856058,0.999785199369059,0.0002159981143942,GENROU_4,6,GENROU_2,2,1.5128053963503243,2.0196709973303144,GENROU_5,8,GENROU_2,2,0.999784127189969,1,0.999785199369059,2,0.9997846373667744,3,0.9997840018856058,6,0.9997851659340152,8
1332,2,6.981,0.033,0.03,NEXT_STEP,0,0.0563573793839606,0.0638321239488994,0.9937922681964394,-0.8056206240287737,Fault_Interface,14,0.0,0.0,0.3,0.9937922681964394,-0.8056206240287737,,,,,,,,,,,,,,-25.23517601245748,27.459785502226502,52.69496151468398,GENROU_4,6,GENROU_1,1,0.999784221280424,0.999785417767244,0.0002157787195758,GENROU_4,6,GENROU_2,2,1.512749457508881,2.019634248456512,GENROU_5,8,GENROU_2,2,0.9997843469583572,1,0.999785417767244,2,0.999784853325722,3,0.999784221280424,6,0.9997853488877592,8
1334,2,6.984,0.033,0.03,NEXT_STEP,1,0.0563345793358995,0.0638012995587351,0.9938063168551206,-0.80585860661807,Fault_Interface,14,0.0,0.0,0.3,0.9938063168551206,-0.80585860661807,,,,,,,,,,,,,,-25.24915782161316,27.44581183588392,52.69496965749707,GENROU_4,6,GENROU_1,1,0.9997842413999564,0.999785437658804,0.0002157586000437,GENROU_4,6,GENROU_2,2,1.5127478714706344,2.019631086610391,GENROU_5,8,GENROU_2,2,0.9997843670434148,1,0.999785437658804,2,0.9997848730054648,3,0.9997842413999564,6,0.999785365779696,8
1336,2,7.017,0.033,0.03,NEXT_STEP,0,0.0563328187382032,0.063798740721711,0.9938075337272442,-0.808533231035137,Fault_Interface,14,0.0,0.0,0.3,0.9938075337272442,-0.808533231035137,,,,,,,,,,,,,,-25.402870589127847,27.292187926762903,52.69505851589075,GENROU_4,6,GENROU_1,1,0.9997844646173928,0.999785656744924,0.0002155353826072,GENROU_4,6,GENROU_2,2,1.512692729261883,2.019597911230865,GENROU_5,8,GENROU_2,2,0.999784589078808,1,0.999785656744924,2,0.999785090126073,3,0.9997844646173928,6,0.999785555077777,8
1338,2,7.02,0.033,0.03,NEXT_STEP,1,0.0563077882437139,0.0637647893288025,0.9938229917844822,-0.8087704328355761,Fault_Interface,14,0.0,0.0,0.3,0.9938229917844822,-0.8087704328355761,,,,,,,,,,,,,,-25.41683661359474,27.278229957387254,52.69506657098199,GENROU_4,6,GENROU_1,1,0.99978448524474,0.9997856767248192,0.0002155147552599,GENROU_4,6,GENROU_2,2,1.5126915448285416,2.019595046996948,GENROU_5,8,GENROU_2,2,0.9997846093972522,1,0.9997856767248192,2,0.9997851099505322,3,0.99978448524474,6,0.9997855726342108,8
1340,2,7.053,0.033,0.03,NEXT_STEP,0,0.0563055554699887,0.0637614480830897,0.9938246556322338,-0.8114419162592453,Fault_Interface,14,0.0,0.0,0.3,0.9938246556322338,-0.8114419162592453,,,,,,,,,,,,,,-25.57037297350836,27.12477988062697,52.69515285413533,GENROU_4,6,GENROU_1,1,0.9997847156773544,0.9997858972785888,0.0002152843226455,GENROU_4,6,GENROU_2,2,1.5126359340921611,2.0195614596054714,GENROU_5,8,GENROU_2,2,0.9997848344612024,1,0.9997858972785888,2,0.9997853294187142,3,0.9997847156773544,6,0.9997857703421288,8
1342,2,7.056,0.033,0.03,NEXT_STEP,1,0.0562804674290217,0.0637274607298406,0.9938401405256262,-0.8116788260025835,Fault_Interface,14,0.0,0.0,0.3,0.9938401405256262,-0.8116788260025835,,,,,,,,,,,,,,-25.58432270803708,27.110837820527266,52.69516052856434,GENROU_4,6,GENROU_1,1,0.9997847369606476,0.999785917389677,0.0002152630393522,GENROU_4,6,GENROU_2,2,1.5126346468103176,2.0195581697620297,GENROU_5,8,GENROU_2,2,0.999784855041893,1,0.999785917389677,2,0.9997853494740035,3,0.9997847369606476,6,0.9997857887118548,8
1344,2,7.089,0.033,0.03,NEXT_STEP,0,0.0562782233792695,0.0637241028050192,0.9938418410679144,-0.8143472543600552,Fault_Interface,14,0.0,0.0,0.3,0.9938418410679144,-0.8143472543600552,,,,,,,,,,,,,,-25.737677154109395,26.95756377162419,52.69524092573359,GENROU_4,6,GENROU_1,1,0.9997849743598748,0.9997861393308412,0.000215025640125,GENROU_4,6,GENROU_2,2,1.512578445534574,2.0195185333352805,GENROU_5,8,GENROU_2,2,0.999785082699479,1,0.9997861393308412,2,0.9997855715441916,3,0.9997849743598748,6,0.9997859956027751,8
1346,2,7.092,0.033,0.03,NEXT_STEP,1,0.0562531701419463,0.0636901742104463,0.993857298465314,-0.8145838939643323,Fault_Interface,14,0.0,0.0,0.3,0.993857298465314,-0.8145838939643323,,,,,,,,,,,,,,-25.751610106433382,26.943637804141996,52.695247910575375,GENROU_4,6,GENROU_1,1,0.9997849962474096,0.9997861595617225,0.0002150037525905,GENROU_4,6,GENROU_2,2,1.5125771430380277,2.0195146625968152,GENROU_5,8,GENROU_2,2,0.999785103489342,1,0.9997861595617225,2,0.9997855918390574,3,0.9997849962474096,6,0.9997860148240124,8
1348,2,7.125,0.033,0.03,NEXT_STEP,0,0.0562509415717207,0.0636868405771986,0.9938589429352024,-0.8172492554546578,Fault_Interface,14,0.0,0.0,0.3,0.9938589429352024,-0.8172492554546578,,,,,,,,,,,,,,-25.90477747996101,26.79054161116122,52.69531909112223,GENROU_4,6,GENROU_1,1,0.9997852399434172,0.9997863827953318,0.0002147600565829,GENROU_4,6,GENROU_2,2,1.5125210240378215,2.019470658042629,GENROU_5,8,GENROU_2,2,0.9997853332750466,1,0.9997863827953318,2,0.9997858165486456,3,0.9997852399434172,6,0.9997862311055296,8
1350,2,7.128,0.033,0.03,NEXT_STEP,1,0.056225917143028,0.0636529611448541,0.9938743717805816,-0.8174856211938336,Fault_Interface,14,0.0,0.0,0.3,0.9938743717805816,-0.8174856211938336,,,,,,,,,,,,,,-25.91869320495377,26.77663188681115,52.69532509176492,GENROU_4,6,GENROU_1,1,0.999785262371621,0.9997864031424648,0.0002147376283789,GENROU_4,6,GENROU_2,2,1.512519738770314,2.019466567634149,GENROU_5,8,GENROU_2,2,0.9997853542450128,1,0.9997864031424648,2,0.9997858370838636,3,0.999785262371621,6,0.9997862511806428,8
1352,2,7.161,0.033,0.03,NEXT_STEP,0,0.0562236985273436,0.0636496426484773,0.9938759193835592,-0.8201478829461843,Fault_Interface,14,0.0,0.0,0.3,0.9938759193835592,-0.8201478829461843,,,,,,,,,,,,,,-26.071668888323288,26.62371512614097,52.69538401446426,GENROU_4,6,GENROU_1,1,0.999785511643888,0.9997866276924632,0.000214488356112,GENROU_4,6,GENROU_2,2,1.5124639658882482,2.019421370963957,GENROU_5,8,GENROU_2,2,0.9997855859754636,1,0.9997866276924632,2,0.9997860644402148,3,0.999785511643888,6,0.9997864767291528,8
1354,2,7.164,0.033,0.03,NEXT_STEP,1,0.0561987041000058,0.0636158144890208,0.9938913157703628,-0.8203839717920648,Fault_Interface,14,0.0,0.0,0.3,0.9938913157703628,-0.8203839717920648,,,,,,,,,,,,,,-26.08556699180463,26.609821782450467,52.69538877425509,GENROU_4,6,GENROU_1,1,0.9997855345449596,0.9997866481634344,0.0002144654550404,GENROU_4,6,GENROU_2,2,1.5124627142079796,2.0194172701796136,GENROU_5,8,GENROU_2,2,0.9997856071205083,1,0.9997866481634344,2,0.9997860852163796,3,0.9997855345449596,6,0.9997864976334756,8
1356,2,7.197,0.033,0.03,NEXT_STEP,0,0.0561964966627241,0.0636125130388799,0.9938927403689032,-0.823043095790953,Fault_Interface,14,0.0,0.0,0.3,0.9938927403689032,-0.823043095790953,,,,,,,,,,,,,,-26.238346943114102,26.45708597632368,52.695432919437785,GENROU_4,6,GENROU_1,1,0.999785788635442,0.9997868741615548,0.0002142113645581,GENROU_4,6,GENROU_2,2,1.5124074369361604,2.0193725405451035,GENROU_5,8,GENROU_2,2,0.999785840834086,1,0.9997868741615548,2,0.9997863152317522,3,0.999785788635442,6,0.9997867320486318,8
1358,2,7.2,0.033,0.03,NEXT_STEP,1,0.0561715319183332,0.0635787356290094,0.9939081029031052,-0.8232789039973796,Fault_Interface,14,0.0,0.0,0.3,0.9939081029031052,-0.8232789039973796,,,,,,,,,,,,,,-26.252227084475127,26.443209153517536,52.695436237992666,GENROU_4,6,GENROU_1,1,0.9997858119398352,0.9997868947725612,0.0002141880601647,GENROU_4,6,GENROU_2,2,1.512406229194398,2.01936853110468,GENROU_5,8,GENROU_2,2,0.9997858621657244,1,0.9997868947725612,2,0.999786336250618,3,0.9997858119398352,6,0.9997867537344094,8
1360,2,7.233,0.033,0.03,NEXT_STEP,0,0.056169335055668,0.0635754506776682,0.9939093920431408,-0.8259348486061302,Fault_Interface,14,0.0,0.0,0.3,0.9939093920431408,-0.8259348486061302,,,,,,,,,,,,,,-26.404807850133544,26.29065591318928,52.69546376332282,GENROU_4,6,GENROU_1,1,0.999786070096773,0.9997871224321576,0.0002139299032269,GENROU_4,6,GENROU_2,2,1.512351539061159,2.019325160508453,GENROU_5,8,GENROU_2,2,0.9997860980481812,1,0.9997871224321576,2,0.999786568954054,3,0.999786070096773,6,0.999786996387565,8
1362,2,7.236,0.033,0.03,NEXT_STEP,1,0.0561442873093826,0.0635415962063688,0.9939247814558494,-0.8261703442768693,Fault_Interface,14,0.0,0.0,0.3,0.9939247814558494,-0.8261703442768693,,,,,,,,,,,,,,-26.41866974164813,26.27679576469717,52.6954655063453,GENROU_4,6,GENROU_1,1,0.9997860937453694,0.9997871432080276,0.0002139062546305,GENROU_4,6,GENROU_2,2,1.5123503958915523,2.019321304278361,GENROU_5,8,GENROU_2,2,0.9997861195909512,1,0.9997871432080276,2,0.9997865902217132,3,0.9997860937453694,6,0.9997870187912072,8
1364,2,7.269,0.033,0.03,NEXT_STEP,0,0.0561421523392768,0.063538361277712,0.993925919333771,-0.8288230739310887,Fault_Interface,14,0.0,0.0,0.3,0.993925919333771,-0.8288230739310887,,,,,,,,,,,,,,-26.571048386930546,26.12442689783508,52.69547528476562,GENROU_4,6,GENROU_1,1,0.9997863553800816,0.9997873728389146,0.0002136446199183,GENROU_4,6,GENROU_2,2,1.5122963009472992,2.0192797047335844,GENROU_5,8,GENROU_2,2,0.9997863579550502,1,0.9997873728389146,2,0.9997868257096014,3,0.9997863553800816,6,0.9997872689231936,8
1366,2,7.272,0.033,0.03,NEXT_STEP,1,0.0561171901176393,0.0635046420088696,0.9939412366048096,-0.829058293725385,Fault_Interface,14,0.0,0.0,0.3,0.9939412366048096,-0.829058293725385,,,,,,,,,,,,,,-26.58489178308758,26.11058359896877,52.69547538205635,GENROU_4,6,GENROU_1,1,0.9997863793064296,0.9997873938050704,0.0002136206935703,GENROU_4,6,GENROU_2,2,1.512295197204094,2.0192760143103103,GENROU_5,8,GENROU_2,2,0.9997863797342612,1,0.9997873938050704,2,0.999786847231182,3,0.9997863793064296,6,0.999787291964395,8
1368,2,7.305,0.033,0.03,NEXT_STEP,0,0.0561149615354241,0.0635013095299965,0.9939422913544026,-0.8317077296637375,Fault_Interface,14,0.0,0.0,0.3,0.9939422913544026,-0.8317077296637375,,,,,,,,,,,,,,-26.737065877838724,25.958401142440252,52.69546702027898,GENROU_4,6,GENROU_1,1,0.999786620862569,0.9997876256940496,0.000213379137431,GENROU_1,1,GENROU_2,2,1.5122417569507582,2.0192363546469965,GENROU_5,8,GENROU_2,2,0.999786620862569,1,0.9997876256940496,2,0.9997870855601956,3,0.999786643740242,6,0.9997875486389092,8
1370,2,7.308,0.033,0.03,NEXT_STEP,1,0.0560897949128403,0.0634673178973525,0.993957722341048,-0.8319426011715327,Fault_Interface,14,0.0,0.0,0.3,0.993957722341048,-0.8319426011715327,,,,,,,,,,,,,,-26.750890580126665,25.94457488880892,52.69546546893558,GENROU_4,6,GENROU_1,1,0.9997866429142416,0.9997876468864116,0.0002133570857584,GENROU_1,1,GENROU_2,2,1.512240741812351,2.0192328515820344,GENROU_5,8,GENROU_2,2,0.9997866429142416,1,0.9997876468864116,2,0.9997871073509672,3,0.9997866679175376,6,0.9997875722376602,8
1372,2,7.341,0.033,0.03,NEXT_STEP,0,0.0560872426650931,0.0634634956180418,0.9939589139322282,-0.8345886142948856,Fault_Interface,14,0.0,0.0,0.3,0.9939589139322282,-0.8345886142948856,,,,,,,,,,,,,,-26.90285791662273,25.79258119218708,52.69543910880981,GENROU_4,6,GENROU_1,1,0.9997868873296152,0.9997878815633526,0.0002131126703849,GENROU_1,1,GENROU_2,2,1.5121877864235005,2.019194729348411,GENROU_5,8,GENROU_2,2,0.9997868873296152,1,0.9997878815633526,2,0.9997873489524096,3,0.9997869352579,6,0.9997878347017428,8
1374,2,7.344,0.033,0.03,NEXT_STEP,1,0.0560593852890734,0.0634259038402386,0.993975995885016,-0.8348225367472335,Fault_Interface,14,0.0,0.0,0.3,0.993975995885016,-0.8348225367472335,,,,,,,,,,,,,,-26.916663714021727,25.77877221797698,52.6954359319987,GENROU_4,6,GENROU_1,1,0.9997869097626656,0.9997879030892096,0.0002130902373342,GENROU_1,1,GENROU_2,2,1.5121871884849114,2.0191912992926406,GENROU_5,8,GENROU_2,2,0.9997869097626656,1,0.9997879030892096,2,0.999787371108272,3,0.9997869598841062,6,0.9997878588493992,8
1376,2,7.377,0.033,0.03,NEXT_STEP,0,0.0560564703846094,0.0634214533250772,0.9939776741366688,-0.8374648436904488,Fault_Interface,14,0.0,0.0,0.3,0.9939776741366688,-0.8374648436904488,,,,,,,,,,,,,,-27.06842055954531,25.62697054388072,52.69539110342603,GENROU_4,6,GENROU_1,1,0.9997871592796812,0.9997881423907902,0.0002128407203189,GENROU_1,1,GENROU_2,2,1.5121332115216737,2.0191496616597044,GENROU_5,8,GENROU_2,2,0.9997871592796812,1,0.9997881423907902,2,0.999787617760132,3,0.9997872338640046,6,0.9997881277810532,8
1378,2,7.38,0.033,0.03,NEXT_STEP,1,0.055790019901716,0.0628604836352636,0.9942130234134112,-0.8376514563909153,Fault_Interface,14,0.0,0.0,0.3,0.9942130234134112,-0.8376514563909153,,,,,,,,,,,,,,-27.082206422831582,25.61317938419359,52.695385807025175,GENROU_4,6,GENROU_1,1,0.9997871876435556,0.9997881696585748,0.0002128123564443,GENROU_1,1,GENROU_2,2,1.5121737821659789,2.0191448554067364,GENROU_5,8,GENROU_2,2,0.9997871876435556,1,0.9997881696585748,2,0.9997876461247426,3,0.9997872765283944,6,0.99978815701959,8
1380,2,7.413,0.033,0.03,NEXT_STEP,0,0.0557969081286277,0.0628690481515607,0.9942434583166472,-0.8402713130321433,Fault_Interface,14,0.0,0.0,0.3,0.9942434583166472,-0.8402713130321433,,,,,,,,,,,,,,-27.23361073230196,25.461614937892907,52.69522567019487,GENROU_4,6,GENROU_1,1,0.9997875455467587,0.9997885435522544,0.0002124544532412,GENROU_1,1,GENROU_5,8,1.5119381092830588,2.0186329326746475,GENROU_5,8,GENROU_2,2,0.9997875455467587,1,0.9997885321210532,2,0.9997880390774304,3,0.999787903423952,6,0.9997885435522544,8
1382,2,7.416,0.033,0.03,NEXT_STEP,1,0.0557828093047394,0.0628490715517495,0.9942546420015436,-0.8405063120580558,Fault_Interface,14,0.0,0.0,0.3,0.9942546420015436,-0.8405063120580558,,,,,,,,,,,,,,-27.247352870771845,25.447848882091535,52.69520175286338,GENROU_4,6,GENROU_1,1,0.9997875761877668,0.9997885797451748,0.000212423812233,GENROU_1,1,GENROU_5,8,1.5119176869482578,2.018538062394396,GENROU_5,8,GENROU_2,2,0.9997875761877668,1,0.9997885654645314,2,0.9997880761303648,3,0.9997879564998168,6,0.9997885797451748,8
1384,2,7.449,0.033,0.03,NEXT_STEP,0,0.0557811695137202,0.0628464321334063,0.994273643624444,-0.8431270199624994,Fault_Interface,14,0.0,0.0,0.3,0.994273643624444,-0.8431270199624994,,,,,,,,,,,,,,-27.39829821917107,25.29654923073901,52.694847449910085,GENROU_4,6,GENROU_1,1,0.9997879006459764,0.9997889835590096,0.0002120993540235,GENROU_1,1,GENROU_5,8,1.5117309492940951,2.0174099152263945,GENROU_5,8,GENROU_2,2,0.9997879006459764,1,0.9997889380027324,2,0.9997884891027315,3,0.999788512655256,6,0.9997889835590096,8
1386,2,7.452,0.033,0.03,NEXT_STEP,1,0.0557550785730916,0.062810614038895,0.994291021318654,-0.8433592057199601,Fault_Interface,14,0.0,0.0,0.3,0.994291021318654,-0.8433592057199601,,,,,,,,,,,,,,-27.41200101497784,25.28280612673539,52.69480714171323,GENROU_4,6,GENROU_1,1,0.9997879294773684,0.9997890209558916,0.0002120705226315,GENROU_1,1,GENROU_5,8,1.511722743783118,2.017312151211076,GENROU_5,8,GENROU_2,2,0.9997879294773684,1,0.9997889726379572,2,0.9997885272680752,3,0.9997885615482386,6,0.9997890209558916,8
1388,2,7.485,0.033,0.03,NEXT_STEP,0,0.0557534718962782,0.0628081071660219,0.994301101827618,-0.8459786931753144,Fault_Interface,14,0.0,0.0,0.3,0.994301101827618,-0.8459786931753144,,,,,,,,,,,,,,-27.56252904064357,25.1317564960036,52.69428553664717,GENROU_4,6,GENROU_1,1,0.9997882498049906,0.9997894368140394,0.0002117501950094,GENROU_1,1,GENROU_5,8,1.511602447920113,2.016522717954347,GENROU_5,8,GENROU_2,2,0.9997882498049906,1,0.9997893624666688,2,0.9997889487827138,3,0.999789078324296,6,0.9997894368140394,8
1390,2,7.488,0.033,0.03,NEXT_STEP,1,0.0557266483691332,0.0627715106843731,0.9943182150302774,-0.8462105254314106,Fault_Interface,14,0.0,0.0,0.3,0.9943182150302774,-0.8462105254314106,,,,,,,,,,,,,,-27.576195303958336,25.11803604088804,52.69423134484637,GENROU_4,6,GENROU_1,1,0.9997882793581092,0.9997894749699384,0.0002117206418906,GENROU_1,1,GENROU_5,8,1.5115970276473605,2.016474500161754,GENROU_5,8,GENROU_2,2,0.9997882793581092,1,0.9997893987289868,2,0.999788987179124,3,0.9997891234252486,6,0.9997894749699384,8
1392,2,7.521,0.033,0.03,NEXT_STEP,0,0.055724533592763,0.0627682150996619,0.9943229157849554,-0.8488274734556772,Fault_Interface,14,0.0,0.0,0.3,0.9943229157849554,-0.8488274734556772,,,,,,,,,,,,,,-27.726338014863927,24.967241370776065,52.69357938563999,GENROU_4,6,GENROU_1,1,0.9997886158885066,0.9997898966394544,0.0002113841114933,GENROU_1,1,GENROU_5,8,1.51150257253514,2.016076918270122,GENROU_5,8,GENROU_2,2,0.9997886158885066,1,0.9997898073456216,2,0.9997894075943272,3,0.9997895974694332,6,0.9997898966394544,8
1394,2,7.524,0.033,0.03,NEXT_STEP,1,0.0556972872037851,0.0627312081176321,0.9943398227488446,-0.8490589343795185,Fault_Interface,14,0.0,0.0,0.3,0.9943398227488446,-0.8490589343795185,,,,,,,,,,,,,,-27.73997076643093,24.953544707732327,52.693515474163256,GENROU_4,6,GENROU_1,1,0.9997886475977978,0.9997899351033384,0.0002113524022021,GENROU_1,1,GENROU_5,8,1.511499092293456,2.0160514656341864,GENROU_5,8,GENROU_2,2,0.9997886475977978,1,0.9997898453677396,2,0.9997894455810106,3,0.9997896385933136,6,0.9997899351033384,8
1396,2,7.557,0.033,0.03,NEXT_STEP,0,0.0556948892555939,0.0627274809898627,0.994341046443772,-0.8516725429916397,Fault_Interface,14,0.0,0.0,0.3,0.994341046443772,-0.8516725429916397,,,,,,,,,,,,,,-27.889761659020103,24.80302240028828,52.69278405930838,GENROU_4,6,GENROU_1,1,0.9997890121507038,0.9997903583659212,0.0002109878492961,GENROU_1,1,GENROU_5,8,1.5114220284195676,2.0158413343779644,GENROU_5,8,GENROU_2,2,0.9997890121507038,1,0.999790273139558,2,0.9997898595695474,3,0.999790069478582,6,0.9997903583659212,8
1398,2,7.56,0.033,0.03,NEXT_STEP,1,0.0556672881214496,0.0626901186709531,0.9943578656863296,-0.851903586399569,Fault_Interface,14,0.0,0.0,0.3,0.9943578656863296,-0.851903586399569,,,,,,,,,,,,,,-27.903363949103937,24.789351508584875,52.69271545768881,GENROU_4,6,GENROU_1,1,0.9997890467473391,0.9997903968179,0.0002109532526607,GENROU_1,1,GENROU_5,8,1.5114198249781738,2.015828286096343,GENROU_5,8,GENROU_2,2,0.9997890467473391,1,0.999790312877914,2,0.999789896815358,3,0.9997901067533984,6,0.9997903968179,8
1400,2,7.593,0.033,0.03,NEXT_STEP,0,0.0556646725451374,0.0626860587783394,0.994356899341622,-0.8545132662700202,Fault_Interface,14,0.0,0.0,0.3,0.994356899341622,-0.8545132662700202,,,,,,,,,,,,,,-28.052835457212197,24.639125430019345,52.69196088723154,GENROU_4,6,GENROU_1,1,0.9997894442370628,0.9997908187347444,0.0002105557629371,GENROU_1,1,GENROU_5,8,1.5113542248880434,2.015734224087941,GENROU_5,8,GENROU_2,2,0.9997894442370628,1,0.9997907585604582,2,0.9997903020241152,3,0.999790497623988,6,0.9997908187347444,8
1402,2,7.596,0.033,0.03,NEXT_STEP,1,0.0556369289700148,0.0626485747869175,0.99437361412669,-0.854743898538245,Fault_Interface,14,0.0,0.0,0.3,0.99437361412669,-0.854743898538245,,,,,,,,,,,,,,-28.066410114344308,24.62548263659712,52.69189275094142,GENROU_4,6,GENROU_1,1,0.9997894818918808,0.9997908569555354,0.0002105181081191,GENROU_1,1,GENROU_5,8,1.5113528579201614,2.015729936422149,GENROU_5,8,GENROU_2,2,0.9997894818918808,1,0.9997907998242378,2,0.9997903384171912,3,0.9997905314768726,6,0.9997908569555354,8
1404,2,7.629,0.033,0.03,NEXT_STEP,0,0.0556342119967318,0.0626443602710579,0.9943712291632664,-0.857349247800234,Fault_Interface,14,0.0,0.0,0.3,0.9943712291632664,-0.857349247800234,,,,,,,,,,,,,,-28.215591167032745,24.475578322729326,52.69116948976208,GENROU_4,6,GENROU_1,1,0.9997899118055568,0.9997912755243784,0.0002100881944431,GENROU_1,1,GENROU_5,8,1.5112949462661975,2.0157155048348034,GENROU_5,8,GENROU_2,2,0.9997899118055568,1,0.9997912606366092,2,0.9997907343403032,3,0.9997908881279908,6,0.9997912755243784,8
1406,2,7.632,0.033,0.03,NEXT_STEP,1,0.0556063037633046,0.0626067203305782,0.99438791624924,-0.8575794305645867,Fault_Interface,14,0.0,0.0,0.3,0.99438791624924,-0.8575794305645867,,,,,,,,,,,,,,-28.22914060975448,24.461965918840992,52.69110652859547,GENROU_4,6,GENROU_1,1,0.9997899522719638,0.9997913133738568,0.0002100477280362,GENROU_1,1,GENROU_5,8,1.511294154679221,2.0157169877081644,GENROU_5,8,GENROU_2,2,0.9997899522719638,1,0.99979130311916,2,0.9997907699197096,3,0.9997909191954124,6,0.9997913133738568,8
1408,2,7.665,0.033,0.03,NEXT_STEP,0,0.0556034819744581,0.0626023454777441,0.994384676318444,-0.8601801242634742,Fault_Interface,14,0.0,0.0,0.3,0.994384676318444,-0.8601801242634742,,,,,,,,,,,,,,-28.378054815207395,24.312407007416304,52.6904618226237,GENROU_4,6,GENROU_1,1,0.9997904103483884,0.99979177528264,0.0002095896516115,GENROU_1,1,GENROU_2,2,1.5112414220312715,2.015753765798108,GENROU_5,8,GENROU_2,2,0.9997904103483884,1,0.99979177528264,2,0.9997911576455144,3,0.9997912494544922,6,0.9997917274775784,8
1410,2,7.668,0.033,0.03,NEXT_STEP,1,0.0555735428563366,0.062561170447926,0.9944028322339276,-0.8604094309002431,Fault_Interface,14,0.0,0.0,0.3,0.9944028322339276,-0.8604094309002431,,,,,,,,,,,,,,-28.39158090453109,24.29882698466923,52.69040788920032,GENROU_4,6,GENROU_1,1,0.9997904531470722,0.999791818646992,0.0002095468529278,GENROU_1,1,GENROU_2,2,1.5112413645848,2.015758852953617,GENROU_5,8,GENROU_2,2,0.9997904531470722,1,0.999791818646992,2,0.9997911926072534,3,0.9997912786528014,6,0.9997917649279542,8
1412,2,7.701,0.033,0.03,NEXT_STEP,0,0.0555699120092547,0.0625553230493282,0.9943999561199344,-0.8630048756186888,Fault_Interface,14,0.0,0.0,0.3,0.9943999561199344,-0.8630048756186888,,,,,,,,,,,,,,-28.54024408269232,24.149633248042413,52.68987733073473,GENROU_4,6,GENROU_1,1,0.9997909338705244,0.999792298918108,0.0002090661294754,GENROU_1,1,GENROU_2,2,1.511190812915989,2.0158235227706705,GENROU_5,8,GENROU_2,2,0.9997909338705244,1,0.999792298918108,2,0.999791575547498,3,0.9997915946930924,6,0.9997921753321932,8
1414,2,7.704,0.033,0.03,NEXT_STEP,1,0.0555384364678628,0.0625114636614722,0.9944192610765696,-0.8632333772993108,Fault_Interface,14,0.0,0.0,0.3,0.9944192610765696,-0.8632333772993108,,,,,,,,,,,,,,-28.553747825239437,24.136087206220992,52.689835031460426,GENROU_4,6,GENROU_1,1,0.9997909784189376,0.9997923428605746,0.0002090215810622,GENROU_1,1,GENROU_2,2,1.5111910844354794,2.0158300537084384,GENROU_5,8,GENROU_2,2,0.9997909784189376,1,0.9997923428605746,2,0.9997916102491992,3,0.9997916231295276,6,0.9997922125000678,8
1416,2,7.737,0.033,0.03,NEXT_STEP,0,0.0555346103165938,0.0625052118954319,0.9944166317687756,-0.8658234075917755,Fault_Interface,14,0.0,0.0,0.3,0.9944166317687756,-0.8658234075917755,,,,,,,,,,,,,,-28.70216668238469,23.98727348411863,52.68944016650332,GENROU_4,6,GENROU_1,1,0.999791474487548,0.9997928276382342,0.0002085255124518,GENROU_1,1,GENROU_2,2,1.5111404467331395,2.0159012832814374,GENROU_5,8,GENROU_2,2,0.999791474487548,1,0.9997928276382342,2,0.9997919923764016,3,0.9997919360427906,6,0.9997926205180492,8
1418,2,7.74,0.033,0.03,NEXT_STEP,1,0.0555034055027233,0.0624617433134596,0.9944357652928112,-0.8660514802311404,Fault_Interface,14,0.0,0.0,0.3,0.9944357652928112,-0.8660514802311404,,,,,,,,,,,,,,-28.715648303640464,23.973762506947384,52.68941081058784,GENROU_4,6,GENROU_1,1,0.9997915200442036,0.9997928717831048,0.0002084799557965,GENROU_1,1,GENROU_2,2,1.5111406342369431,2.0159076588796685,GENROU_5,8,GENROU_2,2,0.9997915200442036,1,0.9997928717831048,2,0.9997920271293071,3,0.9997919645357348,6,0.999792657499058,8
1420,2,7.773,0.033,0.03,NEXT_STEP,0,0.0554996623809217,0.0624556236275613,0.9944330968836532,-0.868636093526951,Fault_Interface,14,0.0,0.0,0.3,0.9944330968836532,-0.868636093526951,,,,,,,,,,,,,,-28.86382246706293,23.825337409352574,52.68915987641551,GENROU_4,6,GENROU_1,1,0.9997920229660828,0.9997933565388388,0.0002079770339172,GENROU_1,1,GENROU_2,2,1.5110901179532965,2.0159759502406405,GENROU_5,8,GENROU_2,2,0.9997920229660828,1,0.9997933565388388,2,0.9997924110774268,3,0.9997922814782718,6,0.9997930637703674,8
1422,2,7.776,0.033,0.03,NEXT_STEP,1,0.0554683714768462,0.0624120751071488,0.9944522712694344,-0.8688636459860924,Fault_Interface,14,0.0,0.0,0.3,0.9944522712694344,-0.8688636459860924,,,,,,,,,,,,,,-28.87728168160653,23.81186198181584,52.68914366342237,GENROU_4,6,GENROU_1,1,0.9997920687766104,0.9997934004881052,0.0002079312233895,GENROU_1,1,GENROU_2,2,1.5110903637258186,2.015982039333877,GENROU_5,8,GENROU_2,2,0.9997920687766104,1,0.9997934004881052,2,0.9997924461159452,3,0.9997923106654444,6,0.9997931006300752,8
1424,2,7.809,0.033,0.03,NEXT_STEP,0,0.0554645848706091,0.0624058897198921,0.9944496539676676,-0.8714427138751767,Fault_Interface,14,0.0,0.0,0.3,0.9944496539676676,-0.8714427138751767,,,,,,,,,,,,,,-29.02520535956134,23.663827859273763,52.68903321883511,GENROU_4,6,GENROU_1,1,0.9997925709818354,0.9997938811882487,0.0002074290181646,GENROU_1,1,GENROU_2,2,1.5110403015288123,2.016048218359625,GENROU_5,8,GENROU_2,2,0.9997925709818354,1,0.9997938811882487,2,0.9997928343858112,3,0.9997926383997412,6,0.999793506082048,8
1426,2,7.812,0.033,0.03,NEXT_STEP,1,0.0554334565337962,0.0623625521546943,0.994468731935678,-0.8716697983332066,Fault_Interface,14,0.0,0.0,0.3,0.994468731935678,-0.8716697983332066,,,,,,,,,,,,,,-29.038641405411376,23.65038793081176,52.689029336223136,GENROU_4,6,GENROU_1,1,0.9997926164113126,0.999793924594612,0.0002073835886874,GENROU_1,1,GENROU_2,2,1.5110405593548384,2.016054182499359,GENROU_5,8,GENROU_2,2,0.9997926164113126,1,0.999793924594612,2,0.999792869915282,3,0.9997926688271096,6,0.9997935429089064,8
1428,2,7.845,0.033,0.03,NEXT_STEP,0,0.0554297462967704,0.0623564857681742,0.9944660697836436,-0.8742432756161636,Fault_Interface,14,0.0,0.0,0.3,0.9944660697836436,-0.8742432756161636,,,,,,,,,,,,,,-29.18630421138366,23.50274171906213,52.689045930445786,GENROU_4,6,GENROU_1,1,0.9997930123715592,0.9997943976444784,0.0002069876284407,GENROU_4,6,GENROU_2,2,1.510990977993963,2.0161190845784174,GENROU_5,8,GENROU_2,2,0.9997931115514148,1,0.9997943976444784,2,0.9997932643939212,3,0.9997930123715592,6,0.9997939484426416,8
1430,2,7.848,0.033,0.03,NEXT_STEP,1,0.0553985336463128,0.0623130714255337,0.9944851874093796,-0.8744698249457884,Fault_Interface,14,0.0,0.0,0.3,0.9944851874093796,-0.8744698249457884,,,,,,,,,,,,,,-29.19971597066752,23.489336790804373,52.68905276147189,GENROU_4,6,GENROU_1,1,0.9997930444406674,0.9997944402135338,0.0002069555593325,GENROU_4,6,GENROU_2,2,1.510991295450423,2.0161249434943924,GENROU_5,8,GENROU_2,2,0.9997931560949508,1,0.9997944402135338,2,0.999793300563095,3,0.9997930444406674,6,0.9997939853232326,8
1432,2,7.881,0.033,0.03,NEXT_STEP,0,0.0553947759258672,0.0623069333833273,0.9944825911772536,-0.8770375925209163,Fault_Interface,14,0.0,0.0,0.3,0.9944825911772536,-0.8770375925209163,,,,,,,,,,,,,,-29.34710405544148,23.342071155745572,52.689175211187056,GENROU_4,6,GENROU_1,1,0.999793407696478,0.9997949028352872,0.0002065923035219,GENROU_4,6,GENROU_2,2,1.510942169929267,2.0161884856750936,GENROU_5,8,GENROU_2,2,0.9997936395603594,1,0.9997949028352872,2,0.9997937026900584,3,0.999793407696478,6,0.9997943919882144,8
1434,2,7.884,0.033,0.03,NEXT_STEP,1,0.0553637262987597,0.0622637310470256,0.9945016139768026,-0.8772636595675486,Fault_Interface,14,0.0,0.0,0.3,0.9945016139768026,-0.8772636595675486,,,,,,,,,,,,,,-29.360490135673498,23.32870040255889,52.6891905382324,GENROU_4,6,GENROU_1,1,0.999793441679077,0.9997949443458556,0.0002065583209229,GENROU_4,6,GENROU_2,2,1.510942498488526,2.016194193784036,GENROU_5,8,GENROU_2,2,0.9997936828721504,1,0.9997949443458556,2,0.9997937396000884,3,0.999793441679077,6,0.9997944290144768,8
1436,2,7.917,0.033,0.03,NEXT_STEP,0,0.0553600464824849,0.0622577135392992,0.994499001938452,-0.8798256858049254,Fault_Interface,14,0.0,0.0,0.3,0.994499001938452,-0.8798256858049254,,,,,,,,,,,,,,-29.507587365639203,23.181805026369336,52.68939239200854,GENROU_4,6,GENROU_1,1,0.9997938266012332,0.9997953944116028,0.0002061733987669,GENROU_4,6,GENROU_2,2,1.5108938129200895,2.016255873129759,GENROU_5,8,GENROU_2,2,0.9997941515855958,1,0.9997953944116028,2,0.9997941500693291,3,0.9997938266012332,6,0.9997948376727224,8
1438,2,7.92,0.033,0.03,NEXT_STEP,1,0.0553289123729577,0.0622144341416237,0.994518067846268,-0.8800512045813488,Fault_Interface,14,0.0,0.0,0.3,0.994518067846268,-0.8800512045813488,,,,,,,,,,,,,,-29.52094623494897,23.168467405990555,52.68941364093952,GENROU_4,6,GENROU_1,1,0.9997938626176012,0.999795434709163,0.0002061373823987,GENROU_4,6,GENROU_2,2,1.5108941958350677,2.01626140027244,GENROU_5,8,GENROU_2,2,0.999794193464442,1,0.999795434709163,2,0.999794187756893,3,0.9997938626176012,6,0.9997948749207998,8
1440,2,7.953,0.033,0.03,NEXT_STEP,0,0.0553251370723184,0.0622082618874924,0.9945156026021365,-0.8826073723732836,Fault_Interface,14,0.0,0.0,0.3,0.9945156026021365,-0.8826073723732836,,,,,,,,,,,,,,-29.667735378630105,23.021930266168702,52.68966564479881,GENROU_4,6,GENROU_1,1,0.9997942701085372,0.999795871027396,0.0002057298914627,GENROU_4,6,GENROU_2,2,1.5108458750069425,2.0163206990212577,GENROU_5,8,GENROU_2,2,0.9997946461261172,1,0.999795871027396,2,0.9997946067925716,3,0.9997942701085372,6,0.999795286456864,8
1442,2,7.956,0.033,0.03,NEXT_STEP,1,0.0552921215948212,0.0621616128217919,0.994536130598578,-0.8828319518655154,Fault_Interface,14,0.0,0.0,0.3,0.994536130598578,-0.8828319518655154,,,,,,,,,,,,,,-29.681065437627403,23.008624645415203,52.689690083042606,GENROU_4,6,GENROU_1,1,0.9997943083174722,0.999795910083354,0.0002056916825278,GENROU_4,6,GENROU_2,2,1.5108466235400624,2.016325959273209,GENROU_5,8,GENROU_2,2,0.999794686566676,1,0.999795910083354,2,0.9997946452992256,3,0.9997943083174722,6,0.9997953240400738,8
1444,2,7.989,0.033,0.03,NEXT_STEP,0,0.0552878970532835,0.0621545803125721,0.9945344118477966,-0.885381944501619,Fault_Interface,14,0.0,0.0,0.3,0.9945344118477966,-0.885381944501619,,,,,,,,,,,,,,-29.827527926185127,22.86243365412223,52.68996158030736,GENROU_4,6,GENROU_1,1,0.9997947409026636,0.9997963333026464,0.0002052590973364,GENROU_4,6,GENROU_2,2,1.5107972748861074,2.0163781542479784,GENROU_5,8,GENROU_2,2,0.9997951242959124,1,0.9997963333026464,2,0.9997950738059576,3,0.9997947409026636,6,0.9997957402269904,8
1446,2,7.992,0.033,0.03,NEXT_STEP,1,0.0552551020791602,0.0621083056251226,0.9945548074347776,-0.8856060190652265,Fault_Interface,14,0.0,0.0,0.3,0.9945548074347776,-0.8856060190652265,,,,,,,,,,,,,,-29.84082740638848,22.84915897603119,52.68998638241968,GENROU_4,6,GENROU_1,1,0.9997947813132824,0.9997963711768922,0.0002052186867176,GENROU_4,6,GENROU_2,2,1.510797822967906,2.0163823361121755,GENROU_5,8,GENROU_2,2,0.9997951634173272,1,0.9997963711768922,2,0.9997951131605456,3,0.9997947813132824,6,0.999795778275603,8
1448,2,8.025,0.033,0.03,NEXT_STEP,0,0.0552510039202498,0.0621014289691339,0.9945532937862854,-0.8881499686544116,Fault_Interface,14,0.0,0.0,0.3,0.9945532937862854,-0.8881499686544116,,,,,,,,,,,,,,-29.98694462834804,22.703302932325748,52.69024756067379,GENROU_4,6,GENROU_1,1,0.9997952365617732,0.9997967816787368,0.0002047634382268,GENROU_4,6,GENROU_2,2,1.5107474132704672,2.0164214325312533,GENROU_5,8,GENROU_2,2,0.9997955873118184,1,0.9997967816787368,2,0.9997955503549212,3,0.9997952365617732,6,0.999796199738497,8
1450,2,8.028,0.033,0.03,NEXT_STEP,1,0.0552181318217227,0.0620550359717355,0.994573763039354,-0.888373473501963,Fault_Interface,14,0.0,0.0,0.3,0.994573763039354,-0.888373473501963,,,,,,,,,,,,,,-30.00021192710183,22.69005821939423,52.69027014649606,GENROU_4,6,GENROU_1,1,0.999795278908789,0.9997968184339008,0.0002047210912109,GENROU_4,6,GENROU_2,2,1.5107479333784144,2.016424417251187,GENROU_5,8,GENROU_2,2,0.9997956252520236,1,0.9997968184339008,2,0.9997955904611804,3,0.999795278908789,6,0.9997962382853371,8
1452,2,8.061,0.033,0.03,NEXT_STEP,0,0.0552138007801374,0.0620477860621747,0.9945726614888932,-0.8909112664329923,Fault_Interface,14,0.0,0.0,0.3,0.9945726614888932,-0.8909112664329923,,,,,,,,,,,,,,-30.145967354116124,22.54452718993858,52.6904945440547,GENROU_4,6,GENROU_1,1,0.9997957539851824,0.9997972173859616,0.0002042460148177,GENROU_4,6,GENROU_2,2,1.5106970354383602,2.016452088920054,GENROU_5,8,GENROU_2,2,0.9997960375177796,1,0.9997972173859616,2,0.9997960353555874,3,0.9997957539851824,6,0.9997966654146246,8
1454,2,8.064,0.033,0.03,NEXT_STEP,1,0.0551763400538717,0.0619938337199823,0.9945964680587508,-0.8911331926937579,Fault_Interface,14,0.0,0.0,0.3,0.9945964680587508,-0.8911331926937579,,,,,,,,,,,,,,-30.159201059372148,22.531311623471066,52.690512682843206,GENROU_4,6,GENROU_1,1,0.9997957983217304,0.9997972532622612,0.0002042016782695,GENROU_4,6,GENROU_2,2,1.51069829076115,2.0164541565066707,GENROU_5,8,GENROU_2,2,0.9997960746282846,1,0.9997972532622612,2,0.9997960762103772,3,0.9997957983217304,6,0.9997967045834952,8
1456,2,8.097,0.033,0.03,NEXT_STEP,0,0.0551700115664106,0.0619831797039647,0.994597737615942,-0.8936639445712447,Fault_Interface,14,0.0,0.0,0.3,0.994597737615942,-0.8936639445712447,,,,,,,,,,,,,,-30.30457754664112,22.38609875237632,52.69067629901743,GENROU_4,6,GENROU_1,1,0.9997962977152796,0.9997976452316318,0.0002037022847203,GENROU_4,6,GENROU_2,2,1.5106439675858965,2.0164636024033533,GENROU_5,8,GENROU_2,2,0.9997964810005772,1,0.9997976452316318,2,0.9997965306925096,3,0.9997962977152796,6,0.9997971404346871,8
1458,2,8.1,0.033,0.03,NEXT_STEP,1,0.0551319258278526,0.0619279979122976,0.9946221388809552,-0.8938851412208632,Fault_Interface,14,0.0,0.0,0.3,0.9946221388809552,-0.8938851412208632,,,,,,,,,,,,,,-30.31777594963376,22.37291191241837,52.69068786205213,GENROU_4,6,GENROU_1,1,0.9997963441676636,0.9997976806283444,0.0002036558323365,GENROU_4,6,GENROU_2,2,1.510644856917743,2.016463113704947,GENROU_5,8,GENROU_2,2,0.9997965177661527,1,0.9997976806283444,2,0.9997965724311556,3,0.9997963441676636,6,0.9997971804755996,8
1460,2,8.133,0.033,0.03,NEXT_STEP,0,0.0551256766201122,0.0619173976557265,0.9946241361770962,-0.8964092954772198,Fault_Interface,14,0.0,0.0,0.3,0.9946241361770962,-0.8964092954772198,,,,,,,,,,,,,,-30.46275583881721,22.228014058077616,52.69076989689482,GENROU_4,6,GENROU_1,1,0.9997968644883076,0.999798068795426,0.0002031355116922,GENROU_4,6,GENROU_2,2,1.5105862260992895,2.016439986601874,GENROU_5,8,GENROU_2,2,0.9997969218744924,1,0.999798068795426,2,0.9997970362140668,3,0.9997968644883076,6,0.9997976261096908,8
1462,2,8.136,0.033,0.03,NEXT_STEP,1,0.0550876963360446,0.0618623927648991,0.9946485119092102,-0.8966299191811276,Fault_Interface,14,0.0,0.0,0.3,0.9946485119092102,-0.8966299191811276,,,,,,,,,,,,,,-30.475917462221258,22.21485578405836,52.69077324627962,GENROU_4,6,GENROU_1,1,0.9997969125671228,0.9997981039665004,0.0002030874328773,GENROU_4,6,GENROU_2,2,1.5105868141725567,2.01643636051744,GENROU_5,8,GENROU_2,2,0.999796958557012,1,0.9997981039665004,2,0.9997970787320688,3,0.9997969125671228,6,0.9997976670399048,8
1464,2,8.169,0.033,0.03,NEXT_STEP,0,0.0550816012548656,0.0618519890205489,0.9946508726475182,-0.8991475830757822,Fault_Interface,14,0.0,0.0,0.3,0.9946508726475182,-0.8991475830757822,,,,,,,,,,,,,,-30.620486800807814,22.070272294211957,52.69075909501977,GENROU_4,6,GENROU_1,1,0.99979736323431,0.9997984910440086,0.0002026367656901,GENROU_1,1,GENROU_2,2,1.5105258468099112,2.016384632129042,GENROU_5,8,GENROU_2,2,0.99979736323431,1,0.9997984910440086,2,0.9997975502092638,3,0.9997974477577648,6,0.999798122216747,8
1466,2,8.172,0.033,0.03,NEXT_STEP,1,0.0550437012497275,0.06179711673501,0.9946752197920776,-0.8993676342795957,Fault_Interface,14,0.0,0.0,0.3,0.9946752197920776,-0.8993676342795957,,,,,,,,,,,,,,-30.633610592974748,22.05714262661664,52.690753219591386,GENROU_4,6,GENROU_1,1,0.9997974001115136,0.99979852624458,0.0002025998884862,GENROU_1,1,GENROU_2,2,1.5105262787266918,2.0163789671474417,GENROU_5,8,GENROU_2,2,0.9997974001115136,1,0.99979852624458,2,0.999797593341947,3,0.999797496928441,6,0.9997981639912894,8
1468,2,8.205,0.033,0.03,NEXT_STEP,0,0.0550375187013191,0.0617866278995058,0.994677889292203,-0.901878786699489,Fault_Interface,14,0.0,0.0,0.3,0.994677889292203,-0.901878786699489,,,,,,,,,,,,,,-30.777760000304472,21.91287518834073,52.6906351886452,GENROU_4,6,GENROU_1,1,0.9997978085961272,0.9997989151522992,0.0002021914038726,GENROU_1,1,GENROU_2,2,1.510464041720548,2.016309668033189,GENROU_5,8,GENROU_2,2,0.9997978085961272,1,0.9997989151522992,2,0.999798070693978,3,0.9997980414580624,6,0.9997986281291188,8
1470,2,8.208,0.033,0.03,NEXT_STEP,1,0.0549997297086781,0.0617318925538803,0.9947021888950768,-0.9020982760703644,Fault_Interface,14,0.0,0.0,0.3,0.9947021888950768,-0.9020982760703644,,,,,,,,,,,,,,-30.790845301084893,21.899774396245967,52.69061969733086,GENROU_4,6,GENROU_1,1,0.999797845968849,0.9997989506549608,0.0002021540311509,GENROU_1,1,GENROU_2,2,1.510464370527168,2.016302799183991,GENROU_5,8,GENROU_2,2,0.999797845968849,1,0.9997989506549608,2,0.999798114276547,3,0.9997980912338996,6,0.999798670685755,8
1472,2,8.241,0.033,0.03,NEXT_STEP,0,0.0549936220023774,0.0617215209293365,0.9947049446978478,-0.9046029757244688,Fault_Interface,14,0.0,0.0,0.3,0.9947049446978478,-0.9046029757244688,,,,,,,,,,,,,,-30.934569576342543,21.75582719232754,52.69039676867008,GENROU_4,6,GENROU_1,1,0.999798261376462,0.9997993443062528,0.0002017386235378,GENROU_1,1,GENROU_2,2,1.5104013904337614,2.0162227684786416,GENROU_5,8,GENROU_2,2,0.999798261376462,1,0.9997993443062528,2,0.9997985956684644,3,0.9997986398144484,6,0.999799142932102,8
1474,2,8.244,0.033,0.03,NEXT_STEP,1,0.0549558659970337,0.0616668468587034,0.9947292244129088,-0.9048218850057278,Fault_Interface,14,0.0,0.0,0.3,0.9947292244129088,-0.9048218850057278,,,,,,,,,,,,,,-30.947616099029027,21.742755765105727,52.690371864134754,GENROU_4,6,GENROU_1,1,0.9997982995117536,0.9997993803697196,0.0002017004882464,GENROU_1,1,GENROU_2,2,1.510401668842689,2.0162151398494683,GENROU_5,8,GENROU_2,2,0.9997982995117536,1,0.9997993803697196,2,0.9997986395375804,3,0.999798689732265,6,0.9997991861818806,8
1476,2,8.277,0.033,0.03,NEXT_STEP,0,0.0549497767819839,0.0616565067731102,0.9947320171367872,-0.9073201247921548,Fault_Interface,14,0.0,0.0,0.3,0.9947320171367872,-0.9073201247921548,,,,,,,,,,,,,,-31.09091392103955,21.599135243986204,52.69004916502576,GENROU_4,6,GENROU_1,1,0.9997987245443706,0.9997997815209446,0.0002012754556294,GENROU_1,1,GENROU_2,2,1.5103383349121209,2.016128534604007,GENROU_5,8,GENROU_2,2,0.9997987245443706,1,0.9997997815209446,2,0.9997991233090948,3,0.999799237714758,6,0.9997996655203824,8
1478,2,8.28,0.033,0.03,NEXT_STEP,1,0.0549120644463105,0.061601910619209,0.9947562631946226,-0.9075384563974072,Fault_Interface,14,0.0,0.0,0.3,0.9947562631946226,-0.9075384563974072,,,,,,,,,,,,,,-31.103921707745915,21.58609386188688,52.69001556963279,GENROU_4,6,GENROU_1,1,0.9997987636624402,0.9997998183844842,0.0002012363375597,GENROU_1,1,GENROU_2,2,1.510338586116551,2.0161204622569118,GENROU_5,8,GENROU_2,2,0.9997987636624402,1,0.9997998183844842,2,0.9997991673260452,3,0.9997992873868976,6,0.9997997093657344,8
1480,2,8.313,0.033,0.03,NEXT_STEP,0,0.0549059956794719,0.0615916053228833,0.994759028707032,-0.9100302354763276,Fault_Interface,14,0.0,0.0,0.3,0.994759028707032,-0.9100302354763276,,,,,,,,,,,,,,-31.246795060155637,21.44280832612214,52.689603386277774,GENROU_4,6,GENROU_1,1,0.9997992003719254,0.999800229472616,0.0002007996280746,GENROU_1,1,GENROU_2,2,1.51027514887507,2.0160302576461477,GENROU_5,8,GENROU_2,2,0.9997992003719254,1,0.999800229472616,2,0.999799652097441,3,0.9997998309257432,6,0.99980019468181,8
1482,2,8.316,0.033,0.03,NEXT_STEP,1,0.0548683266973827,0.0615370862934719,0.994783236524659,-0.9102479890369756,Fault_Interface,14,0.0,0.0,0.3,0.994783236524659,-0.9102479890369756,,,,,,,,,,,,,,-31.25976442478986,21.42979781442745,52.68956223921731,GENROU_4,6,GENROU_1,1,0.999799240625152,0.9998002673394516,0.0002007593748478,GENROU_1,1,GENROU_2,2,1.5102753924096448,2.016021969221541,GENROU_5,8,GENROU_2,2,0.999799240625152,1,0.9998002673394516,2,0.9997996961518064,3,0.999799880042336,6,0.9998002390183304,8
1484,2,8.349,0.033,0.03,NEXT_STEP,0,0.0548622782453784,0.0615268153849996,0.9947859272436308,-0.9127333022169364,Fault_Interface,14,0.0,0.0,0.3,0.9947859272436308,-0.9127333022169364,,,,,,,,,,,,,,-31.40221792882637,21.286856860681,52.68907478950737,GENROU_4,6,GENROU_1,1,0.9997996902834438,0.9998007291564562,0.0002003097165561,GENROU_1,1,GENROU_5,8,1.510212042914169,2.0159303460300264,GENROU_5,8,GENROU_2,2,0.9997996902834438,1,0.9998006903538522,2,0.9998001808821296,3,0.9998004162057332,6,0.9998007291564562,8
1486,2,8.352,0.033,0.03,NEXT_STEP,1,0.054824652606579,0.0614723734673298,0.9948100930624982,-0.9129504770979296,Fault_Interface,14,0.0,0.0,0.3,0.9948100930624982,-0.9129504770979296,,,,,,,,,,,,,,-31.41514939254034,21.273878134584248,52.68902752712459,GENROU_4,6,GENROU_1,1,0.9997997317506068,0.9998007738788728,0.0002002682493931,GENROU_1,1,GENROU_5,8,1.5102122932315474,2.0159220122972235,GENROU_5,8,GENROU_2,2,0.9997997317506068,1,0.9998007293818624,2,0.9998002248961196,3,0.9998004645438356,6,0.9998007738788728,8
1488,2,8.385,0.033,0.03,NEXT_STEP,0,0.0548186242231087,0.0614621368257911,0.9948126716692086,-0.915429316092726,Fault_Interface,14,0.0,0.0,0.3,0.9948126716692086,-0.915429316092726,,,,,,,,,,,,,,-31.557189573889904,21.13129203538848,52.688481609278384,GENROU_4,6,GENROU_1,1,0.9998001948251852,0.9998012677016852,0.0001998051748146,GENROU_1,1,GENROU_5,8,1.5101491770112772,2.0158306330746254,GENROU_5,8,GENROU_2,2,0.9998001948251852,1,0.999801165776934,2,0.9998007089101174,3,0.9998009913664972,6,0.9998012677016852,8
1490,2,8.388,0.033,0.03,NEXT_STEP,1,0.0547810419411184,0.0614077719930387,0.9948367925005458,-0.9156459114212286,Fault_Interface,14,0.0,0.0,0.3,0.9948367925005458,-0.9156459114212286,,,,,,,,,,,,,,-31.570083796769023,21.118346043142225,52.68842983991125,GENROU_4,6,GENROU_1,1,0.9998002375128934,0.9998013127088132,0.0001997624871066,GENROU_1,1,GENROU_5,8,1.5101494453627518,2.015822386554174,GENROU_5,8,GENROU_2,2,0.9998002375128934,1,0.999801206072357,2,0.9998007528394228,3,0.9998010387915548,6,0.9998013127088132,8
1492,2,8.421,0.033,0.03,NEXT_STEP,0,0.0547750338987743,0.0613975695518739,0.9948392292581536,-0.9181182653924556,Fault_Interface,14,0.0,0.0,0.3,0.9948392292581536,-0.9181182653924556,,,,,,,,,,,,,,-31.71171833812041,20.976125138476885,52.687843476597294,GENROU_4,6,GENROU_1,1,0.999800713715338,0.9998018091467852,0.0001992862846621,GENROU_1,1,GENROU_5,8,1.5100866767264614,2.0157325537411976,GENROU_5,8,GENROU_2,2,0.999800713715338,1,0.9998016567166648,2,0.9998012358218504,3,0.9998015552597872,6,0.9998018091467852,8
1494,2,8.424,0.033,0.03,NEXT_STEP,1,0.0547373847632525,0.0613431583758317,0.994863362125882,-0.9183342526129444,Fault_Interface,14,0.0,0.0,0.3,0.994863362125882,-0.9183342526129444,,,,,,,,,,,,,,-31.724576051681,20.96321280805699,52.68778885973799,GENROU_4,6,GENROU_1,1,0.9998007575679988,0.9998018543481926,0.0001992424320013,GENROU_1,1,GENROU_5,8,1.5100869861603414,2.0157244991796115,GENROU_5,8,GENROU_2,2,0.9998007575679988,1,0.9998016983335044,2,0.99980127965628,3,0.9998016017290836,6,0.9998018543481926,8
1496,2,8.457,0.033,0.03,NEXT_STEP,0,0.0547313373761096,0.0613328992194435,0.9948656869982464,-0.9208000833047382,Fault_Interface,14,0.0,0.0,0.3,0.9948656869982464,-0.9208000833047382,,,,,,,,,,,,,,-31.865813004445485,20.821366985811704,52.68717999025719,GENROU_4,6,GENROU_1,1,0.9998012460355497,0.9998023525195602,0.0001987539644503,GENROU_1,1,GENROU_5,8,1.510024600721445,2.0156370791225107,GENROU_5,8,GENROU_2,2,0.9998012460355497,1,0.9998021635652126,2,0.9998017617006056,3,0.9998021079059274,6,0.9998023525195602,8
1498,2,8.46,0.033,0.03,NEXT_STEP,1,0.0546938532596269,0.0612787064627893,0.99488970448672,-0.921015517470996,Fault_Interface,14,0.0,0.0,0.3,0.99488970448672,-0.921015517470996,,,,,,,,,,,,,,-31.87863493656397,20.80848918395189,52.68712412051586,GENROU_4,6,GENROU_1,1,0.9998012909440858,0.9998023978374144,0.0001987090559142,GENROU_1,1,GENROU_5,8,1.5100249193177642,2.015629266735991,GENROU_5,8,GENROU_2,2,0.9998012909440858,1,0.9998022065035672,2,0.9998018054592364,3,0.9998021534484404,6,0.9998023978374144,8
1500,2,8.493,0.033,0.03,NEXT_STEP,0,0.0546878875166941,0.0612685756138893,0.9948918003008344,-0.9234748485158868,Fault_Interface,14,0.0,0.0,0.3,0.9948918003008344,-0.9234748485158868,,,,,,,,,,,,,,-32.019482151549845,20.667027401673543,52.68650955322339,GENROU_4,6,GENROU_1,1,0.9998017901486054,0.999802896858952,0.0001982098513946,GENROU_1,1,GENROU_5,8,1.5099630353993263,2.0155449741364717,GENROU_5,8,GENROU_2,2,0.9998017901486054,1,0.9998026859517312,2,0.9998022867947643,3,0.99980264976372,6,0.999802896858952,8
1502,2,8.496,0.033,0.03,NEXT_STEP,1,0.0546503250578999,0.0612143181304144,0.9949158340921658,-0.9236896692387528,Fault_Interface,14,0.0,0.0,0.3,0.9949158340921658,-0.9236896692387528,,,,,,,,,,,,,,-32.03226899863451,20.6541848875234,52.68645388615791,GENROU_4,6,GENROU_1,1,0.9998018359578718,0.9998029422220026,0.0001981640421282,GENROU_1,1,GENROU_5,8,1.509963415656581,2.0155374950540392,GENROU_5,8,GENROU_2,2,0.9998018359578718,1,0.9998027301550378,2,0.9998023305113312,3,0.999802694462062,6,0.9998029422220026,8
1504,2,8.529,0.033,0.03,NEXT_STEP,0,0.0546443175464002,0.0612041267009831,0.994917785238332,-0.9261424414284338,Fault_Interface,14,0.0,0.0,0.3,0.994917785238332,-0.9261424414284338,,,,,,,,,,,,,,-32.1727336000435,20.513114825344896,52.6858484253884,GENROU_4,6,GENROU_1,1,0.9998023441665906,0.9998034414965709,0.0001976558334093,GENROU_1,1,GENROU_5,8,1.5099020826211569,2.015457161089085,GENROU_5,8,GENROU_2,2,0.9998023441665906,1,0.9998032230329044,2,0.999802811703028,3,0.9998031823640002,6,0.9998034414965709,8
1506,2,8.532,0.033,0.03,NEXT_STEP,1,0.0546068107298676,0.0611499651902468,0.99494176006995,-0.926356678326796,Fault_Interface,14,0.0,0.0,0.3,0.99494176006995,-0.926356678326796,,,,,,,,,,,,,,-32.185485957066,20.500308235270943,52.68579419233694,GENROU_4,6,GENROU_1,1,0.99980239070767,0.9998034868585102,0.0001976092923299,GENROU_1,1,GENROU_5,8,1.509902497731137,2.015450058431005,GENROU_5,8,GENROU_2,2,0.99980239070767,1,0.9998032684067628,2,0.9998028554368515,3,0.9998032263698732,6,0.9998034868585102,8
1508,2,8.565,0.033,0.03,NEXT_STEP,0,0.0546008256620935,0.0611398114407248,0.9949435128013564,-0.928802884289376,Fault_Interface,14,0.0,0.0,0.3,0.9949435128013564,-0.928802884289376,,,,,,,,,,,,,,-32.32557382668455,20.359636129215826,52.685209955900376,GENROU_4,6,GENROU_1,1,0.9998029059397142,0.9998039859092528,0.0001970940602857,GENROU_1,1,GENROU_5,8,1.509841725122132,2.015373939827733,GENROU_5,8,GENROU_2,2,0.9998029059397142,1,0.9998037734148404,2,0.999803337138817,3,0.9998037075780652,6,0.9998039859092528,8
1510,2,8.568,0.033,0.03,NEXT_STEP,1,0.0545633618158528,0.0610857262718324,0.994967436440052,-0.9290165324887504,Fault_Interface,14,0.0,0.0,0.3,0.994967436440052,-0.9290165324887504,,,,,,,,,,,,,,-32.33829216673222,20.34686595971901,52.68515812645123,GENROU_4,6,GENROU_1,1,0.9998029530264336,0.999804031233186,0.0001970469735664,GENROU_1,1,GENROU_5,8,1.5098421856962585,2.0153672308865263,GENROU_5,8,GENROU_2,2,0.9998029530264336,1,0.9998038198213796,2,0.999803380952356,3,0.9998037510624388,6,0.999804031233186,8
1512,2,8.601,0.033,0.03,NEXT_STEP,0,0.0545572867560158,0.0610754831834678,0.9949690509593342,-0.9314561148381378,Fault_Interface,14,0.0,0.0,0.3,0.9949690509593342,-0.9314561148381378,,,,,,,,,,,,,,-32.47800770737415,20.206596493211062,52.68460420058521,GENROU_4,6,GENROU_1,1,0.9998034732890868,0.9998045297749384,0.0001965267109133,GENROU_1,1,GENROU_5,8,1.5097820222733664,2.0152955729708606,GENROU_5,8,GENROU_2,2,0.9998034732890868,1,0.9998043353088776,2,0.9998038639051928,3,0.9998042276684068,6,0.9998045297749384,8
1514,2,8.604,0.033,0.03,NEXT_STEP,1,0.0545198249296309,0.061021412204708,0.9949929517466092,-0.9316691617476563,Fault_Interface,14,0.0,0.0,0.3,0.9949929517466092,-0.9316691617476563,,,,,,,,,,,,,,-32.49069235570717,20.193863099955685,52.68455545566285,GENROU_4,6,GENROU_1,1,0.9998035207462408,0.9998045750460602,0.000196479253759,GENROU_1,1,GENROU_5,8,1.509782533496027,2.015289278064076,GENROU_5,8,GENROU_2,2,0.9998035207462408,1,0.9998043825868312,2,0.9998039078700988,3,0.9998042708398333,6,0.9998045750460602,8
1516,2,8.637,0.033,0.03,NEXT_STEP,0,0.0545138737819204,0.0610113164915414,0.9949943164216076,-0.9341021429273766,Fault_Interface,14,0.0,0.0,0.3,0.9949943164216076,-0.9341021429273766,,,,,,,,,,,,,,-32.6300382878912,20.053999442431994,52.68403773032319,GENROU_4,6,GENROU_1,1,0.9998040441312864,0.999805072944551,0.0001959558687136,GENROU_1,1,GENROU_5,8,1.5097229622443995,2.0152221579125738,GENROU_5,8,GENROU_2,2,0.9998040441312864,1,0.9998049066235154,2,0.9998043928016864,3,0.9998047450297536,6,0.999805072944551,8
1518,2,8.64,0.033,0.03,NEXT_STEP,1,0.0544763892467903,0.0609572655806351,0.9950181954872312,-0.9343145785762274,Fault_Interface,14,0.0,0.0,0.3,0.9950181954872312,-0.9343145785762274,,,,,,,,,,,,,,-32.642689415205545,20.041303046237555,52.6839924614431,GENROU_4,6,GENROU_1,1,0.9998040917886384,0.9998051181537536,0.0001959082113616,GENROU_1,1,GENROU_5,8,1.5097235284577748,2.015216275379559,GENROU_5,8,GENROU_2,2,0.9998040917886384,1,0.9998049545843556,2,0.9998044369780724,3,0.9998047880778284,6,0.9998051181537536,8
1520,2,8.673,0.033,0.03,NEXT_STEP,0,0.0544704050796574,0.0609471230116378,0.9950194068549524,-0.9367408867436688,Fault_Interface,14,0.0,0.0,0.3,0.9950194068549524,-0.9367408867436688,,,,,,,,,,,,,,-32.781666769491615,19.901846958617146,52.68351372810876,GENROU_4,6,GENROU_1,1,0.9998046166050818,0.9998056154305408,0.0001953833949182,GENROU_1,1,GENROU_5,8,1.5096645790456145,2.015153687540415,GENROU_5,8,GENROU_2,2,0.9998046166050818,1,0.99980548508372,2,0.999804924556568,3,0.9998052620453008,6,0.9998056154305408,8
1522,2,8.676,0.033,0.03,NEXT_STEP,1,0.0544329745242015,0.0608931650877515,0.9950432288459558,-0.936952727100561,Fault_Interface,14,0.0,0.0,0.3,0.9950432288459558,-0.936952727100561,,,,,,,,,,,,,,-32.79428439173712,19.88918766066897,52.68347205240609,GENROU_4,6,GENROU_1,1,0.999804664322444,0.9998056605876002,0.0001953356775561,GENROU_1,1,GENROU_5,8,1.5096651890583408,2.015148214071771,GENROU_5,8,GENROU_2,2,0.999804664322444,1,0.9998055335347048,2,0.9998049690021866,3,0.999805305169344,6,0.9998056605876002,8
1524,2,8.709,0.033,0.03,NEXT_STEP,0,0.0544270120747946,0.0608830589928412,0.9950442567701122,-0.9393723416273912,Fault_Interface,14,0.0,0.0,0.3,0.9950442567701122,-0.9393723416273912,,,,,,,,,,,,,,-32.93289255664297,19.7501396935224,52.68303225016537,GENROU_4,6,GENROU_1,1,0.9998051891426852,0.9998061573727148,0.0001948108573147,GENROU_1,1,GENROU_5,8,1.509606854771382,2.01509003711106,GENROU_5,8,GENROU_2,2,0.9998051891426852,1,0.99980606834051,2,0.9998054598696572,3,0.999805780912482,6,0.9998061573727148,8
1526,2,8.712,0.033,0.03,NEXT_STEP,1,0.0543896249010209,0.0608291778776987,0.9950680294775626,-0.9395835813159384,Fault_Interface,14,0.0,0.0,0.3,0.9950680294775626,-0.9395835813159384,,,,,,,,,,,,,,-32.94547654832281,19.73751749417703,52.68299404249984,GENROU_4,6,GENROU_1,1,0.9998052368034456,0.999806202493548,0.0001947631965545,GENROU_1,1,GENROU_5,8,1.5096075125035602,2.015084957161248,GENROU_5,8,GENROU_2,2,0.9998052368034456,1,0.999806117085135,2,0.9998055046258156,3,0.9998058242825846,6,0.999806202493548,8
1528,2,8.745,0.033,0.03,NEXT_STEP,0,0.0543836820291736,0.0608191049842496,0.9950688850219972,-0.9419964675063314,Fault_Interface,14,0.0,0.0,0.3,0.9950688850219972,-0.9419964675063314,,,,,,,,,,,,,,-33.08371345814041,19.598877210644297,52.68259066878471,GENROU_4,6,GENROU_1,1,0.9998057605204488,0.9998066990099874,0.0001942394795511,GENROU_1,1,GENROU_5,8,1.509549799598958,2.0150310197449395,GENROU_5,8,GENROU_2,2,0.9998057605204488,1,0.9998066540839472,2,0.9998059990583928,3,0.999806303543322,6,0.9998066990099874,8
1530,2,8.748,0.033,0.03,NEXT_STEP,1,0.0543461585648631,0.060765271736821,0.9950926464497648,-0.9422070500676566,Fault_Interface,14,0.0,0.0,0.3,0.9950926464497648,-0.9422070500676566,,,,,,,,,,,,,,-33.096263570305425,19.586292032159857,52.682555602465285,GENROU_4,6,GENROU_1,1,0.9998058080448462,0.9998067441238548,0.0001941919551537,GENROU_1,1,GENROU_5,8,1.5095505133932894,2.015026316169048,GENROU_5,8,GENROU_2,2,0.9998058080448462,1,0.9998067029386364,2,0.9998060441548976,3,0.9998063473157826,6,0.9998067441238548,8
1532,2,8.781,0.033,0.03,NEXT_STEP,0,0.0543402068152261,0.0607552219677238,0.995093356215276,-0.9446131526839744,Fault_Interface,14,0.0,0.0,0.3,0.995093356215276,-0.9446131526839744,,,,,,,,,,,,,,-33.23412583434318,19.448058317271,52.68218415161418,GENROU_4,6,GENROU_1,1,0.9998063300233404,0.9998072407938096,0.0001936699766595,GENROU_1,1,GENROU_5,8,1.5094933755367828,2.0149762799189004,GENROU_5,8,GENROU_2,2,0.9998063300233404,1,0.999807240250576,2,0.999806542453253,3,0.9998068317539932,6,0.9998072407938096,8
1534,2,8.784,0.033,0.03,NEXT_STEP,1,0.0543025437904883,0.0607013340645065,0.9951171442217596,-0.9448230780940238,Fault_Interface,14,0.0,0.0,0.3,0.9951171442217596,-0.9448230780940238,,,,,,,,,,,,,,-33.2466417010505,19.43551003680331,52.682151737853815,GENROU_4,6,GENROU_1,1,0.9998063773696322,0.99980728905394,0.0001936226303678,GENROU_1,1,GENROU_2,2,1.5094941477607775,2.014971906817203,GENROU_5,8,GENROU_2,2,0.9998063773696322,1,0.99980728905394,2,0.9998065879113064,3,0.999806876063682,6,0.9998072859423308,8
1536,2,8.817,0.033,0.03,NEXT_STEP,0,0.0542965519630913,0.0606912265134341,0.9951177691597228,-0.9472223439271854,Fault_Interface,14,0.0,0.0,0.3,0.9951177691597228,-0.9472223439271854,,,,,,,,,,,,,,-33.38412477377226,19.29768141127362,52.68180618504587,GENROU_4,6,GENROU_1,1,0.9998068973039966,0.999807825041058,0.0001931026960033,GENROU_1,1,GENROU_2,2,1.5094374927300236,2.0149250785703403,GENROU_5,8,GENROU_2,2,0.9998068973039966,1,0.999807825041058,2,0.9998070902406532,3,0.999807366990002,6,0.999807783245389,8
1538,2,8.82,0.033,0.03,NEXT_STEP,1,0.0542590543574327,0.0606375557353013,0.9951414463032036,-0.9474316871907028,Fault_Interface,14,0.0,0.0,0.3,0.9951414463032036,-0.9474316871907028,,,,,,,,,,,,,,-33.39660593714094,19.285169884118265,52.68177582125921,GENROU_4,6,GENROU_1,1,0.9998069444504676,0.9998078736502966,0.0001930555495323,GENROU_1,1,GENROU_2,2,1.509438279780836,2.0149209565831607,GENROU_5,8,GENROU_2,2,0.9998069444504676,1,0.9998078736502966,2,0.9998071360619232,3,0.999807411918372,6,0.9998078284668306,8
1540,2,8.853,0.033,0.03,NEXT_STEP,0,0.0542530338693011,0.0606274526156761,0.9951419647226843,-0.9498240933936216,Fault_Interface,14,0.0,0.0,0.3,0.9951419647226843,-0.9498240933936216,,,,,,,,,,,,,,-33.533704573107755,19.14774467312919,52.681449246236944,GENROU_4,6,GENROU_1,1,0.9998074621385749,0.9998084068147032,0.0001925378614252,GENROU_1,1,GENROU_2,2,1.5093821251624322,2.014876740280524,GENROU_5,8,GENROU_2,2,0.9998074621385749,1,0.9998084068147032,2,0.9998076422654332,3,0.9998079098235806,6,0.9998083267306276,8
1542,2,8.856,0.033,0.03,NEXT_STEP,1,0.0542155272053912,0.0605737778555236,0.9951656342003756,-0.9500328100664728,Fault_Interface,14,0.0,0.0,0.3,0.9951656342003756,-0.9500328100664728,,,,,,,,,,,,,,-33.546150539503905,19.13526974068349,52.6814202801874,GENROU_4,6,GENROU_1,1,0.9998075090822371,0.9998084551108324,0.0001924909177628,GENROU_1,1,GENROU_2,2,1.5093829603479698,2.0148728484751808,GENROU_5,8,GENROU_2,2,0.9998075090822371,1,0.9998084551108324,2,0.9998076884306604,3,0.9998079554111062,6,0.9998083720575184,8
1544,2,8.889,0.033,0.03,NEXT_STEP,0,0.054209627675298,0.0605638171118509,0.995165992586746,-0.9524183615602264,Fault_Interface,14,0.0,0.0,0.3,0.995165992586746,-0.9524183615602264,,,,,,,,,,,,,,-33.68285919493892,18.99824622670704,52.68110542164597,GENROU_4,6,GENROU_1,1,0.999808024608284,0.999808984311546,0.0001919753917158,GENROU_1,1,GENROU_2,2,1.509327285326951,2.014831049370545,GENROU_5,8,GENROU_2,2,0.999808024608284,1,0.999808984311546,2,0.9998081982266592,3,0.9998084605495152,6,0.999808871629456,8
1546,2,8.892,0.033,0.03,NEXT_STEP,1,0.0541721002549448,0.0605101637488909,0.9951896481993686,-0.9526264444463391,Fault_Interface,14,0.0,0.0,0.3,0.9951896481993686,-0.9526264444463391,,,,,,,,,,,,,,-33.6952694530528,18.98580773620256,52.68107718925536,GENROU_4,6,GENROU_1,1,0.9998080713637996,0.999809032203258,0.0001919286362003,GENROU_1,1,GENROU_2,2,1.509328161934517,2.014827363917648,GENROU_5,8,GENROU_2,2,0.9998080713637996,1,0.999809032203258,2,0.999808244700765,3,0.999808506792649,6,0.9998089170893696,8
1548,2,8.925,0.033,0.03,NEXT_STEP,0,0.0541661674890579,0.0605001562518455,0.9951899514628372,-0.955005071907699,Fault_Interface,14,0.0,0.0,0.3,0.9951899514628372,-0.955005071907699,,,,,,,,,,,,,,-33.83158253501123,18.849184344741133,52.68076687975236,GENROU_4,6,GENROU_1,1,0.9998085850197506,0.999809556649599,0.0001914149802494,GENROU_1,1,GENROU_2,2,1.5092729290650766,2.01478759051886,GENROU_5,8,GENROU_2,2,0.9998085850197506,1,0.999809556649599,2,0.9998087575881218,3,0.9998090190752532,6,0.9998094182972604,8
1550,2,8.928,0.033,0.03,NEXT_STEP,1,0.0541286946559851,0.0604465955702534,0.995213559333922,-0.95521253710688,Fault_Interface,14,0.0,0.0,0.3,0.995213559333922,-0.95521253710688,,,,,,,,,,,,,,-33.843956580071584,18.83678216393333,52.68073874400491,GENROU_4,6,GENROU_1,1,0.999808631621984,0.9998096040820252,0.0001913683780161,GENROU_1,1,GENROU_2,2,1.5092738324396449,2.0147840653231945,GENROU_5,8,GENROU_2,2,0.999808631621984,1,0.9998096040820252,2,0.999808804331113,3,0.9998090659537482,6,0.9998094639192804,8
1552,2,8.961,0.033,0.03,NEXT_STEP,0,0.0541227834214595,0.0604366238426217,0.9952137828752856,-0.9575842277913872,Fault_Interface,14,0.0,0.0,0.3,0.9952137828752856,-0.9575842277913872,,,,,,,,,,,,,,-33.97986870793969,18.70055759057221,52.68042629851189,GENROU_4,6,GENROU_1,1,0.9998091437964408,0.9998101233067554,0.0001908562035592,GENROU_1,1,GENROU_2,2,1.5092190008596549,2.014745818749697,GENROU_5,8,GENROU_2,2,0.9998091437964408,1,0.9998101233067554,2,0.999809319899317,3,0.999809584903864,6,0.9998099670133024,8
1554,2,8.964,0.033,0.03,NEXT_STEP,1,0.0540853550004674,0.060383139880334,0.99523735086181,-0.9577910710330572,Fault_Interface,14,0.0,0.0,0.3,0.99523735086181,-0.9577910710330572,,,,,,,,,,,,,,-33.99220606864198,18.688191614754533,52.68039768339651,GENROU_4,6,GENROU_1,1,0.9998091902832608,0.9998101702517056,0.0001908097167391,GENROU_1,1,GENROU_2,2,1.509219932324931,2.0147424130551483,GENROU_5,8,GENROU_2,2,0.9998091902832608,1,0.9998101702517056,2,0.9998093668597646,3,0.9998096323584108,6,0.9998100128159156,8
1556,2,8.997,0.033,0.03,NEXT_STEP,0,0.0540793543920541,0.0603730795245599,0.9952375691600028,-0.9601557722682996,Fault_Interface,14,0.0,0.0,0.3,0.9952375691600028,-0.9601557722682996,,,,,,,,,,,,,,-34.12771232216922,18.55236488833009,52.680077210499306,GENROU_4,6,GENROU_1,1,0.9998097014490064,0.9998106841332816,0.0001902985509937,GENROU_1,1,GENROU_2,2,1.5091654750420491,2.0147052850031884,GENROU_5,8,GENROU_2,2,0.9998097014490064,1,0.9998106841332816,2,0.999809884547456,3,0.9998101572913296,6,0.9998105179940804,8
1558,2,9.0,0.033,0.03,NEXT_STEP,1,0.0540420378841786,0.0603197315686883,0.9952610682771832,-0.960362008690954,Fault_Interface,14,0.0,0.0,0.3,0.9952610682771832,-0.960362008690954,,,,,,,,,,,,,,-34.140012575819576,18.54003504612334,52.68004762194292,GENROU_4,6,GENROU_1,1,0.9998097478656004,0.9998107305945536,0.0001902521343997,GENROU_1,1,GENROU_2,2,1.5091664211221365,2.014701961457141,GENROU_5,8,GENROU_2,2,0.9998097478656004,1,0.9998107305945536,2,0.999809931672883,3,0.999810205250326,6,0.9998105639924728,8
1560,2,9.033,0.033,0.03,NEXT_STEP,0,0.0540361098131925,0.0603097844313055,0.995261190569492,-0.9627197472095858,Fault_Interface,14,0.0,0.0,0.3,0.995261190569492,-0.9627197472095858,,,,,,,,,,,,,,-34.275108699730964,18.40460554831343,52.67971424804439,GENROU_4,6,GENROU_1,1,0.9998102584409844,0.9998112392558388,0.0001897415590155,GENROU_1,1,GENROU_2,2,1.5091123159066169,2.014665614568025,GENROU_5,8,GENROU_2,2,0.9998102584409844,1,0.9998112392558388,2,0.9998104508241368,3,0.999810735115408,6,0.9998110713095152,8
1562,2,9.036,0.033,0.03,NEXT_STEP,1,0.0539987193443751,0.0602563771714574,0.9952847160420748,-0.962925329524092,Fault_Interface,14,0.0,0.0,0.3,0.9952847160420748,-0.962925329524092,,,,,,,,,,,,,,-34.2873714972562,18.392311798136657,52.67968329539285,GENROU_4,6,GENROU_1,1,0.9998103048251644,0.9998112852576314,0.0001896951748354,GENROU_1,1,GENROU_2,2,1.5091133039204174,2.0146623549588587,GENROU_5,8,GENROU_2,2,0.9998103048251644,1,0.9998112852576314,2,0.9998104980544624,3,0.9998107834794924,6,0.9998111175050048,8
1564,2,9.069,0.033,0.03,NEXT_STEP,0,0.0539928592246864,0.0602464920064126,0.9952847752298994,-0.9652760881347529,Fault_Interface,14,0.0,0.0,0.3,0.9952847752298994,-0.9652760881347529,,,,,,,,,,,,,,-34.42205404864138,18.257279244213866,52.67933329285525,GENROU_4,6,GENROU_1,1,0.999810815255031,0.9998117891252734,0.0001891847449689,GENROU_1,1,GENROU_2,2,1.5090595158228757,2.0146265769887304,GENROU_5,8,GENROU_2,2,0.999810815255031,1,0.9998117891252734,2,0.9998110180628238,3,0.9998113172575328,6,0.9998116269799088,8
1566,2,9.072,0.033,0.03,NEXT_STEP,1,0.0539555669001978,0.060193242788446,0.995308227077235,-0.9654810565417478,Fault_Interface,14,0.0,0.0,0.3,0.995308227077235,-0.9654810565417478,,,,,,,,,,,,,,-34.434279113805935,18.245021575634944,52.67930068944088,GENROU_4,6,GENROU_1,1,0.999810861640681,0.999811834712886,0.0001891383593189,GENROU_1,1,GENROU_2,2,1.5090605134764838,2.0146233538285543,GENROU_5,8,GENROU_2,2,0.999810861640681,1,0.999811834712886,2,0.9998110653401476,3,0.9998113659164004,6,0.9998116733664104,8
1568,2,9.105,0.033,0.03,NEXT_STEP,0,0.0539496252244675,0.0601832815802306,0.995308293780654,-0.9678247923925548,Fault_Interface,14,0.0,0.0,0.3,0.995308293780654,-0.9678247923925548,,,,,,,,,,,,,,-34.5685455373705,18.110385979278945,52.67893151664944,GENROU_4,6,GENROU_1,1,0.9998113722514288,0.9998123343696512,0.000188627748571,GENROU_1,1,GENROU_2,2,1.5090070448680892,2.014587895780477,GENROU_5,8,GENROU_2,2,0.9998113722514288,1,0.9998123343696512,2,0.9998115855775668,3,0.9998119023699976,6,0.9998121848819332,8
1570,2,9.108,0.033,0.03,NEXT_STEP,1,0.0539123345563128,0.0601300442906625,0.9953317378613784,-0.9680291239664984,Fault_Interface,14,0.0,0.0,0.3,0.9953317378613784,-0.9680291239664984,,,,,,,,,,,,,,-34.58073268085527,18.09816440512256,52.67889708597782,GENROU_4,6,GENROU_1,1,0.9998114186696704,0.9998123796085816,0.0001885813303297,GENROU_1,1,GENROU_2,2,1.5090080695601855,2.014584696215211,GENROU_5,8,GENROU_2,2,0.9998114186696704,1,0.9998123796085816,2,0.9998116328517233,3,0.9998119512261516,6,0.9998122314496288,8
1572,2,9.141,0.033,0.03,NEXT_STEP,0,0.0539065147095927,0.0601202269090396,0.9953317136462908,-0.9703658817250584,Fault_Interface,14,0.0,0.0,0.3,0.9953317136462908,-0.9703658817250584,,,,,,,,,,,,,,-34.714581339232105,17.96392601206291,52.67850735129501,GENROU_4,6,GENROU_1,1,0.999811929715243,0.999812875805402,0.0001880702847569,GENROU_1,1,GENROU_2,2,1.5089548788564615,2.014549398496239,GENROU_5,8,GENROU_2,2,0.999811929715243,1,0.999812875805402,2,0.9998121527662835,3,0.9998124891914508,6,0.9998127448215658,8
1574,2,9.144,0.033,0.03,NEXT_STEP,1,0.0538693116899761,0.0600671316222625,0.9953550916287393,-0.9705695966206368,Fault_Interface,14,0.0,0.0,0.3,0.9953550916287393,-0.9705695966206368,,,,,,,,,,,,,,-34.726730454303976,17.951740562996445,52.67847101730042,GENROU_4,6,GENROU_1,1,0.9998119761777672,0.9998129207630072,0.0001880238222327,GENROU_1,1,GENROU_2,2,1.508955914851131,2.014546204999924,GENROU_5,8,GENROU_2,2,0.9998119761777672,1,0.9998129207630072,2,0.999812199983953,3,0.999812538121146,6,0.9998127915436588,8
1576,2,9.177,0.033,0.03,NEXT_STEP,0,0.0538634086316073,0.0600572352957911,0.9953550808590124,-0.9728993302582596,Fault_Interface,14,0.0,0.0,0.3,0.9953550808590124,-0.9728993302582596,,,,,,,,,,,,,,-34.86016065743199,17.81789975563447,52.67806041306646,GENROU_4,6,GENROU_1,1,0.99981248777358,0.9998134143000132,0.0001875122264201,GENROU_1,1,GENROU_2,2,1.5089030365003273,2.0145110123374423,GENROU_5,8,GENROU_2,2,0.99981248777358,1,0.9998134143000132,2,0.999812719053168,3,0.9998130763797536,6,0.999813306472173,8
1578,2,9.18,0.033,0.03,NEXT_STEP,1,0.0538262077664949,0.0600041525932429,0.99537845109067,-0.9731024087309836,Fault_Interface,14,0.0,0.0,0.3,0.99537845109067,-0.9731024087309836,,,,,,,,,,,,,,-34.87227172317908,17.805750470583334,52.678022193762416,GENROU_4,6,GENROU_1,1,0.9998125342927432,0.99981345905701,0.0001874657072569,GENROU_1,1,GENROU_2,2,1.508904098244895,2.0145078319449152,GENROU_5,8,GENROU_2,2,0.9998125342927432,1,0.99981345905701,2,0.9998127661764192,3,0.999813125294719,6,0.9998133533239938,8
1580,2,9.213,0.033,0.03,NEXT_STEP,0,0.0538203183321668,0.0599942793049534,0.9953784148937944,-0.9754251402984556,Fault_Interface,14,0.0,0.0,0.3,0.9953784148937944,-0.9754251402984556,,,,,,,,,,,,,,-35.00528360797925,17.672307710607942,52.67759131858719,GENROU_4,6,GENROU_1,1,0.9998130465142214,0.999813950821234,0.0001869534857785,GENROU_1,1,GENROU_2,2,1.5088514745259018,2.0144726589630477,GENROU_5,8,GENROU_2,2,0.9998130465142214,1,0.999813950821234,2,0.999813284027724,3,0.9998136629024248,6,0.9998138695037112,8
1582,2,9.216,0.033,0.03,NEXT_STEP,1,0.0537831635239962,0.0599412760421363,0.995401747917018,-0.9756275928293106,Fault_Interface,14,0.0,0.0,0.3,0.995401747917018,-0.9756275928293106,,,,,,,,,,,,,,-35.01735667047833,17.660194633745114,52.67755130422344,GENROU_4,6,GENROU_1,1,0.9998130930887776,0.9998139954553577,0.0001869069112222,GENROU_1,1,GENROU_2,2,1.5088525491871134,2.014469467098784,GENROU_5,8,GENROU_2,2,0.9998130930887776,1,0.9998139954553577,2,0.9998133310243084,3,0.9998137117118012,6,0.9998139164520604,8
1584,2,9.249,0.033,0.03,NEXT_STEP,0,0.0537774016998638,0.0599315560490356,0.9954016162153326,-0.977943365443834,Fault_Interface,14,0.0,0.0,0.3,0.9954016162153326,-0.977943365443834,,,,,,,,,,,,,,-35.14995114665046,17.527150369363138,52.67710151601359,GENROU_4,6,GENROU_1,1,0.9998136058249968,0.999814486237539,0.0001863941750032,GENROU_1,1,GENROU_2,2,1.5088001893299046,2.014434188040188,GENROU_5,8,GENROU_2,2,0.9998136058249968,1,0.999814486237539,2,0.9998138472980068,3,0.999814247628877,6,0.9998144334454232,8
1586,2,9.252,0.033,0.03,NEXT_STEP,1,0.053740333317652,0.0598786921573831,0.9954248841364038,-0.9781452031340132,Fault_Interface,14,0.0,0.0,0.3,0.9954248841364038,-0.9781452031340132,,,,,,,,,,,,,,-35.16198632541346,17.51507353705088,52.67705986246434,GENROU_4,6,GENROU_1,1,0.9998136524369704,0.9998145308149394,0.0001863475630294,GENROU_1,1,GENROU_2,2,1.5088012776660766,2.014430993747187,GENROU_5,8,GENROU_2,2,0.9998136524369704,1,0.9998145308149394,2,0.9998138941356042,3,0.9998142962364626,6,0.9998144804445606,8
1588,2,9.285,0.033,0.03,NEXT_STEP,0,0.0537344882084743,0.0598688926202202,0.995424764111369,-0.9804539794656016,Fault_Interface,14,0.0,0.0,0.3,0.995424764111369,-0.9804539794656016,,,,,,,,,,,,,,-35.294165045191136,17.382428098031415,52.67659314322255,GENROU_4,6,GENROU_1,1,0.9998141655113028,0.9998150213399734,0.0001858344886972,GENROU_1,1,GENROU_2,2,1.5087492418624533,2.0143958641007025,GENROU_5,8,GENROU_2,2,0.9998141655113028,1,0.9998150213399734,2,0.9998144086646864,3,0.9998148296312516,6,0.9998149977809304,8
1590,2,9.288,0.033,0.03,NEXT_STEP,1,0.0536974216651365,0.0598160413707701,0.9954480241120244,-0.9806551835687468,Fault_Interface,14,0.0,0.0,0.3,0.9954480241120244,-0.9806551835687468,,,,,,,,,,,,,,-35.30616251832878,17.370387534210266,52.67655005253905,GENROU_4,6,GENROU_1,1,0.9998142121485384,0.9998150659280608,0.0001857878514616,GENROU_1,1,GENROU_2,2,1.5087503561588371,2.014392695972262,GENROU_5,8,GENROU_2,2,0.9998142121485384,1,0.9998150659280608,2,0.9998144553291972,3,0.9998148779879572,6,0.999815044793116,8
1592,2,9.321,0.033,0.03,NEXT_STEP,0,0.0536915897495123,0.0598062646386536,0.9954478754513708,-0.9829569946315824,Fault_Interface,14,0.0,0.0,0.3,0.9954478754513708,-0.9829569946315824,,,,,,,,,,,,,,-35.43792762952746,17.238141120594946,52.6760687501224,GENROU_4,6,GENROU_1,1,0.9998147253911648,0.9998155620501128,0.0001852746088353,GENROU_1,1,GENROU_5,8,1.5086985799109696,2.0143577329380093,GENROU_5,8,GENROU_2,2,0.9998147253911648,1,0.9998155568749214,2,0.9998149679065582,3,0.999815408379954,6,0.9998155620501128,8
1594,2,9.324,0.033,0.03,NEXT_STEP,1,0.053654569806528,0.0597534927015094,0.9954710978908612,-0.9831575767015042,Fault_Interface,14,0.0,0.0,0.3,0.9954710978908612,-0.9831575767015042,,,,,,,,,,,,,,-35.44988760936564,17.22613683711816,52.676024446483794,GENROU_4,6,GENROU_1,1,0.9998147720323912,0.9998156090339274,0.0001852279676087,GENROU_1,1,GENROU_5,8,1.5086997075967157,2.0143545669704066,GENROU_5,8,GENROU_2,2,0.9998147720323912,1,0.9998156015270656,2,0.9998150143889064,3,0.9998154564398553,6,0.9998156090339274,8
1596,2,9.357,0.033,0.03,NEXT_STEP,0,0.0536487573407529,0.0597437484625213,0.9954709122298796,-0.9854524427333992,Fault_Interface,14,0.0,0.0,0.3,0.9954709122298796,-0.9854524427333992,,,,,,,,,,,,,,-35.5812416264866,17.09428947595318,52.67553110243978,GENROU_4,6,GENROU_1,1,0.9998152851728348,0.9998161257430076,0.000184714827165,GENROU_1,1,GENROU_5,8,1.508648190235366,2.014319601174667,GENROU_5,8,GENROU_2,2,0.9998152851728348,1,0.999816093397288,2,0.999815524938056,3,0.9998159833798704,6,0.9998161257430076,8
1598,2,9.36,0.033,0.03,NEXT_STEP,1,0.0536117821405397,0.059691053502592,0.9954940978575834,-0.9856524040792084,Fault_Interface,14,0.0,0.0,0.3,0.9954940978575834,-0.9856524040792084,,,,,,,,,,,,,,-35.59316435699848,17.08232146559902,52.67548582259749,GENROU_4,6,GENROU_1,1,0.9998153317915428,0.9998161726558312,0.0001846682084571,GENROU_1,1,GENROU_5,8,1.5086493347309309,2.014316435970595,GENROU_5,8,GENROU_2,2,0.9998153317915428,1,0.9998161381522096,2,0.99981557123445,3,0.9998160311105038,6,0.9998161726558312,8
1600,2,9.393,0.033,0.03,NEXT_STEP,0,0.0536059886051973,0.0596813410749717,0.99549387231607,-0.9879403447092177,Fault_Interface,14,0.0,0.0,0.3,0.99549387231607,-0.9879403447092177,,,,,,,,,,,,,,-35.724110073840166,16.950872962324425,52.67498303616459,GENROU_4,6,GENROU_1,1,0.9998158445329262,0.999816688358297,0.0001841554670738,GENROU_1,1,GENROU_5,8,1.50859809621271,2.01428156654786,GENROU_5,8,GENROU_2,2,0.9998158445329262,1,0.9998166312926386,2,0.999816079744752,3,0.9998165543285362,6,0.999816688358297,8
1602,2,9.396,0.033,0.03,NEXT_STEP,1,0.0535690584016543,0.0596287231730796,0.995517020819885,-0.9881396872482912,Fault_Interface,14,0.0,0.0,0.3,0.995517020819885,-0.9881396872482912,,,,,,,,,,,,,,-35.73599581809424,16.938941196887352,52.6749370149816,GENROU_4,6,GENROU_1,1,0.9998158911017322,0.999816735159416,0.0001841088982678,GENROU_1,1,GENROU_5,8,1.5085992582785808,2.0142784176620334,GENROU_5,8,GENROU_2,2,0.9998158911017322,1,0.9998166761746072,2,0.9998161258569036,3,0.9998166017130048,6,0.999816735159416,8
1604,2,9.429,0.033,0.03,NEXT_STEP,0,0.0535632837565496,0.0596190424963368,0.9955167529493204,-0.9904207232873,Fault_Interface,14,0.0,0.0,0.3,0.9955167529493204,-0.9904207232873,,,,,,,,,,,,,,-35.866536175430845,16.807891125052617,52.67442730048346,GENROU_4,6,GENROU_1,1,0.999816403145697,0.9998172494246385,0.000183596854303,GENROU_1,1,GENROU_5,8,1.5085483065660743,2.01424378415983,GENROU_5,8,GENROU_2,2,0.999816403145697,1,0.9998171707714189,2,0.9998166323713624,3,0.9998171210997764,6,0.9998172494246385,8
1606,2,9.432,0.033,0.03,NEXT_STEP,1,0.0535263985373838,0.0595665015593742,0.9955398641774984,-0.990619448951936,Fault_Interface,14,0.0,0.0,0.3,0.9955398641774984,-0.990619448951936,,,,,,,,,,,,,,-35.878385204224585,16.795995555239593,52.67438075946418,GENROU_4,6,GENROU_1,1,0.9998164496378515,0.9998172960765694,0.0001835503621483,GENROU_1,1,GENROU_5,8,1.5085494868088982,2.0142406614613795,GENROU_5,8,GENROU_2,2,0.9998164496378515,1,0.9998172157900512,2,0.9998166783052852,3,0.9998171681349848,6,0.9998172960765694,8
1608,2,9.465,0.033,0.03,NEXT_STEP,0,0.0535206429612872,0.0595568525606865,0.9955395521577484,-0.9928936020914988,Fault_Interface,14,0.0,0.0,0.3,0.9955395521577484,-0.9928936020914988,,,,,,,,,,,,,,-36.00852317227148,16.665343261558338,52.673866433829815,GENROU_4,6,GENROU_1,1,0.9998169607003268,0.9998178085158526,0.0001830392996732,GENROU_1,1,GENROU_5,8,1.508498827834018,2.014206354496215,GENROU_5,8,GENROU_2,2,0.9998169607003268,1,0.9998177118712636,2,0.9998171829070716,3,0.9998176837225352,6,0.9998178085158526,8
1610,2,9.468,0.033,0.03,NEXT_STEP,1,0.0534838027530495,0.059504388574402,0.995562625983615,-0.9930917128861166,Fault_Interface,14,0.0,0.0,0.3,0.995562625983615,-0.9930917128861166,,,,,,,,,,,,,,-36.02033575414304,16.653483817997504,52.67381957214055,GENROU_4,6,GENROU_1,1,0.9998170070910056,0.9998178549854791,0.0001829929089944,GENROU_1,1,GENROU_5,8,1.5085000266975308,2.014203264836583,GENROU_5,8,GENROU_2,2,0.9998170070910056,1,0.9998177570221322,2,0.9998172286717684,3,0.9998177304172317,6,0.9998178549854791,8
1612,2,9.501,0.033,0.03,NEXT_STEP,0,0.0534780656461502,0.0594947710168833,0.9955622688069734,-0.9953590051497956,Fault_Interface,14,0.0,0.0,0.3,0.9955622688069734,-0.9953590051497956,,,,,,,,,,,,,,-36.15007423158619,16.52322843831219,52.673302669898376,GENROU_4,6,GENROU_1,1,0.999817516914438,0.9998183652632272,0.0001824830855619,GENROU_1,1,GENROU_5,8,1.5084496644990766,2.0141693506658656,GENROU_5,8,GENROU_2,2,0.999817516914438,1,0.9998182544688584,2,0.9998177314697702,3,0.9998182423558034,6,0.9998183652632272,8
1614,2,9.504,0.033,0.03,NEXT_STEP,1,0.0534411631565781,0.0594422644619396,0.995585362653302,-0.9955564764138984,Fault_Interface,14,0.0,0.0,0.3,0.995585362653302,-0.9955564764138984,,,,,,,,,,,,,,-36.16185062422025,16.511405033512116,52.67325565773237,GENROU_4,6,GENROU_1,1,0.9998175631843248,0.9998184115251963,0.000182436815675,GENROU_1,1,GENROU_5,8,1.508450895919256,2.0141662990668108,GENROU_5,8,GENROU_2,2,0.9998175631843248,1,0.9998182997372188,2,0.9998177770783742,3,0.999818288735738,6,0.9998184115251963,8
1616,2,9.537,0.033,0.03,NEXT_STEP,0,0.0534353875553298,0.0594325907231996,0.99558501108143,-0.997816906746979,Fault_Interface,14,0.0,0.0,0.3,0.99558501108143,-0.997816906746979,,,,,,,,,,,,,,-36.29119228458552,16.38154554509654,52.67273782968206,GENROU_4,6,GENROU_1,1,0.999818071621494,0.9998189194437213,0.000181928378506,GENROU_1,1,GENROU_5,8,1.5084007784491578,2.0141326618551854,GENROU_5,8,GENROU_2,2,0.999818071621494,1,0.9998187983694704,2,0.9998182782707944,3,0.999818797456182,6,0.9998189194437213,8
1618,2,9.54,0.033,0.03,NEXT_STEP,1,0.0533986483978975,0.0593802976271561,0.9956080035677156,-0.9980137954174734,Fault_Interface,14,0.0,0.0,0.3,0.9956080035677156,-0.9980137954174734,,,,,,,,,,,,,,-36.3029327159833,16.369758080882058,52.67269079686536,GENROU_4,6,GENROU_1,1,0.999818117754602,0.999818965479529,0.0001818822453979,GENROU_1,1,GENROU_5,8,1.5084020046650242,2.014129619441228,GENROU_5,8,GENROU_2,2,0.999818117754602,1,0.9998188437301586,2,0.9998183237383692,3,0.9998188435500592,6,0.999818965479529,8
1620,2,9.573,0.033,0.03,NEXT_STEP,0,0.0533929508630477,0.0593707461319836,0.9956075618952956,-1.0002674252434456,Fault_Interface,14,0.0,0.0,0.3,0.9956075618952956,-1.0002674252434456,,,,,,,,,,,,,,-36.43188001912811,16.240293306729132,52.67217332585725,GENROU_4,6,GENROU_1,1,0.999818624547592,0.9998194707696416,0.0001813754524079,GENROU_1,1,GENROU_5,8,1.5083521758877876,2.0140961860424675,GENROU_5,8,GENROU_2,2,0.999818624547592,1,0.9998193431382816,2,0.9998188233877612,3,0.9998193491558276,6,0.9998194707696416,8
1622,2,9.576,0.033,0.03,NEXT_STEP,1,0.0533562455032564,0.059318512130985,0.9956305241861,-1.0004637029399446,Fault_Interface,14,0.0,0.0,0.3,0.9956305241861,-1.0004637029399446,,,,,,,,,,,,,,-36.44358470913731,16.22854166700236,52.67212637613967,GENROU_4,6,GENROU_1,1,0.9998186705225692,0.9998195165574438,0.0001813294774307,GENROU_1,1,GENROU_5,8,1.5083534283893034,2.0140931794025123,GENROU_5,8,GENROU_2,2,0.9998186705225692,1,0.9998193885501832,2,0.9998188687189182,3,0.9998193949796904,6,0.9998195165574438,8
1624,2,9.609,0.033,0.03,NEXT_STEP,0,0.0533505644459438,0.05930898840049,0.9956300348240702,-1.0027105405446093,Fault_Interface,14,0.0,0.0,0.3,0.9956300348240702,-1.0027105405446093,,,,,,,,,,,,,,-36.57213995114507,16.099470267445266,52.67161021859033,GENROU_4,6,GENROU_1,1,0.9998191755208184,0.999820019063109,0.0001808244791815,GENROU_1,1,GENROU_5,8,1.508303932696542,2.014060317018536,GENROU_5,8,GENROU_2,2,0.9998191755208184,1,0.9998198882923937,2,0.9998193669164916,3,0.9998198978016928,6,0.999820019063109,8
1626,2,9.612,0.033,0.03,NEXT_STEP,1,0.0533137972550874,0.0592567128351487,0.9956530165086358,-1.0029061850389345,Fault_Interface,14,0.0,0.0,0.3,0.9956530165086358,-1.0029061850389345,,,,,,,,,,,,,,-36.58380909633641,16.08775432542303,52.67156342175944,GENROU_4,6,GENROU_1,1,0.9998192213303472,0.999820064595489,0.0001807786696528,GENROU_1,1,GENROU_5,8,1.5083052189385238,2.0140573727707376,GENROU_5,8,GENROU_2,2,0.9998192213303472,1,0.9998199337156048,2,0.9998194121222648,3,0.9998199433961052,6,0.999820064595489,8
1628,2,9.645,0.033,0.03,NEXT_STEP,0,0.0533080776309886,0.0592471330387372,0.9956525314558948,-1.0051462291692903,Fault_Interface,14,0.0,0.0,0.3,0.9956525314558948,-1.0051462291692903,,,,,,,,,,,,,,-36.71197423249737,15.959074895089342,52.67104912758671,GENROU_4,6,GENROU_1,1,0.9998197245134872,0.999820564314162,0.0001802754865127,GENROU_1,1,GENROU_5,8,1.5082559777257214,2.014024986979861,GENROU_5,8,GENROU_2,2,0.9998197245134872,1,0.9998204333725887,2,0.9998199090263502,3,0.9998204439762248,6,0.999820564314162,8
1630,2,9.648,0.033,0.03,NEXT_STEP,1,0.0532714736165682,0.0591950702706014,0.9956754120477674,-1.0053412972464002,Fault_Interface,14,0.0,0.0,0.3,0.9956754120477674,-1.0053412972464002,,,,,,,,,,,,,,-36.7236079918758,15.94739452227776,52.67100251415356,GENROU_4,6,GENROU_1,1,0.999819770152822,0.9998206095903414,0.0001802298471781,GENROU_1,1,GENROU_5,8,1.5082572593706365,2.014022063740467,GENROU_5,8,GENROU_2,2,0.999819770152822,1,0.9998204787638872,2,0.9998199541169758,3,0.9998204893762932,6,0.9998206095903414,8
1632,2,9.681,0.033,0.03,NEXT_STEP,0,0.0532657248885542,0.0591854931611537,0.9956749000434084,-1.0075745781205525,Fault_Interface,14,0.0,0.0,0.3,0.9956749000434084,-1.0075745781205525,,,,,,,,,,,,,,-36.85138468118854,15.819105607541502,52.67049028873004,GENROU_4,6,GENROU_1,1,0.999820271413308,0.9998211064768748,0.000179728586692,GENROU_1,1,GENROU_5,8,1.508208296178708,2.013989904639128,GENROU_5,8,GENROU_2,2,0.999820271413308,1,0.9998209777973176,2,0.9998204497584092,3,0.9998209879323592,6,0.9998211064768748,8
1634,2,9.684,0.033,0.03,NEXT_STEP,1,0.0532291133656786,0.0591334277218069,0.995697779025262,-1.0077690311875378,Fault_Interface,14,0.0,0.0,0.3,0.995697779025262,-1.0077690311875378,,,,,,,,,,,,,,-36.86298319747372,15.807460668165708,52.67044386563943,GENROU_4,6,GENROU_1,1,0.9998203168775625,0.9998211514984352,0.0001796831224376,GENROU_1,1,GENROU_5,8,1.5082096064437995,2.0139870079128297,GENROU_5,8,GENROU_2,2,0.9998203168775625,1,0.9998210231107508,2,0.9998204947382248,3,0.9998210331699502,6,0.9998211514984352,8
1636,2,9.717,0.033,0.03,NEXT_STEP,0,0.0532234829618928,0.0591239886467583,0.9956971756136156,-1.0099956067543905,Fault_Interface,14,0.0,0.0,0.3,0.9956971756136156,-1.0099956067543905,,,,,,,,,,,,,,-36.99037287576248,15.679560761908371,52.66993363767085,GENROU_4,6,GENROU_1,1,0.9998208161800471,0.9998216455978604,0.0001791838199528,GENROU_1,1,GENROU_5,8,1.5081609179497724,2.0139551919558043,GENROU_5,8,GENROU_2,2,0.9998208161800471,1,0.9998215210241884,2,0.9998209891540112,3,0.9998215300350652,6,0.9998216455978604,8
1638,2,9.72,0.033,0.03,NEXT_STEP,1,0.0531868523526647,0.0590719456338431,0.9957200457544406,-1.010189442456141,Fault_Interface,14,0.0,0.0,0.3,0.9957200457544406,-1.010189442456141,,,,,,,,,,,,,,-37.00193626842981,15.667951117591183,52.669887386021,GENROU_4,6,GENROU_1,1,0.999820861464484,0.9998216903685142,0.0001791385355158,GENROU_1,1,GENROU_5,8,1.5081622522809104,2.013952328661997,GENROU_5,8,GENROU_2,2,0.999820861464484,1,0.99982156621272,2,0.9998210340221572,3,0.9998215751295236,6,0.9998216903685142,8
1640,2,9.753,0.033,0.03,NEXT_STEP,0,0.0531811888602667,0.0590624594609276,0.9957194416787164,-1.012409295528082,Fault_Interface,14,0.0,0.0,0.3,0.9957194416787164,-1.012409295528082,,,,,,,,,,,,,,-37.12894013401205,15.540438697163053,52.6693788311751,GENROU_4,6,GENROU_1,1,0.9998213588164206,0.999822181790152,0.0001786411835793,GENROU_1,1,GENROU_5,8,1.5081138265297416,2.013920823923056,GENROU_5,8,GENROU_2,2,0.9998213588164206,1,0.9998220625478396,2,0.9998215272306988,3,0.9998220706165132,6,0.999822181790152,8
1642,2,9.756,0.033,0.03,NEXT_STEP,1,0.0531446129811039,0.0590105080491374,0.9957422690117876,-1.0126025341252076,Fault_Interface,14,0.0,0.0,0.3,0.9957422690117876,-1.0126025341252076,,,,,,,,,,,,,,-37.14046850067663,15.52886420995428,52.66933271063091,GENROU_4,6,GENROU_1,1,0.9998214039240492,0.9998222263232402,0.0001785960759507,GENROU_1,1,GENROU_5,8,1.50811517288998,2.013917982125522,GENROU_5,8,GENROU_2,2,0.9998214039240492,1,0.99982210757297,2,0.9998215719891236,3,0.999822115597543,6,0.9998222263232402,8
1644,2,9.789,0.033,0.03,NEXT_STEP,0,0.0531389693822524,0.0590010552211792,0.9957416294060996,-1.014815699495436,Fault_Interface,14,0.0,0.0,0.3,0.9957416294060996,-1.014815699495436,,,,,,,,,,,,,,-37.26708754358372,15.401737758931628,52.668825302515344,GENROU_4,6,GENROU_1,1,0.999821899324269,0.9998227151945104,0.0001781006757309,GENROU_1,1,GENROU_5,8,1.5080669955022292,2.0138866588891404,GENROU_5,8,GENROU_2,2,0.999821899324269,1,0.9998226019024276,2,0.9998220639634708,3,0.9998226099063076,6,0.9998227151945104,8
1646,2,9.792,0.033,0.03,NEXT_STEP,1,0.0531025452261069,0.0589492984316456,0.9957643635500562,-1.015008367598031,Fault_Interface,14,0.0,0.0,0.3,0.9957643635500562,-1.015008367598031,,,,,,,,,,,,,,-37.27858096775693,15.39019829079005,52.66877925854698,GENROU_4,6,GENROU_1,1,0.9998219442516082,0.999822759499427,0.0001780557483918,GENROU_1,1,GENROU_5,8,1.5080683438255644,2.013883830658119,GENROU_5,8,GENROU_2,2,0.9998219442516082,1,0.9998226467247168,2,0.999822108604898,3,0.9998226547797044,6,0.999822759499427,8
1648,2,9.825,0.033,0.03,NEXT_STEP,0,0.053096870320839,0.0589398446991481,0.9957637002022816,-1.0172148613085434,Fault_Interface,14,0.0,0.0,0.3,0.9957637002022816,-1.0172148613085434,,,,,,,,,,,,,,-37.40481610037626,15.263456272886105,52.66827237326236,GENROU_4,6,GENROU_1,1,0.9998224376550578,0.9998232459185334,0.0001775623449421,GENROU_1,1,GENROU_5,8,1.5080204668467894,2.0138527845902057,GENROU_5,8,GENROU_2,2,0.9998224376550578,1,0.9998231386355768,2,0.9998225992334404,3,0.9998231479236408,6,0.9998232459185334,8
1650,2,9.828,0.033,0.03,NEXT_STEP,1,0.0530604395722941,0.0588880860804519,0.9957864326151656,-1.017406922968494,Fault_Interface,14,0.0,0.0,0.3,0.9957864326151656,-1.017406922968494,,,,,,,,,,,,,,-37.41627466407677,15.251951682780552,52.66822634685732,GENROU_4,6,GENROU_1,1,0.9998224824034128,0.9998232900093632,0.0001775175965871,GENROU_1,1,GENROU_5,8,1.5080218437481567,2.013849994176542,GENROU_5,8,GENROU_2,2,0.9998224824034128,1,0.9998231832247776,2,0.9998226437505876,3,0.9998231927028868,6,0.9998232900093632,8
1652,2,9.861,0.033,0.03,NEXT_STEP,0,0.0530547760796437,0.0588786515589982,0.9957857437318364,-1.0196067726341962,Fault_Interface,14,0.0,0.0,0.3,0.9957857437318364,-1.0196067726341962,,,,,,,,,,,,,,-37.54212671567084,15.125592563985952,52.6677192796568,GENROU_4,6,GENROU_1,1,0.9998229738565968,0.9998237741683876,0.000177026143403,GENROU_1,1,GENROU_5,8,1.50797422486465,2.013819290299049,GENROU_5,8,GENROU_2,2,0.9998229738565968,1,0.9998236724494888,2,0.9998231329778372,3,0.9998236848667184,6,0.9998237741683876,8
1654,2,9.864,0.033,0.03,NEXT_STEP,1,0.0530183919021057,0.0588269721535902,0.9958084390751568,-1.019798241736249,Fault_Interface,14,0.0,0.0,0.3,0.9958084390751568,-1.019798241736249,,,,,,,,,,,,,,-37.553550488316034,15.114122714007744,52.66767320232378,GENROU_4,6,GENROU_1,1,0.9998230184280265,0.999823818061334,0.0001769815719736,GENROU_1,1,GENROU_5,8,1.5079756140779097,2.013816520076396,GENROU_5,8,GENROU_2,2,0.9998230184280265,1,0.9998237167828492,2,0.9998231773632004,3,0.9998237295578124,6,0.999823818061334,8
1656,2,9.897,0.033,0.03,NEXT_STEP,0,0.0530127470098339,0.0588175688249984,0.9958077194965544,-1.0219914735981217,Fault_Interface,14,0.0,0.0,0.3,0.9958077194965544,-1.0219914735981217,,,,,,,,,,,,,,-37.67902022153262,14.988144978022204,52.66716519955482,GENROU_4,6,GENROU_1,1,0.999823507930106,0.9998243001213546,0.0001764920698938,GENROU_1,1,GENROU_5,8,1.5079282347285068,2.0137859495277337,GENROU_5,8,GENROU_2,2,0.999823507930106,1,0.999824203095958,2,0.999823665081348,3,0.999824220736,6,0.9998243001213546,8
1658,2,9.9,0.033,0.03,NEXT_STEP,1,0.0529764077359985,0.0587659657982705,0.99583037902328,-1.0221823520153734,Fault_Interface,14,0.0,0.0,0.3,0.99583037902328,-1.0221823520153734,,,,,,,,,,,,,,-37.69040927280086,14.976709730248752,52.66711900304961,GENROU_4,6,GENROU_1,1,0.9998235523237996,0.9998243438306244,0.0001764476762002,GENROU_1,1,GENROU_5,8,1.5079296387284846,2.0137831863435034,GENROU_5,8,GENROU_2,2,0.9998235523237996,1,0.999824247156434,2,0.9998237093241548,3,0.9998242653359678,6,0.9998243438306244,8
1660,2,9.933,0.033,0.03,NEXT_STEP,0,0.052970781243745,0.0587565928959316,0.9958296296999,-1.0243689906867193,Fault_Interface,14,0.0,0.0,0.3,0.9958296296999,-1.0243689906867193,,,,,,,,,,,,,,-37.81549747493751,14.851111855674304,52.66660933061181,GENROU_4,6,GENROU_1,1,0.9998240398634326,0.9998248239423594,0.0001759601365673,GENROU_1,1,GENROU_5,8,1.5078825081074154,2.013752713338881,GENROU_5,8,GENROU_2,2,0.9998240398634326,1,0.9998247303100546,2,0.9998241954089302,3,0.9998247554710588,6,0.9998248239423594,8
1662,2,9.936,0.033,0.03,NEXT_STEP,1,0.052934487252056,0.0587050663424721,0.995852253406948,-1.0245592807984658,Fault_Interface,14,0.0,0.0,0.3,0.995852253406948,-1.0245592807984658,,,,,,,,,,,,,,-37.82685187857256,14.839711071377842,52.6665629499504,GENROU_4,6,GENROU_1,1,0.9998240840780348,0.9998248674810434,0.0001759159219653,GENROU_1,1,GENROU_5,8,1.5078839267608668,2.0137499606622504,GENROU_5,8,GENROU_2,2,0.9998240840780348,1,0.9998247740876676,2,0.9998242394973448,3,0.9998247999723036,6,0.9998248674810434,8
1664,2,9.969,0.033,0.03,NEXT_STEP,0,0.0529288787197079,0.0586957237943754,0.9958514753993348,-1.0267393514287344,Fault_Interface,14,0.0,0.0,0.3,0.9958514753993348,-1.0267393514287344,,,,,,,,,,,,,,-37.951559401008936,14.71449152458069,52.66605092558963,GENROU_4,6,GENROU_1,1,0.9998245696347822,0.999825345778305,0.0001754303652178,GENROU_1,1,GENROU_5,8,1.5078370432166626,2.013719605459538,GENROU_5,8,GENROU_2,2,0.9998245696347822,1,0.9998252541131,2,0.999824723814947,3,0.9998252889573924,6,0.999825345778305,8
1666,2,9.972,0.033,0.03,NEXT_STEP,1,0.0528925239476037,0.0586441559207107,0.995874120055966,-1.0269290291539477,Fault_Interface,14,0.0,0.0,0.3,0.995874120055966,-1.0269290291539477,,,,,,,,,,,,,,-37.96287923807208,14.70312506367535,52.66600430174744,GENROU_4,6,GENROU_1,1,0.9998246136706084,0.9998253891600928,0.0001753863293915,GENROU_1,1,GENROU_5,8,1.5078384898151431,2.013716863258725,GENROU_5,8,GENROU_2,2,0.9998246136706084,1,0.9998252976072872,2,0.999824767738973,3,0.9998253333554736,6,0.9998253891600928,8
1668,2,10.0,0.033,0.03,NEXT_STEP,0,0.0528869829130869,0.0586348749492744,0.9958743146138626,-1.028773236921504,Fault_Interface,14,0.0,0.0,0.3,0.9958743146138626,-1.028773236921504,,,,,,,,,,,,,,-38.06839141445306,14.59717588650764,52.6655673009607,GENROU_4,6,GENROU_1,1,0.999825025293784,0.9998257947551628,0.0001749747062159,GENROU_1,1,GENROU_5,8,1.507797985744333,2.0136902321194587,GENROU_5,8,GENROU_2,2,0.999825025293784,1,0.9998257035598253,2,0.9998251784086072,3,0.9998257507173408,6,0.9998257947551628,8
