iter,outer_iter,t_granted,cosim_dt,tx_tds_step,state,updated,P_total,Q_total,Vmag,Vang_rad,fault_idx,fault_bus,fault_active,fault_rf,fault_xf,fault_bus_vmag,fault_bus_vang_rad,event_line_idx,event_bus1,event_bus2,event_line_status,event_bus1_vmag,event_bus1_vang_rad,event_bus2_vmag,event_bus2_vang_rad,event_bus_angle_diff_deg,postfault_line_idx,postfault_bus1,postfault_bus2,postfault_line_status,delta_min_deg,delta_max_deg,delta_spread_deg,delta_min_idx,delta_min_bus,delta_max_idx,delta_max_bus,omega_min_pu,omega_max_pu,omega_max_dev,omega_min_idx,omega_min_bus,omega_max_idx,omega_max_bus,vf_min_pu,vf_max_pu,vf_min_idx,vf_min_bus,vf_max_idx,vf_max_bus,omega_GENROU_1_pu,omega_GENROU_1_bus,omega_GENROU_2_pu,omega_GENROU_2_bus,omega_GENROU_3_pu,omega_GENROU_3_bus,omega_GENROU_4_pu,omega_GENROU_4_bus,omega_GENROU_5_pu,omega_GENROU_5_bus
0,0,0.0,0.0,0.03,INITIALIZED,1,0.035846100926392815,0.01728679908322745,1.0086704880729853,-0.17738817182086397,Fault_Interface,14,0.0,0.0,0.3,1.0086704880729853,-0.17738817182086397,,,,,,,,,,,,,,10.947320231857903,63.35299760041254,52.40567736855464,GENROU_4,6,GENROU_1,1,1.0,1.0,0.0,GENROU_1,1,GENROU_1,1,1.4854502589312455,1.9941451634926717,GENROU_5,8,GENROU_2,2,1.0,1,1.0,2,1.0,3,1.0,6,1.0,8
1,1,0.003,0.003,0.03,NEXT_STEP,0,0.035846100926392815,0.01728679908322745,1.0086704880729853,-0.17738817182086397,Fault_Interface,14,0.0,0.0,0.3,1.0086704880729853,-0.17738817182086397,,,,,,,,,,,,,,10.947320231857903,63.35299760041254,52.40567736855464,GENROU_4,6,GENROU_1,1,1.0,1.0,0.0,GENROU_1,1,GENROU_1,1,1.4854502589312455,1.9941451634926717,GENROU_5,8,GENROU_2,2,1.0,1,1.0,2,1.0,3,1.0,6,1.0,8
3,2,0.006,0.003,0.03,NEXT_STEP,1,0.03584631319521205,0.017286984392903992,1.008670395103589,-0.17738822622666395,Fault_Interface,14,0.0,0.0,0.3,1.008670395103589,-0.17738822622666395,,,,,,,,,,,,,,10.947320231857903,63.35299760041254,52.40567736855464,GENROU_4,6,GENROU_1,1,1.0,1.0,0.0,GENROU_1,1,GENROU_1,1,1.485450259495788,1.9941451637526486,GENROU_5,8,GENROU_2,2,1.0,1,1.0,2,1.0,3,1.0,6,1.0,8
5,2,0.009000000000000001,0.003,0.03,NEXT_STEP,1,0.035846322299119854,0.017286991458284946,1.008670390653446,-0.17738822936087886,Fault_Interface,14,0.0,0.0,0.3,1.008670390653446,-0.17738822936087886,,,,,,,,,,,,,,10.947320231857903,63.35299760041254,52.40567736855464,GENROU_4,6,GENROU_1,1,1.0,1.0,0.0,GENROU_1,1,GENROU_1,1,1.485450242474655,1.9941451642567252,GENROU_5,8,GENROU_2,2,1.0,1,1.0,2,1.0,3,1.0,6,1.0,8
7,2,0.012,0.003,0.03,NEXT_STEP,1,0.03584632230645302,0.01728699146416302,1.0086703891183848,-0.17738823089721206,Fault_Interface,14,0.0,0.0,0.3,1.0086703891183848,-0.17738823089721206,,,,,,,,,,,,,,10.947320231857903,63.35299760041254,52.40567736855464,GENROU_4,6,GENROU_1,1,1.0,1.0,0.0,GENROU_1,1,GENROU_1,1,1.485450245849018,1.9941451659582605,GENROU_5,8,GENROU_2,2,1.0,1,1.0,2,1.0,3,1.0,6,1.0,8
9,2,0.015000000000000001,0.003,0.03,NEXT_STEP,1,0.03584632230644732,0.017286991464172615,1.0086703876055818,-0.1773882324026065,Fault_Interface,14,0.0,0.0,0.3,1.0086703876055818,-0.1773882324026065,,,,,,,,,,,,,,10.947320231857903,63.35299760041254,52.40567736855464,GENROU_4,6,GENROU_1,1,1.0,1.0,0.0,GENROU_1,1,GENROU_1,1,1.4854502524531465,1.99414516990547,GENROU_5,8,GENROU_2,2,1.0,1,1.0,2,1.0,3,1.0,6,1.0,8
10,1,0.018000000000000002,0.003,0.03,NEXT_STEP,0,0.03584632230644732,0.017286991464172615,1.0086703861554616,-0.17738823382947977,Fault_Interface,14,0.0,0.0,0.3,1.0086703861554616,-0.17738823382947977,,,,,,,,,,,,,,10.947320231857903,63.35299760041254,52.40567736855464,GENROU_4,6,GENROU_1,1,1.0,1.0,0.0,GENROU_1,1,GENROU_1,1,1.4854502603049227,1.994145177324895,GENROU_5,8,GENROU_2,2,1.0,1,1.0,2,1.0,3,1.0,6,1.0,8
11,1,0.021,0.003,0.03,NEXT_STEP,0,0.03584632230644732,0.017286991464172615,1.008670384765323,-0.17738823518255525,Fault_Interface,14,0.0,0.0,0.3,1.008670384765323,-0.17738823518255525,,,,,,,,,,,,,,10.947320231857903,63.35299760041254,52.40567736855464,GENROU_4,6,GENROU_1,1,1.0,1.0,0.0,GENROU_1,1,GENROU_1,1,1.4854502688225286,1.9941451890332647,GENROU_5,8,GENROU_2,2,1.0,1,1.0,2,1.0,3,1.0,6,1.0,8
12,1,0.024,0.003,0.03,NEXT_STEP,0,0.03584632230644732,0.017286991464172615,1.0086703834331572,-0.17738823646978363,Fault_Interface,14,0.0,0.0,0.3,1.0086703834331572,-0.17738823646978363,,,,,,,,,,,,,,10.947320231857903,63.35299760041254,52.40567736855464,GENROU_4,6,GENROU_1,1,1.0,1.0,0.0,GENROU_1,1,GENROU_1,1,1.4854502776185439,1.9941452056508366,GENROU_5,8,GENROU_2,2,1.0,1,1.0,2,1.0,3,1.0,6,1.0,8
13,1,0.027000000000000003,0.003,0.03,NEXT_STEP,0,0.03584632230644732,0.017286991464172615,1.0086703821557452,-0.1773882376944215,Fault_Interface,14,0.0,0.0,0.3,1.0086703821557452,-0.1773882376944215,,,,,,,,,,,,,,10.947320231857903,63.35299760041254,52.40567736855464,GENROU_4,6,GENROU_1,1,1.0,1.0,0.0,GENROU_1,1,GENROU_1,1,1.485450286427776,1.9941452274059133,GENROU_5,8,GENROU_2,2,1.0,1,1.0,2,1.0,3,1.0,6,1.0,8
14,1,0.030000000000000002,0.003,0.03,NEXT_STEP,0,0.03584632230644732,0.017286991464172615,1.0086703809350737,-0.17738823886884042,Fault_Interface,14,0.0,0.0,0.3,1.0086703809350737,-0.17738823886884042,,,,,,,,,,,,,,10.947320231857903,63.35299760041254,52.40567736855464,GENROU_4,6,GENROU_1,1,1.0,1.0,0.0,GENROU_1,1,GENROU_1,1,1.4854502950743158,1.9941452541838247,GENROU_5,8,GENROU_2,2,1.0,1,1.0,2,1.0,3,1.0,6,1.0,8
15,1,0.033,0.003,0.03,NEXT_STEP,0,0.03584632230644732,0.017286991464172615,1.0086703797655432,-0.17738823999075798,Fault_Interface,14,0.0,0.0,0.3,1.0086703797655432,-0.17738823999075798,,,,,,,,,,,,,,10.947320231857903,63.35299760041254,52.40567736855464,GENROU_4,6,GENROU_1,1,1.0,1.0,0.0,GENROU_1,1,GENROU_1,1,1.4854503034530795,1.9941452856230264,GENROU_5,8,GENROU_2,2,1.0,1,1.0,2,1.0,3,1.0,6,1.0,8
16,1,0.036000000000000004,0.003,0.03,NEXT_STEP,0,0.03584632230644732,0.017286991464172615,1.0086703786446298,-0.1773882410638051,Fault_Interface,14,0.0,0.0,0.3,1.0086703786446298,-0.1773882410638051,,,,,,,,,,,,,,10.947320231857903,63.35299760041254,52.40567736855464,GENROU_4,6,GENROU_1,1,1.0,1.0,0.0,GENROU_1,1,GENROU_1,1,1.4854503114871644,1.9941453212005011,GENROU_5,8,GENROU_2,2,1.0,1,1.0,2,1.0,3,1.0,6,1.0,8
18,2,0.039,0.003,0.03,NEXT_STEP,0,0.035846322305516674,0.017286991463599303,1.0086703775710322,-0.17738824209079868,Fault_Interface,14,0.0,0.0,0.3,1.0086703775710322,-0.17738824209079868,,,,,,,,,,,,,,10.947320231857903,63.35299760041254,52.40567736855464,GENROU_4,6,GENROU_1,1,1.0,1.0,0.0,GENROU_1,1,GENROU_1,1,1.485450319138616,1.994145360299197,GENROU_5,8,GENROU_2,2,1.0,1,1.0,2,1.0,3,1.0,6,1.0,8
20,2,0.042,0.003,0.03,NEXT_STEP,1,0.03584632230643736,0.01728699146414663,1.008670376541001,-0.17738824307571516,Fault_Interface,14,0.0,0.0,0.3,1.008670376541001,-0.17738824307571516,,,,,,,,,,,,,,10.947320231857903,63.35299760041254,52.40567736855464,GENROU_4,6,GENROU_1,1,1.0,1.0,0.0,GENROU_1,1,GENROU_1,1,1.4854503263978562,1.9941454022606644,GENROU_5,8,GENROU_2,2,1.0,1,1.0,2,1.0,3,1.0,6,1.0,8
22,2,0.045000000000000005,0.003,0.03,NEXT_STEP,0,0.03584632230645051,0.01728699146415169,1.0086703755539148,-0.1773882440200768,Fault_Interface,14,0.0,0.0,0.3,1.0086703755539148,-0.1773882440200768,,,,,,,,,,,,,,10.947320231857903,63.35299760041254,52.40567736855464,GENROU_4,6,GENROU_1,1,1.0,1.0,0.0,GENROU_1,1,GENROU_1,1,1.4854503332492541,1.9941454464243014,GENROU_5,8,GENROU_2,2,1.0,1,1.0,2,1.0,3,1.0,6,1.0,8
23,1,0.048,0.003,0.03,NEXT_STEP,0,0.03584632230645051,0.01728699146415169,1.0086703746081302,-0.17738824492716598,Fault_Interface,14,0.0,0.0,0.3,1.0086703746081302,-0.17738824492716598,,,,,,,,,,,,,,10.947320231857903,63.35299760041254,52.40567736855464,GENROU_4,6,GENROU_1,1,1.0,1.0,0.0,GENROU_1,1,GENROU_1,1,1.4854503397218954,1.9941454921558925,GENROU_5,8,GENROU_2,2,1.0,1,1.0,2,1.0,3,1.0,6,1.0,8
24,1,0.051000000000000004,0.003,0.03,NEXT_STEP,0,0.03584632230645051,0.01728699146415169,1.0086703737087646,-0.17738824579463072,Fault_Interface,14,0.0,0.0,0.3,1.0086703737087646,-0.17738824579463072,,,,,,,,,,,,,,10.947320231857903,63.35299760041254,52.40567736855464,GENROU_4,6,GENROU_1,1,1.0,1.0,0.0,GENROU_1,1,GENROU_1,1,1.4854503458166313,1.9941455388670521,GENROU_5,8,GENROU_2,2,1.0,1,1.0,2,1.0,3,1.0,6,1.0,8
25,1,0.054000000000000006,0.003,0.03,NEXT_STEP,0,0.03584632230645051,0.01728699146415169,1.0086703728496262,-0.17738824662777453,Fault_Interface,14,0.0,0.0,0.3,1.0086703728496262,-0.17738824662777453,,,,,,,,,,,,,,10.947320231857903,63.35299760041254,52.40567736855464,GENROU_4,6,GENROU_1,1,1.0,1.0,0.0,GENROU_1,1,GENROU_1,1,1.4854503515695887,1.9941455860276476,GENROU_5,8,GENROU_2,2,1.0,1,1.0,2,1.0,3,1.0,6,1.0,8
26,1,0.057,0.003,0.03,NEXT_STEP,0,0.03584632230645051,0.01728699146415169,1.0086703720292092,-0.17738824742793985,Fault_Interface,14,0.0,0.0,0.3,1.0086703720292092,-0.17738824742793985,,,,,,,,,,,,,,10.947320231857903,63.35299760041254,52.40567736855464,GENROU_4,6,GENROU_1,1,1.0,1.0,0.0,GENROU_1,1,GENROU_1,1,1.4854503569922572,1.9941456331719858,GENROU_5,8,GENROU_2,2,1.0,1,1.0,2,1.0,3,1.0,6,1.0,8
27,1,0.060000000000000005,0.003,0.03,NEXT_STEP,0,0.03584632230645051,0.01728699146415169,1.0086703712456764,-0.177388248196782,Fault_Interface,14,0.0,0.0,0.3,1.0086703712456764,-0.177388248196782,,,,,,,,,,,,,,10.947320231857903,63.35299760041254,52.40567736855464,GENROU_4,6,GENROU_1,1,1.0,1.0,0.0,GENROU_1,1,GENROU_1,1,1.4854503620973467,1.994145679901144,GENROU_5,8,GENROU_2,2,1.0,1,1.0,2,1.0,3,1.0,6,1.0,8
28,1,0.063,0.003,0.03,NEXT_STEP,0,0.03584632230645051,0.01728699146415169,1.0086703704985083,-0.17738824893619706,Fault_Interface,14,0.0,0.0,0.3,1.0086703704985083,-0.17738824893619706,,,,,,,,,,,,,,10.947320231857903,63.35299760041254,52.40567736855464,GENROU_4,6,GENROU_1,1,1.0,1.0,0.0,GENROU_1,1,GENROU_1,1,1.4854503669200378,1.994145725881589,GENROU_5,8,GENROU_2,2,1.0,1,1.0,2,1.0,3,1.0,6,1.0,8
29,1,0.066,0.003,0.03,NEXT_STEP,0,0.03584632230645051,0.01728699146415169,1.0086703697857995,-0.17738824964720945,Fault_Interface,14,0.0,0.0,0.3,1.0086703697857995,-0.17738824964720945,,,,,,,,,,,,,,10.947320231857903,63.35299760041254,52.40567736855464,GENROU_4,6,GENROU_1,1,1.0,1.0,0.0,GENROU_1,1,GENROU_1,1,1.4854503714740064,1.9941457708420318,GENROU_5,8,GENROU_2,2,1.0,1,1.0,2,1.0,3,1.0,6,1.0,8
30,1,0.069,0.003,0.03,NEXT_STEP,0,0.03584632230645051,0.01728699146415169,1.008670369106803,-0.17738825033113345,Fault_Interface,14,0.0,0.0,0.3,1.008670369106803,-0.17738825033113345,,,,,,,,,,,,,,10.947320231857903,63.35299760041254,52.40567736855464,GENROU_4,6,GENROU_1,1,1.0,1.0,0.0,GENROU_1,1,GENROU_1,1,1.4854503757763604,1.9941458145685953,GENROU_5,8,GENROU_2,2,1.0,1,1.0,2,1.0,3,1.0,6,1.0,8
31,1,0.07200000000000001,0.003,0.03,NEXT_STEP,0,0.03584632230645051,0.01728699146415169,1.008670368459921,-0.17738825098913655,Fault_Interface,14,0.0,0.0,0.3,1.008670368459921,-0.17738825098913655,,,,,,,,,,,,,,10.947320231857903,63.35299760041254,52.40567736855464,GENROU_4,6,GENROU_1,1,1.0,1.0,0.0,GENROU_1,1,GENROU_1,1,1.4854503798446976,1.9941458568992756,GENROU_5,8,GENROU_2,2,1.0,1,1.0,2,1.0,3,1.0,6,1.0,8
32,1,0.07500000000000001,0.003,0.03,NEXT_STEP,0,0.03584632230645051,0.01728699146415169,1.0086703678444924,-0.17738825162249275,Fault_Interface,14,0.0,0.0,0.3,1.0086703678444924,-0.17738825162249275,,,,,,,,,,,,,,10.947320231857903,63.35299760041254,52.40567736855464,GENROU_4,6,GENROU_1,1,1.0,1.0,0.0,GENROU_1,1,GENROU_1,1,1.4854503836890378,1.9941458977178546,GENROU_5,8,GENROU_2,2,1.0,1,1.0,2,1.0,3,1.0,6,1.0,8
33,1,0.078,0.003,0.03,NEXT_STEP,0,0.03584632230645051,0.01728699146415169,1.0086703672593826,-0.17738825223228627,Fault_Interface,14,0.0,0.0,0.3,1.0086703672593826,-0.17738825223228627,,,,,,,,,,,,,,10.947320231857903,63.35299760041254,52.40567736855464,GENROU_4,6,GENROU_1,1,1.0,1.0,0.0,GENROU_1,1,GENROU_1,1,1.4854503873366334,1.9941459369477577,GENROU_5,8,GENROU_2,2,1.0,1,1.0,2,1.0,3,1.0,6,1.0,8
34,1,0.081,0.003,0.03,NEXT_STEP,0,0.03584632230645051,0.01728699146415169,1.00867036670315,-0.17738825281939913,Fault_Interface,14,0.0,0.0,0.3,1.00867036670315,-0.17738825281939913,,,,,,,,,,,,,,10.947320231857903,63.35299760041254,52.40567736855464,GENROU_4,6,GENROU_1,1,1.0,1.0,0.0,GENROU_1,1,GENROU_1,1,1.4854503907952414,1.9941459745459704,GENROU_5,8,GENROU_2,2,1.0,1,1.0,2,1.0,3,1.0,6,1.0,8
35,1,0.084,0.003,0.03,NEXT_STEP,0,0.03584632230645051,0.01728699146415169,1.008670366175029,-0.17738825338468306,Fault_Interface,14,0.0,0.0,0.3,1.008670366175029,-0.17738825338468306,,,,,,,,,,,,,,10.947320231857903,63.35299760041254,52.40567736855464,GENROU_4,6,GENROU_1,1,1.0,1.0,0.0,GENROU_1,1,GENROU_1,1,1.4854503940758155,1.9941460104973125,GENROU_5,8,GENROU_2,2,1.0,1,1.0,2,1.0,3,1.0,6,1.0,8
36,1,0.08700000000000001,0.003,0.03,NEXT_STEP,0,0.03584632230645051,0.01728699146415169,1.0086703656740712,-0.17738825392902138,Fault_Interface,14,0.0,0.0,0.3,1.0086703656740712,-0.17738825392902138,,,,,,,,,,,,,,10.947320231857903,63.35299760041254,52.40567736855464,GENROU_4,6,GENROU_1,1,1.0,1.0,0.0,GENROU_1,1,GENROU_1,1,1.4854503971894362,1.994146044809147,GENROU_5,8,GENROU_2,2,1.0,1,1.0,2,1.0,3,1.0,6,1.0,8
37,1,0.09000000000000001,0.003,0.03,NEXT_STEP,0,0.03584632230645051,0.01728699146415169,1.0086703651992392,-0.17738825445322817,Fault_Interface,14,0.0,0.0,0.3,1.0086703651992392,-0.17738825445322817,,,,,,,,,,,,,,10.947320231857903,63.35299760041254,52.40567736855464,GENROU_4,6,GENROU_1,1,1.0,1.0,0.0,GENROU_1,1,GENROU_1,1,1.4854504001462163,1.9941460775066102,GENROU_5,8,GENROU_2,2,1.0,1,1.0,2,1.0,3,1.0,6,1.0,8
38,1,0.093,0.003,0.03,NEXT_STEP,0,0.03584632230645051,0.01728699146415169,1.008670364749642,-0.17738825495808327,Fault_Interface,14,0.0,0.0,0.3,1.008670364749642,-0.17738825495808327,,,,,,,,,,,,,,10.947320231857903,63.35299760041254,52.40567736855464,GENROU_4,6,GENROU_1,1,1.0,1.0,0.0,GENROU_1,1,GENROU_1,1,1.4854504029552684,1.994146108628415,GENROU_5,8,GENROU_2,2,1.0,1,1.0,2,1.0,3,1.0,6,1.0,8
39,1,0.096,0.003,0.03,NEXT_STEP,0,0.03584632230645051,0.01728699146415169,1.008670364324284,-0.17738825544428685,Fault_Interface,14,0.0,0.0,0.3,1.008670364324284,-0.17738825544428685,,,,,,,,,,,,,,10.947320231857903,63.35299760041254,52.40567736855464,GENROU_4,6,GENROU_1,1,1.0,1.0,0.0,GENROU_1,1,GENROU_1,1,1.4854504056249345,1.994146138223213,GENROU_5,8,GENROU_2,2,1.0,1,1.0,2,1.0,3,1.0,6,1.0,8
40,1,0.099,0.003,0.03,NEXT_STEP,0,0.03584632230645051,0.01728699146415169,1.0086703639222523,-0.17738825591233973,Fault_Interface,14,0.0,0.0,0.3,1.0086703639222523,-0.17738825591233973,,,,,,,,,,,,,,10.947320231857903,63.35299760041254,52.40567736855464,GENROU_4,6,GENROU_1,1,1.0,1.0,0.0,GENROU_1,1,GENROU_1,1,1.485450408162737,1.9941461663465112,GENROU_5,8,GENROU_2,2,1.0,1,1.0,2,1.0,3,1.0,6,1.0,8
41,1,0.10200000000000001,0.003,0.03,NEXT_STEP,0,0.03584632230645051,0.01728699146415169,1.0086703635430463,-0.17738825636293554,Fault_Interface,14,0.0,0.0,0.3,1.0086703635430463,-0.17738825636293554,,,,,,,,,,,,,,10.947320231857903,63.35299760041254,52.40567736855464,GENROU_4,6,GENROU_1,1,1.0,1.0,0.0,GENROU_1,1,GENROU_1,1,1.4854504105755564,1.9941461930581124,GENROU_5,8,GENROU_2,2,1.0,1,1.0,2,1.0,3,1.0,6,1.0,8
42,1,0.10500000000000001,0.003,0.03,NEXT_STEP,0,0.03584632230645051,0.01728699146415169,1.0086703631852256,-0.17738825679702033,Fault_Interface,14,0.0,0.0,0.3,1.0086703631852256,-0.17738825679702033,,,,,,,,,,,,,,10.947320231857903,63.35299760041254,52.40567736855464,GENROU_4,6,GENROU_1,1,1.0,1.0,0.0,GENROU_1,1,GENROU_1,1,1.4854504126658155,1.9941462184200338,GENROU_5,8,GENROU_2,2,1.0,1,1.0,2,1.0,3,1.0,6,1.0,8
43,1,0.10800000000000001,0.003,0.03,NEXT_STEP,0,0.03584632230645051,0.01728699146415169,1.0086703628490532,-0.1773882572148917,Fault_Interface,14,0.0,0.0,0.3,1.0086703628490532,-0.1773882572148917,,,,,,,,,,,,,,10.947320231857903,63.35299760041254,52.40567736855464,GENROU_4,6,GENROU_1,1,1.0,1.0,0.0,GENROU_1,1,GENROU_1,1,1.485450414868791,1.9941462424948388,GENROU_5,8,GENROU_2,2,1.0,1,1.0,2,1.0,3,1.0,6,1.0,8
44,1,0.111,0.003,0.03,NEXT_STEP,0,0.03584632230645051,0.01728699146415169,1.0086703625326023,-0.17738825761713678,Fault_Interface,14,0.0,0.0,0.3,1.0086703625326023,-0.17738825761713678,,,,,,,,,,,,,,10.947320231857903,63.35299760041254,52.40567736855464,GENROU_4,6,GENROU_1,1,1.0,1.0,0.0,GENROU_1,1,GENROU_1,1,1.485450416799803,1.9941462653443736,GENROU_5,8,GENROU_2,2,1.0,1,1.0,2,1.0,3,1.0,6,1.0,8
45,1,0.114,0.003,0.03,NEXT_STEP,0,0.03584632230645051,0.01728699146415169,1.0086703622360724,-0.17738825800422522,Fault_Interface,14,0.0,0.0,0.3,1.0086703622360724,-0.17738825800422522,,,,,,,,,,,,,,10.947320231857903,63.35299760041254,52.40567736855464,GENROU_4,6,GENROU_1,1,1.0,1.0,0.0,GENROU_1,1,GENROU_1,1,1.4854504188251252,1.994146287028764,GENROU_5,8,GENROU_2,2,1.0,1,1.0,2,1.0,3,1.0,6,1.0,8
47,2,0.117,0.003,0.03,NEXT_STEP,0,0.03584632230552315,0.017286991463554734,1.0086703619582338,-0.17738825837655878,Fault_Interface,14,0.0,0.0,0.3,1.0086703619582338,-0.17738825837655878,,,,,,,,,,,,,,10.947320231857903,63.35299760041254,52.40567736855464,GENROU_4,6,GENROU_1,1,1.0,1.0,0.0,GENROU_1,1,GENROU_1,1,1.485450420596192,1.9941463076057697,GENROU_5,8,GENROU_2,2,1.0,1,1.0,2,1.0,3,1.0,6,1.0,8
49,2,0.12000000000000001,0.003,0.03,NEXT_STEP,1,0.035846322306445355,0.017286991464155875,1.0086703616981307,-0.17738825873505687,Fault_Interface,14,0.0,0.0,0.3,1.0086703616981307,-0.17738825873505687,,,,,,,,,,,,,,10.947320231857903,63.35299760041254,52.40567736855464,GENROU_4,6,GENROU_1,1,1.0,1.0,0.0,GENROU_1,1,GENROU_1,1,1.4854504224445588,1.9941463271302697,GENROU_5,8,GENROU_2,2,1.0,1,1.0,2,1.0,3,1.0,6,1.0,8
50,1,0.12300000000000001,0.003,0.03,NEXT_STEP,0,0.035846322306445355,0.017286991464155875,1.0086703614724812,-0.1773882590796947,Fault_Interface,14,0.0,0.0,0.3,1.0086703614724812,-0.1773882590796947,,,,,,,,,,,,,,10.947320231857903,63.35299760041254,52.40567736855464,GENROU_4,6,GENROU_1,1,1.0,1.0,0.0,GENROU_1,1,GENROU_1,1,1.485450424057418,1.994146345653643,GENROU_5,8,GENROU_2,2,1.0,1,1.0,2,1.0,3,1.0,6,1.0,8
51,1,0.126,0.003,0.03,NEXT_STEP,0,0.035846322306445355,0.017286991464155875,1.00867036126257,-0.17738825941119118,Fault_Interface,14,0.0,0.0,0.3,1.00867036126257,-0.17738825941119118,,,,,,,,,,,,,,10.947320231857903,63.35299760041254,52.40567736855464,GENROU_4,6,GENROU_1,1,1.0,1.0,0.0,GENROU_1,1,GENROU_1,1,1.4854504257487882,1.9941463632237255,GENROU_5,8,GENROU_2,2,1.0,1,1.0,2,1.0,3,1.0,6,1.0,8
52,1,0.129,0.003,0.03,NEXT_STEP,0,0.035846322306445355,0.017286991464155875,1.0086703610670011,-0.17738825972981534,Fault_Interface,14,0.0,0.0,0.3,1.0086703610670011,-0.17738825972981534,,,,,,,,,,,,,,10.947320231857903,63.35299760041254,52.40567736855464,GENROU_4,6,GENROU_1,1,1.0,1.0,0.0,GENROU_1,1,GENROU_1,1,1.485450427211374,1.9941463798838475,GENROU_5,8,GENROU_2,2,1.0,1,1.0,2,1.0,3,1.0,6,1.0,8
53,1,0.132,0.003,0.03,NEXT_STEP,0,0.035846322306445355,0.017286991464155875,1.0086703608863743,-0.17738826003591732,Fault_Interface,14,0.0,0.0,0.3,1.0086703608863743,-0.17738826003591732,,,,,,,,,,,,,,10.947320231857903,63.35299760041254,52.40567736855464,GENROU_4,6,GENROU_1,1,1.0,1.0,0.0,GENROU_1,1,GENROU_1,1,1.4854504287267893,1.9941463956733676,GENROU_5,8,GENROU_2,2,1.0,1,1.0,2,1.0,3,1.0,6,1.0,8
54,1,0.135,0.003,0.03,NEXT_STEP,0,0.035846322306445355,0.017286991464155875,1.0086703607193714,-0.17738826033006133,Fault_Interface,14,0.0,0.0,0.3,1.0086703607193714,-0.17738826033006133,,,,,,,,,,,,,,10.947320231857903,63.35299760041254,52.40567736855464,GENROU_4,6,GENROU_1,1,1.0,1.0,0.0,GENROU_1,1,GENROU_1,1,1.485450430029287,1.9941464106273241,GENROU_5,8,GENROU_2,2,1.0,1,1.0,2,1.0,3,1.0,6,1.0,8
55,1,0.138,0.003,0.03,NEXT_STEP,0,0.035846322306445355,0.017286991464155875,1.0086703605491578,-0.17738826061270874,Fault_Interface,14,0.0,0.0,0.3,1.0086703605491578,-0.17738826061270874,,,,,,,,,,,,,,10.947320231857903,63.35299760041254,52.40567736855464,GENROU_4,6,GENROU_1,1,1.0,1.0,0.0,GENROU_1,1,GENROU_1,1,1.48545043140077,1.994146424777767,GENROU_5,8,GENROU_2,2,1.0,1,1.0,2,1.0,3,1.0,6,1.0,8
56,1,0.14100000000000001,0.003,0.03,NEXT_STEP,0,0.035846322306445355,0.017286991464155875,1.0086703604090543,-0.17738826088397086,Fault_Interface,14,0.0,0.0,0.3,1.0086703604090543,-0.17738826088397086,,,,,,,,,,,,,,10.947320231857903,63.35299760041254,52.40567736855464,GENROU_4,6,GENROU_1,1,1.0,1.0,0.0,GENROU_1,1,GENROU_1,1,1.4854504325540827,1.9941464381539578,GENROU_5,8,GENROU_2,2,1.0,1,1.0,2,1.0,3,1.0,6,1.0,8
57,1,0.14400000000000002,0.003,0.03,NEXT_STEP,0,0.035846322306445355,0.017286991464155875,1.0086703602811469,-0.17738826114411962,Fault_Interface,14,0.0,0.0,0.3,1.0086703602811469,-0.17738826114411962,,,,,,,,,,,,,,10.947320231857903,63.35299760041254,52.40567736855464,GENROU_4,6,GENROU_1,1,1.0,1.0,0.0,GENROU_1,1,GENROU_1,1,1.4854504335762466,1.9941464507843227,GENROU_5,8,GENROU_2,2,1.0,1,1.0,2,1.0,3,1.0,6,1.0,8
58,1,0.14700000000000002,0.003,0.03,NEXT_STEP,0,0.035846322306445355,0.017286991464155875,1.0086703601640856,-0.17738826139367506,Fault_Interface,14,0.0,0.0,0.3,1.0086703601640856,-0.17738826139367506,,,,,,,,,,,,,,10.947320231857903,63.35299760041254,52.40567736855464,GENROU_4,6,GENROU_1,1,1.0,1.0,0.0,GENROU_1,1,GENROU_1,1,1.4854504347303459,1.9941464626719674,GENROU_5,8,GENROU_2,2,1.0,1,1.0,2,1.0,3,1.0,6,1.0,8
59,1,0.15000000000000002,0.003,0.03,NEXT_STEP,0,0.035846322306445355,0.017286991464155875,1.0086703600585636,-0.17738826163296711,Fault_Interface,14,0.0,0.0,0.3,1.0086703600585636,-0.17738826163296711,,,,,,,,,,,,,,10.947320231857903,63.35299760041254,52.40567736855464,GENROU_4,6,GENROU_1,1,1.0,1.0,0.0,GENROU_1,1,GENROU_1,1,1.4854504357456904,1.9941464738696644,GENROU_5,8,GENROU_2,2,1.0,1,1.0,2,1.0,3,1.0,6,1.0,8
60,1,0.153,0.003,0.03,NEXT_STEP,0,0.035846322306445355,0.017286991464155875,1.0086703600585636,-0.17738826186212253,Fault_Interface,14,0.0,0.0,0.3,1.0086703600585636,-0.17738826186212253,,,,,,,,,,,,,,10.947320231857903,63.35299760041254,52.40567736855464,GENROU_4,6,GENROU_1,1,1.0,1.0,0.0,GENROU_1,1,GENROU_1,1,1.4854504366253014,1.9941464843630945,GENROU_5,8,GENROU_2,2,1.0,1,1.0,2,1.0,3,1.0,6,1.0,8
61,1,0.156,0.003,0.03,NEXT_STEP,0,0.035846322306445355,0.017286991464155875,1.0086703598922468,-0.17738826207442662,Fault_Interface,14,0.0,0.0,0.3,1.0086703598922468,-0.17738826207442662,,,,,,,,,,,,,,10.947320231857903,63.35299760041254,52.40567736855464,GENROU_4,6,GENROU_1,1,1.0,1.0,0.0,GENROU_1,1,GENROU_1,1,1.4854504375994169,1.9941464942229252,GENROU_5,8,GENROU_2,2,1.0,1,1.0,2,1.0,3,1.0,6,1.0,8
62,1,0.159,0.003,0.03,NEXT_STEP,0,0.035846322306445355,0.017286991464155875,1.0086703598922468,-0.17738826227858331,Fault_Interface,14,0.0,0.0,0.3,1.0086703598922468,-0.17738826227858331,,,,,,,,,,,,,,10.947320231857903,63.35299760041254,52.40567736855464,GENROU_4,6,GENROU_1,1,1.0,1.0,0.0,GENROU_1,1,GENROU_1,1,1.4854504384574034,1.9941465034431134,GENROU_5,8,GENROU_2,2,1.0,1,1.0,2,1.0,3,1.0,6,1.0,8
63,1,0.162,0.003,0.03,NEXT_STEP,0,0.035846322306445355,0.017286991464155875,1.0086703597711968,-0.17738826247450992,Fault_Interface,14,0.0,0.0,0.3,1.0086703597711968,-0.17738826247450992,,,,,,,,,,,,,,10.947320231857903,63.35299760041254,52.40567736855464,GENROU_4,6,GENROU_1,1,1.0,1.0,0.0,GENROU_1,1,GENROU_1,1,1.4854504391824566,1.994146512080736,GENROU_5,8,GENROU_2,2,1.0,1,1.0,2,1.0,3,1.0,6,1.0,8
64,1,0.165,0.003,0.03,NEXT_STEP,0,0.035846322306445355,0.017286991464155875,1.0086703597711968,-0.17738826266242233,Fault_Interface,14,0.0,0.0,0.3,1.0086703597711968,-0.17738826266242233,,,,,,,,,,,,,,10.947320231857903,63.35299760041254,52.40567736855464,GENROU_4,6,GENROU_1,1,1.0,1.0,0.0,GENROU_1,1,GENROU_1,1,1.4854504398055512,1.9941465197953463,GENROU_5,8,GENROU_2,2,1.0,1,1.0,2,1.0,3,1.0,6,1.0,8
65,1,0.168,0.003,0.03,NEXT_STEP,0,0.035846322306445355,0.017286991464155875,1.0086703597711968,-0.1773882628423222,Fault_Interface,14,0.0,0.0,0.3,1.0086703597711968,-0.1773882628423222,,,,,,,,,,,,,,10.947320231857903,63.35299760041254,52.40567736855464,GENROU_4,6,GENROU_1,1,1.0,1.0,0.0,GENROU_1,1,GENROU_1,1,1.485450440575669,1.9941465263620755,GENROU_5,8,GENROU_2,2,1.0,1,1.0,2,1.0,3,1.0,6,1.0,8
66,1,0.171,0.003,0.03,NEXT_STEP,0,0.035846322306445355,0.017286991464155875,1.0086703596443176,-0.1773882630150411,Fault_Interface,14,0.0,0.0,0.3,1.0086703596443176,-0.1773882630150411,,,,,,,,,,,,,,10.947320231857903,63.35299760041254,52.40567736855464,GENROU_4,6,GENROU_1,1,1.0,1.0,0.0,GENROU_1,1,GENROU_1,1,1.485450441247871,1.9941465319277871,GENROU_5,8,GENROU_2,2,1.0,1,1.0,2,1.0,3,1.0,6,1.0,8
67,1,0.17400000000000002,0.003,0.03,NEXT_STEP,0,0.035846322306445355,0.017286991464155875,1.0086703596443176,-0.17738826318033124,Fault_Interface,14,0.0,0.0,0.3,1.0086703596443176,-0.17738826318033124,,,,,,,,,,,,,,10.947320231857903,63.35299760041254,52.40567736855464,GENROU_4,6,GENROU_1,1,1.0,1.0,0.0,GENROU_1,1,GENROU_1,1,1.4854504417960044,1.9941465366444127,GENROU_5,8,GENROU_2,2,1.0,1,1.0,2,1.0,3,1.0,6,1.0,8
68,1,0.17700000000000002,0.003,0.03,NEXT_STEP,0,0.035846322306445355,0.017286991464155875,1.0086703596443176,-0.1773882633387748,Fault_Interface,14,0.0,0.0,0.3,1.0086703596443176,-0.1773882633387748,,,,,,,,,,,,,,10.947320231857903,63.35299760041254,52.40567736855464,GENROU_4,6,GENROU_1,1,1.0,1.0,0.0,GENROU_1,1,GENROU_1,1,1.485450442360709,1.9941465406427208,GENROU_5,8,GENROU_2,2,1.0,1,1.0,2,1.0,3,1.0,6,1.0,8
69,1,0.18000000000000002,0.003,0.03,NEXT_STEP,0,0.035846322306445355,0.017286991464155875,1.0086703596443176,-0.1773882634904873,Fault_Interface,14,0.0,0.0,0.3,1.0086703596443176,-0.1773882634904873,,,,,,,,,,,,,,10.947320231857903,63.35299760041254,52.40567736855464,GENROU_4,6,GENROU_1,1,1.0,1.0,0.0,GENROU_1,1,GENROU_1,1,1.48545044257568,1.9941465440334836,GENROU_5,8,GENROU_2,2,1.0,1,1.0,2,1.0,3,1.0,6,1.0,8
70,1,0.18300000000000002,0.003,0.03,NEXT_STEP,0,0.035846322306445355,0.017286991464155875,1.0086703596443176,-0.1773882636355826,Fault_Interface,14,0.0,0.0,0.3,1.0086703596443176,-0.1773882636355826,,,,,,,,,,,,,,10.947320231857903,63.35299760041254,52.40567736855464,GENROU_4,6,GENROU_1,1,1.0,1.0,0.0,GENROU_1,1,GENROU_1,1,1.485450442918531,1.994146546910396,GENROU_5,8,GENROU_2,2,1.0,1,1.0,2,1.0,3,1.0,6,1.0,8
71,1,0.186,0.003,0.03,NEXT_STEP,0,0.035846322306445355,0.017286991464155875,1.0086703596443176,-0.1773882637746299,Fault_Interface,14,0.0,0.0,0.3,1.0086703596443176,-0.1773882637746299,,,,,,,,,,,,,,10.947320231857903,63.35299760041254,52.40567736855464,GENROU_4,6,GENROU_1,1,1.0,1.0,0.0,GENROU_1,1,GENROU_1,1,1.4854504427649224,1.9941465493526898,GENROU_5,8,GENROU_2,2,1.0,1,1.0,2,1.0,3,1.0,6,1.0,8
72,1,0.189,0.003,0.03,NEXT_STEP,0,0.035846322306445355,0.017286991464155875,1.0086703596443176,-0.1773882639077361,Fault_Interface,14,0.0,0.0,0.3,1.0086703596443176,-0.1773882639077361,,,,,,,,,,,,,,10.947320231857903,63.35299760041254,52.40567736855464,GENROU_4,6,GENROU_1,1,1.0,1.0,0.0,GENROU_1,1,GENROU_1,1,1.4854504427649224,1.9941465514273748,GENROU_5,8,GENROU_2,2,1.0,1,1.0,2,1.0,3,1.0,6,1.0,8
73,1,0.192,0.003,0.03,NEXT_STEP,0,0.035846322306445355,0.017286991464155875,1.0086703596443176,-0.17738826403489125,Fault_Interface,14,0.0,0.0,0.3,1.0086703596443176,-0.17738826403489125,,,,,,,,,,,,,,10.947320231857903,63.35299760041254,52.40567736855464,GENROU_4,6,GENROU_1,1,1.0,1.0,0.0,GENROU_1,1,GENROU_1,1,1.4854504427649224,1.9941465531911164,GENROU_5,8,GENROU_2,2,1.0,1,1.0,2,1.0,3,1.0,6,1.0,8
74,1,0.195,0.003,0.03,NEXT_STEP,0,0.035846322306445355,0.017286991464155875,1.0086703596443176,-0.1773882641541305,Fault_Interface,14,0.0,0.0,0.3,1.0086703596443176,-0.1773882641541305,,,,,,,,,,,,,,10.947320231857903,63.35299760041254,52.40567736855464,GENROU_4,6,GENROU_1,1,1.0,1.0,0.0,GENROU_1,1,GENROU_1,1,1.4854504427649224,1.9941465546900197,GENROU_5,8,GENROU_2,2,1.0,1,1.0,2,1.0,3,1.0,6,1.0,8
75,1,0.198,0.003,0.03,NEXT_STEP,0,0.035846322306445355,0.017286991464155875,1.0086703596443176,-0.177388264267574,Fault_Interface,14,0.0,0.0,0.3,1.0086703596443176,-0.177388264267574,,,,,,,,,,,,,,10.947320231857903,63.35299760041254,52.40567736855464,GENROU_4,6,GENROU_1,1,1.0,1.0,0.0,GENROU_1,1,GENROU_1,1,1.4854504427649224,1.9941465559665932,GENROU_5,8,GENROU_2,2,1.0,1,1.0,2,1.0,3,1.0,6,1.0,8
76,1,0.201,0.003,0.03,NEXT_STEP,0,0.035846322306445355,0.017286991464155875,1.0086703596443176,-0.177388264267574,Fault_Interface,14,0.0,0.0,0.3,1.0086703596443176,-0.177388264267574,,,,,,,,,,,,,,10.947320231857903,63.35299760041254,52.40567736855464,GENROU_4,6,GENROU_1,1,1.0,1.0,0.0,GENROU_1,1,GENROU_1,1,1.4854504427649224,1.9941465570548318,GENROU_5,8,GENROU_2,2,1.0,1,1.0,2,1.0,3,1.0,6,1.0,8
77,1,0.20400000000000001,0.003,0.03,NEXT_STEP,0,0.035846322306445355,0.017286991464155875,1.0086703596443176,-0.17738826441100086,Fault_Interface,14,0.0,0.0,0.3,1.0086703596443176,-0.17738826441100086,,,,,,,,,,,,,,10.947320231857903,63.35299760041254,52.40567736855464,GENROU_4,6,GENROU_1,1,1.0,1.0,0.0,GENROU_1,1,GENROU_1,1,1.4854504429892217,1.9941465579812743,GENROU_5,8,GENROU_2,2,1.0,1,1.0,2,1.0,3,1.0,6,1.0,8
78,1,0.20700000000000002,0.003,0.03,NEXT_STEP,0,0.035846322306445355,0.017286991464155875,1.008670359755389,-0.17738826441100086,Fault_Interface,14,0.0,0.0,0.3,1.008670359755389,-0.17738826441100086,,,,,,,,,,,,,,10.947320231857903,63.35299760041254,52.40567736855464,GENROU_4,6,GENROU_1,1,1.0,1.0,0.0,GENROU_1,1,GENROU_1,1,1.4854504434893994,1.9941465587725211,GENROU_5,8,GENROU_2,2,1.0,1,1.0,2,1.0,3,1.0,6,1.0,8
79,1,0.21000000000000002,0.003,0.03,NEXT_STEP,0,0.035846322306445355,0.017286991464155875,1.008670359755389,-0.17738826441100086,Fault_Interface,14,0.0,0.0,0.3,1.008670359755389,-0.17738826441100086,,,,,,,,,,,,,,10.947320231857903,63.35299760041254,52.40567736855464,GENROU_4,6,GENROU_1,1,1.0,1.0,0.0,GENROU_1,1,GENROU_1,1,1.4854504438640934,1.9941465594467283,GENROU_5,8,GENROU_2,2,1.0,1,1.0,2,1.0,3,1.0,6,1.0,8
80,1,0.21300000000000002,0.003,0.03,NEXT_STEP,0,0.035846322306445355,0.017286991464155875,1.0086703599239102,-0.17738826454205642,Fault_Interface,14,0.0,0.0,0.3,1.0086703599239102,-0.17738826454205642,,,,,,,,,,,,,,10.947320231857903,63.35299760041254,52.40567736855464,GENROU_4,6,GENROU_1,1,1.0,1.0,0.0,GENROU_1,1,GENROU_1,1,1.4854504442525864,1.994146560050248,GENROU_5,8,GENROU_2,2,1.0,1,1.0,2,1.0,3,1.0,6,1.0,8
81,1,0.21600000000000003,0.003,0.03,NEXT_STEP,0,0.035846322306445355,0.017286991464155875,1.0086703599239102,-0.17738826454205642,Fault_Interface,14,0.0,0.0,0.3,1.0086703599239102,-0.17738826454205642,,,,,,,,,,,,,,10.947320231857903,63.35299760041254,52.40567736855464,GENROU_4,6,GENROU_1,1,1.0,1.0,0.0,GENROU_1,1,GENROU_1,1,1.4854504442525864,1.9941465609024691,GENROU_5,8,GENROU_2,2,1.0,1,1.0,2,1.0,3,1.0,6,1.0,8
82,1,0.219,0.003,0.03,NEXT_STEP,0,0.035846322306445355,0.017286991464155875,1.008670360101696,-0.17738826454205642,Fault_Interface,14,0.0,0.0,0.3,1.008670360101696,-0.17738826454205642,,,,,,,,,,,,,,10.947320231857903,63.35299760041254,52.40567736855464,GENROU_4,6,GENROU_1,1,1.0,1.0,0.0,GENROU_1,1,GENROU_1,1,1.4854504442525864,1.9941465619899357,GENROU_5,8,GENROU_2,2,1.0,1,1.0,2,1.0,3,1.0,6,1.0,8
83,1,0.222,0.003,0.03,NEXT_STEP,0,0.035846322306445355,0.017286991464155875,1.0086703602077773,-0.17738826454205642,Fault_Interface,14,0.0,0.0,0.3,1.0086703602077773,-0.17738826454205642,,,,,,,,,,,,,,10.947320231857903,63.35299760041254,52.40567736855464,GENROU_4,6,GENROU_1,1,1.0,1.0,0.0,GENROU_1,1,GENROU_1,1,1.4854504442525864,1.9941465629445616,GENROU_5,8,GENROU_2,2,1.0,1,1.0,2,1.0,3,1.0,6,1.0,8
84,1,0.225,0.003,0.03,NEXT_STEP,0,0.035846322306445355,0.017286991464155875,1.0086703603096339,-0.1773882646448735,Fault_Interface,14,0.0,0.0,0.3,1.0086703603096339,-0.1773882646448735,,,,,,,,,,,,,,10.947320231857903,63.35299760041254,52.40567736855464,GENROU_4,6,GENROU_1,1,1.0,1.0,0.0,GENROU_1,1,GENROU_1,1,1.4854504443917107,1.994146563759171,GENROU_5,8,GENROU_2,2,1.0,1,1.0,2,1.0,3,1.0,6,1.0,8
85,1,0.228,0.003,0.03,NEXT_STEP,0,0.035846322306445355,0.017286991464155875,1.0086703603096339,-0.1773882646448735,Fault_Interface,14,0.0,0.0,0.3,1.0086703603096339,-0.1773882646448735,,,,,,,,,,,,,,10.947320231857903,63.35299760041254,52.40567736855464,GENROU_4,6,GENROU_1,1,1.0,1.0,0.0,GENROU_1,1,GENROU_1,1,1.4854504443917107,1.9941465644528973,GENROU_5,8,GENROU_2,2,1.0,1,1.0,2,1.0,3,1.0,6,1.0,8
86,1,0.231,0.003,0.03,NEXT_STEP,0,0.035846322306445355,0.017286991464155875,1.0086703604989078,-0.1773882646448735,Fault_Interface,14,0.0,0.0,0.3,1.0086703604989078,-0.1773882646448735,,,,,,,,,,,,,,10.947320231857903,63.35299760041254,52.40567736855464,GENROU_4,6,GENROU_1,1,1.0,1.0,0.0,GENROU_1,1,GENROU_1,1,1.4854504443917107,1.9941465650443397,GENROU_5,8,GENROU_2,2,1.0,1,1.0,2,1.0,3,1.0,6,1.0,8
87,1,0.234,0.003,0.03,NEXT_STEP,0,0.035846322306445355,0.017286991464155875,1.0086703604989078,-0.1773882646448735,Fault_Interface,14,0.0,0.0,0.3,1.0086703604989078,-0.1773882646448735,,,,,,,,,,,,,,10.947320231857903,63.35299760041254,52.40567736855464,GENROU_4,6,GENROU_1,1,1.0,1.0,0.0,GENROU_1,1,GENROU_1,1,1.485450444549461,1.9941465655240769,GENROU_5,8,GENROU_2,2,1.0,1,1.0,2,1.0,3,1.0,6,1.0,8
88,1,0.23700000000000002,0.003,0.03,NEXT_STEP,0,0.035846322306445355,0.017286991464155875,1.0086703606544951,-0.1773882646448735,Fault_Interface,14,0.0,0.0,0.3,1.0086703606544951,-0.1773882646448735,,,,,,,,,,,,,,10.947320231857903,63.35299760041254,52.40567736855464,GENROU_4,6,GENROU_1,1,1.0,1.0,0.0,GENROU_1,1,GENROU_1,1,1.485450444549461,1.994146565907292,GENROU_5,8,GENROU_2,2,1.0,1,1.0,2,1.0,3,1.0,6,1.0,8
89,1,0.24000000000000002,0.003,0.03,NEXT_STEP,0,0.035846322306445355,0.017286991464155875,1.0086703606544951,-0.1773882646448735,Fault_Interface,14,0.0,0.0,0.3,1.0086703606544951,-0.1773882646448735,,,,,,,,,,,,,,10.947320231857903,63.35299760041254,52.40567736855464,GENROU_4,6,GENROU_1,1,1.0,1.0,0.0,GENROU_1,1,GENROU_1,1,1.485450444549461,1.9941465662084001,GENROU_5,8,GENROU_2,2,1.0,1,1.0,2,1.0,3,1.0,6,1.0,8
90,1,0.24300000000000002,0.003,0.03,NEXT_STEP,0,0.035846322306445355,0.017286991464155875,1.008670360819721,-0.1773882646448735,Fault_Interface,14,0.0,0.0,0.3,1.008670360819721,-0.1773882646448735,,,,,,,,,,,,,,10.947320231857903,63.35299760041254,52.40567736855464,GENROU_4,6,GENROU_1,1,1.0,1.0,0.0,GENROU_1,1,GENROU_1,1,1.485450444549461,1.9941465664405096,GENROU_5,8,GENROU_2,2,1.0,1,1.0,2,1.0,3,1.0,6,1.0,8
91,1,0.24600000000000002,0.003,0.03,NEXT_STEP,0,0.035846322306445355,0.017286991464155875,1.008670360819721,-0.1773882646448735,Fault_Interface,14,0.0,0.0,0.3,1.008670360819721,-0.1773882646448735,,,,,,,,,,,,,,10.947320231857903,63.35299760041254,52.40567736855464,GENROU_4,6,GENROU_1,1,1.0,1.0,0.0,GENROU_1,1,GENROU_1,1,1.485450444549461,1.9941465665713158,GENROU_5,8,GENROU_2,2,1.0,1,1.0,2,1.0,3,1.0,6,1.0,8
92,1,0.24900000000000003,0.003,0.03,NEXT_STEP,0,0.035846322306445355,0.017286991464155875,1.008670361010208,-0.1773882646448735,Fault_Interface,14,0.0,0.0,0.3,1.008670361010208,-0.1773882646448735,,,,,,,,,,,,,,10.947320231857903,63.35299760041254,52.40567736855464,GENROU_4,6,GENROU_1,1,1.0,1.0,0.0,GENROU_1,1,GENROU_1,1,1.485450444549461,1.9941465665713158,GENROU_5,8,GENROU_2,2,1.0,1,1.0,2,1.0,3,1.0,6,1.0,8
93,1,0.252,0.003,0.03,NEXT_STEP,0,0.035846322306445355,0.017286991464155875,1.008670361010208,-0.17738826452534665,Fault_Interface,14,0.0,0.0,0.3,1.008670361010208,-0.17738826452534665,,,,,,,,,,,,,,10.947320231857903,63.35299760041254,52.40567736855464,GENROU_4,6,GENROU_1,1,1.0,1.0,0.0,GENROU_1,1,GENROU_1,1,1.4854504447996797,1.9941465665713158,GENROU_5,8,GENROU_2,2,1.0,1,1.0,2,1.0,3,1.0,6,1.0,8
94,1,0.255,0.003,0.03,NEXT_STEP,0,0.035846322306445355,0.017286991464155875,1.0086703611863657,-0.17738826452534665,Fault_Interface,14,0.0,0.0,0.3,1.0086703611863657,-0.17738826452534665,,,,,,,,,,,,,,10.947320231857903,63.35299760041254,52.40567736855464,GENROU_4,6,GENROU_1,1,1.0,1.0,0.0,GENROU_1,1,GENROU_1,1,1.4854504447996797,1.9941465665713158,GENROU_5,8,GENROU_2,2,1.0,1,1.0,2,1.0,3,1.0,6,1.0,8
95,1,0.258,0.003,0.03,NEXT_STEP,0,0.035846322306445355,0.017286991464155875,1.0086703611863657,-0.17738826452534665,Fault_Interface,14,0.0,0.0,0.3,1.0086703611863657,-0.17738826452534665,,,,,,,,,,,,,,10.947320231857903,63.35299760041254,52.40567736855464,GENROU_4,6,GENROU_1,1,1.0,1.0,0.0,GENROU_1,1,GENROU_1,1,1.4854504447996797,1.9941465665713158,GENROU_5,8,GENROU_2,2,1.0,1,1.0,2,1.0,3,1.0,6,1.0,8
96,1,0.261,0.003,0.03,NEXT_STEP,0,0.035846322306445355,0.017286991464155875,1.0086703613691437,-0.17738826452534665,Fault_Interface,14,0.0,0.0,0.3,1.0086703613691437,-0.17738826452534665,,,,,,,,,,,,,,10.947320231857903,63.35299760041254,52.40567736855464,GENROU_4,6,GENROU_1,1,1.0,1.0,0.0,GENROU_1,1,GENROU_1,1,1.4854504447996797,1.9941465665713158,GENROU_5,8,GENROU_2,2,1.0,1,1.0,2,1.0,3,1.0,6,1.0,8
97,1,0.264,0.003,0.03,NEXT_STEP,0,0.035846322306445355,0.017286991464155875,1.0086703613691437,-0.17738826452534665,Fault_Interface,14,0.0,0.0,0.3,1.0086703613691437,-0.17738826452534665,,,,,,,,,,,,,,10.947320231857903,63.35299760041254,52.40567736855464,GENROU_4,6,GENROU_1,1,1.0,1.0,0.0,GENROU_1,1,GENROU_1,1,1.4854504447996797,1.9941465664072897,GENROU_5,8,GENROU_2,2,1.0,1,1.0,2,1.0,3,1.0,6,1.0,8
98,1,0.267,0.003,0.03,NEXT_STEP,0,0.035846322306445355,0.017286991464155875,1.0086703615503168,-0.17738826452534665,Fault_Interface,14,0.0,0.0,0.3,1.0086703615503168,-0.17738826452534665,,,,,,,,,,,,,,10.947320231857903,63.35299760041254,52.40567736855464,GENROU_4,6,GENROU_1,1,1.0,1.0,0.0,GENROU_1,1,GENROU_1,1,1.4854504449485233,1.9941465662322817,GENROU_5,8,GENROU_2,2,1.0,1,1.0,2,1.0,3,1.0,6,1.0,8
99,1,0.27,0.003,0.03,NEXT_STEP,0,0.035846322306445355,0.017286991464155875,1.0086703615503168,-0.1773882644085994,Fault_Interface,14,0.0,0.0,0.3,1.0086703615503168,-0.1773882644085994,,,,,,,,,,,,,,10.947320231857903,63.35299760041254,52.40567736855464,GENROU_4,6,GENROU_1,1,1.0,1.0,0.0,GENROU_1,1,GENROU_1,1,1.4854504449485233,1.9941465660137505,GENROU_5,8,GENROU_2,2,1.0,1,1.0,2,1.0,3,1.0,6,1.0,8
100,1,0.273,0.003,0.03,NEXT_STEP,0,0.035846322306445355,0.017286991464155875,1.0086703617170616,-0.1773882644085994,Fault_Interface,14,0.0,0.0,0.3,1.0086703617170616,-0.1773882644085994,,,,,,,,,,,,,,10.947320231857903,63.35299760041254,52.40567736855464,GENROU_4,6,GENROU_1,1,1.0,1.0,0.0,GENROU_1,1,GENROU_1,1,1.4854504450804193,1.9941465658001996,GENROU_5,8,GENROU_2,2,1.0,1,1.0,2,1.0,3,1.0,6,1.0,8
101,1,0.276,0.003,0.03,NEXT_STEP,0,0.035846322306445355,0.017286991464155875,1.0086703617170616,-0.1773882644085994,Fault_Interface,14,0.0,0.0,0.3,1.0086703617170616,-0.1773882644085994,,,,,,,,,,,,,,10.947320231857903,63.35299760041254,52.40567736855464,GENROU_4,6,GENROU_1,1,1.0,1.0,0.0,GENROU_1,1,GENROU_1,1,1.4854504450804193,1.9941465655492674,GENROU_5,8,GENROU_2,2,1.0,1,1.0,2,1.0,3,1.0,6,1.0,8
102,1,0.279,0.003,0.03,NEXT_STEP,0,0.035846322306445355,0.017286991464155875,1.0086703618903174,-0.17738826430650534,Fault_Interface,14,0.0,0.0,0.3,1.0086703618903174,-0.17738826430650534,,,,,,,,,,,,,,10.947320231857903,63.35299760041254,52.40567736855464,GENROU_4,6,GENROU_1,1,1.0,1.0,0.0,GENROU_1,1,GENROU_1,1,1.4854504450804193,1.994146565308271,GENROU_5,8,GENROU_2,2,1.0,1,1.0,2,1.0,3,1.0,6,1.0,8
103,1,0.28200000000000003,0.003,0.03,NEXT_STEP,0,0.035846322306445355,0.017286991464155875,1.0086703618903174,-0.17738826430650534,Fault_Interface,14,0.0,0.0,0.3,1.0086703618903174,-0.17738826430650534,,,,,,,,,,,,,,10.947320231857903,63.35299760041254,52.40567736855464,GENROU_4,6,GENROU_1,1,1.0,1.0,0.0,GENROU_1,1,GENROU_1,1,1.4854504450804193,1.9941465650339694,GENROU_5,8,GENROU_2,2,1.0,1,1.0,2,1.0,3,1.0,6,1.0,8
104,1,0.28500000000000003,0.003,0.03,NEXT_STEP,0,0.035846322306445355,0.017286991464155875,1.008670362047717,-0.17738826430650534,Fault_Interface,14,0.0,0.0,0.3,1.008670362047717,-0.17738826430650534,,,,,,,,,,,,,,10.947320231857903,63.35299760041254,52.40567736855464,GENROU_4,6,GENROU_1,1,1.0,1.0,0.0,GENROU_1,1,GENROU_1,1,1.4854504450804193,1.9941465644432248,GENROU_5,8,GENROU_2,2,1.0,1,1.0,2,1.0,3,1.0,6,1.0,8
105,1,0.28800000000000003,0.003,0.03,NEXT_STEP,0,0.035846322306445355,0.017286991464155875,1.008670362047717,-0.1773882641938338,Fault_Interface,14,0.0,0.0,0.3,1.008670362047717,-0.1773882641938338,,,,,,,,,,,,,,10.947320231857903,63.35299760041254,52.40567736855464,GENROU_4,6,GENROU_1,1,1.0,1.0,0.0,GENROU_1,1,GENROU_1,1,1.4854504450804193,1.9941465631893016,GENROU_5,8,GENROU_2,2,1.0,1,1.0,2,1.0,3,1.0,6,1.0,8
106,1,0.29100000000000004,0.003,0.03,NEXT_STEP,0,0.035846322306445355,0.017286991464155875,1.0086703622140736,-0.1773882641938338,Fault_Interface,14,0.0,0.0,0.3,1.0086703622140736,-0.1773882641938338,,,,,,,,,,,,,,10.947320231857903,63.35299760041254,52.40567736855464,GENROU_4,6,GENROU_1,1,1.0,1.0,0.0,GENROU_1,1,GENROU_1,1,1.4854504450804193,1.9941465613756149,GENROU_5,8,GENROU_2,2,1.0,1,1.0,2,1.0,3,1.0,6,1.0,8
107,1,0.29400000000000004,0.003,0.03,NEXT_STEP,0,0.035846322306445355,0.017286991464155875,1.0086703622140736,-0.1773882641938338,Fault_Interface,14,0.0,0.0,0.3,1.0086703622140736,-0.1773882641938338,,,,,,,,,,,,,,10.947320231857903,63.35299760041254,52.40567736855464,GENROU_4,6,GENROU_1,1,1.0,1.0,0.0,GENROU_1,1,GENROU_1,1,1.4854504449649382,1.9941465593743855,GENROU_5,8,GENROU_2,2,1.0,1,1.0,2,1.0,3,1.0,6,1.0,8
108,1,0.29700000000000004,0.003,0.03,NEXT_STEP,0,0.035846322306445355,0.017286991464155875,1.0086703623894613,-0.17738826408153444,Fault_Interface,14,0.0,0.0,0.3,1.0086703623894613,-0.17738826408153444,,,,,,,,,,,,,,10.947320231857903,63.35299760041254,52.40567736855464,GENROU_4,6,GENROU_1,1,1.0,1.0,0.0,GENROU_1,1,GENROU_1,1,1.485450444639921,1.9941465572772987,GENROU_5,8,GENROU_2,2,1.0,1,1.0,2,1.0,3,1.0,6,1.0,8
109,1,0.30000000000000004,0.003,0.03,NEXT_STEP,0,0.035846322306445355,0.017286991464155875,1.0086703623894613,-0.17738826408153444,Fault_Interface,14,0.0,0.0,0.3,1.0086703623894613,-0.17738826408153444,,,,,,,,,,,,,,10.947320231857903,63.35299760041254,52.40567736855464,GENROU_4,6,GENROU_1,1,1.0,1.0,0.0,GENROU_1,1,GENROU_1,1,1.485450444184946,1.9941465547318693,GENROU_5,8,GENROU_2,2,1.0,1,1.0,2,1.0,3,1.0,6,1.0,8
110,1,0.303,0.003,0.03,NEXT_STEP,0,0.035846322306445355,0.017286991464155875,1.0086703625451303,-0.17738826408153444,Fault_Interface,14,0.0,0.0,0.3,1.0086703625451303,-0.17738826408153444,,,,,,,,,,,,,,10.947320231857903,63.35299760041254,52.40567736855464,GENROU_4,6,GENROU_1,1,1.0,1.0,0.0,GENROU_1,1,GENROU_1,1,1.485450443906655,1.9941465518183297,GENROU_5,8,GENROU_2,2,1.0,1,1.0,2,1.0,3,1.0,6,1.0,8
111,1,0.306,0.003,0.03,NEXT_STEP,0,0.035846322306445355,0.017286991464155875,1.0086703625451303,-0.1773882639605563,Fault_Interface,14,0.0,0.0,0.3,1.0086703625451303,-0.1773882639605563,,,,,,,,,,,,,,10.947320231857903,63.35299760041254,52.40567736855464,GENROU_4,6,GENROU_1,1,1.0,1.0,0.0,GENROU_1,1,GENROU_1,1,1.4854504435378035,1.9941465488949122,GENROU_5,8,GENROU_2,2,1.0,1,1.0,2,1.0,3,1.0,6,1.0,8
112,1,0.309,0.003,0.03,NEXT_STEP,0,0.035846322306445355,0.017286991464155875,1.0086703627230431,-0.1773882639605563,Fault_Interface,14,0.0,0.0,0.3,1.0086703627230431,-0.1773882639605563,,,,,,,,,,,,,,10.947320231857903,63.35299760041254,52.40567736855464,GENROU_4,6,GENROU_1,1,1.0,1.0,0.0,GENROU_1,1,GENROU_1,1,1.48545044366929,1.9941465460311265,GENROU_5,8,GENROU_2,2,1.0,1,1.0,2,1.0,3,1.0,6,1.0,8
113,1,0.312,0.003,0.03,NEXT_STEP,0,0.035846322306445355,0.017286991464155875,1.0086703627230431,-0.1773882639605563,Fault_Interface,14,0.0,0.0,0.3,1.0086703627230431,-0.1773882639605563,,,,,,,,,,,,,,10.947320231857903,63.35299760041254,52.40567736855464,GENROU_4,6,GENROU_1,1,1.0,1.0,0.0,GENROU_1,1,GENROU_1,1,1.48545044366929,1.994146543190528,GENROU_5,8,GENROU_2,2,1.0,1,1.0,2,1.0,3,1.0,6,1.0,8
114,1,0.315,0.003,0.03,NEXT_STEP,0,0.035846322306445355,0.017286991464155875,1.0086703629073772,-0.17738826385694842,Fault_Interface,14,0.0,0.0,0.3,1.0086703629073772,-0.17738826385694842,,,,,,,,,,,,,,10.947320231857903,63.35299760041254,52.40567736855464,GENROU_4,6,GENROU_1,1,1.0,1.0,0.0,GENROU_1,1,GENROU_1,1,1.48545044366929,1.9941465403849397,GENROU_5,8,GENROU_2,2,1.0,1,1.0,2,1.0,3,1.0,6,1.0,8
115,1,0.318,0.003,0.03,NEXT_STEP,0,0.035846322306445355,0.017286991464155875,1.0086703629073772,-0.17738826385694842,Fault_Interface,14,0.0,0.0,0.3,1.0086703629073772,-0.17738826385694842,,,,,,,,,,,,,,10.947320231857903,63.35299760041254,52.40567736855464,GENROU_4,6,GENROU_1,1,1.0,1.0,0.0,GENROU_1,1,GENROU_1,1,1.48545044366929,1.99414653723981,GENROU_5,8,GENROU_2,2,1.0,1,1.0,2,1.0,3,1.0,6,1.0,8
116,1,0.321,0.003,0.03,NEXT_STEP,0,0.035846322306445355,0.017286991464155875,1.0086703631361982,-0.17738826385694842,Fault_Interface,14,0.0,0.0,0.3,1.0086703631361982,-0.17738826385694842,,,,,,,,,,,,,,10.947320231857903,63.35299760041254,52.40567736855464,GENROU_4,6,GENROU_1,1,1.0,1.0,0.0,GENROU_1,1,GENROU_1,1,1.4854504432612927,1.9941465338194901,GENROU_5,8,GENROU_2,2,1.0,1,1.0,2,1.0,3,1.0,6,1.0,8
117,1,0.324,0.003,0.03,NEXT_STEP,0,0.035846322306445355,0.017286991464155875,1.0086703632715828,-0.17738826368455216,Fault_Interface,14,0.0,0.0,0.3,1.0086703632715828,-0.17738826368455216,,,,,,,,,,,,,,10.947320231857903,63.35299760041254,52.40567736855464,GENROU_4,6,GENROU_1,1,1.0,1.0,0.0,GENROU_1,1,GENROU_1,1,1.4854504426513502,1.9941465304698396,GENROU_5,8,GENROU_2,2,1.0,1,1.0,2,1.0,3,1.0,6,1.0,8
118,1,0.327,0.003,0.03,NEXT_STEP,0,0.035846322306445355,0.017286991464155875,1.0086703634073424,-0.17738826368455216,Fault_Interface,14,0.0,0.0,0.3,1.0086703634073424,-0.17738826368455216,,,,,,,,,,,,,,10.947320231857903,63.35299760041254,52.40567736855464,GENROU_4,6,GENROU_1,1,1.0,1.0,0.0,GENROU_1,1,GENROU_1,1,1.4854504423082242,1.994146527245109,GENROU_5,8,GENROU_2,2,1.0,1,1.0,2,1.0,3,1.0,6,1.0,8
119,1,0.33,0.003,0.03,NEXT_STEP,0,0.035846322306445355,0.017286991464155875,1.008670363542935,-0.1773882635337961,Fault_Interface,14,0.0,0.0,0.3,1.008670363542935,-0.1773882635337961,,,,,,,,,,,,,,10.947320231857903,63.35299760041254,52.40567736855464,GENROU_4,6,GENROU_1,1,1.0,1.0,0.0,GENROU_1,1,GENROU_1,1,1.4854504418266634,1.99414652409652,GENROU_5,8,GENROU_2,2,1.0,1,1.0,2,1.0,3,1.0,6,1.0,8
120,1,0.333,0.003,0.03,NEXT_STEP,0,0.035846322306445355,0.017286991464155875,1.0086703636613377,-0.1773882635337961,Fault_Interface,14,0.0,0.0,0.3,1.0086703636613377,-0.1773882635337961,,,,,,,,,,,,,,10.947320231857903,63.35299760041254,52.40567736855464,GENROU_4,6,GENROU_1,1,1.0,1.0,0.0,GENROU_1,1,GENROU_1,1,1.485450441642381,1.9941465210215334,GENROU_5,8,GENROU_2,2,1.0,1,1.0,2,1.0,3,1.0,6,1.0,8
121,1,0.336,0.003,0.03,NEXT_STEP,0,0.035846322306445355,0.017286991464155875,1.0086703637979995,-0.1773882633824305,Fault_Interface,14,0.0,0.0,0.3,1.0086703637979995,-0.1773882633824305,,,,,,,,,,,,,,10.947320231857903,63.35299760041254,52.40567736855464,GENROU_4,6,GENROU_1,1,1.0,1.0,0.0,GENROU_1,1,GENROU_1,1,1.485450441642381,1.9941465176257347,GENROU_5,8,GENROU_2,2,1.0,1,1.0,2,1.0,3,1.0,6,1.0,8
122,1,0.339,0.003,0.03,NEXT_STEP,0,0.035846322306445355,0.017286991464155875,1.0086703639345385,-0.1773882633824305,Fault_Interface,14,0.0,0.0,0.3,1.0086703639345385,-0.1773882633824305,,,,,,,,,,,,,,10.947320231857903,63.35299760041254,52.40567736855464,GENROU_4,6,GENROU_1,1,1.0,1.0,0.0,GENROU_1,1,GENROU_1,1,1.485450441754605,1.9941465139638075,GENROU_5,8,GENROU_2,2,1.0,1,1.0,2,1.0,3,1.0,6,1.0,8
123,1,0.342,0.003,0.03,NEXT_STEP,0,0.035846322306445355,0.017286991464155875,1.0086703640620884,-0.17738826324637957,Fault_Interface,14,0.0,0.0,0.3,1.0086703640620884,-0.17738826324637957,,,,,,,,,,,,,,10.947320231857903,63.35299760041254,52.40567736855464,GENROU_4,6,GENROU_1,1,1.0,1.0,0.0,GENROU_1,1,GENROU_1,1,1.4854504410976457,1.9941465103797602,GENROU_5,8,GENROU_2,2,1.0,1,1.0,2,1.0,3,1.0,6,1.0,8
124,1,0.34500000000000003,0.003,0.03,NEXT_STEP,0,0.035846322306445355,0.017286991464155875,1.0086703641983472,-0.17738826324637957,Fault_Interface,14,0.0,0.0,0.3,1.0086703641983472,-0.17738826324637957,,,,,,,,,,,,,,10.947320231857903,63.35299760041254,52.40567736855464,GENROU_4,6,GENROU_1,1,1.0,1.0,0.0,GENROU_1,1,GENROU_1,1,1.4854504407007278,1.9941465069231554,GENROU_5,8,GENROU_2,2,1.0,1,1.0,2,1.0,3,1.0,6,1.0,8
125,1,0.34800000000000003,0.003,0.03,NEXT_STEP,0,0.035846322306445355,0.017286991464155875,1.0086703643339623,-0.1773882630941894,Fault_Interface,14,0.0,0.0,0.3,1.0086703643339623,-0.1773882630941894,,,,,,,,,,,,,,10.947320231857903,63.35299760041254,52.40567736855464,GENROU_4,6,GENROU_1,1,1.0,1.0,0.0,GENROU_1,1,GENROU_1,1,1.4854504401648576,1.9941465031867007,GENROU_5,8,GENROU_2,2,1.0,1,1.0,2,1.0,3,1.0,6,1.0,8
126,1,0.35100000000000003,0.003,0.03,NEXT_STEP,0,0.035846322306445355,0.017286991464155875,1.0086703644525827,-0.1773882630941894,Fault_Interface,14,0.0,0.0,0.3,1.0086703644525827,-0.1773882630941894,,,,,,,,,,,,,,10.947320231857903,63.35299760041254,52.40567736855464,GENROU_4,6,GENROU_1,1,1.0,1.0,0.0,GENROU_1,1,GENROU_1,1,1.485450439899199,1.9941464992177778,GENROU_5,8,GENROU_2,2,1.0,1,1.0,2,1.0,3,1.0,6,1.0,8
127,1,0.35400000000000004,0.003,0.03,NEXT_STEP,0,0.035846322306445355,0.017286991464155875,1.0086703645588273,-0.177388262956443,Fault_Interface,14,0.0,0.0,0.3,1.0086703645588273,-0.177388262956443,,,,,,,,,,,,,,10.947320231857903,63.35299760041254,52.40567736855464,GENROU_4,6,GENROU_1,1,1.0,1.0,0.0,GENROU_1,1,GENROU_1,1,1.4854504394682704,1.994146495028833,GENROU_5,8,GENROU_2,2,1.0,1,1.0,2,1.0,3,1.0,6,1.0,8
128,1,0.35700000000000004,0.003,0.03,NEXT_STEP,0,0.035846322306445355,0.017286991464155875,1.0086703646968729,-0.177388262956443,Fault_Interface,14,0.0,0.0,0.3,1.0086703646968729,-0.177388262956443,,,,,,,,,,,,,,10.947320231857903,63.35299760041254,52.40567736855464,GENROU_4,6,GENROU_1,1,1.0,1.0,0.0,GENROU_1,1,GENROU_1,1,1.4854504392982018,1.9941464907133613,GENROU_5,8,GENROU_2,2,1.0,1,1.0,2,1.0,3,1.0,6,1.0,8
129,1,0.36000000000000004,0.003,0.03,NEXT_STEP,0,0.035846322306445355,0.017286991464155875,1.0086703648344544,-0.17738826280442216,Fault_Interface,14,0.0,0.0,0.3,1.0086703648344544,-0.17738826280442216,,,,,,,,,,,,,,10.947320231857903,63.35299760041254,52.40567736855464,GENROU_4,6,GENROU_1,1,1.0,1.0,0.0,GENROU_1,1,GENROU_1,1,1.4854504390463494,1.9941464865837977,GENROU_5,8,GENROU_2,2,1.0,1,1.0,2,1.0,3,1.0,6,1.0,8
130,1,0.36300000000000004,0.003,0.03,NEXT_STEP,0,0.035846322306445355,0.017286991464155875,1.008670364976575,-0.17738826280442216,Fault_Interface,14,0.0,0.0,0.3,1.008670364976575,-0.17738826280442216,,,,,,,,,,,,,,10.947320231857903,63.35299760041254,52.40567736855464,GENROU_4,6,GENROU_1,1,1.0,1.0,0.0,GENROU_1,1,GENROU_1,1,1.4854504387038798,1.9941464826696838,GENROU_5,8,GENROU_2,2,1.0,1,1.0,2,1.0,3,1.0,6,1.0,8
131,1,0.36600000000000005,0.003,0.03,NEXT_STEP,0,0.035846322306445355,0.017286991464155875,1.008670365127693,-0.17738826265156077,Fault_Interface,14,0.0,0.0,0.3,1.008670365127693,-0.17738826265156077,,,,,,,,,,,,,,10.947320231857903,63.35299760041254,52.40567736855464,GENROU_4,6,GENROU_1,1,1.0,1.0,0.0,GENROU_1,1,GENROU_1,1,1.4854504383191767,1.9941464785529375,GENROU_5,8,GENROU_2,2,1.0,1,1.0,2,1.0,3,1.0,6,1.0,8
132,1,0.36900000000000005,0.003,0.03,NEXT_STEP,0,0.035846322306445355,0.017286991464155875,1.0086703652783828,-0.17738826265156077,Fault_Interface,14,0.0,0.0,0.3,1.0086703652783828,-0.17738826265156077,,,,,,,,,,,,,,10.947320231857903,63.35299760041254,52.40567736855464,GENROU_4,6,GENROU_1,1,1.0,1.0,0.0,GENROU_1,1,GENROU_1,1,1.4854504379751126,1.9941464742672295,GENROU_5,8,GENROU_2,2,1.0,1,1.0,2,1.0,3,1.0,6,1.0,8
133,1,0.372,0.003,0.03,NEXT_STEP,0,0.035846322306445355,0.017286991464155875,1.0086703654327798,-0.17738826248963022,Fault_Interface,14,0.0,0.0,0.3,1.0086703654327798,-0.17738826248963022,,,,,,,,,,,,,,10.947320231857903,63.35299760041254,52.40567736855464,GENROU_4,6,GENROU_1,1,1.0,1.0,0.0,GENROU_1,1,GENROU_1,1,1.4854504376634317,1.994146469810409,GENROU_5,8,GENROU_2,2,1.0,1,1.0,2,1.0,3,1.0,6,1.0,8
134,1,0.375,0.003,0.03,NEXT_STEP,0,0.035846322306445355,0.017286991464155875,1.0086703655828122,-0.17738826248963022,Fault_Interface,14,0.0,0.0,0.3,1.0086703655828122,-0.17738826248963022,,,,,,,,,,,,,,10.947320231857903,63.35299760041254,52.40567736855464,GENROU_4,6,GENROU_1,1,1.0,1.0,0.0,GENROU_1,1,GENROU_1,1,1.485450437426789,1.9941464652648213,GENROU_5,8,GENROU_2,2,1.0,1,1.0,2,1.0,3,1.0,6,1.0,8
135,1,0.378,0.003,0.03,NEXT_STEP,0,0.035846322306445355,0.017286991464155875,1.0086703657159783,-0.17738826232182697,Fault_Interface,14,0.0,0.0,0.3,1.0086703657159783,-0.17738826232182697,,,,,,,,,,,,,,10.947320231857903,63.35299760041254,52.40567736855464,GENROU_4,6,GENROU_1,1,1.0,1.0,0.0,GENROU_1,1,GENROU_1,1,1.4854504369308268,1.9941464609338737,GENROU_5,8,GENROU_2,2,1.0,1,1.0,2,1.0,3,1.0,6,1.0,8
136,1,0.381,0.003,0.03,NEXT_STEP,0,0.035846322306445355,0.017286991464155875,1.0086703658670204,-0.17738826232182697,Fault_Interface,14,0.0,0.0,0.3,1.0086703658670204,-0.17738826232182697,,,,,,,,,,,,,,10.947320231857903,63.35299760041254,52.40567736855464,GENROU_4,6,GENROU_1,1,1.0,1.0,0.0,GENROU_1,1,GENROU_1,1,1.4854504364611494,1.994146456839442,GENROU_5,8,GENROU_2,2,1.0,1,1.0,2,1.0,3,1.0,6,1.0,8
137,1,0.384,0.003,0.03,NEXT_STEP,0,0.035846322306445355,0.017286991464155875,1.0086703660045018,-0.17738826216242526,Fault_Interface,14,0.0,0.0,0.3,1.0086703660045018,-0.17738826216242526,,,,,,,,,,,,,,10.947320231857903,63.35299760041254,52.40567736855464,GENROU_4,6,GENROU_1,1,1.0,1.0,0.0,GENROU_1,1,GENROU_1,1,1.4854504360565817,1.994146452548626,GENROU_5,8,GENROU_2,2,1.0,1,1.0,2,1.0,3,1.0,6,1.0,8
138,1,0.387,0.003,0.03,NEXT_STEP,0,0.035846322306445355,0.017286991464155875,1.0086703661557392,-0.17738826216242526,Fault_Interface,14,0.0,0.0,0.3,1.0086703661557392,-0.17738826216242526,,,,,,,,,,,,,,10.947320231857903,63.35299760041254,52.40567736855464,GENROU_4,6,GENROU_1,1,1.0,1.0,0.0,GENROU_1,1,GENROU_1,1,1.485450435544864,1.9941464480923465,GENROU_5,8,GENROU_2,2,1.0,1,1.0,2,1.0,3,1.0,6,1.0,8
139,1,0.39,0.003,0.03,NEXT_STEP,0,0.035846322306445355,0.017286991464155875,1.008670366296885,-0.1773882620110794,Fault_Interface,14,0.0,0.0,0.3,1.008670366296885,-0.1773882620110794,,,,,,,,,,,,,,10.947320231857903,63.35299760041254,52.40567736855464,GENROU_4,6,GENROU_1,1,1.0,1.0,0.0,GENROU_1,1,GENROU_1,1,1.4854504353534361,1.9941464434625364,GENROU_5,8,GENROU_2,2,1.0,1,1.0,2,1.0,3,1.0,6,1.0,8
140,1,0.393,0.003,0.03,NEXT_STEP,0,0.035846322306445355,0.017286991464155875,1.0086703664472496,-0.1773882620110794,Fault_Interface,14,0.0,0.0,0.3,1.0086703664472496,-0.1773882620110794,,,,,,,,,,,,,,10.947320231857903,63.35299760041254,52.40567736855464,GENROU_4,6,GENROU_1,1,1.0,1.0,0.0,GENROU_1,1,GENROU_1,1,1.48545043484733,1.994146438743246,GENROU_5,8,GENROU_2,2,1.0,1,1.0,2,1.0,3,1.0,6,1.0,8
141,1,0.396,0.003,0.03,NEXT_STEP,0,0.035846322306445355,0.017286991464155875,1.008670366596929,-0.17738826184428338,Fault_Interface,14,0.0,0.0,0.3,1.008670366596929,-0.17738826184428338,,,,,,,,,,,,,,10.947320231857903,63.35299760041254,52.40567736855464,GENROU_4,6,GENROU_1,1,1.0,1.0,0.0,GENROU_1,1,GENROU_1,1,1.4854504343851471,1.9941464339176609,GENROU_5,8,GENROU_2,2,1.0,1,1.0,2,1.0,3,1.0,6,1.0,8
142,1,0.399,0.003,0.03,NEXT_STEP,0,0.035846322306445355,0.017286991464155875,1.0086703667461097,-0.17738826184428338,Fault_Interface,14,0.0,0.0,0.3,1.0086703667461097,-0.17738826184428338,,,,,,,,,,,,,,10.947320231857903,63.35299760041254,52.40567736855464,GENROU_4,6,GENROU_1,1,1.0,1.0,0.0,GENROU_1,1,GENROU_1,1,1.4854504339807113,1.9941464290566102,GENROU_5,8,GENROU_2,2,1.0,1,1.0,2,1.0,3,1.0,6,1.0,8
143,1,0.402,0.003,0.03,NEXT_STEP,0,0.035846322306445355,0.017286991464155875,1.008670366886118,-0.1773882616958597,Fault_Interface,14,0.0,0.0,0.3,1.008670366886118,-0.1773882616958597,,,,,,,,,,,,,,10.947320231857903,63.35299760041254,52.40567736855464,GENROU_4,6,GENROU_1,1,1.0,1.0,0.0,GENROU_1,1,GENROU_1,1,1.485450433623491,1.9941464244540283,GENROU_5,8,GENROU_2,2,1.0,1,1.0,2,1.0,3,1.0,6,1.0,8
144,1,0.405,0.003,0.03,NEXT_STEP,0,0.035846322306445355,0.017286991464155875,1.0086703670178576,-0.1773882616958597,Fault_Interface,14,0.0,0.0,0.3,1.0086703670178576,-0.1773882616958597,,,,,,,,,,,,,,10.947320231857903,63.35299760041254,52.40567736855464,GENROU_4,6,GENROU_1,1,1.0,1.0,0.0,GENROU_1,1,GENROU_1,1,1.4854504331490637,1.9941464201251022,GENROU_5,8,GENROU_2,2,1.0,1,1.0,2,1.0,3,1.0,6,1.0,8
145,1,0.40800000000000003,0.003,0.03,NEXT_STEP,0,0.035846322306445355,0.017286991464155875,1.0086703671672568,-0.17738826153023157,Fault_Interface,14,0.0,0.0,0.3,1.0086703671672568,-0.17738826153023157,,,,,,,,,,,,,,10.947320231857903,63.35299760041254,52.40567736855464,GENROU_4,6,GENROU_1,1,1.0,1.0,0.0,GENROU_1,1,GENROU_1,1,1.485450432755248,1.994146415626498,GENROU_5,8,GENROU_2,2,1.0,1,1.0,2,1.0,3,1.0,6,1.0,8
146,1,0.41100000000000003,0.003,0.03,NEXT_STEP,0,0.035846322306445355,0.017286991464155875,1.008670367316417,-0.17738826153023157,Fault_Interface,14,0.0,0.0,0.3,1.008670367316417,-0.17738826153023157,,,,,,,,,,,,,,10.947320231857903,63.35299760041254,52.40567736855464,GENROU_4,6,GENROU_1,1,1.0,1.0,0.0,GENROU_1,1,GENROU_1,1,1.485450432312096,1.994146410985649,GENROU_5,8,GENROU_2,2,1.0,1,1.0,2,1.0,3,1.0,6,1.0,8
147,1,0.41400000000000003,0.003,0.03,NEXT_STEP,0,0.035846322306445355,0.017286991464155875,1.0086703674650217,-0.17738826136678693,Fault_Interface,14,0.0,0.0,0.3,1.0086703674650217,-0.17738826136678693,,,,,,,,,,,,,,10.947320231857903,63.35299760041254,52.40567736855464,GENROU_4,6,GENROU_1,1,1.0,1.0,0.0,GENROU_1,1,GENROU_1,1,1.4854504319132038,1.9941464061903489,GENROU_5,8,GENROU_2,2,1.0,1,1.0,2,1.0,3,1.0,6,1.0,8
148,1,0.41700000000000004,0.003,0.03,NEXT_STEP,0,0.035846322306445355,0.017286991464155875,1.00867036760379,-0.17738826136678693,Fault_Interface,14,0.0,0.0,0.3,1.00867036760379,-0.17738826136678693,,,,,,,,,,,,,,10.947320231857903,63.35299760041254,52.40567736855464,GENROU_4,6,GENROU_1,1,1.0,1.0,0.0,GENROU_1,1,GENROU_1,1,1.485450431558707,1.9941464013230965,GENROU_5,8,GENROU_2,2,1.0,1,1.0,2,1.0,3,1.0,6,1.0,8
149,1,0.42000000000000004,0.003,0.03,NEXT_STEP,0,0.035846322306445355,0.017286991464155875,1.0086703677376225,-0.17738826122533763,Fault_Interface,14,0.0,0.0,0.3,1.0086703677376225,-0.17738826122533763,,,,,,,,,,,,,,10.947320231857903,63.35299760041254,52.40567736855464,GENROU_4,6,GENROU_1,1,1.0,1.0,0.0,GENROU_1,1,GENROU_1,1,1.4854504312329433,1.9941463963651622,GENROU_5,8,GENROU_2,2,1.0,1,1.0,2,1.0,3,1.0,6,1.0,8
150,1,0.42300000000000004,0.003,0.03,NEXT_STEP,0,0.035846322306445355,0.017286991464155875,1.0086703678843536,-0.17738826122533763,Fault_Interface,14,0.0,0.0,0.3,1.0086703678843536,-0.17738826122533763,,,,,,,,,,,,,,10.947320231857903,63.35299760041254,52.40567736855464,GENROU_4,6,GENROU_1,1,1.0,1.0,0.0,GENROU_1,1,GENROU_1,1,1.4854504305697196,1.9941463913865083,GENROU_5,8,GENROU_2,2,1.0,1,1.0,2,1.0,3,1.0,6,1.0,8
151,1,0.42600000000000005,0.003,0.03,NEXT_STEP,0,0.035846322306445355,0.017286991464155875,1.0086703680138442,-0.17738826106169972,Fault_Interface,14,0.0,0.0,0.3,1.0086703680138442,-0.17738826106169972,,,,,,,,,,,,,,10.947320231857903,63.35299760041254,52.40567736855464,GENROU_4,6,GENROU_1,1,1.0,1.0,0.0,GENROU_1,1,GENROU_1,1,1.4854504302296663,1.994146386682534,GENROU_5,8,GENROU_2,2,1.0,1,1.0,2,1.0,3,1.0,6,1.0,8
152,1,0.42900000000000005,0.003,0.03,NEXT_STEP,0,0.035846322306445355,0.017286991464155875,1.0086703681606304,-0.17738826106169972,Fault_Interface,14,0.0,0.0,0.3,1.0086703681606304,-0.17738826106169972,,,,,,,,,,,,,,10.947320231857903,63.35299760041254,52.40567736855464,GENROU_4,6,GENROU_1,1,1.0,1.0,0.0,GENROU_1,1,GENROU_1,1,1.4854504298798221,1.9941463822674503,GENROU_5,8,GENROU_2,2,1.0,1,1.0,2,1.0,3,1.0,6,1.0,8
153,1,0.43200000000000005,0.003,0.03,NEXT_STEP,0,0.035846322306445355,0.017286991464155875,1.0086703683070704,-0.17738826089953552,Fault_Interface,14,0.0,0.0,0.3,1.0086703683070704,-0.17738826089953552,,,,,,,,,,,,,,10.947320231857903,63.35299760041254,52.40567736855464,GENROU_4,6,GENROU_1,1,1.0,1.0,0.0,GENROU_1,1,GENROU_1,1,1.4854504295611166,1.9941463776972064,GENROU_5,8,GENROU_2,2,1.0,1,1.0,2,1.0,3,1.0,6,1.0,8
154,1,0.43500000000000005,0.003,0.03,NEXT_STEP,0,0.035846322306445355,0.017286991464155875,1.008670368452819,-0.17738826089953552,Fault_Interface,14,0.0,0.0,0.3,1.008670368452819,-0.17738826089953552,,,,,,,,,,,,,,10.947320231857903,63.35299760041254,52.40567736855464,GENROU_4,6,GENROU_1,1,1.0,1.0,0.0,GENROU_1,1,GENROU_1,1,1.4854504292643533,1.9941463729977325,GENROU_5,8,GENROU_2,2,1.0,1,1.0,2,1.0,3,1.0,6,1.0,8
155,1,0.438,0.003,0.03,NEXT_STEP,0,0.035846322306445355,0.017286991464155875,1.0086703685836185,-0.17738826074667488,Fault_Interface,14,0.0,0.0,0.3,1.0086703685836185,-0.17738826074667488,,,,,,,,,,,,,,10.947320231857903,63.35299760041254,52.40567736855464,GENROU_4,6,GENROU_1,1,1.0,1.0,0.0,GENROU_1,1,GENROU_1,1,1.4854504289852628,1.9941463681580673,GENROU_5,8,GENROU_2,2,1.0,1,1.0,2,1.0,3,1.0,6,1.0,8
156,1,0.441,0.003,0.03,NEXT_STEP,0,0.035846322306445355,0.017286991464155875,1.0086703687193301,-0.17738826074667488,Fault_Interface,14,0.0,0.0,0.3,1.0086703687193301,-0.17738826074667488,,,,,,,,,,,,,,10.947320231857903,63.35299760041254,52.40567736855464,GENROU_4,6,GENROU_1,1,1.0,1.0,0.0,GENROU_1,1,GENROU_1,1,1.4854504283374397,1.9941463632590268,GENROU_5,8,GENROU_2,2,1.0,1,1.0,2,1.0,3,1.0,6,1.0,8
157,1,0.444,0.003,0.03,NEXT_STEP,0,0.035846322306445355,0.017286991464155875,1.0086703688627872,-0.17738826060108936,Fault_Interface,14,0.0,0.0,0.3,1.0086703688627872,-0.17738826060108936,,,,,,,,,,,,,,10.947320231857903,63.35299760041254,52.40567736855464,GENROU_4,6,GENROU_1,1,1.0,1.0,0.0,GENROU_1,1,GENROU_1,1,1.4854504280444556,1.994146358281943,GENROU_5,8,GENROU_2,2,1.0,1,1.0,2,1.0,3,1.0,6,1.0,8
158,1,0.447,0.003,0.03,NEXT_STEP,0,0.035846322306445355,0.017286991464155875,1.0086703689891392,-0.17738826060108936,Fault_Interface,14,0.0,0.0,0.3,1.0086703689891392,-0.17738826060108936,,,,,,,,,,,,,,10.947320231857903,63.35299760041254,52.40567736855464,GENROU_4,6,GENROU_1,1,1.0,1.0,0.0,GENROU_1,1,GENROU_1,1,1.485450427659027,1.9941463532954948,GENROU_5,8,GENROU_2,2,1.0,1,1.0,2,1.0,3,1.0,6,1.0,8
159,1,0.45,0.003,0.03,NEXT_STEP,0,0.035846322306445355,0.017286991464155875,1.0086703691325092,-0.17738826044191608,Fault_Interface,14,0.0,0.0,0.3,1.0086703691325092,-0.17738826044191608,,,,,,,,,,,,,,10.947320231857903,63.35299760041254,52.40567736855464,GENROU_4,6,GENROU_1,1,1.0,1.0,0.0,GENROU_1,1,GENROU_1,1,1.4854504272942894,1.9941463485907187,GENROU_5,8,GENROU_2,2,1.0,1,1.0,2,1.0,3,1.0,6,1.0,8
160,1,0.453,0.003,0.03,NEXT_STEP,0,0.035846322306445355,0.017286991464155875,1.008670369261846,-0.17738826044191608,Fault_Interface,14,0.0,0.0,0.3,1.008670369261846,-0.17738826044191608,,,,,,,,,,,,,,10.947320231857903,63.35299760041254,52.40567736855464,GENROU_4,6,GENROU_1,1,1.0,1.0,0.0,GENROU_1,1,GENROU_1,1,1.4854504269745235,1.9941463441814689,GENROU_5,8,GENROU_2,2,1.0,1,1.0,2,1.0,3,1.0,6,1.0,8
161,1,0.456,0.003,0.03,NEXT_STEP,0,0.035846322306445355,0.017286991464155875,1.0086703694038872,-0.1773882602917334,Fault_Interface,14,0.0,0.0,0.3,1.0086703694038872,-0.1773882602917334,,,,,,,,,,,,,,10.947320231857903,63.35299760041254,52.40567736855464,GENROU_4,6,GENROU_1,1,1.0,1.0,0.0,GENROU_1,1,GENROU_1,1,1.4854504263444186,1.994146339629259,GENROU_5,8,GENROU_2,2,1.0,1,1.0,2,1.0,3,1.0,6,1.0,8
162,1,0.459,0.003,0.03,NEXT_STEP,0,0.035846322306445355,0.017286991464155875,1.0086703695364472,-0.1773882602917334,Fault_Interface,14,0.0,0.0,0.3,1.0086703695364472,-0.1773882602917334,,,,,,,,,,,,,,10.947320231857903,63.35299760041254,52.40567736855464,GENROU_4,6,GENROU_1,1,1.0,1.0,0.0,GENROU_1,1,GENROU_1,1,1.4854504260196693,1.9941463349591233,GENROU_5,8,GENROU_2,2,1.0,1,1.0,2,1.0,3,1.0,6,1.0,8
163,1,0.462,0.003,0.03,NEXT_STEP,0,0.035846322306445355,0.017286991464155875,1.0086703696767916,-0.17738826014962158,Fault_Interface,14,0.0,0.0,0.3,1.0086703696767916,-0.17738826014962158,,,,,,,,,,,,,,10.947320231857903,63.35299760041254,52.40567736855464,GENROU_4,6,GENROU_1,1,1.0,1.0,0.0,GENROU_1,1,GENROU_1,1,1.4854504256341465,1.9941463301606017,GENROU_5,8,GENROU_2,2,1.0,1,1.0,2,1.0,3,1.0,6,1.0,8
164,1,0.465,0.003,0.03,NEXT_STEP,0,0.035846322306445355,0.017286991464155875,1.0086703698001782,-0.17738826014962158,Fault_Interface,14,0.0,0.0,0.3,1.0086703698001782,-0.17738826014962158,,,,,,,,,,,,,,10.947320231857903,63.35299760041254,52.40567736855464,GENROU_4,6,GENROU_1,1,1.0,1.0,0.0,GENROU_1,1,GENROU_1,1,1.485450425289828,1.9941463253128668,GENROU_5,8,GENROU_2,2,1.0,1,1.0,2,1.0,3,1.0,6,1.0,8
165,1,0.468,0.003,0.03,NEXT_STEP,0,0.035846322306445355,0.017286991464155875,1.0086703698001782,-0.17738826001524322,Fault_Interface,14,0.0,0.0,0.3,1.0086703698001782,-0.17738826001524322,,,,,,,,,,,,,,10.947320231857903,63.35299760041254,52.40567736855464,GENROU_4,6,GENROU_1,1,1.0,1.0,0.0,GENROU_1,1,GENROU_1,1,1.4854504249704257,1.9941463207207766,GENROU_5,8,GENROU_2,2,1.0,1,1.0,2,1.0,3,1.0,6,1.0,8
166,1,0.47100000000000003,0.003,0.03,NEXT_STEP,0,0.035846322306445355,0.017286991464155875,1.008670370038036,-0.17738826001524322,Fault_Interface,14,0.0,0.0,0.3,1.008670370038036,-0.17738826001524322,,,,,,,,,,,,,,10.947320231857903,63.35299760041254,52.40567736855464,GENROU_4,6,GENROU_1,1,1.0,1.0,0.0,GENROU_1,1,GENROU_1,1,1.4854504245448106,1.994146316404827,GENROU_5,8,GENROU_2,2,1.0,1,1.0,2,1.0,3,1.0,6,1.0,8
167,1,0.47400000000000003,0.003,0.03,NEXT_STEP,0,0.035846322306445355,0.017286991464155875,1.0086703701781632,-0.1773882598599702,Fault_Interface,14,0.0,0.0,0.3,1.0086703701781632,-0.1773882598599702,,,,,,,,,,,,,,10.947320231857903,63.35299760041254,52.40567736855464,GENROU_4,6,GENROU_1,1,1.0,1.0,0.0,GENROU_1,1,GENROU_1,1,1.4854504241450617,1.994146311929368,GENROU_5,8,GENROU_2,2,1.0,1,1.0,2,1.0,3,1.0,6,1.0,8
168,1,0.47700000000000004,0.003,0.03,NEXT_STEP,0,0.035846322306445355,0.017286991464155875,1.0086703703089073,-0.1773882598599702,Fault_Interface,14,0.0,0.0,0.3,1.0086703703089073,-0.1773882598599702,,,,,,,,,,,,,,10.947320231857903,63.35299760041254,52.40567736855464,GENROU_4,6,GENROU_1,1,1.0,1.0,0.0,GENROU_1,1,GENROU_1,1,1.485450423706061,1.9941463073236743,GENROU_5,8,GENROU_2,2,1.0,1,1.0,2,1.0,3,1.0,6,1.0,8
169,1,0.48000000000000004,0.003,0.03,NEXT_STEP,0,0.035846322306445355,0.017286991464155875,1.0086703704167694,-0.17738825972746977,Fault_Interface,14,0.0,0.0,0.3,1.0086703704167694,-0.17738825972746977,,,,,,,,,,,,,,10.947320231857903,63.35299760041254,52.40567736855464,GENROU_4,6,GENROU_1,1,1.0,1.0,0.0,GENROU_1,1,GENROU_1,1,1.4854504233065606,1.994146302584368,GENROU_5,8,GENROU_2,2,1.0,1,1.0,2,1.0,3,1.0,6,1.0,8
170,1,0.48300000000000004,0.003,0.03,NEXT_STEP,0,0.035846322306445355,0.017286991464155875,1.008670370556142,-0.17738825972746977,Fault_Interface,14,0.0,0.0,0.3,1.008670370556142,-0.17738825972746977,,,,,,,,,,,,,,10.947320231857903,63.35299760041254,52.40567736855464,GENROU_4,6,GENROU_1,1,1.0,1.0,0.0,GENROU_1,1,GENROU_1,1,1.485450422821859,1.9941462977931774,GENROU_5,8,GENROU_2,2,1.0,1,1.0,2,1.0,3,1.0,6,1.0,8
171,1,0.48600000000000004,0.003,0.03,NEXT_STEP,0,0.035846322306445355,0.017286991464155875,1.0086703706944171,-0.17738825957446472,Fault_Interface,14,0.0,0.0,0.3,1.0086703706944171,-0.17738825957446472,,,,,,,,,,,,,,10.947320231857903,63.35299760041254,52.40567736855464,GENROU_4,6,GENROU_1,1,1.0,1.0,0.0,GENROU_1,1,GENROU_1,1,1.485450422656046,1.9941462932564578,GENROU_5,8,GENROU_2,2,1.0,1,1.0,2,1.0,3,1.0,6,1.0,8
172,1,0.48900000000000005,0.003,0.03,NEXT_STEP,0,0.035846322306445355,0.017286991464155875,1.0086703708314286,-0.17738825957446472,Fault_Interface,14,0.0,0.0,0.3,1.0086703708314286,-0.17738825957446472,,,,,,,,,,,,,,10.947320231857903,63.35299760041254,52.40567736855464,GENROU_4,6,GENROU_1,1,1.0,1.0,0.0,GENROU_1,1,GENROU_1,1,1.4854504222140776,1.9941462889953685,GENROU_5,8,GENROU_2,2,1.0,1,1.0,2,1.0,3,1.0,6,1.0,8
173,1,0.49200000000000005,0.003,0.03,NEXT_STEP,0,0.035846322306445355,0.017286991464155875,1.0086703708314286,-0.17738825944554906,Fault_Interface,14,0.0,0.0,0.3,1.0086703708314286,-0.17738825944554906,,,,,,,,,,,,,,10.947320231857903,63.35299760041254,52.40567736855464,GENROU_4,6,GENROU_1,1,1.0,1.0,0.0,GENROU_1,1,GENROU_1,1,1.4854504217907694,1.9941462845832771,GENROU_5,8,GENROU_2,2,1.0,1,1.0,2,1.0,3,1.0,6,1.0,8
174,1,0.49500000000000005,0.003,0.03,NEXT_STEP,0,0.035846322306445355,0.017286991464155875,1.0086703710344158,-0.17738825944554906,Fault_Interface,14,0.0,0.0,0.3,1.0086703710344158,-0.17738825944554906,,,,,,,,,,,,,,10.947320231857903,63.35299760041254,52.40567736855464,GENROU_4,6,GENROU_1,1,1.0,1.0,0.0,GENROU_1,1,GENROU_1,1,1.4854504212791517,1.994146280048578,GENROU_5,8,GENROU_2,2,1.0,1,1.0,2,1.0,3,1.0,6,1.0,8
175,1,0.49800000000000005,0.003,0.03,NEXT_STEP,0,0.035846322306445355,0.017286991464155875,1.0086703711715546,-0.17738825930829188,Fault_Interface,14,0.0,0.0,0.3,1.0086703711715546,-0.17738825930829188,,,,,,,,,,,,,,10.947320231857903,63.35299760041254,52.40567736855464,GENROU_4,6,GENROU_1,1,1.0,1.0,0.0,GENROU_1,1,GENROU_1,1,1.485450421025952,1.9941462753894392,GENROU_5,8,GENROU_2,2,1.0,1,1.0,2,1.0,3,1.0,6,1.0,8
176,1,0.501,0.003,0.03,NEXT_STEP,0,0.035846322306445355,0.017286991464155875,1.0086703713077974,-0.17738825930829188,Fault_Interface,14,0.0,0.0,0.3,1.0086703713077974,-0.17738825930829188,,,,,,,,,,,,,,10.947320231857903,63.35299760041254,52.40567736855464,GENROU_4,6,GENROU_1,1,1.0,1.0,0.0,GENROU_1,1,GENROU_1,1,1.4854504207479857,1.9941462706857047,GENROU_5,8,GENROU_2,2,1.0,1,1.0,2,1.0,3,1.0,6,1.0,8
177,1,0.504,0.003,0.03,NEXT_STEP,0,0.035846322306445355,0.017286991464155875,1.0086703714204166,-0.17738825918050072,Fault_Interface,14,0.0,0.0,0.3,1.0086703714204166,-0.17738825918050072,,,,,,,,,,,,,,10.947320231857903,63.35299760041254,52.40567736855464,GENROU_4,6,GENROU_1,1,1.0,1.0,0.0,GENROU_1,1,GENROU_1,1,1.4854504204842636,1.9941462662361147,GENROU_5,8,GENROU_2,2,1.0,1,1.0,2,1.0,3,1.0,6,1.0,8
178,1,0.507,0.003,0.03,NEXT_STEP,0,0.035846322306445355,0.017286991464155875,1.0086703715382976,-0.17738825918050072,Fault_Interface,14,0.0,0.0,0.3,1.0086703715382976,-0.17738825918050072,,,,,,,,,,,,,,10.947320231857903,63.35299760041254,52.40567736855464,GENROU_4,6,GENROU_1,1,1.0,1.0,0.0,GENROU_1,1,GENROU_1,1,1.4854504198671699,1.9941462620611627,GENROU_5,8,GENROU_2,2,1.0,1,1.0,2,1.0,3,1.0,6,1.0,8
179,1,0.51,0.003,0.03,NEXT_STEP,0,0.035846322306445355,0.017286991464155875,1.0086703716728296,-0.17738825903144995,Fault_Interface,14,0.0,0.0,0.3,1.0086703716728296,-0.17738825903144995,,,,,,,,,,,,,,10.947320231857903,63.35299760041254,52.40567736855464,GENROU_4,6,GENROU_1,1,1.0,1.0,0.0,GENROU_1,1,GENROU_1,1,1.485450419526559,1.994146257745711,GENROU_5,8,GENROU_2,2,1.0,1,1.0,2,1.0,3,1.0,6,1.0,8
180,1,0.513,0.003,0.03,NEXT_STEP,0,0.035846322306445355,0.017286991464155875,1.008670371798031,-0.17738825903144995,Fault_Interface,14,0.0,0.0,0.3,1.008670371798031,-0.17738825903144995,,,,,,,,,,,,,,10.947320231857903,63.35299760041254,52.40567736855464,GENROU_4,6,GENROU_1,1,1.0,1.0,0.0,GENROU_1,1,GENROU_1,1,1.4854504192070015,1.9941462533168715,GENROU_5,8,GENROU_2,2,1.0,1,1.0,2,1.0,3,1.0,6,1.0,8
181,1,0.516,0.003,0.03,NEXT_STEP,0,0.035846322306445355,0.017286991464155875,1.008670371798031,-0.17738825893065685,Fault_Interface,14,0.0,0.0,0.3,1.008670371798031,-0.17738825893065685,,,,,,,,,,,,,,10.947320231857903,63.35299760041254,52.40567736855464,GENROU_4,6,GENROU_1,1,1.0,1.0,0.0,GENROU_1,1,GENROU_1,1,1.485450418771546,1.9941462490893986,GENROU_5,8,GENROU_2,2,1.0,1,1.0,2,1.0,3,1.0,6,1.0,8
182,1,0.519,0.003,0.03,NEXT_STEP,0,0.035846322306445355,0.017286991464155875,1.0086703720079526,-0.17738825893065685,Fault_Interface,14,0.0,0.0,0.3,1.0086703720079526,-0.17738825893065685,,,,,,,,,,,,,,10.947320231857903,63.35299760041254,52.40567736855464,GENROU_4,6,GENROU_1,1,1.0,1.0,0.0,GENROU_1,1,GENROU_1,1,1.4854504186549633,1.994146245094478,GENROU_5,8,GENROU_2,2,1.0,1,1.0,2,1.0,3,1.0,6,1.0,8
183,1,0.522,0.003,0.03,NEXT_STEP,0,0.035846322306445355,0.017286991464155875,1.0086703721410895,-0.17738825878387926,Fault_Interface,14,0.0,0.0,0.3,1.0086703721410895,-0.17738825878387926,,,,,,,,,,,,,,10.947320231857903,63.35299760041254,52.40567736855464,GENROU_4,6,GENROU_1,1,1.0,1.0,0.0,GENROU_1,1,GENROU_1,1,1.4854504183966635,1.994146240916899,GENROU_5,8,GENROU_2,2,1.0,1,1.0,2,1.0,3,1.0,6,1.0,8
184,1,0.525,0.003,0.03,NEXT_STEP,0,0.035846322306445355,0.017286991464155875,1.0086703722536416,-0.17738825878387926,Fault_Interface,14,0.0,0.0,0.3,1.0086703722536416,-0.17738825878387926,,,,,,,,,,,,,,10.947320231857903,63.35299760041254,52.40567736855464,GENROU_4,6,GENROU_1,1,1.0,1.0,0.0,GENROU_1,1,GENROU_1,1,1.4854504182646544,1.9941462365919682,GENROU_5,8,GENROU_2,2,1.0,1,1.0,2,1.0,3,1.0,6,1.0,8
185,1,0.528,0.003,0.03,NEXT_STEP,0,0.035846322306445355,0.017286991464155875,1.0086703723626842,-0.17738825864504243,Fault_Interface,14,0.0,0.0,0.3,1.0086703723626842,-0.17738825864504243,,,,,,,,,,,,,,10.947320231857903,63.35299760041254,52.40567736855464,GENROU_4,6,GENROU_1,1,1.0,1.0,0.0,GENROU_1,1,GENROU_1,1,1.4854504177093868,1.9941462324472832,GENROU_5,8,GENROU_2,2,1.0,1,1.0,2,1.0,3,1.0,6,1.0,8
186,1,0.531,0.003,0.03,NEXT_STEP,0,0.035846322306445355,0.017286991464155875,1.0086703724772177,-0.17738825864504243,Fault_Interface,14,0.0,0.0,0.3,1.0086703724772177,-0.17738825864504243,,,,,,,,,,,,,,10.947320231857903,63.35299760041254,52.40567736855464,GENROU_4,6,GENROU_1,1,1.0,1.0,0.0,GENROU_1,1,GENROU_1,1,1.4854504173662741,1.9941462285200375,GENROU_5,8,GENROU_2,2,1.0,1,1.0,2,1.0,3,1.0,6,1.0,8
187,1,0.534,0.003,0.03,NEXT_STEP,0,0.035846322306445355,0.017286991464155875,1.0086703725773611,-0.17738825851390183,Fault_Interface,14,0.0,0.0,0.3,1.0086703725773611,-0.17738825851390183,,,,,,,,,,,,,,10.947320231857903,63.35299760041254,52.40567736855464,GENROU_4,6,GENROU_1,1,1.0,1.0,0.0,GENROU_1,1,GENROU_1,1,1.485450417031951,1.9941462243967105,GENROU_5,8,GENROU_2,2,1.0,1,1.0,2,1.0,3,1.0,6,1.0,8
188,1,0.537,0.003,0.03,NEXT_STEP,0,0.035846322306445355,0.017286991464155875,1.0086703726854072,-0.17738825851390183,Fault_Interface,14,0.0,0.0,0.3,1.0086703726854072,-0.17738825851390183,,,,,,,,,,,,,,10.947320231857903,63.35299760041254,52.40567736855464,GENROU_4,6,GENROU_1,1,1.0,1.0,0.0,GENROU_1,1,GENROU_1,1,1.485450416611921,1.9941462201163642,GENROU_5,8,GENROU_2,2,1.0,1,1.0,2,1.0,3,1.0,6,1.0,8
189,1,0.54,0.003,0.03,NEXT_STEP,0,0.035846322306445355,0.017286991464155875,1.0086703728077069,-0.17738825836266991,Fault_Interface,14,0.0,0.0,0.3,1.0086703728077069,-0.17738825836266991,,,,,,,,,,,,,,10.947320231857903,63.35299760041254,52.40567736855464,GENROU_4,6,GENROU_1,1,1.0,1.0,0.0,GENROU_1,1,GENROU_1,1,1.485450416504782,1.994146216011308,GENROU_5,8,GENROU_2,2,1.0,1,1.0,2,1.0,3,1.0,6,1.0,8
190,1,0.543,0.003,0.03,NEXT_STEP,0,0.035846322306445355,0.017286991464155875,1.0086703728077069,-0.17738825836266991,Fault_Interface,14,0.0,0.0,0.3,1.0086703728077069,-0.17738825836266991,,,,,,,,,,,,,,10.947320231857903,63.35299760041254,52.40567736855464,GENROU_4,6,GENROU_1,1,1.0,1.0,0.0,GENROU_1,1,GENROU_1,1,1.485450416274177,1.994146212121843,GENROU_5,8,GENROU_2,2,1.0,1,1.0,2,1.0,3,1.0,6,1.0,8
191,1,0.546,0.003,0.03,NEXT_STEP,0,0.035846322306445355,0.017286991464155875,1.008670373022185,-0.17738825825466073,Fault_Interface,14,0.0,0.0,0.3,1.008670373022185,-0.17738825825466073,,,,,,,,,,,,,,10.947320231857903,63.35299760041254,52.40567736855464,GENROU_4,6,GENROU_1,1,1.0,1.0,0.0,GENROU_1,1,GENROU_1,1,1.4854504158966597,1.994146208040158,GENROU_5,8,GENROU_2,2,1.0,1,1.0,2,1.0,3,1.0,6,1.0,8
192,1,0.549,0.003,0.03,NEXT_STEP,0,0.035846322306445355,0.017286991464155875,1.008670373022185,-0.17738825825466073,Fault_Interface,14,0.0,0.0,0.3,1.008670373022185,-0.17738825825466073,,,,,,,,,,,,,,10.947320231857903,63.35299760041254,52.40567736855464,GENROU_4,6,GENROU_1,1,1.0,1.0,0.0,GENROU_1,1,GENROU_1,1,1.485450415351815,1.9941462038065147,GENROU_5,8,GENROU_2,2,1.0,1,1.0,2,1.0,3,1.0,6,1.0,8
193,1,0.552,0.003,0.03,NEXT_STEP,0,0.035846322306445355,0.017286991464155875,1.0086703731837643,-0.17738825813625317,Fault_Interface,14,0.0,0.0,0.3,1.0086703731837643,-0.17738825813625317,,,,,,,,,,,,,,10.947320231857903,63.35299760041254,52.40567736855464,GENROU_4,6,GENROU_1,1,1.0,1.0,0.0,GENROU_1,1,GENROU_1,1,1.4854504151282129,1.9941461997511831,GENROU_5,8,GENROU_2,2,1.0,1,1.0,2,1.0,3,1.0,6,1.0,8
194,1,0.555,0.003,0.03,NEXT_STEP,0,0.035846322306445355,0.017286991464155875,1.008670373307137,-0.17738825813625317,Fault_Interface,14,0.0,0.0,0.3,1.008670373307137,-0.17738825813625317,,,,,,,,,,,,,,10.947320231857903,63.35299760041254,52.40567736855464,GENROU_4,6,GENROU_1,1,1.0,1.0,0.0,GENROU_1,1,GENROU_1,1,1.4854504147270164,1.9941461959144127,GENROU_5,8,GENROU_2,2,1.0,1,1.0,2,1.0,3,1.0,6,1.0,8
195,1,0.558,0.003,0.03,NEXT_STEP,0,0.035846322306445355,0.017286991464155875,1.0086703734134774,-0.177388257987307,Fault_Interface,14,0.0,0.0,0.3,1.0086703734134774,-0.177388257987307,,,,,,,,,,,,,,10.947320231857903,63.35299760041254,52.40567736855464,GENROU_4,6,GENROU_1,1,1.0,1.0,0.0,GENROU_1,1,GENROU_1,1,1.4854504149170142,1.9941461918998051,GENROU_5,8,GENROU_2,2,1.0,1,1.0,2,1.0,3,1.0,6,1.0,8
196,1,0.561,0.003,0.03,NEXT_STEP,0,0.035846322306445355,0.017286991464155875,1.0086703734134774,-0.177388257987307,Fault_Interface,14,0.0,0.0,0.3,1.0086703734134774,-0.177388257987307,,,,,,,,,,,,,,10.947320231857903,63.35299760041254,52.40567736855464,GENROU_4,6,GENROU_1,1,1.0,1.0,0.0,GENROU_1,1,GENROU_1,1,1.4854504145178986,1.9941461877457511,GENROU_5,8,GENROU_2,2,1.0,1,1.0,2,1.0,3,1.0,6,1.0,8
197,1,0.5640000000000001,0.003,0.03,NEXT_STEP,0,0.035846322306445355,0.017286991464155875,1.0086703736160094,-0.17738825785035992,Fault_Interface,14,0.0,0.0,0.3,1.0086703736160094,-0.17738825785035992,,,,,,,,,,,,,,10.947320231857903,63.35299760041254,52.40567736855464,GENROU_4,6,GENROU_1,1,1.0,1.0,0.0,GENROU_1,1,GENROU_1,1,1.485450414397685,1.9941461837737313,GENROU_5,8,GENROU_2,2,1.0,1,1.0,2,1.0,3,1.0,6,1.0,8
198,1,0.5670000000000001,0.003,0.03,NEXT_STEP,0,0.035846322306445355,0.017286991464155875,1.0086703737435743,-0.17738825785035992,Fault_Interface,14,0.0,0.0,0.3,1.0086703737435743,-0.17738825785035992,,,,,,,,,,,,,,10.947320231857903,63.35299760041254,52.40567736855464,GENROU_4,6,GENROU_1,1,1.0,1.0,0.0,GENROU_1,1,GENROU_1,1,1.4854504138206948,1.9941461800214293,GENROU_5,8,GENROU_2,2,1.0,1,1.0,2,1.0,3,1.0,6,1.0,8
199,1,0.5700000000000001,0.003,0.03,NEXT_STEP,0,0.035846322306445355,0.017286991464155875,1.0086703737435743,-0.17738825772474923,Fault_Interface,14,0.0,0.0,0.3,1.0086703737435743,-0.17738825772474923,,,,,,,,,,,,,,10.947320231857903,63.35299760041254,52.40567736855464,GENROU_4,6,GENROU_1,1,1.0,1.0,0.0,GENROU_1,1,GENROU_1,1,1.485450413516611,1.9941461764271151,GENROU_5,8,GENROU_2,2,1.0,1,1.0,2,1.0,3,1.0,6,1.0,8
200,1,0.5730000000000001,0.003,0.03,NEXT_STEP,0,0.035846322306445355,0.017286991464155875,1.0086703739353917,-0.17738825772474923,Fault_Interface,14,0.0,0.0,0.3,1.0086703739353917,-0.17738825772474923,,,,,,,,,,,,,,10.947320231857903,63.35299760041254,52.40567736855464,GENROU_4,6,GENROU_1,1,1.0,1.0,0.0,GENROU_1,1,GENROU_1,1,1.48545041304531,1.9941461729792607,GENROU_5,8,GENROU_2,2,1.0,1,1.0,2,1.0,3,1.0,6,1.0,8
201,1,0.5760000000000001,0.003,0.03,NEXT_STEP,0,0.035846322306445355,0.017286991464155875,1.0086703740529415,-0.17738825760469037,Fault_Interface,14,0.0,0.0,0.3,1.0086703740529415,-0.17738825760469037,,,,,,,,,,,,,,10.947320231857903,63.35299760041254,52.40567736855464,GENROU_4,6,GENROU_1,1,1.0,1.0,0.0,GENROU_1,1,GENROU_1,1,1.4854504127933787,1.99414616928178,GENROU_5,8,GENROU_2,2,1.0,1,1.0,2,1.0,3,1.0,6,1.0,8
203,2,0.5790000000000001,0.003,0.03,NEXT_STEP,0,0.03584632230738277,0.017286991464732733,1.0086703741538703,-0.17738825760469037,Fault_Interface,14,0.0,0.0,0.3,1.0086703741538703,-0.17738825760469037,,,,,,,,,,,,,,10.947320231857903,63.35299760041254,52.40567736855464,GENROU_4,6,GENROU_1,1,1.0,1.0,0.0,GENROU_1,1,GENROU_1,1,1.4854504124180659,1.9941461653836856,GENROU_5,8,GENROU_2,2,1.0,1,1.0,2,1.0,3,1.0,6,1.0,8
205,2,0.5820000000000001,0.003,0.03,NEXT_STEP,1,0.03584632230643736,0.01728699146414663,1.0086703741538703,-0.1773882574811438,Fault_Interface,14,0.0,0.0,0.3,1.0086703741538703,-0.1773882574811438,,,,,,,,,,,,,,10.947320231857903,63.35299760041254,52.40567736855464,GENROU_4,6,GENROU_1,1,1.0,1.0,0.0,GENROU_1,1,GENROU_1,1,1.4854504125629227,1.9941461616212504,GENROU_5,8,GENROU_2,2,1.0,1,1.0,2,1.0,3,1.0,6,1.0,8
207,2,0.5850000000000001,0.003,0.03,NEXT_STEP,0,0.03584632230645051,0.01728699146415169,1.0086703743238057,-0.1773882574811438,Fault_Interface,14,0.0,0.0,0.3,1.0086703743238057,-0.1773882574811438,,,,,,,,,,,,,,10.947320231857903,63.35299760041254,52.40567736855464,GENROU_4,6,GENROU_1,1,1.0,1.0,0.0,GENROU_1,1,GENROU_1,1,1.4854504120009377,1.9941461580411375,GENROU_5,8,GENROU_2,2,1.0,1,1.0,2,1.0,3,1.0,6,1.0,8
208,1,0.5880000000000001,0.003,0.03,NEXT_STEP,0,0.03584632230645051,0.01728699146415169,1.0086703744352958,-0.17738825734855324,Fault_Interface,14,0.0,0.0,0.3,1.0086703744352958,-0.17738825734855324,,,,,,,,,,,,,,10.947320231857903,63.35299760041254,52.40567736855464,GENROU_4,6,GENROU_1,1,1.0,1.0,0.0,GENROU_1,1,GENROU_1,1,1.4854504116632261,1.994146154261993,GENROU_5,8,GENROU_2,2,1.0,1,1.0,2,1.0,3,1.0,6,1.0,8
209,1,0.5910000000000001,0.003,0.03,NEXT_STEP,0,0.03584632230645051,0.01728699146415169,1.0086703745448837,-0.17738825734855324,Fault_Interface,14,0.0,0.0,0.3,1.0086703745448837,-0.17738825734855324,,,,,,,,,,,,,,10.947320231857903,63.35299760041254,52.40567736855464,GENROU_4,6,GENROU_1,1,1.0,1.0,0.0,GENROU_1,1,GENROU_1,1,1.48545041116732,1.9941461503259954,GENROU_5,8,GENROU_2,2,1.0,1,1.0,2,1.0,3,1.0,6,1.0,8
210,1,0.5940000000000001,0.003,0.03,NEXT_STEP,0,0.03584632230645051,0.01728699146415169,1.0086703745448837,-0.17738825724532592,Fault_Interface,14,0.0,0.0,0.3,1.0086703745448837,-0.17738825724532592,,,,,,,,,,,,,,10.947320231857903,63.35299760041254,52.40567736855464,GENROU_4,6,GENROU_1,1,1.0,1.0,0.0,GENROU_1,1,GENROU_1,1,1.4854504109276827,1.9941461465530945,GENROU_5,8,GENROU_2,2,1.0,1,1.0,2,1.0,3,1.0,6,1.0,8
211,1,0.5970000000000001,0.003,0.03,NEXT_STEP,0,0.03584632230645051,0.01728699146415169,1.008670374720279,-0.17738825724532592,Fault_Interface,14,0.0,0.0,0.3,1.008670374720279,-0.17738825724532592,,,,,,,,,,,,,,10.947320231857903,63.35299760041254,52.40567736855464,GENROU_4,6,GENROU_1,1,1.0,1.0,0.0,GENROU_1,1,GENROU_1,1,1.4854504105845503,1.9941461433002916,GENROU_5,8,GENROU_2,2,1.0,1,1.0,2,1.0,3,1.0,6,1.0,8
212,1,0.6000000000000001,0.003,0.03,NEXT_STEP,0,0.03584632230645051,0.01728699146415169,1.008670374720279,-0.1773882571069552,Fault_Interface,14,0.0,0.0,0.3,1.008670374720279,-0.1773882571069552,,,,,,,,,,,,,,10.947320231857903,63.35299760041254,52.40567736855464,GENROU_4,6,GENROU_1,1,1.0,1.0,0.0,GENROU_1,1,GENROU_1,1,1.4854504107457818,1.99414614015256,GENROU_5,8,GENROU_2,2,1.0,1,1.0,2,1.0,3,1.0,6,1.0,8
213,1,0.6030000000000001,0.003,0.03,NEXT_STEP,0,0.03584632230645051,0.01728699146415169,1.0086703748955024,-0.1773882571069552,Fault_Interface,14,0.0,0.0,0.3,1.0086703748955024,-0.1773882571069552,,,,,,,,,,,,,,10.947320231857903,63.35299760041254,52.40567736855464,GENROU_4,6,GENROU_1,1,1.0,1.0,0.0,GENROU_1,1,GENROU_1,1,1.4854504107457818,1.994146136743474,GENROU_5,8,GENROU_2,2,1.0,1,1.0,2,1.0,3,1.0,6,1.0,8
214,1,0.606,0.003,0.03,NEXT_STEP,0,0.03584632230645051,0.01728699146415169,1.0086703750035284,-0.1773882569953655,Fault_Interface,14,0.0,0.0,0.3,1.0086703750035284,-0.1773882569953655,,,,,,,,,,,,,,10.947320231857903,63.35299760041254,52.40567736855464,GENROU_4,6,GENROU_1,1,1.0,1.0,0.0,GENROU_1,1,GENROU_1,1,1.4854504102946509,1.9941461333816684,GENROU_5,8,GENROU_2,2,1.0,1,1.0,2,1.0,3,1.0,6,1.0,8
215,1,0.609,0.003,0.03,NEXT_STEP,0,0.03584632230645051,0.01728699146415169,1.0086703750035284,-0.1773882569953655,Fault_Interface,14,0.0,0.0,0.3,1.0086703750035284,-0.1773882569953655,,,,,,,,,,,,,,10.947320231857903,63.35299760041254,52.40567736855464,GENROU_4,6,GENROU_1,1,1.0,1.0,0.0,GENROU_1,1,GENROU_1,1,1.4854504096919763,1.9941461301282681,GENROU_5,8,GENROU_2,2,1.0,1,1.0,2,1.0,3,1.0,6,1.0,8
216,1,0.612,0.003,0.03,NEXT_STEP,0,0.03584632230645051,0.01728699146415169,1.0086703751659556,-0.17738825688311752,Fault_Interface,14,0.0,0.0,0.3,1.0086703751659556,-0.17738825688311752,,,,,,,,,,,,,,10.947320231857903,63.35299760041254,52.40567736855464,GENROU_4,6,GENROU_1,1,1.0,1.0,0.0,GENROU_1,1,GENROU_1,1,1.4854504093702892,1.9941461266032898,GENROU_5,8,GENROU_2,2,1.0,1,1.0,2,1.0,3,1.0,6,1.0,8
217,1,0.615,0.003,0.03,NEXT_STEP,0,0.03584632230645051,0.01728699146415169,1.0086703752718116,-0.17738825688311752,Fault_Interface,14,0.0,0.0,0.3,1.0086703752718116,-0.17738825688311752,,,,,,,,,,,,,,10.947320231857903,63.35299760041254,52.40567736855464,GENROU_4,6,GENROU_1,1,1.0,1.0,0.0,GENROU_1,1,GENROU_1,1,1.4854504089491127,1.9941461228624902,GENROU_5,8,GENROU_2,2,1.0,1,1.0,2,1.0,3,1.0,6,1.0,8
218,1,0.618,0.003,0.03,NEXT_STEP,0,0.03584632230645051,0.01728699146415169,1.0086703752718116,-0.1773882567563667,Fault_Interface,14,0.0,0.0,0.3,1.0086703752718116,-0.1773882567563667,,,,,,,,,,,,,,10.947320231857903,63.35299760041254,52.40567736855464,GENROU_4,6,GENROU_1,1,1.0,1.0,0.0,GENROU_1,1,GENROU_1,1,1.485450408809841,1.9941461192473615,GENROU_5,8,GENROU_2,2,1.0,1,1.0,2,1.0,3,1.0,6,1.0,8
219,1,0.621,0.003,0.03,NEXT_STEP,0,0.03584632230645051,0.01728699146415169,1.0086703754410287,-0.1773882567563667,Fault_Interface,14,0.0,0.0,0.3,1.0086703754410287,-0.1773882567563667,,,,,,,,,,,,,,10.947320231857903,63.35299760041254,52.40567736855464,GENROU_4,6,GENROU_1,1,1.0,1.0,0.0,GENROU_1,1,GENROU_1,1,1.485450408809841,1.9941461161292335,GENROU_5,8,GENROU_2,2,1.0,1,1.0,2,1.0,3,1.0,6,1.0,8
220,1,0.624,0.003,0.03,NEXT_STEP,0,0.03584632230645051,0.01728699146415169,1.0086703755442974,-0.1773882567563667,Fault_Interface,14,0.0,0.0,0.3,1.0086703755442974,-0.1773882567563667,,,,,,,,,,,,,,10.947320231857903,63.35299760041254,52.40567736855464,GENROU_4,6,GENROU_1,1,1.0,1.0,0.0,GENROU_1,1,GENROU_1,1,1.485450408809841,1.9941461130989357,GENROU_5,8,GENROU_2,2,1.0,1,1.0,2,1.0,3,1.0,6,1.0,8
221,1,0.627,0.003,0.03,NEXT_STEP,0,0.03584632230645051,0.01728699146415169,1.0086703755442974,-0.17738825660228297,Fault_Interface,14,0.0,0.0,0.3,1.0086703755442974,-0.17738825660228297,,,,,,,,,,,,,,10.947320231857903,63.35299760041254,52.40567736855464,GENROU_4,6,GENROU_1,1,1.0,1.0,0.0,GENROU_1,1,GENROU_1,1,1.4854504084813083,1.9941461097897362,GENROU_5,8,GENROU_2,2,1.0,1,1.0,2,1.0,3,1.0,6,1.0,8
222,1,0.63,0.003,0.03,NEXT_STEP,0,0.03584632230645051,0.01728699146415169,1.0086703757069757,-0.17738825660228297,Fault_Interface,14,0.0,0.0,0.3,1.0086703757069757,-0.17738825660228297,,,,,,,,,,,,,,10.947320231857903,63.35299760041254,52.40567736855464,GENROU_4,6,GENROU_1,1,1.0,1.0,0.0,GENROU_1,1,GENROU_1,1,1.4854504080825526,1.9941461065193755,GENROU_5,8,GENROU_2,2,1.0,1,1.0,2,1.0,3,1.0,6,1.0,8
223,1,0.633,0.003,0.03,NEXT_STEP,0,0.03584632230645051,0.01728699146415169,1.0086703757069757,-0.177388256479185,Fault_Interface,14,0.0,0.0,0.3,1.0086703757069757,-0.177388256479185,,,,,,,,,,,,,,10.947320231857903,63.35299760041254,52.40567736855464,GENROU_4,6,GENROU_1,1,1.0,1.0,0.0,GENROU_1,1,GENROU_1,1,1.4854504075251067,1.9941461033509102,GENROU_5,8,GENROU_2,2,1.0,1,1.0,2,1.0,3,1.0,6,1.0,8
224,1,0.636,0.003,0.03,NEXT_STEP,0,0.03584632230645051,0.01728699146415169,1.0086703759056275,-0.177388256479185,Fault_Interface,14,0.0,0.0,0.3,1.0086703759056275,-0.177388256479185,,,,,,,,,,,,,,10.947320231857903,63.35299760041254,52.40567736855464,GENROU_4,6,GENROU_1,1,1.0,1.0,0.0,GENROU_1,1,GENROU_1,1,1.4854504072095616,1.994146099913329,GENROU_5,8,GENROU_2,2,1.0,1,1.0,2,1.0,3,1.0,6,1.0,8
225,1,0.639,0.003,0.03,NEXT_STEP,0,0.03584632230645051,0.01728699146415169,1.0086703759056275,-0.177388256479185,Fault_Interface,14,0.0,0.0,0.3,1.0086703759056275,-0.177388256479185,,,,,,,,,,,,,,10.947320231857903,63.35299760041254,52.40567736855464,GENROU_4,6,GENROU_1,1,1.0,1.0,0.0,GENROU_1,1,GENROU_1,1,1.48545040681196,1.9941460962634956,GENROU_5,8,GENROU_2,2,1.0,1,1.0,2,1.0,3,1.0,6,1.0,8
226,1,0.642,0.003,0.03,NEXT_STEP,0,0.03584632230645051,0.01728699146415169,1.0086703760276157,-0.17738825633044844,Fault_Interface,14,0.0,0.0,0.3,1.0086703760276157,-0.17738825633044844,,,,,,,,,,,,,,10.947320231857903,63.35299760041254,52.40567736855464,GENROU_4,6,GENROU_1,1,1.0,1.0,0.0,GENROU_1,1,GENROU_1,1,1.4854504070072096,1.9941460927384194,GENROU_5,8,GENROU_2,2,1.0,1,1.0,2,1.0,3,1.0,6,1.0,8
227,1,0.645,0.003,0.03,NEXT_STEP,0,0.03584632230645051,0.01728699146415169,1.0086703760276157,-0.17738825633044844,Fault_Interface,14,0.0,0.0,0.3,1.0086703760276157,-0.17738825633044844,,,,,,,,,,,,,,10.947320231857903,63.35299760041254,52.40567736855464,GENROU_4,6,GENROU_1,1,1.0,1.0,0.0,GENROU_1,1,GENROU_1,1,1.4854504066165886,1.9941460896985685,GENROU_5,8,GENROU_2,2,1.0,1,1.0,2,1.0,3,1.0,6,1.0,8
228,1,0.648,0.003,0.03,NEXT_STEP,0,0.03584632230645051,0.01728699146415169,1.0086703762277953,-0.177388256213528,Fault_Interface,14,0.0,0.0,0.3,1.0086703762277953,-0.177388256213528,,,,,,,,,,,,,,10.947320231857903,63.35299760041254,52.40567736855464,GENROU_4,6,GENROU_1,1,1.0,1.0,0.0,GENROU_1,1,GENROU_1,1,1.4854504066165886,1.9941460867485765,GENROU_5,8,GENROU_2,2,1.0,1,1.0,2,1.0,3,1.0,6,1.0,8
229,1,0.651,0.003,0.03,NEXT_STEP,0,0.03584632230645051,0.01728699146415169,1.008670376335063,-0.177388256213528,Fault_Interface,14,0.0,0.0,0.3,1.008670376335063,-0.177388256213528,,,,,,,,,,,,,,10.947320231857903,63.35299760041254,52.40567736855464,GENROU_4,6,GENROU_1,1,1.0,1.0,0.0,GENROU_1,1,GENROU_1,1,1.4854504066165886,1.994146083556077,GENROU_5,8,GENROU_2,2,1.0,1,1.0,2,1.0,3,1.0,6,1.0,8
230,1,0.654,0.003,0.03,NEXT_STEP,0,0.03584632230645051,0.01728699146415169,1.008670376335063,-0.177388256213528,Fault_Interface,14,0.0,0.0,0.3,1.008670376335063,-0.177388256213528,,,,,,,,,,,,,,10.947320231857903,63.35299760041254,52.40567736855464,GENROU_4,6,GENROU_1,1,1.0,1.0,0.0,GENROU_1,1,GENROU_1,1,1.4854504060389033,1.9941460804023017,GENROU_5,8,GENROU_2,2,1.0,1,1.0,2,1.0,3,1.0,6,1.0,8
231,1,0.657,0.003,0.03,NEXT_STEP,0,0.03584632230645051,0.01728699146415169,1.0086703764421685,-0.1773882560847599,Fault_Interface,14,0.0,0.0,0.3,1.0086703764421685,-0.1773882560847599,,,,,,,,,,,,,,10.947320231857903,63.35299760041254,52.40567736855464,GENROU_4,6,GENROU_1,1,1.0,1.0,0.0,GENROU_1,1,GENROU_1,1,1.4854504056916433,1.9941460776729518,GENROU_5,8,GENROU_2,2,1.0,1,1.0,2,1.0,3,1.0,6,1.0,8
232,1,0.66,0.003,0.03,NEXT_STEP,0,0.03584632230645051,0.01728699146415169,1.0086703764421685,-0.1773882560847599,Fault_Interface,14,0.0,0.0,0.3,1.0086703764421685,-0.1773882560847599,,,,,,,,,,,,,,10.947320231857903,63.35299760041254,52.40567736855464,GENROU_4,6,GENROU_1,1,1.0,1.0,0.0,GENROU_1,1,GENROU_1,1,1.4854504052299802,1.9941460750116233,GENROU_5,8,GENROU_2,2,1.0,1,1.0,2,1.0,3,1.0,6,1.0,8
233,1,0.663,0.003,0.03,NEXT_STEP,0,0.03584632230645051,0.01728699146415169,1.0086703766277811,-0.17738825596801508,Fault_Interface,14,0.0,0.0,0.3,1.0086703766277811,-0.17738825596801508,,,,,,,,,,,,,,10.947320231857903,63.35299760041254,52.40567736855464,GENROU_4,6,GENROU_1,1,1.0,1.0,0.0,GENROU_1,1,GENROU_1,1,1.4854504048072015,1.9941460723545743,GENROU_5,8,GENROU_2,2,1.0,1,1.0,2,1.0,3,1.0,6,1.0,8
234,1,0.666,0.003,0.03,NEXT_STEP,0,0.03584632230645051,0.01728699146415169,1.0086703766277811,-0.17738825596801508,Fault_Interface,14,0.0,0.0,0.3,1.0086703766277811,-0.17738825596801508,,,,,,,,,,,,,,10.947320231857903,63.35299760041254,52.40567736855464,GENROU_4,6,GENROU_1,1,1.0,1.0,0.0,GENROU_1,1,GENROU_1,1,1.485450404625275,1.9941460697131221,GENROU_5,8,GENROU_2,2,1.0,1,1.0,2,1.0,3,1.0,6,1.0,8
235,1,0.669,0.003,0.03,NEXT_STEP,0,0.03584632230645051,0.01728699146415169,1.008670376794855,-0.1773882558511844,Fault_Interface,14,0.0,0.0,0.3,1.008670376794855,-0.1773882558511844,,,,,,,,,,,,,,10.947320231857903,63.35299760041254,52.40567736855464,GENROU_4,6,GENROU_1,1,1.0,1.0,0.0,GENROU_1,1,GENROU_1,1,1.485450404625275,1.9941460667228832,GENROU_5,8,GENROU_2,2,1.0,1,1.0,2,1.0,3,1.0,6,1.0,8
236,1,0.672,0.003,0.03,NEXT_STEP,0,0.03584632230645051,0.01728699146415169,1.008670376794855,-0.1773882558511844,Fault_Interface,14,0.0,0.0,0.3,1.008670376794855,-0.1773882558511844,,,,,,,,,,,,,,10.947320231857903,63.35299760041254,52.40567736855464,GENROU_4,6,GENROU_1,1,1.0,1.0,0.0,GENROU_1,1,GENROU_1,1,1.4854504048593944,1.9941460634501218,GENROU_5,8,GENROU_2,2,1.0,1,1.0,2,1.0,3,1.0,6,1.0,8
237,1,0.675,0.003,0.03,NEXT_STEP,0,0.03584632230645051,0.01728699146415169,1.0086703769409868,-0.1773882558511844,Fault_Interface,14,0.0,0.0,0.3,1.0086703769409868,-0.1773882558511844,,,,,,,,,,,,,,10.947320231857903,63.35299760041254,52.40567736855464,GENROU_4,6,GENROU_1,1,1.0,1.0,0.0,GENROU_1,1,GENROU_1,1,1.4854504048593944,1.99414606023844,GENROU_5,8,GENROU_2,2,1.0,1,1.0,2,1.0,3,1.0,6,1.0,8
238,1,0.678,0.003,0.03,NEXT_STEP,0,0.03584632230645051,0.01728699146415169,1.0086703769409868,-0.17738825570114125,Fault_Interface,14,0.0,0.0,0.3,1.0086703769409868,-0.17738825570114125,,,,,,,,,,,,,,10.947320231857903,63.35299760041254,52.40567736855464,GENROU_4,6,GENROU_1,1,1.0,1.0,0.0,GENROU_1,1,GENROU_1,1,1.4854504047092103,1.9941460574857361,GENROU_5,8,GENROU_2,2,1.0,1,1.0,2,1.0,3,1.0,6,1.0,8
239,1,0.681,0.003,0.03,NEXT_STEP,0,0.03584632230645051,0.01728699146415169,1.0086703771222945,-0.17738825570114125,Fault_Interface,14,0.0,0.0,0.3,1.0086703771222945,-0.17738825570114125,,,,,,,,,,,,,,10.947320231857903,63.35299760041254,52.40567736855464,GENROU_4,6,GENROU_1,1,1.0,1.0,0.0,GENROU_1,1,GENROU_1,1,1.4854504043291432,1.9941460551035806,GENROU_5,8,GENROU_2,2,1.0,1,1.0,2,1.0,3,1.0,6,1.0,8
240,1,0.684,0.003,0.03,NEXT_STEP,0,0.03584632230645051,0.01728699146415169,1.0086703771222945,-0.17738825570114125,Fault_Interface,14,0.0,0.0,0.3,1.0086703771222945,-0.17738825570114125,,,,,,,,,,,,,,10.947320231857903,63.35299760041254,52.40567736855464,GENROU_4,6,GENROU_1,1,1.0,1.0,0.0,GENROU_1,1,GENROU_1,1,1.485450403762909,1.9941460527073713,GENROU_5,8,GENROU_2,2,1.0,1,1.0,2,1.0,3,1.0,6,1.0,8
241,1,0.687,0.003,0.03,NEXT_STEP,0,0.03584632230645051,0.01728699146415169,1.0086703772294303,-0.17738825558511048,Fault_Interface,14,0.0,0.0,0.3,1.0086703772294303,-0.17738825558511048,,,,,,,,,,,,,,10.947320231857903,63.35299760041254,52.40567736855464,GENROU_4,6,GENROU_1,1,1.0,1.0,0.0,GENROU_1,1,GENROU_1,1,1.4854504034093075,1.9941460499293753,GENROU_5,8,GENROU_2,2,1.0,1,1.0,2,1.0,3,1.0,6,1.0,8
242,1,0.6900000000000001,0.003,0.03,NEXT_STEP,0,0.03584632230645051,0.01728699146415169,1.0086703773360908,-0.17738825558511048,Fault_Interface,14,0.0,0.0,0.3,1.0086703773360908,-0.17738825558511048,,,,,,,,,,,,,,10.947320231857903,63.35299760041254,52.40567736855464,GENROU_4,6,GENROU_1,1,1.0,1.0,0.0,GENROU_1,1,GENROU_1,1,1.4854504029765876,1.9941460471196413,GENROU_5,8,GENROU_2,2,1.0,1,1.0,2,1.0,3,1.0,6,1.0,8
243,1,0.6930000000000001,0.003,0.03,NEXT_STEP,0,0.03584632230645051,0.01728699146415169,1.008670377449764,-0.17738825546559056,Fault_Interface,14,0.0,0.0,0.3,1.008670377449764,-0.17738825546559056,,,,,,,,,,,,,,10.947320231857903,63.35299760041254,52.40567736855464,GENROU_4,6,GENROU_1,1,1.0,1.0,0.0,GENROU_1,1,GENROU_1,1,1.4854504027062545,1.9941460443538281,GENROU_5,8,GENROU_2,2,1.0,1,1.0,2,1.0,3,1.0,6,1.0,8
244,1,0.6960000000000001,0.003,0.03,NEXT_STEP,0,0.03584632230645051,0.01728699146415169,1.008670377449764,-0.17738825546559056,Fault_Interface,14,0.0,0.0,0.3,1.008670377449764,-0.17738825546559056,,,,,,,,,,,,,,10.947320231857903,63.35299760041254,52.40567736855464,GENROU_4,6,GENROU_1,1,1.0,1.0,0.0,GENROU_1,1,GENROU_1,1,1.4854504023733852,1.9941460415986125,GENROU_5,8,GENROU_2,2,1.0,1,1.0,2,1.0,3,1.0,6,1.0,8
245,1,0.6990000000000001,0.003,0.03,NEXT_STEP,0,0.03584632230645051,0.01728699146415169,1.008670377449764,-0.17738825546559056,Fault_Interface,14,0.0,0.0,0.3,1.008670377449764,-0.17738825546559056,,,,,,,,,,,,,,10.947320231857903,63.35299760041254,52.40567736855464,GENROU_4,6,GENROU_1,1,1.0,1.0,0.0,GENROU_1,1,GENROU_1,1,1.4854504025529807,1.994146038869877,GENROU_5,8,GENROU_2,2,1.0,1,1.0,2,1.0,3,1.0,6,1.0,8
246,1,0.7020000000000001,0.003,0.03,NEXT_STEP,0,0.03584632230645051,0.01728699146415169,1.008670377603393,-0.177388255335353,Fault_Interface,14,0.0,0.0,0.3,1.008670377603393,-0.177388255335353,,,,,,,,,,,,,,10.947320231857903,63.35299760041254,52.40567736855464,GENROU_4,6,GENROU_1,1,1.0,1.0,0.0,GENROU_1,1,GENROU_1,1,1.4854504025529807,1.9941460358028242,GENROU_5,8,GENROU_2,2,1.0,1,1.0,2,1.0,3,1.0,6,1.0,8
247,1,0.7050000000000001,0.003,0.03,NEXT_STEP,0,0.03584632230645051,0.01728699146415169,1.0086703777086143,-0.177388255335353,Fault_Interface,14,0.0,0.0,0.3,1.0086703777086143,-0.177388255335353,,,,,,,,,,,,,,10.947320231857903,63.35299760041254,52.40567736855464,GENROU_4,6,GENROU_1,1,1.0,1.0,0.0,GENROU_1,1,GENROU_1,1,1.4854504025529807,1.9941460324873028,GENROU_5,8,GENROU_2,2,1.0,1,1.0,2,1.0,3,1.0,6,1.0,8
248,1,0.7080000000000001,0.003,0.03,NEXT_STEP,0,0.03584632230645051,0.01728699146415169,1.0086703777086143,-0.177388255335353,Fault_Interface,14,0.0,0.0,0.3,1.0086703777086143,-0.177388255335353,,,,,,,,,,,,,,10.947320231857903,63.35299760041254,52.40567736855464,GENROU_4,6,GENROU_1,1,1.0,1.0,0.0,GENROU_1,1,GENROU_1,1,1.4854504025529807,1.9941460292468713,GENROU_5,8,GENROU_2,2,1.0,1,1.0,2,1.0,3,1.0,6,1.0,8
249,1,0.7110000000000001,0.003,0.03,NEXT_STEP,0,0.03584632230645051,0.01728699146415169,1.008670377824089,-0.17738825522062085,Fault_Interface,14,0.0,0.0,0.3,1.008670377824089,-0.17738825522062085,,,,,,,,,,,,,,10.947320231857903,63.35299760041254,52.40567736855464,GENROU_4,6,GENROU_1,1,1.0,1.0,0.0,GENROU_1,1,GENROU_1,1,1.4854504020451957,1.9941460264472877,GENROU_5,8,GENROU_2,2,1.0,1,1.0,2,1.0,3,1.0,6,1.0,8
250,1,0.7140000000000001,0.003,0.03,NEXT_STEP,0,0.03584632230645051,0.01728699146415169,1.008670377824089,-0.17738825522062085,Fault_Interface,14,0.0,0.0,0.3,1.008670377824089,-0.17738825522062085,,,,,,,,,,,,,,10.947320231857903,63.35299760041254,52.40567736855464,GENROU_4,6,GENROU_1,1,1.0,1.0,0.0,GENROU_1,1,GENROU_1,1,1.4854504016054404,1.994146024053755,GENROU_5,8,GENROU_2,2,1.0,1,1.0,2,1.0,3,1.0,6,1.0,8
251,1,0.7170000000000001,0.003,0.03,NEXT_STEP,0,0.03584632230645051,0.01728699146415169,1.0086703779941926,-0.17738825509030065,Fault_Interface,14,0.0,0.0,0.3,1.0086703779941926,-0.17738825509030065,,,,,,,,,,,,,,10.947320231857903,63.35299760041254,52.40567736855464,GENROU_4,6,GENROU_1,1,1.0,1.0,0.0,GENROU_1,1,GENROU_1,1,1.4854504011178657,1.9941460220270295,GENROU_5,8,GENROU_2,2,1.0,1,1.0,2,1.0,3,1.0,6,1.0,8
252,1,0.7200000000000001,0.003,0.03,NEXT_STEP,0,0.03584632230645051,0.01728699146415169,1.0086703779941926,-0.17738825509030065,Fault_Interface,14,0.0,0.0,0.3,1.0086703779941926,-0.17738825509030065,,,,,,,,,,,,,,10.947320231857903,63.35299760041254,52.40567736855464,GENROU_4,6,GENROU_1,1,1.0,1.0,0.0,GENROU_1,1,GENROU_1,1,1.485450400924733,1.9941460202516779,GENROU_5,8,GENROU_2,2,1.0,1,1.0,2,1.0,3,1.0,6,1.0,8
253,1,0.7230000000000001,0.003,0.03,NEXT_STEP,0,0.03584632230645051,0.01728699146415169,1.0086703781380275,-0.17738825509030065,Fault_Interface,14,0.0,0.0,0.3,1.0086703781380275,-0.17738825509030065,,,,,,,,,,,,,,10.947320231857903,63.35299760041254,52.40567736855464,GENROU_4,6,GENROU_1,1,1.0,1.0,0.0,GENROU_1,1,GENROU_1,1,1.485450400924733,1.994146018352751,GENROU_5,8,GENROU_2,2,1.0,1,1.0,2,1.0,3,1.0,6,1.0,8
254,1,0.7260000000000001,0.003,0.03,NEXT_STEP,0,0.03584632230645051,0.01728699146415169,1.0086703781380275,-0.17738825497657823,Fault_Interface,14,0.0,0.0,0.3,1.0086703781380275,-0.17738825497657823,,,,,,,,,,,,,,10.947320231857903,63.35299760041254,52.40567736855464,GENROU_4,6,GENROU_1,1,1.0,1.0,0.0,GENROU_1,1,GENROU_1,1,1.485450400924733,1.9941460159630975,GENROU_5,8,GENROU_2,2,1.0,1,1.0,2,1.0,3,1.0,6,1.0,8
255,1,0.7290000000000001,0.003,0.03,NEXT_STEP,0,0.03584632230645051,0.01728699146415169,1.0086703782647282,-0.17738825497657823,Fault_Interface,14,0.0,0.0,0.3,1.0086703782647282,-0.17738825497657823,,,,,,,,,,,,,,10.947320231857903,63.35299760041254,52.40567736855464,GENROU_4,6,GENROU_1,1,1.0,1.0,0.0,GENROU_1,1,GENROU_1,1,1.4854504005900284,1.9941460131571558,GENROU_5,8,GENROU_2,2,1.0,1,1.0,2,1.0,3,1.0,6,1.0,8
256,1,0.7320000000000001,0.003,0.03,NEXT_STEP,0,0.03584632230645051,0.01728699146415169,1.0086703782647282,-0.17738825497657823,Fault_Interface,14,0.0,0.0,0.3,1.0086703782647282,-0.17738825497657823,,,,,,,,,,,,,,10.947320231857903,63.35299760041254,52.40567736855464,GENROU_4,6,GENROU_1,1,1.0,1.0,0.0,GENROU_1,1,GENROU_1,1,1.4854504003635494,1.9941460103702293,GENROU_5,8,GENROU_2,2,1.0,1,1.0,2,1.0,3,1.0,6,1.0,8
257,1,0.7350000000000001,0.003,0.03,NEXT_STEP,0,0.03584632230645051,0.01728699146415169,1.0086703784163185,-0.17738825486148363,Fault_Interface,14,0.0,0.0,0.3,1.0086703784163185,-0.17738825486148363,,,,,,,,,,,,,,10.947320231857903,63.35299760041254,52.40567736855464,GENROU_4,6,GENROU_1,1,1.0,1.0,0.0,GENROU_1,1,GENROU_1,1,1.4854504001658826,1.9941460079545603,GENROU_5,8,GENROU_2,2,1.0,1,1.0,2,1.0,3,1.0,6,1.0,8
258,1,0.7380000000000001,0.003,0.03,NEXT_STEP,0,0.03584632230645051,0.01728699146415169,1.0086703784163185,-0.17738825486148363,Fault_Interface,14,0.0,0.0,0.3,1.0086703784163185,-0.17738825486148363,,,,,,,,,,,,,,10.947320231857903,63.35299760041254,52.40567736855464,GENROU_4,6,GENROU_1,1,1.0,1.0,0.0,GENROU_1,1,GENROU_1,1,1.4854503996757118,1.9941460058570528,GENROU_5,8,GENROU_2,2,1.0,1,1.0,2,1.0,3,1.0,6,1.0,8
259,1,0.741,0.003,0.03,NEXT_STEP,0,0.03584632230645051,0.01728699146415169,1.0086703785568074,-0.17738825474294043,Fault_Interface,14,0.0,0.0,0.3,1.0086703785568074,-0.17738825474294043,,,,,,,,,,,,,,10.947320231857903,63.35299760041254,52.40567736855464,GENROU_4,6,GENROU_1,1,1.0,1.0,0.0,GENROU_1,1,GENROU_1,1,1.4854503994348622,1.9941460037000147,GENROU_5,8,GENROU_2,2,1.0,1,1.0,2,1.0,3,1.0,6,1.0,8
260,1,0.744,0.003,0.03,NEXT_STEP,0,0.03584632230645051,0.01728699146415169,1.0086703785568074,-0.17738825474294043,Fault_Interface,14,0.0,0.0,0.3,1.0086703785568074,-0.17738825474294043,,,,,,,,,,,,,,10.947320231857903,63.35299760041254,52.40567736855464,GENROU_4,6,GENROU_1,1,1.0,1.0,0.0,GENROU_1,1,GENROU_1,1,1.4854503990128363,1.9941460010839036,GENROU_5,8,GENROU_2,2,1.0,1,1.0,2,1.0,3,1.0,6,1.0,8
261,1,0.747,0.003,0.03,NEXT_STEP,0,0.03584632230645051,0.01728699146415169,1.0086703786720568,-0.17738825474294043,Fault_Interface,14,0.0,0.0,0.3,1.0086703786720568,-0.17738825474294043,,,,,,,,,,,,,,10.947320231857903,63.35299760041254,52.40567736855464,GENROU_4,6,GENROU_1,1,1.0,1.0,0.0,GENROU_1,1,GENROU_1,1,1.48545039875546,1.994145998113011,GENROU_5,8,GENROU_2,2,1.0,1,1.0,2,1.0,3,1.0,6,1.0,8
262,1,0.75,0.003,0.03,NEXT_STEP,0,0.03584632230645051,0.01728699146415169,1.0086703786720568,-0.17738825463842361,Fault_Interface,14,0.0,0.0,0.3,1.0086703786720568,-0.17738825463842361,,,,,,,,,,,,,,10.947320231857903,63.35299760041254,52.40567736855464,GENROU_4,6,GENROU_1,1,1.0,1.0,0.0,GENROU_1,1,GENROU_1,1,1.4854503984392697,1.9941459951377694,GENROU_5,8,GENROU_2,2,1.0,1,1.0,2,1.0,3,1.0,6,1.0,8
263,1,0.753,0.003,0.03,NEXT_STEP,0,0.03584632230645051,0.01728699146415169,1.0086703788285332,-0.17738825463842361,Fault_Interface,14,0.0,0.0,0.3,1.0086703788285332,-0.17738825463842361,,,,,,,,,,,,,,10.947320231857903,63.35299760041254,52.40567736855464,GENROU_4,6,GENROU_1,1,1.0,1.0,0.0,GENROU_1,1,GENROU_1,1,1.4854503984392697,1.9941459925600815,GENROU_5,8,GENROU_2,2,1.0,1,1.0,2,1.0,3,1.0,6,1.0,8
264,1,0.756,0.003,0.03,NEXT_STEP,0,0.03584632230645051,0.01728699146415169,1.0086703788285332,-0.17738825463842361,Fault_Interface,14,0.0,0.0,0.3,1.0086703788285332,-0.17738825463842361,,,,,,,,,,,,,,10.947320231857903,63.35299760041254,52.40567736855464,GENROU_4,6,GENROU_1,1,1.0,1.0,0.0,GENROU_1,1,GENROU_1,1,1.4854503986243643,1.9941459900267455,GENROU_5,8,GENROU_2,2,1.0,1,1.0,2,1.0,3,1.0,6,1.0,8
265,1,0.759,0.003,0.03,NEXT_STEP,0,0.03584632230645051,0.01728699146415169,1.008670378960203,-0.1773882544897912,Fault_Interface,14,0.0,0.0,0.3,1.008670378960203,-0.1773882544897912,,,,,,,,,,,,,,10.947320231857903,63.35299760041254,52.40567736855464,GENROU_4,6,GENROU_1,1,1.0,1.0,0.0,GENROU_1,1,GENROU_1,1,1.4854503986243643,1.994145987502054,GENROU_5,8,GENROU_2,2,1.0,1,1.0,2,1.0,3,1.0,6,1.0,8
266,1,0.762,0.003,0.03,NEXT_STEP,0,0.03584632230645051,0.01728699146415169,1.008670378960203,-0.1773882544897912,Fault_Interface,14,0.0,0.0,0.3,1.008670378960203,-0.1773882544897912,,,,,,,,,,,,,,10.947320231857903,63.35299760041254,52.40567736855464,GENROU_4,6,GENROU_1,1,1.0,1.0,0.0,GENROU_1,1,GENROU_1,1,1.4854503986243643,1.9941459853123702,GENROU_5,8,GENROU_2,2,1.0,1,1.0,2,1.0,3,1.0,6,1.0,8
267,1,0.765,0.003,0.03,NEXT_STEP,0,0.03584632230645051,0.01728699146415169,1.008670378960203,-0.1773882544897912,Fault_Interface,14,0.0,0.0,0.3,1.008670378960203,-0.1773882544897912,,,,,,,,,,,,,,10.947320231857903,63.35299760041254,52.40567736855464,GENROU_4,6,GENROU_1,1,1.0,1.0,0.0,GENROU_1,1,GENROU_1,1,1.4854503986243643,1.9941459831022252,GENROU_5,8,GENROU_2,2,1.0,1,1.0,2,1.0,3,1.0,6,1.0,8
268,1,0.768,0.003,0.03,NEXT_STEP,0,0.03584632230645051,0.01728699146415169,1.008670379129474,-0.1773882544897912,Fault_Interface,14,0.0,0.0,0.3,1.008670379129474,-0.1773882544897912,,,,,,,,,,,,,,10.947320231857903,63.35299760041254,52.40567736855464,GENROU_4,6,GENROU_1,1,1.0,1.0,0.0,GENROU_1,1,GENROU_1,1,1.4854503984246197,1.9941459805006154,GENROU_5,8,GENROU_2,2,1.0,1,1.0,2,1.0,3,1.0,6,1.0,8
269,1,0.771,0.003,0.03,NEXT_STEP,0,0.03584632230645051,0.01728699146415169,1.008670379129474,-0.1773882543489855,Fault_Interface,14,0.0,0.0,0.3,1.008670379129474,-0.1773882543489855,,,,,,,,,,,,,,10.947320231857903,63.35299760041254,52.40567736855464,GENROU_4,6,GENROU_1,1,1.0,1.0,0.0,GENROU_1,1,GENROU_1,1,1.4854503979968225,1.9941459779160498,GENROU_5,8,GENROU_2,2,1.0,1,1.0,2,1.0,3,1.0,6,1.0,8
270,1,0.774,0.003,0.03,NEXT_STEP,0,0.03584632230645051,0.01728699146415169,1.0086703792797198,-0.1773882543489855,Fault_Interface,14,0.0,0.0,0.3,1.0086703792797198,-0.1773882543489855,,,,,,,,,,,,,,10.947320231857903,63.35299760041254,52.40567736855464,GENROU_4,6,GENROU_1,1,1.0,1.0,0.0,GENROU_1,1,GENROU_1,1,1.4854503974530489,1.994145975643613,GENROU_5,8,GENROU_2,2,1.0,1,1.0,2,1.0,3,1.0,6,1.0,8
271,1,0.777,0.003,0.03,NEXT_STEP,0,0.03584632230645051,0.01728699146415169,1.0086703792797198,-0.1773882543489855,Fault_Interface,14,0.0,0.0,0.3,1.0086703792797198,-0.1773882543489855,,,,,,,,,,,,,,10.947320231857903,63.35299760041254,52.40567736855464,GENROU_4,6,GENROU_1,1,1.0,1.0,0.0,GENROU_1,1,GENROU_1,1,1.4854503971285822,1.9941459733564544,GENROU_5,8,GENROU_2,2,1.0,1,1.0,2,1.0,3,1.0,6,1.0,8
272,1,0.78,0.003,0.03,NEXT_STEP,0,0.03584632230645051,0.01728699146415169,1.0086703794098206,-0.1773882542458446,Fault_Interface,14,0.0,0.0,0.3,1.0086703794098206,-0.1773882542458446,,,,,,,,,,,,,,10.947320231857903,63.35299760041254,52.40567736855464,GENROU_4,6,GENROU_1,1,1.0,1.0,0.0,GENROU_1,1,GENROU_1,1,1.4854503967600734,1.9941459707078644,GENROU_5,8,GENROU_2,2,1.0,1,1.0,2,1.0,3,1.0,6,1.0,8
273,1,0.783,0.003,0.03,NEXT_STEP,0,0.03584632230645051,0.01728699146415169,1.0086703794098206,-0.1773882542458446,Fault_Interface,14,0.0,0.0,0.3,1.0086703794098206,-0.1773882542458446,,,,,,,,,,,,,,10.947320231857903,63.35299760041254,52.40567736855464,GENROU_4,6,GENROU_1,1,1.0,1.0,0.0,GENROU_1,1,GENROU_1,1,1.4854503967600734,1.9941459680518008,GENROU_5,8,GENROU_2,2,1.0,1,1.0,2,1.0,3,1.0,6,1.0,8
274,1,0.786,0.003,0.03,NEXT_STEP,0,0.03584632230645051,0.01728699146415169,1.0086703795356688,-0.1773882542458446,Fault_Interface,14,0.0,0.0,0.3,1.0086703795356688,-0.1773882542458446,,,,,,,,,,,,,,10.947320231857903,63.35299760041254,52.40567736855464,GENROU_4,6,GENROU_1,1,1.0,1.0,0.0,GENROU_1,1,GENROU_1,1,1.485450396923663,1.9941459657483864,GENROU_5,8,GENROU_2,2,1.0,1,1.0,2,1.0,3,1.0,6,1.0,8
275,1,0.789,0.003,0.03,NEXT_STEP,0,0.03584632230645051,0.01728699146415169,1.0086703795356688,-0.17738825411804848,Fault_Interface,14,0.0,0.0,0.3,1.0086703795356688,-0.17738825411804848,,,,,,,,,,,,,,10.947320231857903,63.35299760041254,52.40567736855464,GENROU_4,6,GENROU_1,1,1.0,1.0,0.0,GENROU_1,1,GENROU_1,1,1.485450396923663,1.9941459637726633,GENROU_5,8,GENROU_2,2,1.0,1,1.0,2,1.0,3,1.0,6,1.0,8
276,1,0.792,0.003,0.03,NEXT_STEP,0,0.03584632230645051,0.01728699146415169,1.0086703795356688,-0.17738825411804848,Fault_Interface,14,0.0,0.0,0.3,1.0086703795356688,-0.17738825411804848,,,,,,,,,,,,,,10.947320231857903,63.35299760041254,52.40567736855464,GENROU_4,6,GENROU_1,1,1.0,1.0,0.0,GENROU_1,1,GENROU_1,1,1.485450396923663,1.994145961725328,GENROU_5,8,GENROU_2,2,1.0,1,1.0,2,1.0,3,1.0,6,1.0,8
277,1,0.795,0.003,0.03,NEXT_STEP,0,0.03584632230645051,0.01728699146415169,1.0086703796853398,-0.17738825411804848,Fault_Interface,14,0.0,0.0,0.3,1.0086703796853398,-0.17738825411804848,,,,,,,,,,,,,,10.947320231857903,63.35299760041254,52.40567736855464,GENROU_4,6,GENROU_1,1,1.0,1.0,0.0,GENROU_1,1,GENROU_1,1,1.485450396670126,1.994145959292279,GENROU_5,8,GENROU_2,2,1.0,1,1.0,2,1.0,3,1.0,6,1.0,8
278,1,0.798,0.003,0.03,NEXT_STEP,0,0.03584632230645051,0.01728699146415169,1.0086703796853398,-0.17738825400805924,Fault_Interface,14,0.0,0.0,0.3,1.0086703796853398,-0.17738825400805924,,,,,,,,,,,,,,10.947320231857903,63.35299760041254,52.40567736855464,GENROU_4,6,GENROU_1,1,1.0,1.0,0.0,GENROU_1,1,GENROU_1,1,1.485450396670126,1.9941459568000064,GENROU_5,8,GENROU_2,2,1.0,1,1.0,2,1.0,3,1.0,6,1.0,8
279,1,0.801,0.003,0.03,NEXT_STEP,0,0.03584632230645051,0.01728699146415169,1.008670379800193,-0.17738825400805924,Fault_Interface,14,0.0,0.0,0.3,1.008670379800193,-0.17738825400805924,,,,,,,,,,,,,,10.947320231857903,63.35299760041254,52.40567736855464,GENROU_4,6,GENROU_1,1,1.0,1.0,0.0,GENROU_1,1,GENROU_1,1,1.48545039636129,1.9941459546316367,GENROU_5,8,GENROU_2,2,1.0,1,1.0,2,1.0,3,1.0,6,1.0,8
280,1,0.804,0.003,0.03,NEXT_STEP,0,0.03584632230645051,0.01728699146415169,1.008670379800193,-0.17738825400805924,Fault_Interface,14,0.0,0.0,0.3,1.008670379800193,-0.17738825400805924,,,,,,,,,,,,,,10.947320231857903,63.35299760041254,52.40567736855464,GENROU_4,6,GENROU_1,1,1.0,1.0,0.0,GENROU_1,1,GENROU_1,1,1.4854503957844556,1.9941459527700218,GENROU_5,8,GENROU_2,2,1.0,1,1.0,2,1.0,3,1.0,6,1.0,8
281,1,0.807,0.003,0.03,NEXT_STEP,0,0.03584632230645051,0.01728699146415169,1.008670379906276,-0.17738825388878843,Fault_Interface,14,0.0,0.0,0.3,1.008670379906276,-0.17738825388878843,,,,,,,,,,,,,,10.947320231857903,63.35299760041254,52.40567736855464,GENROU_4,6,GENROU_1,1,1.0,1.0,0.0,GENROU_1,1,GENROU_1,1,1.4854503952904319,1.9941459508428017,GENROU_5,8,GENROU_2,2,1.0,1,1.0,2,1.0,3,1.0,6,1.0,8
282,1,0.81,0.003,0.03,NEXT_STEP,0,0.03584632230645051,0.01728699146415169,1.008670379906276,-0.17738825388878843,Fault_Interface,14,0.0,0.0,0.3,1.008670379906276,-0.17738825388878843,,,,,,,,,,,,,,10.947320231857903,63.35299760041254,52.40567736855464,GENROU_4,6,GENROU_1,1,1.0,1.0,0.0,GENROU_1,1,GENROU_1,1,1.4854503950912838,1.9941459488320474,GENROU_5,8,GENROU_2,2,1.0,1,1.0,2,1.0,3,1.0,6,1.0,8
283,1,0.8130000000000001,0.003,0.03,NEXT_STEP,0,0.03584632230645051,0.01728699146415169,1.0086703800512227,-0.17738825388878843,Fault_Interface,14,0.0,0.0,0.3,1.0086703800512227,-0.17738825388878843,,,,,,,,,,,,,,10.947320231857903,63.35299760041254,52.40567736855464,GENROU_4,6,GENROU_1,1,1.0,1.0,0.0,GENROU_1,1,GENROU_1,1,1.4854503950912838,1.9941459470980614,GENROU_5,8,GENROU_2,2,1.0,1,1.0,2,1.0,3,1.0,6,1.0,8
284,1,0.8160000000000001,0.003,0.03,NEXT_STEP,0,0.03584632230645051,0.01728699146415169,1.0086703800512227,-0.1773882537850379,Fault_Interface,14,0.0,0.0,0.3,1.0086703800512227,-0.1773882537850379,,,,,,,,,,,,,,10.947320231857903,63.35299760041254,52.40567736855464,GENROU_4,6,GENROU_1,1,1.0,1.0,0.0,GENROU_1,1,GENROU_1,1,1.4854503950912838,1.9941459456039863,GENROU_5,8,GENROU_2,2,1.0,1,1.0,2,1.0,3,1.0,6,1.0,8
285,1,0.8190000000000001,0.003,0.03,NEXT_STEP,0,0.03584632230645051,0.01728699146415169,1.0086703801948245,-0.1773882537850379,Fault_Interface,14,0.0,0.0,0.3,1.0086703801948245,-0.1773882537850379,,,,,,,,,,,,,,10.947320231857903,63.35299760041254,52.40567736855464,GENROU_4,6,GENROU_1,1,1.0,1.0,0.0,GENROU_1,1,GENROU_1,1,1.4854503948755908,1.994145943978516,GENROU_5,8,GENROU_2,2,1.0,1,1.0,2,1.0,3,1.0,6,1.0,8
286,1,0.8220000000000001,0.003,0.03,NEXT_STEP,0,0.03584632230645051,0.01728699146415169,1.0086703801948245,-0.1773882537850379,Fault_Interface,14,0.0,0.0,0.3,1.0086703801948245,-0.1773882537850379,,,,,,,,,,,,,,10.947320231857903,63.35299760041254,52.40567736855464,GENROU_4,6,GENROU_1,1,1.0,1.0,0.0,GENROU_1,1,GENROU_1,1,1.4854503948755908,1.9941459418556335,GENROU_5,8,GENROU_2,2,1.0,1,1.0,2,1.0,3,1.0,6,1.0,8
287,1,0.8250000000000001,0.003,0.03,NEXT_STEP,0,0.03584632230645051,0.01728699146415169,1.0086703801948245,-0.1773882537850379,Fault_Interface,14,0.0,0.0,0.3,1.0086703801948245,-0.1773882537850379,,,,,,,,,,,,,,10.947320231857903,63.35299760041254,52.40567736855464,GENROU_4,6,GENROU_1,1,1.0,1.0,0.0,GENROU_1,1,GENROU_1,1,1.4854503948755908,1.9941459393158958,GENROU_5,8,GENROU_2,2,1.0,1,1.0,2,1.0,3,1.0,6,1.0,8
288,1,0.8280000000000001,0.003,0.03,NEXT_STEP,0,0.03584632230645051,0.01728699146415169,1.008670380345974,-0.17738825365209884,Fault_Interface,14,0.0,0.0,0.3,1.008670380345974,-0.17738825365209884,,,,,,,,,,,,,,10.947320231857903,63.35299760041254,52.40567736855464,GENROU_4,6,GENROU_1,1,1.0,1.0,0.0,GENROU_1,1,GENROU_1,1,1.48545039459987,1.9941459367406544,GENROU_5,8,GENROU_2,2,1.0,1,1.0,2,1.0,3,1.0,6,1.0,8
289,1,0.8310000000000001,0.003,0.03,NEXT_STEP,0,0.03584632230645051,0.01728699146415169,1.008670380345974,-0.17738825365209884,Fault_Interface,14,0.0,0.0,0.3,1.008670380345974,-0.17738825365209884,,,,,,,,,,,,,,10.947320231857903,63.35299760041254,52.40567736855464,GENROU_4,6,GENROU_1,1,1.0,1.0,0.0,GENROU_1,1,GENROU_1,1,1.48545039459987,1.9941459345259211,GENROU_5,8,GENROU_2,2,1.0,1,1.0,2,1.0,3,1.0,6,1.0,8
290,1,0.8340000000000001,0.003,0.03,NEXT_STEP,0,0.03584632230645051,0.01728699146415169,1.008670380345974,-0.17738825365209884,Fault_Interface,14,0.0,0.0,0.3,1.008670380345974,-0.17738825365209884,,,,,,,,,,,,,,10.947320231857903,63.35299760041254,52.40567736855464,GENROU_4,6,GENROU_1,1,1.0,1.0,0.0,GENROU_1,1,GENROU_1,1,1.4854503943570274,1.9941459326255555,GENROU_5,8,GENROU_2,2,1.0,1,1.0,2,1.0,3,1.0,6,1.0,8
291,1,0.8370000000000001,0.003,0.03,NEXT_STEP,0,0.03584632230645051,0.01728699146415169,1.0086703804849515,-0.17738825354975457,Fault_Interface,14,0.0,0.0,0.3,1.0086703804849515,-0.17738825354975457,,,,,,,,,,,,,,10.947320231857903,63.35299760041254,52.40567736855464,GENROU_4,6,GENROU_1,1,1.0,1.0,0.0,GENROU_1,1,GENROU_1,1,1.4854503941330428,1.9941459309923202,GENROU_5,8,GENROU_2,2,1.0,1,1.0,2,1.0,3,1.0,6,1.0,8
292,1,0.8400000000000001,0.003,0.03,NEXT_STEP,0,0.03584632230645051,0.01728699146415169,1.0086703804849515,-0.17738825354975457,Fault_Interface,14,0.0,0.0,0.3,1.0086703804849515,-0.17738825354975457,,,,,,,,,,,,,,10.947320231857903,63.35299760041254,52.40567736855464,GENROU_4,6,GENROU_1,1,1.0,1.0,0.0,GENROU_1,1,GENROU_1,1,1.4854503936245795,1.9941459292253236,GENROU_5,8,GENROU_2,2,1.0,1,1.0,2,1.0,3,1.0,6,1.0,8
293,1,0.8430000000000001,0.003,0.03,NEXT_STEP,0,0.03584632230645051,0.01728699146415169,1.0086703804849515,-0.17738825354975457,Fault_Interface,14,0.0,0.0,0.3,1.0086703804849515,-0.17738825354975457,,,,,,,,,,,,,,10.947320231857903,63.35299760041254,52.40567736855464,GENROU_4,6,GENROU_1,1,1.0,1.0,0.0,GENROU_1,1,GENROU_1,1,1.485450393169173,1.994145927008778,GENROU_5,8,GENROU_2,2,1.0,1,1.0,2,1.0,3,1.0,6,1.0,8
294,1,0.8460000000000001,0.003,0.03,NEXT_STEP,0,0.03584632230645051,0.01728699146415169,1.0086703806339743,-0.17738825354975457,Fault_Interface,14,0.0,0.0,0.3,1.0086703806339743,-0.17738825354975457,,,,,,,,,,,,,,10.947320231857903,63.35299760041254,52.40567736855464,GENROU_4,6,GENROU_1,1,1.0,1.0,0.0,GENROU_1,1,GENROU_1,1,1.485450393018766,1.9941459246853432,GENROU_5,8,GENROU_2,2,1.0,1,1.0,2,1.0,3,1.0,6,1.0,8
295,1,0.8490000000000001,0.003,0.03,NEXT_STEP,0,0.03584632230645051,0.01728699146415169,1.0086703806339743,-0.17738825343404002,Fault_Interface,14,0.0,0.0,0.3,1.0086703806339743,-0.17738825343404002,,,,,,,,,,,,,,10.947320231857903,63.35299760041254,52.40567736855464,GENROU_4,6,GENROU_1,1,1.0,1.0,0.0,GENROU_1,1,GENROU_1,1,1.485450393018766,1.9941459226588738,GENROU_5,8,GENROU_2,2,1.0,1,1.0,2,1.0,3,1.0,6,1.0,8
296,1,0.8520000000000001,0.003,0.03,NEXT_STEP,0,0.03584632230645051,0.01728699146415169,1.0086703807371848,-0.17738825343404002,Fault_Interface,14,0.0,0.0,0.3,1.0086703807371848,-0.17738825343404002,,,,,,,,,,,,,,10.947320231857903,63.35299760041254,52.40567736855464,GENROU_4,6,GENROU_1,1,1.0,1.0,0.0,GENROU_1,1,GENROU_1,1,1.485450393018766,1.9941459209179415,GENROU_5,8,GENROU_2,2,1.0,1,1.0,2,1.0,3,1.0,6,1.0,8
297,1,0.8550000000000001,0.003,0.03,NEXT_STEP,0,0.03584632230645051,0.01728699146415169,1.0086703807371848,-0.17738825343404002,Fault_Interface,14,0.0,0.0,0.3,1.0086703807371848,-0.17738825343404002,,,,,,,,,,,,,,10.947320231857903,63.35299760041254,52.40567736855464,GENROU_4,6,GENROU_1,1,1.0,1.0,0.0,GENROU_1,1,GENROU_1,1,1.485450393018766,1.9941459191047552,GENROU_5,8,GENROU_2,2,1.0,1,1.0,2,1.0,3,1.0,6,1.0,8
298,1,0.8580000000000001,0.003,0.03,NEXT_STEP,0,0.03584632230645051,0.01728699146415169,1.0086703807371848,-0.17738825343404002,Fault_Interface,14,0.0,0.0,0.3,1.0086703807371848,-0.17738825343404002,,,,,,,,,,,,,,10.947320231857903,63.35299760041254,52.40567736855464,GENROU_4,6,GENROU_1,1,1.0,1.0,0.0,GENROU_1,1,GENROU_1,1,1.4854503927521618,1.9941459171564866,GENROU_5,8,GENROU_2,2,1.0,1,1.0,2,1.0,3,1.0,6,1.0,8
299,1,0.8610000000000001,0.003,0.03,NEXT_STEP,0,0.03584632230645051,0.01728699146415169,1.0086703808541388,-0.1773882533093645,Fault_Interface,14,0.0,0.0,0.3,1.0086703808541388,-0.1773882533093645,,,,,,,,,,,,,,10.947320231857903,63.35299760041254,52.40567736855464,GENROU_4,6,GENROU_1,1,1.0,1.0,0.0,GENROU_1,1,GENROU_1,1,1.4854503927521618,1.9941459151464629,GENROU_5,8,GENROU_2,2,1.0,1,1.0,2,1.0,3,1.0,6,1.0,8
300,1,0.8640000000000001,0.003,0.03,NEXT_STEP,0,0.03584632230645051,0.01728699146415169,1.0086703808541388,-0.1773882533093645,Fault_Interface,14,0.0,0.0,0.3,1.0086703808541388,-0.1773882533093645,,,,,,,,,,,,,,10.947320231857903,63.35299760041254,52.40567736855464,GENROU_4,6,GENROU_1,1,1.0,1.0,0.0,GENROU_1,1,GENROU_1,1,1.4854503927521618,1.9941459130659336,GENROU_5,8,GENROU_2,2,1.0,1,1.0,2,1.0,3,1.0,6,1.0,8
301,1,0.8670000000000001,0.003,0.03,NEXT_STEP,0,0.03584632230645051,0.01728699146415169,1.0086703809788604,-0.1773882533093645,Fault_Interface,14,0.0,0.0,0.3,1.0086703809788604,-0.1773882533093645,,,,,,,,,,,,,,10.947320231857903,63.35299760041254,52.40567736855464,GENROU_4,6,GENROU_1,1,1.0,1.0,0.0,GENROU_1,1,GENROU_1,1,1.4854503929350011,1.9941459112527882,GENROU_5,8,GENROU_2,2,1.0,1,1.0,2,1.0,3,1.0,6,1.0,8
302,1,0.8700000000000001,0.003,0.03,NEXT_STEP,0,0.03584632230645051,0.01728699146415169,1.0086703809788604,-0.1773882533093645,Fault_Interface,14,0.0,0.0,0.3,1.0086703809788604,-0.1773882533093645,,,,,,,,,,,,,,10.947320231857903,63.35299760041254,52.40567736855464,GENROU_4,6,GENROU_1,1,1.0,1.0,0.0,GENROU_1,1,GENROU_1,1,1.4854503929350011,1.994145909690039,GENROU_5,8,GENROU_2,2,1.0,1,1.0,2,1.0,3,1.0,6,1.0,8
303,1,0.8730000000000001,0.003,0.03,NEXT_STEP,0,0.03584632230645051,0.01728699146415169,1.0086703810849063,-0.17738825318084797,Fault_Interface,14,0.0,0.0,0.3,1.0086703810849063,-0.17738825318084797,,,,,,,,,,,,,,10.947320231857903,63.35299760041254,52.40567736855464,GENROU_4,6,GENROU_1,1,1.0,1.0,0.0,GENROU_1,1,GENROU_1,1,1.4854503928151335,1.9941459080327588,GENROU_5,8,GENROU_2,2,1.0,1,1.0,2,1.0,3,1.0,6,1.0,8
304,1,0.876,0.003,0.03,NEXT_STEP,0,0.03584632230645051,0.01728699146415169,1.0086703810849063,-0.17738825318084797,Fault_Interface,14,0.0,0.0,0.3,1.0086703810849063,-0.17738825318084797,,,,,,,,,,,,,,10.947320231857903,63.35299760041254,52.40567736855464,GENROU_4,6,GENROU_1,1,1.0,1.0,0.0,GENROU_1,1,GENROU_1,1,1.4854503925728857,1.994145906248886,GENROU_5,8,GENROU_2,2,1.0,1,1.0,2,1.0,3,1.0,6,1.0,8
305,1,0.879,0.003,0.03,NEXT_STEP,0,0.03584632230645051,0.01728699146415169,1.0086703810849063,-0.17738825318084797,Fault_Interface,14,0.0,0.0,0.3,1.0086703810849063,-0.17738825318084797,,,,,,,,,,,,,,10.947320231857903,63.35299760041254,52.40567736855464,GENROU_4,6,GENROU_1,1,1.0,1.0,0.0,GENROU_1,1,GENROU_1,1,1.4854503920081006,1.994145904685487,GENROU_5,8,GENROU_2,2,1.0,1,1.0,2,1.0,3,1.0,6,1.0,8
306,1,0.882,0.003,0.03,NEXT_STEP,0,0.03584632230645051,0.01728699146415169,1.0086703812412887,-0.17738825318084797,Fault_Interface,14,0.0,0.0,0.3,1.0086703812412887,-0.17738825318084797,,,,,,,,,,,,,,10.947320231857903,63.35299760041254,52.40567736855464,GENROU_4,6,GENROU_1,1,1.0,1.0,0.0,GENROU_1,1,GENROU_1,1,1.4854503914891066,1.9941459033081876,GENROU_5,8,GENROU_2,2,1.0,1,1.0,2,1.0,3,1.0,6,1.0,8
307,1,0.885,0.003,0.03,NEXT_STEP,0,0.03584632230645051,0.01728699146415169,1.0086703812412887,-0.17738825307398146,Fault_Interface,14,0.0,0.0,0.3,1.0086703812412887,-0.17738825307398146,,,,,,,,,,,,,,10.947320231857903,63.35299760041254,52.40567736855464,GENROU_4,6,GENROU_1,1,1.0,1.0,0.0,GENROU_1,1,GENROU_1,1,1.4854503911985426,1.9941459017776983,GENROU_5,8,GENROU_2,2,1.0,1,1.0,2,1.0,3,1.0,6,1.0,8
308,1,0.888,0.003,0.03,NEXT_STEP,0,0.03584632230645051,0.01728699146415169,1.0086703812412887,-0.17738825307398146,Fault_Interface,14,0.0,0.0,0.3,1.0086703812412887,-0.17738825307398146,,,,,,,,,,,,,,10.947320231857903,63.35299760041254,52.40567736855464,GENROU_4,6,GENROU_1,1,1.0,1.0,0.0,GENROU_1,1,GENROU_1,1,1.4854503908788321,1.9941458997177992,GENROU_5,8,GENROU_2,2,1.0,1,1.0,2,1.0,3,1.0,6,1.0,8
309,1,0.891,0.003,0.03,NEXT_STEP,0,0.03584632230645051,0.01728699146415169,1.0086703812412887,-0.17738825307398146,Fault_Interface,14,0.0,0.0,0.3,1.0086703812412887,-0.17738825307398146,,,,,,,,,,,,,,10.947320231857903,63.35299760041254,52.40567736855464,GENROU_4,6,GENROU_1,1,1.0,1.0,0.0,GENROU_1,1,GENROU_1,1,1.4854503908788321,1.9941458975576951,GENROU_5,8,GENROU_2,2,1.0,1,1.0,2,1.0,3,1.0,6,1.0,8
310,1,0.894,0.003,0.03,NEXT_STEP,0,0.03584632230645051,0.01728699146415169,1.0086703813843247,-0.17738825307398146,Fault_Interface,14,0.0,0.0,0.3,1.0086703813843247,-0.17738825307398146,,,,,,,,,,,,,,10.947320231857903,63.35299760041254,52.40567736855464,GENROU_4,6,GENROU_1,1,1.0,1.0,0.0,GENROU_1,1,GENROU_1,1,1.4854503908788321,1.9941458956979345,GENROU_5,8,GENROU_2,2,1.0,1,1.0,2,1.0,3,1.0,6,1.0,8
311,1,0.897,0.003,0.03,NEXT_STEP,0,0.03584632230645051,0.01728699146415169,1.0086703813843247,-0.17738825294748226,Fault_Interface,14,0.0,0.0,0.3,1.0086703813843247,-0.17738825294748226,,,,,,,,,,,,,,10.947320231857903,63.35299760041254,52.40567736855464,GENROU_4,6,GENROU_1,1,1.0,1.0,0.0,GENROU_1,1,GENROU_1,1,1.4854503910474204,1.9941458941205623,GENROU_5,8,GENROU_2,2,1.0,1,1.0,2,1.0,3,1.0,6,1.0,8
312,1,0.9,0.003,0.03,NEXT_STEP,0,0.03584632230645051,0.01728699146415169,1.0086703813843247,-0.17738825294748226,Fault_Interface,14,0.0,0.0,0.3,1.0086703813843247,-0.17738825294748226,,,,,,,,,,,,,,10.947320231857903,63.35299760041254,52.40567736855464,GENROU_4,6,GENROU_1,1,1.0,1.0,0.0,GENROU_1,1,GENROU_1,1,1.4854503910474204,1.9941458927622648,GENROU_5,8,GENROU_2,2,1.0,1,1.0,2,1.0,3,1.0,6,1.0,8
313,1,0.903,0.003,0.03,NEXT_STEP,0,0.03584632230645051,0.01728699146415169,1.0086703815107185,-0.17738825294748226,Fault_Interface,14,0.0,0.0,0.3,1.0086703815107185,-0.17738825294748226,,,,,,,,,,,,,,10.947320231857903,63.35299760041254,52.40567736855464,GENROU_4,6,GENROU_1,1,1.0,1.0,0.0,GENROU_1,1,GENROU_1,1,1.4854503910474204,1.9941458915883372,GENROU_5,8,GENROU_2,2,1.0,1,1.0,2,1.0,3,1.0,6,1.0,8
314,1,0.906,0.003,0.03,NEXT_STEP,0,0.03584632230645051,0.01728699146415169,1.0086703815107185,-0.17738825294748226,Fault_Interface,14,0.0,0.0,0.3,1.0086703815107185,-0.17738825294748226,,,,,,,,,,,,,,10.947320231857903,63.35299760041254,52.40567736855464,GENROU_4,6,GENROU_1,1,1.0,1.0,0.0,GENROU_1,1,GENROU_1,1,1.4854503909417438,1.994145890254734,GENROU_5,8,GENROU_2,2,1.0,1,1.0,2,1.0,3,1.0,6,1.0,8
315,1,0.909,0.003,0.03,NEXT_STEP,0,0.03584632230645051,0.01728699146415169,1.0086703815107185,-0.17738825294748226,Fault_Interface,14,0.0,0.0,0.3,1.0086703815107185,-0.17738825294748226,,,,,,,,,,,,,,10.947320231857903,63.35299760041254,52.40567736855464,GENROU_4,6,GENROU_1,1,1.0,1.0,0.0,GENROU_1,1,GENROU_1,1,1.485450391113658,1.9941458887168368,GENROU_5,8,GENROU_2,2,1.0,1,1.0,2,1.0,3,1.0,6,1.0,8
316,1,0.912,0.003,0.03,NEXT_STEP,0,0.03584632230645051,0.01728699146415169,1.0086703816286144,-0.1773882528360239,Fault_Interface,14,0.0,0.0,0.3,1.0086703816286144,-0.1773882528360239,,,,,,,,,,,,,,10.947320231857903,63.35299760041254,52.40567736855464,GENROU_4,6,GENROU_1,1,1.0,1.0,0.0,GENROU_1,1,GENROU_1,1,1.485450391113658,1.9941458870334716,GENROU_5,8,GENROU_2,2,1.0,1,1.0,2,1.0,3,1.0,6,1.0,8
317,1,0.915,0.003,0.03,NEXT_STEP,0,0.03584632230645051,0.01728699146415169,1.0086703816286144,-0.1773882528360239,Fault_Interface,14,0.0,0.0,0.3,1.0086703816286144,-0.1773882528360239,,,,,,,,,,,,,,10.947320231857903,63.35299760041254,52.40567736855464,GENROU_4,6,GENROU_1,1,1.0,1.0,0.0,GENROU_1,1,GENROU_1,1,1.485450391113658,1.9941458852318052,GENROU_5,8,GENROU_2,2,1.0,1,1.0,2,1.0,3,1.0,6,1.0,8
318,1,0.918,0.003,0.03,NEXT_STEP,0,0.03584632230645051,0.01728699146415169,1.0086703817427423,-0.1773882528360239,Fault_Interface,14,0.0,0.0,0.3,1.0086703817427423,-0.1773882528360239,,,,,,,,,,,,,,10.947320231857903,63.35299760041254,52.40567736855464,GENROU_4,6,GENROU_1,1,1.0,1.0,0.0,GENROU_1,1,GENROU_1,1,1.4854503905843375,1.9941458836788255,GENROU_5,8,GENROU_2,2,1.0,1,1.0,2,1.0,3,1.0,6,1.0,8
319,1,0.921,0.003,0.03,NEXT_STEP,0,0.03584632230645051,0.01728699146415169,1.0086703817427423,-0.17738825272272854,Fault_Interface,14,0.0,0.0,0.3,1.0086703817427423,-0.17738825272272854,,,,,,,,,,,,,,10.947320231857903,63.35299760041254,52.40567736855464,GENROU_4,6,GENROU_1,1,1.0,1.0,0.0,GENROU_1,1,GENROU_1,1,1.4854503903813918,1.9941458823299256,GENROU_5,8,GENROU_2,2,1.0,1,1.0,2,1.0,3,1.0,6,1.0,8
320,1,0.924,0.003,0.03,NEXT_STEP,0,0.03584632230645051,0.01728699146415169,1.00867038185228,-0.17738825272272854,Fault_Interface,14,0.0,0.0,0.3,1.00867038185228,-0.17738825272272854,,,,,,,,,,,,,,10.947320231857903,63.35299760041254,52.40567736855464,GENROU_4,6,GENROU_1,1,1.0,1.0,0.0,GENROU_1,1,GENROU_1,1,1.4854503898672045,1.994145880823536,GENROU_5,8,GENROU_2,2,1.0,1,1.0,2,1.0,3,1.0,6,1.0,8
321,1,0.927,0.003,0.03,NEXT_STEP,0,0.03584632230645051,0.01728699146415169,1.00867038185228,-0.17738825272272854,Fault_Interface,14,0.0,0.0,0.3,1.00867038185228,-0.17738825272272854,,,,,,,,,,,,,,10.947320231857903,63.35299760041254,52.40567736855464,GENROU_4,6,GENROU_1,1,1.0,1.0,0.0,GENROU_1,1,GENROU_1,1,1.4854503894095088,1.9941458788239126,GENROU_5,8,GENROU_2,2,1.0,1,1.0,2,1.0,3,1.0,6,1.0,8
322,1,0.93,0.003,0.03,NEXT_STEP,0,0.03584632230645051,0.01728699146415169,1.00867038185228,-0.17738825272272854,Fault_Interface,14,0.0,0.0,0.3,1.00867038185228,-0.17738825272272854,,,,,,,,,,,,,,10.947320231857903,63.35299760041254,52.40567736855464,GENROU_4,6,GENROU_1,1,1.0,1.0,0.0,GENROU_1,1,GENROU_1,1,1.4854503891699469,1.9941458767186027,GENROU_5,8,GENROU_2,2,1.0,1,1.0,2,1.0,3,1.0,6,1.0,8
323,1,0.933,0.003,0.03,NEXT_STEP,0,0.03584632230645051,0.01728699146415169,1.00867038185228,-0.17738825272272854,Fault_Interface,14,0.0,0.0,0.3,1.00867038185228,-0.17738825272272854,,,,,,,,,,,,,,10.947320231857903,63.35299760041254,52.40567736855464,GENROU_4,6,GENROU_1,1,1.0,1.0,0.0,GENROU_1,1,GENROU_1,1,1.4854503888694401,1.9941458748707972,GENROU_5,8,GENROU_2,2,1.0,1,1.0,2,1.0,3,1.0,6,1.0,8
324,1,0.936,0.003,0.03,NEXT_STEP,0,0.03584632230645051,0.01728699146415169,1.0086703819807177,-0.17738825272272854,Fault_Interface,14,0.0,0.0,0.3,1.0086703819807177,-0.17738825272272854,,,,,,,,,,,,,,10.947320231857903,63.35299760041254,52.40567736855464,GENROU_4,6,GENROU_1,1,1.0,1.0,0.0,GENROU_1,1,GENROU_1,1,1.4854503888694401,1.9941458733024022,GENROU_5,8,GENROU_2,2,1.0,1,1.0,2,1.0,3,1.0,6,1.0,8
325,1,0.9390000000000001,0.003,0.03,NEXT_STEP,0,0.03584632230645051,0.01728699146415169,1.0086703819807177,-0.17738825260849794,Fault_Interface,14,0.0,0.0,0.3,1.0086703819807177,-0.17738825260849794,,,,,,,,,,,,,,10.947320231857903,63.35299760041254,52.40567736855464,GENROU_4,6,GENROU_1,1,1.0,1.0,0.0,GENROU_1,1,GENROU_1,1,1.4854503888694401,1.9941458719757985,GENROU_5,8,GENROU_2,2,1.0,1,1.0,2,1.0,3,1.0,6,1.0,8
326,1,0.9420000000000001,0.003,0.03,NEXT_STEP,0,0.03584632230645051,0.01728699146415169,1.0086703819807177,-0.17738825260849794,Fault_Interface,14,0.0,0.0,0.3,1.0086703819807177,-0.17738825260849794,,,,,,,,,,,,,,10.947320231857903,63.35299760041254,52.40567736855464,GENROU_4,6,GENROU_1,1,1.0,1.0,0.0,GENROU_1,1,GENROU_1,1,1.4854503888694401,1.9941458708519142,GENROU_5,8,GENROU_2,2,1.0,1,1.0,2,1.0,3,1.0,6,1.0,8
327,1,0.9450000000000001,0.003,0.03,NEXT_STEP,0,0.03584632230645051,0.01728699146415169,1.0086703819807177,-0.17738825260849794,Fault_Interface,14,0.0,0.0,0.3,1.0086703819807177,-0.17738825260849794,,,,,,,,,,,,,,10.947320231857903,63.35299760041254,52.40567736855464,GENROU_4,6,GENROU_1,1,1.0,1.0,0.0,GENROU_1,1,GENROU_1,1,1.4854503889962887,1.9941458698767687,GENROU_5,8,GENROU_2,2,1.0,1,1.0,2,1.0,3,1.0,6,1.0,8
328,1,0.9480000000000001,0.003,0.03,NEXT_STEP,0,0.03584632230645051,0.01728699146415169,1.0086703821294192,-0.17738825260849794,Fault_Interface,14,0.0,0.0,0.3,1.0086703821294192,-0.17738825260849794,,,,,,,,,,,,,,10.947320231857903,63.35299760041254,52.40567736855464,GENROU_4,6,GENROU_1,1,1.0,1.0,0.0,GENROU_1,1,GENROU_1,1,1.4854503889962887,1.9941458686923774,GENROU_5,8,GENROU_2,2,1.0,1,1.0,2,1.0,3,1.0,6,1.0,8
329,1,0.9510000000000001,0.003,0.03,NEXT_STEP,0,0.03584632230645051,0.01728699146415169,1.0086703821294192,-0.17738825248647982,Fault_Interface,14,0.0,0.0,0.3,1.0086703821294192,-0.17738825248647982,,,,,,,,,,,,,,10.947320231857903,63.35299760041254,52.40567736855464,GENROU_4,6,GENROU_1,1,1.0,1.0,0.0,GENROU_1,1,GENROU_1,1,1.4854503889962887,1.994145866969299,GENROU_5,8,GENROU_2,2,1.0,1,1.0,2,1.0,3,1.0,6,1.0,8
330,1,0.9540000000000001,0.003,0.03,NEXT_STEP,0,0.03584632230645051,0.01728699146415169,1.0086703822432581,-0.17738825248647982,Fault_Interface,14,0.0,0.0,0.3,1.0086703822432581,-0.17738825248647982,,,,,,,,,,,,,,10.947320231857903,63.35299760041254,52.40567736855464,GENROU_4,6,GENROU_1,1,1.0,1.0,0.0,GENROU_1,1,GENROU_1,1,1.4854503889962887,1.9941458651001347,GENROU_5,8,GENROU_2,2,1.0,1,1.0,2,1.0,3,1.0,6,1.0,8
331,1,0.9570000000000001,0.003,0.03,NEXT_STEP,0,0.03584632230645051,0.01728699146415169,1.0086703822432581,-0.17738825248647982,Fault_Interface,14,0.0,0.0,0.3,1.0086703822432581,-0.17738825248647982,,,,,,,,,,,,,,10.947320231857903,63.35299760041254,52.40567736855464,GENROU_4,6,GENROU_1,1,1.0,1.0,0.0,GENROU_1,1,GENROU_1,1,1.4854503889962887,1.9941458634848208,GENROU_5,8,GENROU_2,2,1.0,1,1.0,2,1.0,3,1.0,6,1.0,8
332,1,0.9600000000000001,0.003,0.03,NEXT_STEP,0,0.03584632230645051,0.01728699146415169,1.0086703822432581,-0.17738825248647982,Fault_Interface,14,0.0,0.0,0.3,1.0086703822432581,-0.17738825248647982,,,,,,,,,,,,,,10.947320231857903,63.35299760041254,52.40567736855464,GENROU_4,6,GENROU_1,1,1.0,1.0,0.0,GENROU_1,1,GENROU_1,1,1.4854503889962887,1.9941458620591677,GENROU_5,8,GENROU_2,2,1.0,1,1.0,2,1.0,3,1.0,6,1.0,8
333,1,0.9630000000000001,0.003,0.03,NEXT_STEP,0,0.03584632230645051,0.01728699146415169,1.0086703822432581,-0.17738825248647982,Fault_Interface,14,0.0,0.0,0.3,1.0086703822432581,-0.17738825248647982,,,,,,,,,,,,,,10.947320231857903,63.35299760041254,52.40567736855464,GENROU_4,6,GENROU_1,1,1.0,1.0,0.0,GENROU_1,1,GENROU_1,1,1.4854503891194721,1.9941458605062377,GENROU_5,8,GENROU_2,2,1.0,1,1.0,2,1.0,3,1.0,6,1.0,8
334,1,0.9660000000000001,0.003,0.03,NEXT_STEP,0,0.03584632230645051,0.01728699146415169,1.0086703823759586,-0.17738825236301814,Fault_Interface,14,0.0,0.0,0.3,1.0086703823759586,-0.17738825236301814,,,,,,,,,,,,,,10.947320231857903,63.35299760041254,52.40567736855464,GENROU_4,6,GENROU_1,1,1.0,1.0,0.0,GENROU_1,1,GENROU_1,1,1.4854503887396593,1.9941458588180065,GENROU_5,8,GENROU_2,2,1.0,1,1.0,2,1.0,3,1.0,6,1.0,8
335,1,0.9690000000000001,0.003,0.03,NEXT_STEP,0,0.03584632230645051,0.01728699146415169,1.0086703823759586,-0.17738825236301814,Fault_Interface,14,0.0,0.0,0.3,1.0086703823759586,-0.17738825236301814,,,,,,,,,,,,,,10.947320231857903,63.35299760041254,52.40567736855464,GENROU_4,6,GENROU_1,1,1.0,1.0,0.0,GENROU_1,1,GENROU_1,1,1.4854503887396593,1.9941458573358766,GENROU_5,8,GENROU_2,2,1.0,1,1.0,2,1.0,3,1.0,6,1.0,8
336,1,0.9720000000000001,0.003,0.03,NEXT_STEP,0,0.03584632230645051,0.01728699146415169,1.0086703823759586,-0.17738825236301814,Fault_Interface,14,0.0,0.0,0.3,1.0086703823759586,-0.17738825236301814,,,,,,,,,,,,,,10.947320231857903,63.35299760041254,52.40567736855464,GENROU_4,6,GENROU_1,1,1.0,1.0,0.0,GENROU_1,1,GENROU_1,1,1.4854503883969161,1.9941458560800502,GENROU_5,8,GENROU_2,2,1.0,1,1.0,2,1.0,3,1.0,6,1.0,8
337,1,0.9750000000000001,0.003,0.03,NEXT_STEP,0,0.03584632230645051,0.01728699146415169,1.0086703823759586,-0.17738825236301814,Fault_Interface,14,0.0,0.0,0.3,1.0086703823759586,-0.17738825236301814,,,,,,,,,,,,,,10.947320231857903,63.35299760041254,52.40567736855464,GENROU_4,6,GENROU_1,1,1.0,1.0,0.0,GENROU_1,1,GENROU_1,1,1.4854503883969161,1.9941458549870057,GENROU_5,8,GENROU_2,2,1.0,1,1.0,2,1.0,3,1.0,6,1.0,8
338,1,0.9780000000000001,0.003,0.03,NEXT_STEP,0,0.03584632230645051,0.01728699146415169,1.008670382505592,-0.17738825236301814,Fault_Interface,14,0.0,0.0,0.3,1.008670382505592,-0.17738825236301814,,,,,,,,,,,,,,10.947320231857903,63.35299760041254,52.40567736855464,GENROU_4,6,GENROU_1,1,1.0,1.0,0.0,GENROU_1,1,GENROU_1,1,1.4854503883969161,1.994145853706929,GENROU_5,8,GENROU_2,2,1.0,1,1.0,2,1.0,3,1.0,6,1.0,8
339,1,0.9810000000000001,0.003,0.03,NEXT_STEP,0,0.03584632230645051,0.01728699146415169,1.008670382505592,-0.17738825236301814,Fault_Interface,14,0.0,0.0,0.3,1.008670382505592,-0.17738825236301814,,,,,,,,,,,,,,10.947320231857903,63.35299760041254,52.40567736855464,GENROU_4,6,GENROU_1,1,1.0,1.0,0.0,GENROU_1,1,GENROU_1,1,1.485450388280709,1.994145851919316,GENROU_5,8,GENROU_2,2,1.0,1,1.0,2,1.0,3,1.0,6,1.0,8
340,1,0.9840000000000001,0.003,0.03,NEXT_STEP,0,0.03584632230645051,0.01728699146415169,1.008670382505592,-0.17738825225266927,Fault_Interface,14,0.0,0.0,0.3,1.008670382505592,-0.17738825225266927,,,,,,,,,,,,,,10.947320231857903,63.35299760041254,52.40567736855464,GENROU_4,6,GENROU_1,1,1.0,1.0,0.0,GENROU_1,1,GENROU_1,1,1.4854503877894423,1.9941458500232512,GENROU_5,8,GENROU_2,2,1.0,1,1.0,2,1.0,3,1.0,6,1.0,8
341,1,0.9870000000000001,0.003,0.03,NEXT_STEP,0,0.03584632230645051,0.01728699146415169,1.0086703826126797,-0.17738825225266927,Fault_Interface,14,0.0,0.0,0.3,1.0086703826126797,-0.17738825225266927,,,,,,,,,,,,,,10.947320231857903,63.35299760041254,52.40567736855464,GENROU_4,6,GENROU_1,1,1.0,1.0,0.0,GENROU_1,1,GENROU_1,1,1.4854503874692093,1.9941458483558703,GENROU_5,8,GENROU_2,2,1.0,1,1.0,2,1.0,3,1.0,6,1.0,8
342,1,0.9900000000000001,0.003,0.03,NEXT_STEP,0,0.03584632230645051,0.01728699146415169,1.0086703826126797,-0.17738825225266927,Fault_Interface,14,0.0,0.0,0.3,1.0086703826126797,-0.17738825225266927,,,,,,,,,,,,,,10.947320231857903,63.35299760041254,52.40567736855464,GENROU_4,6,GENROU_1,1,1.0,1.0,0.0,GENROU_1,1,GENROU_1,1,1.485450387093713,1.9941458469403492,GENROU_5,8,GENROU_2,2,1.0,1,1.0,2,1.0,3,1.0,6,1.0,8
343,1,0.9930000000000001,0.003,0.03,NEXT_STEP,0,0.03584632230645051,0.01728699146415169,1.00867038271776,-0.17738825225266927,Fault_Interface,14,0.0,0.0,0.3,1.00867038271776,-0.17738825225266927,,,,,,,,,,,,,,10.947320231857903,63.35299760041254,52.40567736855464,GENROU_4,6,GENROU_1,1,1.0,1.0,0.0,GENROU_1,1,GENROU_1,1,1.485450387093713,1.9941458457169317,GENROU_5,8,GENROU_2,2,1.0,1,1.0,2,1.0,3,1.0,6,1.0,8
344,1,0.9960000000000001,0.003,0.03,NEXT_STEP,0,0.03584632230645051,0.01728699146415169,1.00867038271776,-0.1773882521513042,Fault_Interface,14,0.0,0.0,0.3,1.00867038271776,-0.1773882521513042,,,,,,,,,,,,,,10.947320231857903,63.35299760041254,52.40567736855464,GENROU_4,6,GENROU_1,1,1.0,1.0,0.0,GENROU_1,1,GENROU_1,1,1.485450387244113,1.99414584465706,GENROU_5,8,GENROU_2,2,1.0,1,1.0,2,1.0,3,1.0,6,1.0,8
345,1,0.9990000000000001,0.003,0.03,NEXT_STEP,0,0.03584632230645051,0.01728699146415169,1.00867038271776,-0.1773882521513042,Fault_Interface,14,0.0,0.0,0.3,1.00867038271776,-0.1773882521513042,,,,,,,,,,,,,,10.947320231857903,63.35299760041254,52.40567736855464,GENROU_4,6,GENROU_1,1,1.0,1.0,0.0,GENROU_1,1,GENROU_1,1,1.485450387244113,1.994145843426091,GENROU_5,8,GENROU_2,2,1.0,1,1.0,2,1.0,3,1.0,6,1.0,8
346,1,1.002,0.003,0.03,NEXT_STEP,0,0.03584632230645051,0.01728699146415169,0.44369041719290236,-0.15774814390710187,Fault_Interface,14,1.0,0.0,0.3,0.44369041719290236,-0.15774814390710187,,,,,,,,,,,,,,10.9466614042987,63.352934886476646,52.406273482177944,GENROU_4,6,GENROU_1,1,0.9999687421941911,1.000000461651133,3.125780580892634e-05,GENROU_4,6,GENROU_5,8,1.3754908538068686,1.9950972292248037,GENROU_5,8,GENROU_2,2,0.9999970304903377,1,0.9999918603119489,2,0.9999899151261435,3,0.9999687421941911,6,1.000000461651133,8
348,2,1.005,0.003,0.03,NEXT_STEP,1,0.0069345321498885445,0.0033292087494224245,0.4476018819481477,-0.14137487977795027,Fault_Interface,14,1.0,0.0,0.3,0.4476018819481477,-0.14137487977795027,,,,,,,,,,,,,,10.943174559953082,63.35266094687474,52.40948638692166,GENROU_4,6,GENROU_1,1,0.9999236391531664,1.0000017083468766,7.636084683360078e-05,GENROU_4,6,GENROU_5,8,1.4060266065460754,2.005218583277894,GENROU_5,8,GENROU_2,2,0.9999945145836774,1,0.9999801432380244,2,0.9999748088791934,3,0.9999236391531664,6,1.0000017083468766,8
350,2,1.008,0.003,0.03,NEXT_STEP,1,0.005487687419132332,0.004800836795041415,0.44174507496986654,-0.14657601879799836,Fault_Interface,14,1.0,0.0,0.3,0.44174507496986654,-0.14657601879799836,,,,,,,,,,,,,,10.936865585733829,63.352299180041975,52.41543359430815,GENROU_4,6,GENROU_1,1,0.9998816394203135,1.000003479841492,0.00011836057968650504,GENROU_4,6,GENROU_5,8,1.4416220101635069,2.0336280257174013,GENROU_5,8,GENROU_2,2,0.9999943197733359,1,0.9999692402360555,2,0.9999600920752093,3,0.9998816394203135,6,1.000003479841492,8
352,2,1.011,0.003,0.03,NEXT_STEP,1,0.005454042165150944,0.004813712419809867,0.43652149841465054,-0.15273100356542932,Fault_Interface,14,1.0,0.0,0.3,0.43652149841465054,-0.15273100356542932,,,,,,,,,,,,,,10.927860112173365,63.35196677341524,52.42410666124188,GENROU_4,6,GENROU_1,1,0.9998404138648573,1.0000048446581142,0.00015958613514266418,GENROU_4,6,GENROU_5,8,1.48213094465792,2.086669329914587,GENROU_5,8,GENROU_2,2,0.999995420762876,1,0.999958385460633,2,0.9999450429175808,3,0.9998404138648573,6,1.0000048446581142,8
354,2,1.014,0.003,0.03,NEXT_STEP,1,0.005206015563795504,0.004549487148173784,0.4316666648408667,-0.1586547064196485,Fault_Interface,14,1.0,0.0,0.3,0.4316666648408667,-0.1586547064196485,,,,,,,,,,,,,,10.916205627800249,63.351746220173794,52.43554059237354,GENROU_4,6,GENROU_1,1,0.9997998798273304,1.0000058053028544,0.00020012017266957116,GENROU_4,6,GENROU_5,8,1.5255547725014293,2.167633064273597,GENROU_5,8,GENROU_2,2,0.9999977720383139,1,0.9999475412611799,2,0.9999296650287477,3,0.9997998798273304,6,1.0000058053028544,8
356,2,1.017,0.003,0.03,NEXT_STEP,1,0.004959686742653857,0.004282435805233114,0.4270262517272006,-0.1645252542921355,Fault_Interface,14,1.0,0.0,0.3,0.4270262517272006,-0.1645252542921355,,,,,,,,,,,,,,10.901946087276894,63.351717843172324,52.449771755895426,GENROU_4,6,GENROU_1,1,0.9997600108972573,1.0000063989712165,0.00023998910274269925,GENROU_4,6,GENROU_5,8,1.5704364089710614,2.2775261600756096,GENROU_5,8,GENROU_2,2,1.0000013521283075,1,0.9999366947941424,2,0.9999139805849151,3,0.9997600108972573,6,1.0000063989712165,8
358,2,1.02,0.003,0.03,NEXT_STEP,1,0.004741145375596035,0.004048866443086768,0.4225686638237113,-0.17036284724876408,Fault_Interface,14,1.0,0.0,0.3,0.4225686638237113,-0.17036284724876408,,,,,,,,,,,,,,10.885123122960518,63.35196001376032,52.4668368907998,GENROU_4,6,GENROU_1,1,0.9997207618090275,1.0000066512222854,0.00027923819097253055,GENROU_4,6,GENROU_5,8,1.6157416178535549,2.415676225679477,GENROU_5,8,GENROU_2,2,1.0000061222725565,1,0.9999258302455646,2,0.9998980051300288,3,0.9997207618090275,6,1.0000066512222854,8
360,2,1.023,0.003,0.03,NEXT_STEP,1,0.0045365034706144215,0.0038310529099696298,0.4182920772299619,-0.17615099542103926,Fault_Interface,14,1.0,0.0,0.3,0.4182920772299619,-0.17615099542103926,,,,,,,,,,,,,,10.865775554296143,63.35254839743624,52.486772843140095,GENROU_4,6,GENROU_1,1,0.9996820910099733,1.000012037717441,0.00031790899002670514,GENROU_4,6,GENROU_1,1,1.6607393269237798,2.5802272129468884,GENROU_5,8,GENROU_2,2,1.000012037717441,1,0.999914934845825,2,0.9998817547221339,3,0.9996820910099733,6,1.000006584696942,8
362,2,1.026,0.003,0.03,NEXT_STEP,1,0.004347032192303226,0.0036307146732934043,0.41418507444972225,-0.18188746871035252,Fault_Interface,14,1.0,0.0,0.3,0.41418507444972225,-0.18188746871035252,,,,,,,,,,,,,,10.8439396973934,63.353555651296205,52.5096159539028,GENROU_4,6,GENROU_1,1,0.9996439627893248,1.0000190503646569,0.00035603721067523075,GENROU_4,6,GENROU_1,1,1.7049167933293523,2.768538394129301,GENROU_5,8,GENROU_2,2,1.0000190503646569,1,0.9999039987293563,2,0.9998652465437129,3,0.9996439627893248,6,1.000006220323963,8
364,2,1.029,0.003,0.03,NEXT_STEP,1,0.004170839389448538,0.003445499296652132,0.41023932680912906,-0.18756721818753766,Fault_Interface,14,1.0,0.0,0.3,0.41023932680912906,-0.18756721818753766,,,,,,,,,,,,,,10.819649689292557,63.355051233466824,52.53540154417426,GENROU_4,6,GENROU_1,1,0.9996063456026245,1.0000271095788806,0.0003936543973754869,GENROU_4,6,GENROU_1,1,1.744521725568175,2.977499683566629,GENROU_5,8,GENROU_2,2,1.0000271095788806,1,0.9998930138071628,2,0.9998484982836696,3,0.9996063456026245,6,1.0000055771608591,8
366,2,1.032,0.003,0.03,NEXT_STEP,1,0.004006960740863217,0.0032742605645819764,0.40644653045088197,-0.19318643153875031,Fault_Interface,14,1.0,0.0,0.3,0.40644653045088197,-0.19318643153875031,,,,,,,,,,,,,,10.792937751098194,63.357101273854006,52.56416352275581,GENROU_4,6,GENROU_1,1,0.9995692118605124,1.0000361632725754,0.0004307881394876034,GENROU_4,6,GENROU_1,1,1.7768191131769369,3.203775982451197,GENROU_5,8,GENROU_2,2,1.0000361632725754,1,0.9998819732717535,2,0.9998315280147387,3,0.9995692118605124,6,1.000004672774928,8
368,2,1.035,0.003,0.03,NEXT_STEP,1,0.003854312603812617,0.003115681464807786,0.4027991631485911,-0.19874139993795917,Fault_Interface,14,1.0,0.0,0.3,0.4027991631485911,-0.19874139993795917,,,,,,,,,,,,,,10.763834428939985,63.35976850399135,52.59593407505136,GENROU_4,6,GENROU_1,1,0.9995325374555922,1.0000461586452438,0.0004674625444077707,GENROU_4,6,GENROU_1,1,1.803240398388885,3.4439920434859332,GENROU_5,8,GENROU_2,2,1.0000461586452438,1,0.9998708711470397,2,0.9998143539953056,3,0.9995325374555922,6,1.000003523463687,8
370,2,1.038,0.003,0.03,NEXT_STEP,1,0.00371196365813453,0.0029686693328586536,0.39929021226843825,-0.20422879261789484,Fault_Interface,14,1.0,0.0,0.3,0.39929021226843825,-0.20422879261789484,,,,,,,,,,,,,,10.732368808522128,63.363112231451346,52.630743422929214,GENROU_4,6,GENROU_1,1,0.9994963014203999,1.0000570428195712,0.000503698579600087,GENROU_4,6,GENROU_1,1,1.8249500547295823,3.6948680870480453,GENROU_5,8,GENROU_2,2,1.0000570428195712,1,0.9998597019716378,2,0.9997969945559215,3,0.9994963014203999,6,1.0000021443949907,8
372,2,1.041,0.003,0.03,NEXT_STEP,1,0.0035790444882460542,0.0028321710837516043,0.39591317459235914,-0.20964564413214418,Fault_Interface,14,1.0,0.0,0.3,0.39591317459235914,-0.20964564413214418,,,,,,,,,,,,,,10.698568707429907,63.367188352859415,52.66861964542951,GENROU_4,6,GENROU_1,1,0.9994604855829265,1.0000687633967273,0.00053951441707345,GENROU_4,6,GENROU_1,1,1.8428742099529019,3.9533151846253687,GENROU_5,8,GENROU_2,2,1.0000687633967273,1,0.9998484605336839,2,0.9997794680449278,3,0.9994604855829265,6,1.0000005496763111,8
374,2,1.044,0.003,0.03,NEXT_STEP,1,0.0034548439759676444,0.002705351686590556,0.3926619213299809,-0.21498942042260671,Fault_Interface,14,1.0,0.0,0.3,0.3926619213299809,-0.21498942042260671,,,,,,,,,,,,,,10.662460845978677,63.37204939900552,52.70958855302684,GENROU_4,6,GENROU_1,1,0.9994250742488257,1.0000812688917327,0.0005749257511743489,GENROU_4,6,GENROU_1,1,1.8577517939283195,4.216498255899223,GENROU_5,8,GENROU_2,2,1.0000812688917327,1,0.9998371416745385,2,0.9997617927828502,3,0.9994250742488257,6,0.9999987524154271,8
376,2,1.047,0.003,0.03,NEXT_STEP,1,0.003338654848592272,0.0025873756248043123,0.38953081282008784,-0.2202577593118468,Fault_Interface,14,1.0,0.0,0.3,0.38953081282008784,-0.2202577593118468,,,,,,,,,,,,,,10.624070999479102,63.37774460273975,52.75367360326065,GENROU_4,6,GENROU_1,1,0.9993900539456319,1.0000945090012991,0.000609946054368149,GENROU_4,6,GENROU_1,1,1.8701734198677702,4.481873426498734,GENROU_5,8,GENROU_2,2,1.0000945090012991,1,0.9998257401882072,2,0.9997439869784509,3,0.9993900539456319,6,0.9999967647913648,8
378,2,1.05,0.003,0.03,NEXT_STEP,1,0.0032298536909853436,0.0024775141884605368,0.3865145912667666,-0.22544855109434597,Fault_Interface,14,1.0,0.0,0.3,0.3865145912667666,-0.22544855109434597,,,,,,,,,,,,,,10.58342413550972,63.384319980467204,52.80089584495748,GENROU_4,6,GENROU_1,1,0.999355413215807,1.000108434755721,0.0006445867841929909,GENROU_4,6,GENROU_1,1,1.8806119186659431,4.747205475279476,GENROU_5,8,GENROU_2,2,1.000108434755721,1,0.9998142507856109,2,0.9997260686311651,3,0.999355413215807,6,0.9999945981302188,8
380,2,1.053,0.003,0.03,NEXT_STEP,1,0.0031278701681091686,0.002375098862728037,0.38360836599996817,-0.2305599024729329,Fault_Interface,14,1.0,0.0,0.3,0.38360836599996817,-0.2305599024729329,,,,,,,,,,,,,,10.540544538230304,63.39181842142725,52.85127388319695,GENROU_4,6,GENROU_1,1,0.9993211424237172,1.0001229986072433,0.0006788575762828319,GENROU_4,6,GENROU_1,1,1.8894464251623273,5.010570179480463,GENROU_5,8,GENROU_2,2,1.0001229986072433,1,0.99980266808435,2,0.9997080554465165,3,0.9993211424237172,6,0.9999922629726344,8
382,2,1.056,0.003,0.03,NEXT_STEP,1,0.003032182567502475,0.0022795307137811987,0.3808075720468952,-0.23559013164481696,Fault_Interface,14,1.0,0.0,0.3,0.3808075720468952,-0.23559013164481696,,,,,,,,,,,,,,10.495455920793002,63.40027978130575,52.90482386051275,GENROU_4,6,GENROU_1,1,0.9992872335813044,1.0001381544754264,0.000712766418695554,GENROU_4,6,GENROU_1,1,1.8969814054698197,5.2703455478575,GENROU_5,8,GENROU_2,2,1.0001381544754264,1,0.9997909866164116,2,0.9996899647698801,3,0.9992872335813044,6,0.9999897691355829,8
384,2,1.059,0.003,0.03,NEXT_STEP,1,0.002942345077956401,0.002190275566971656,0.37810793332337095,-0.2405377945757996,Fault_Interface,14,1.0,0.0,0.3,0.37810793332337095,-0.2405377945757996,,,,,,,,,,,,,,10.448181526854569,63.40974097768391,52.96155945082934,GENROU_4,6,GENROU_1,1,0.9992536801860278,1.0001538577584674,0.0007463198139722182,GENROU_4,6,GENROU_1,1,1.9034617208941003,5.5251952109977,GENROU_5,8,GENROU_2,2,1.0001538577584674,1,0.9997792008466054,2,0.9996718135341245,3,0.9992536801860278,6,0.9999871257672204,8
386,2,1.062,0.003,0.03,NEXT_STEP,1,0.0028579401704832293,0.0021068730896556444,0.37550543701971595,-0.24540163326710784,Fault_Interface,14,1.0,0.0,0.3,0.37550543701971595,-0.24540163326710784,,,,,,,,,,,,,,10.39874422204301,63.420236085449574,53.02149186340657,GENROU_4,6,GENROU_1,1,0.9992204770728748,1.00017006532072,0.0007795229271252424,GENROU_4,6,GENROU_1,1,1.9090845801102736,5.774046608893448,GENROU_5,8,GENROU_2,2,1.00017006532072,1,0.9997673051983356,2,0.9996536182196606,3,0.9992204770728748,6,0.9999843413968665,8
388,2,1.065,0.003,0.03,NEXT_STEP,1,0.0027785396078309917,0.0020288206758577736,0.37299637702760147,-0.25018050105227413,Fault_Interface,14,1.0,0.0,0.3,0.37299637702760147,-0.25018050105227413,,,,,,,,,,,,,,10.347166576525911,63.431796430937844,53.08462985441193,GENROU_4,6,GENROU_1,1,0.9991876202877086,1.0001867354659553,0.0008123797122914223,GENROU_4,6,GENROU_1,1,1.9140090604213411,6.016066072680395,GENROU_5,8,GENROU_2,2,1.0001867354659553,1,0.999755294086319,2,0.9996353948278712,3,0.9991876202877086,6,0.9999814239831422,8
390,2,1.068,0.003,0.03,NEXT_STEP,1,0.002703827571654388,0.001955755038558189,0.3705772096370149,-0.2548735296057794,Fault_Interface,14,1.0,0.0,0.3,0.3705772096370149,-0.2548735296057794,,,,,,,,,,,,,,10.293470939463676,63.44445068384333,53.150979744379654,GENROU_4,6,GENROU_1,1,0.999155106963457,1.0002038278953247,0.0008448930365430041,GENROU_4,6,GENROU_1,1,1.9183636181795063,6.250632434217876,GENROU_5,8,GENROU_2,2,1.0002038278953247,1,0.9997431619480817,2,0.9996171588602045,3,0.999155106963457,6,0.999978380954846,8
392,2,1.071,0.003,0.03,NEXT_STEP,1,0.00263348077442134,0.001887311433347423,0.36824463044175154,-0.25947996295368886,Fault_Interface,14,1.0,0.0,0.3,0.36824463044175154,-0.25947996295368886,,,,,,,,,,,,,,10.23767950571181,63.458224946135054,53.220545440423244,GENROU_4,6,GENROU_1,1,0.9991229352046952,1.0002213036568892,0.000877064795304805,GENROU_4,6,GENROU_1,1,1.9222521534345869,6.47731040741062,GENROU_5,8,GENROU_2,2,1.0002213036568892,1,0.9997309032746505,2,0.9995989253036268,3,0.9991229352046952,6,0.9999752192476671,8
394,2,1.074,0.003,0.03,NEXT_STEP,1,0.002567197449790201,0.0018231449243548098,0.36599553933210704,-0.2639991842409725,Fault_Interface,14,1.0,0.0,0.3,0.36599553933210704,-0.2639991842409725,,,,,,,,,,,,,,10.179814375674056,63.47314283765626,53.293328461982206,GENROU_4,6,GENROU_1,1,0.9990911039916704,1.0002391250937654,0.0009088960083295516,GENROU_4,6,GENROU_1,1,1.9257588139371036,6.695824660585294,GENROU_5,8,GENROU_2,2,1.0002391250937654,1,0.9997185126430926,2,0.9995807086253486,3,0.9990911039916704,6,0.9999719453406174,8
396,2,1.077,0.003,0.03,NEXT_STEP,1,0.002504699126311534,0.0017629465530053078,0.36382701446206195,-0.26843071388376444,Fault_Interface,14,1.0,0.0,0.3,0.36382701446206195,-0.26843071388376444,,,,,,,,,,,,,,10.11989760909744,63.489225578241545,53.3693279691441,GENROU_4,6,GENROU_1,1,0.9990596130892981,1.0002572557884963,0.0009403869107018625,GENROU_4,6,GENROU_1,1,1.9289518388913856,6.9060352321425205,GENROU_5,8,GENROU_2,2,1.0002572557884963,1,0.9997059847456762,2,0.9995625227711221,3,0.9990596130892981,6,0.9999685652882139,8
398,2,1.08,0.003,0.03,NEXT_STEP,1,0.0024457207668683524,0.001706417124039903,1.00867038271776,-0.27277410434973887,Fault_Interface,14,0.0,0.0,0.3,1.00867038271776,-0.27277410434973887,,,,,,,,,,,,,,10.057951101327177,63.506491943210655,53.44854084188348,GENROU_4,6,GENROU_1,1,0.999028463155285,1.0002756608459544,0.0009715368447149597,GENROU_4,6,GENROU_1,1,1.4854503874567238,1.9941458430475063,GENROU_5,8,GENROU_2,2,1.0002756608459544,1,0.9996933145225383,2,0.9995443811362327,3,0.999028463155285,6,0.9999650847741401,8
400,2,1.083,0.003,0.03,NEXT_STEP,1,0.017930012838442953,0.012024512505357528,0.8524734285361092,-0.2519997771115409,Fault_Interface,14,0.0,0.0,0.3,0.8524734285361092,-0.2519997771115409,,,,,,,,,,,,,,9.995263007771863,63.52491606112712,53.52965305335526,GENROU_4,6,GENROU_1,1,0.9990373755230554,1.0002929553567106,0.000962624476944618,GENROU_4,6,GENROU_1,1,2.096531878114123,7.298611106897536,GENROU_5,8,GENROU_2,2,1.0002929553567106,1,0.9996904053481275,2,0.9995390502627706,3,0.9990373755230554,6,0.9999557014093785,8
402,2,1.086,0.003,0.03,NEXT_STEP,1,0.040475051026036324,0.04545112006864427,0.8414834197822916,-0.2571571017360455,Fault_Interface,14,0.0,0.0,0.3,0.8414834197822916,-0.2571571017360455,,,,,,,,,,,,,,9.933152796003801,63.544405863078595,53.61125306707479,GENROU_4,6,GENROU_1,1,0.9990456426322515,1.000308581740557,0.0009543573677485151,GENROU_4,6,GENROU_1,1,2.078094746455125,7.469945901828038,GENROU_5,8,GENROU_2,2,1.000308581740557,1,0.9996870401641281,2,0.999533936083218,3,0.9990456426322515,6,0.9999461263038812,8
404,2,1.089,0.003,0.03,NEXT_STEP,1,0.036636016775998065,0.040414422477147376,0.8513158139401101,-0.25322771462553095,Fault_Interface,14,0.0,0.0,0.3,0.8513158139401101,-0.25322771462553095,,,,,,,,,,,,,,9.8715461190487,63.56485648965025,53.69331037060155,GENROU_4,6,GENROU_1,1,0.9990529167209861,1.0003226104375806,0.0009470832790139383,GENROU_4,6,GENROU_1,1,2.069650491257069,7.613913605622537,GENROU_5,8,GENROU_2,2,1.0003226104375806,1,0.9996831516382234,2,0.9995289018479923,3,0.9990529167209861,6,0.9999365139872218,8
406,2,1.092,0.003,0.03,NEXT_STEP,1,0.03699315728708861,0.040653525698497714,0.8578024184818942,-0.2509130412038279,Fault_Interface,14,0.0,0.0,0.3,0.8578024184818942,-0.2509130412038279,,,,,,,,,,,,,,9.810433509580474,63.58617934124075,53.775745831660274,GENROU_4,6,GENROU_1,1,0.9990608916287601,1.0003355022658296,0.000939108371239894,GENROU_4,6,GENROU_1,1,2.0617176222721536,7.725832743472338,GENROU_5,8,GENROU_2,2,1.0003355022658296,1,0.9996792599037919,2,0.999524490905457,3,0.9990608916287601,6,0.9999272706725449,8
408,2,1.095,0.003,0.03,NEXT_STEP,1,0.037901087927936235,0.04176644115743025,0.8635326806962318,-0.24888386347161365,Fault_Interface,14,0.0,0.0,0.3,0.8635326806962318,-0.24888386347161365,,,,,,,,,,,,,,9.749848940645068,63.60829680077119,53.85844786012613,GENROU_4,6,GENROU_1,1,0.9990692142682952,1.0003471353739992,0.0009307857317047974,GENROU_4,6,GENROU_1,1,2.0550365883124377,7.803565938590259,GENROU_5,8,GENROU_2,2,1.0003471353739992,1,0.999675262043275,2,0.9995205823409241,3,0.9990692142682952,6,0.9999182904703271,8
410,2,1.098,0.003,0.03,NEXT_STEP,1,0.03867661111297948,0.04271306298570953,0.8690851738524691,-0.24690449110404153,Fault_Interface,14,0.0,0.0,0.3,0.8690851738524691,-0.24690449110404153,,,,,,,,,,,,,,9.689814028409653,63.631126869058726,53.941312840649076,GENROU_4,6,GENROU_1,1,0.999077856341723,1.0003574963632704,0.0009221436582770304,GENROU_4,6,GENROU_1,1,2.049571662359758,7.846864022331075,GENROU_5,8,GENROU_2,2,1.0003574963632704,1,0.9996711512413134,2,0.9995171580448364,3,0.999077856341723,6,0.9999095559676519,8
412,2,1.101,0.003,0.03,NEXT_STEP,1,0.03941274255628556,0.043607713467708975,0.8744097466033475,-0.2450024159499682,Fault_Interface,14,0.0,0.0,0.3,0.8744097466033475,-0.2450024159499682,,,,,,,,,,,,,,9.630348023631527,63.65459198835823,54.0242439647267,GENROU_4,6,GENROU_1,1,0.9990868142787576,1.0003665846147582,0.0009131857212424377,GENROU_4,6,GENROU_1,1,2.045112265242655,7.856722353349268,GENROU_5,8,GENROU_2,2,1.0003665846147582,1,0.9996669264987713,2,0.9995142076581208,3,0.9990868142787576,6,0.9999010559159879,8
414,2,1.104,0.003,0.03,NEXT_STEP,1,0.04012778920445491,0.044478220951823015,0.8795122386599004,-0.24317498057784906,Fault_Interface,14,0.0,0.0,0.3,0.8795122386599004,-0.24317498057784906,,,,,,,,,,,,,,9.571475553255057,63.67860062779406,54.107125074539006,GENROU_4,6,GENROU_1,1,0.9990961341664132,1.0003744227752362,0.0009038658335868144,GENROU_4,6,GENROU_1,1,2.0414583463292906,7.835543186730417,GENROU_5,8,GENROU_2,2,1.0003744227752362,1,0.9996626010119554,2,0.9995117349136949,3,0.9990961341664132,6,0.9998927931365021,8
416,2,1.107,0.003,0.03,NEXT_STEP,1,0.04082086517559651,0.04532337765698553,0.8844043445867914,-0.2414188841753287,Fault_Interface,14,0.0,0.0,0.3,0.8844043445867914,-0.2414188841753287,,,,,,,,,,,,,,9.513218211820604,63.7030768851512,54.18985867333059,GENROU_4,6,GENROU_1,1,0.9991057997399307,1.0003810172666507,0.0008942002600692556,GENROU_4,6,GENROU_1,1,2.0384881364121883,7.785986031947982,GENROU_5,8,GENROU_2,2,1.0003810172666507,1,0.9996581691561337,2,0.9995097247642936,3,0.9991057997399307,6,0.9998847549656539,8
418,2,1.11,0.003,0.03,NEXT_STEP,1,0.04149241796899129,0.04614350757762711,0.8890983839035158,-0.23973013605733373,Fault_Interface,14,0.0,0.0,0.3,0.8890983839035158,-0.23973013605733373,,,,,,,,,,,,,,9.455598479743013,63.72794070854694,54.27234222880392,GENROU_4,6,GENROU_1,1,0.9991158134675511,1.000386384690008,0.0008841865324489273,GENROU_4,6,GENROU_1,1,2.0360884236125787,7.711191303085186,GENROU_5,8,GENROU_2,2,1.000386384690008,1,0.9996536310622193,2,0.999508167282646,3,0.9991158134675511,6,0.9998769343313851,8
420,2,1.113,0.003,0.03,NEXT_STEP,1,0.042143235502585065,0.04693943715656935,0.8936053233690517,-0.23810528621713034,Fault_Interface,14,0.0,0.0,0.3,0.8936053233690517,-0.23810528621713034,,,,,,,,,,,,,,9.398638950540871,63.753113212720294,54.35447426217942,GENROU_4,6,GENROU_1,1,0.9991261763718888,1.0003905444511447,0.00087382362811117,GENROU_4,6,GENROU_1,1,2.0341646250310177,7.614469085421385,GENROU_5,8,GENROU_2,2,1.0003905444511447,1,0.9996489869947689,2,0.9995070519141083,3,0.9991261763718888,6,0.9998693245522995,8
422,2,1.116,0.003,0.03,NEXT_STEP,1,0.04277408420687695,0.047711985771695296,0.8979351192938233,-0.23654128171635205,Fault_Interface,14,0.0,0.0,0.3,0.8979351192938233,-0.23654128171635205,,,,,,,,,,,,,,9.342362236908349,63.77851684177116,54.43615460486281,GENROU_4,6,GENROU_1,1,0.9991368880221692,1.0003935181738821,0.0008631119778308438,GENROU_4,6,GENROU_1,1,2.0315291290146305,7.499142353050865,GENROU_5,8,GENROU_2,2,1.0003935181738821,1,0.9996442372563799,2,0.9995063675853539,3,0.9991368880221692,6,0.9998619193129443,8
424,2,1.119,0.003,0.03,NEXT_STEP,1,0.043385679814015386,0.04846192217694523,0.9020967692497366,-0.23503546239318718,Fault_Interface,14,0.0,0.0,0.3,0.9020967692497366,-0.23503546239318718,,,,,,,,,,,,,,9.286790876765927,63.804075497632304,54.51728462086638,GENROU_4,6,GENROU_1,1,0.9991479465413363,1.0003953292292398,0.0008520534586636819,GENROU_4,6,GENROU_1,1,2.026179282778675,7.3684318142318626,GENROU_5,8,GENROU_2,2,1.0003953292292398,1,0.9996393826015837,2,0.9995061028536841,3,0.9991479465413363,6,0.9998547126731323,8
426,2,1.122,0.003,0.03,NEXT_STEP,1,0.043978672876240535,0.049189947536555347,0.9060984678281355,-0.2335854821309328,Fault_Interface,14,0.0,0.0,0.3,0.9060984678281355,-0.2335854821309328,,,,,,,,,,,,,,9.231947239944633,63.82971464282174,54.59776740287711,GENROU_4,6,GENROU_1,1,0.9991593486185003,1.0003960024124097,0.0008406513814996908,GENROU_4,6,GENROU_1,1,2.0177244402956513,7.225374873894093,GENROU_5,8,GENROU_2,2,1.0003960024124097,1,0.9996344241823176,2,0.9995062460223393,3,0.9991593486185003,6,0.9998476990899381,8
428,2,1.125,0.003,0.03,NEXT_STEP,1,0.04455354147358443,0.049896571311928484,0.9099478673106358,-0.23218916134543724,Fault_Interface,14,0.0,0.0,0.3,0.9099478673106358,-0.23218916134543724,,,,,,,,,,,,,,9.17785343731734,63.85536138643828,54.677507949120944,GENROU_4,6,GENROU_1,1,0.9991710895720153,1.0003955637485946,0.0008289104279847193,GENROU_4,6,GENROU_1,1,2.006997457899689,7.072772147934016,GENROU_5,8,GENROU_2,2,1.0003955637485946,1,0.9996293635636481,2,0.9995067851877805,3,0.9991710895720153,6,0.999840873412942,8
430,2,1.1280000000000001,0.003,0.03,NEXT_STEP,1,0.04511103225210117,0.05058258945138635,0.9136519240914344,-0.23084456022863464,Fault_Interface,14,0.0,0.0,0.3,0.9136519240914344,-0.23084456022863464,,,,,,,,,,,,,,9.12453123460801,63.88094455807272,54.75641332346471,GENROU_4,6,GENROU_1,1,0.9991831634307833,1.0003940403141967,0.0008168365692167168,GENROU_4,6,GENROU_1,1,1.9946533376769326,6.913155854726529,GENROU_5,8,GENROU_2,2,1.0003940403141967,1,0.999624202725352,2,0.9995077082631307,3,0.9991831634307833,6,0.99983423084026,8
432,2,1.131,0.003,0.03,NEXT_STEP,1,0.04565156942961509,0.051248489416641445,0.917217290715945,-0.2295497658906249,Fault_Interface,14,0.0,0.0,0.3,0.917217290715945,-0.2295497658906249,,,,,,,,,,,,,,9.072001972337079,63.90639476982779,54.834392797490715,GENROU_4,6,GENROU_1,1,0.999195563042336,1.0003914600486141,0.0008044369576639676,GENROU_4,6,GENROU_1,1,1.9812042426895244,6.748775238246128,GENROU_5,8,GENROU_2,2,1.0003914600486141,1,0.9996189441816341,2,0.9995090030165865,3,0.999195563042336,6,0.99982776687564,8
434,2,1.134,0.003,0.03,NEXT_STEP,1,0.046175624812537674,0.051894757894347186,0.9206501605118159,-0.2283030053409194,Fault_Interface,14,0.0,0.0,0.3,0.9206501605118159,-0.2283030053409194,,,,,,,,,,,,,,9.020286493435039,63.93164446681928,54.91135797338424,GENROU_4,6,GENROU_1,1,0.999208280201428,1.0003878515869256,0.0007917197985719548,GENROU_4,6,GENROU_1,1,1.9670480839637907,6.581594937517164,GENROU_5,8,GENROU_2,2,1.0003878515869256,1,0.9996135906806863,2,0.9995106571150686,3,0.999208280201428,6,0.9998214772970179,8
436,2,1.137,0.003,0.03,NEXT_STEP,1,0.04668378241659898,0.05252204025053936,0.9239561739635488,-0.2271026787683108,Fault_Interface,14,0.0,0.0,0.3,0.9239561739635488,-0.2271026787683108,,,,,,,,,,,,,,8.969405078547341,63.95662796730833,54.98722288876099,GENROU_4,6,GENROU_1,1,0.9992213057588283,1.0003832441071807,0.0007786942411717179,GENROU_4,6,GENROU_1,1,1.952491682116842,6.413302903942896,GENROU_5,8,GENROU_2,2,1.0003832441071807,1,0.99960814545411,2,0.9995126581508003,3,0.9992213057588283,6,0.9998153581168363,8
438,2,1.1400000000000001,0.003,0.03,NEXT_STEP,1,0.047176469201872094,0.053130817717272766,0.9271406108345658,-0.22594727437029719,Fault_Interface,14,0.0,0.0,0.3,0.9271406108345658,-0.22594727437029719,,,,,,,,,,,,,,8.9193773891035,63.981281493782745,55.06190410467924,GENROU_4,6,GENROU_1,1,0.9992346297521644,1.000377667203758,0.0007653702478356283,GENROU_4,6,GENROU_1,1,1.9377695757126723,6.245325079352042,GENROU_5,8,GENROU_2,2,1.000377667203758,1,0.9996026120976682,2,0.9995149936654991,3,0.9992346297521644,6,0.999809405548466,8
440,2,1.143,0.003,0.03,NEXT_STEP,1,0.04765416626102952,0.05372161358023402,0.9302083896049043,-0.22483538169305117,Fault_Interface,14,0.0,0.0,0.3,0.9302083896049043,-0.22483538169305117,,,,,,,,,,,,,,8.870222418436493,64.00554319657631,55.13532077813982,GENROU_4,6,GENROU_1,1,0.9992482415235452,1.000371150783698,0.0007517584764548113,GENROU_4,6,GENROU_1,1,1.9230591288955796,6.078844580489996,GENROU_5,8,GENROU_2,2,1.000371150783698,1,0.9995969945352156,2,0.9995176511767774,3,0.9992482415235452,6,0.9998036159798463,8
442,2,1.146,0.003,0.03,NEXT_STEP,1,0.04811711432300843,0.054294699940923875,0.933164302699664,-0.22376557290086935,Fault_Interface,14,0.0,0.0,0.3,0.933164302699664,-0.22376557290086935,,,,,,,,,,,,,,8.821958449808795,64.02935317148517,55.20739472167637,GENROU_4,6,GENROU_1,1,0.9992621298151061,1.0003637249850938,0.0007378701848939073,GENROU_4,6,GENROU_1,1,1.908492736711187,5.914823593009164,GENROU_5,8,GENROU_2,2,1.0003637249850938,1,0.9995912969874357,2,0.9995206182103092,3,0.9992621298151061,6,0.9997979859570874,8
444,2,1.149,0.003,0.03,NEXT_STEP,1,0.048565871553278864,0.054850671746007613,0.9360127278329697,-0.2227365645042359,Fault_Interface,14,0.0,0.0,0.3,0.9360127278329697,-0.2227365645042359,,,,,,,,,,,,,,8.77460301962423,64.05265347233687,55.27805045271264,GENROU_4,6,GENROU_1,1,0.9992762828335185,1.0003554201029217,0.0007237171664814523,GENROU_4,6,GENROU_1,1,1.8941674430739508,5.754026568829987,GENROU_5,8,GENROU_2,2,1.0003554201029217,1,0.9995855239355826,2,0.9995238823253326,3,0.9992762828335185,6,0.9997925121661385,8
446,2,1.152,0.003,0.03,NEXT_STEP,1,0.049000873146393904,0.05539004746446103,0.9387578678071851,-0.22174708323857198,Fault_Interface,14,0.0,0.0,0.3,0.9387578678071851,-0.22174708323857198,,,,,,,,,,,,,,8.728172884434493,64.07538811898077,55.347215234546276,GENROU_4,6,GENROU_1,1,0.9992906883026006,1.0003462665218896,0.0007093116973994062,GENROU_4,6,GENROU_1,1,1.8801527666107005,5.597043653307604,GENROU_5,8,GENROU_2,2,1.0003462665218896,1,0.9995796800823304,2,0.9995274311338574,3,0.9992906883026006,6,0.9997871914136632,8
448,2,1.155,0.003,0.03,NEXT_STEP,1,0.04942236007243853,0.05591309287802062,0.9414038431037893,-0.2207958487781356,Fault_Interface,14,0.0,0.0,0.3,0.9414038431037893,-0.2207958487781356,,,,,,,,,,,,,,8.682683992402296,64.09750310158648,55.41481910918419,GENROU_4,6,GENROU_1,1,0.9993053335482576,1.0003362946696448,0.0006946664517424317,GENROU_4,6,GENROU_1,1,1.866496891873994,5.44431354633814,GENROU_5,8,GENROU_2,2,1.0003362946696448,1,0.9995737703244462,2,0.999531252328378,3,0.9993053335482576,6,0.9997820206209979,8
450,2,1.158,0.003,0.03,NEXT_STEP,1,0.04983075224238249,0.05642026455936076,0.9439544799793965,-0.21988167677226844,Fault_Interface,14,0.0,0.0,0.3,0.9439544799793965,-0.21988167677226844,,,,,,,,,,,,,,8.638151459464366,64.11894638187488,55.48079492241051,GENROU_4,6,GENROU_1,1,0.9993202055585964,1.000325534968886,0.0006797944414036472,GENROU_4,6,GENROU_1,1,1.8532315016640653,5.296145229254093,GENROU_5,8,GENROU_2,2,1.000325534968886,1,0.9995677997204242,2,0.9995353337001631,3,0.9993202055585964,6,0.9997769968122394,8
452,2,1.161,0.003,0.03,NEXT_STEP,1,0.05022636152488601,0.05691192948557282,0.9464134734176484,-0.21900339422593101,Fault_Interface,14,0.0,0.0,0.3,0.9464134734176484,-0.21900339422593101,,,,,,,,,,,,,,8.594589549049541,64.13966789136126,55.54507834231171,GENROU_4,6,GENROU_1,1,0.9993352910335387,1.0003140177930396,0.0006647089664613137,GENROU_4,6,GENROU_1,1,1.8403756962278104,5.152738175462158,GENROU_5,8,GENROU_2,2,1.0003140177930396,1,0.9995617734582076,2,0.99953966315277,3,0.9993352910335387,6,0.9997721171018599,8
454,2,1.164,0.003,0.03,NEXT_STEP,1,0.050609652471881934,0.057388605493601516,0.9487842672411472,-0.2181599142833646,Fault_Interface,14,0.0,0.0,0.3,0.9487842672411472,-0.2181599142833646,,,,,,,,,,,,,,8.552011654957653,64.15961952689045,55.6076078719328,GENROU_4,6,GENROU_1,1,0.999350576432761,1.0003017734269972,0.0006494235672389603,GENROU_4,6,GENROU_1,1,1.8279390095411705,5.014200811860324,GENROU_5,8,GENROU_2,2,1.0003017734269972,1,0.9995556968257293,2,0.9995442287138121,3,0.999350576432761,6,0.9997673786837934,8
456,2,1.167,0.003,0.03,NEXT_STEP,1,0.05098097540532518,0.05785071348277957,0.9510701984880091,-0.21735015755871162,Fault_Interface,14,0.0,0.0,0.3,0.9510701984880091,-0.21735015755871162,,,,,,,,,,,,,,8.510430287237615,64.17875514375302,55.66832485651541,GENROU_4,6,GENROU_1,1,0.9993660480203242,1.000288832031724,0.0006339519796757509,GENROU_4,6,GENROU_1,1,1.8159238439018506,4.880567114035936,GENROU_5,8,GENROU_2,2,1.000288832031724,1,0.9995495751839489,2,0.9995490185448264,3,0.9993660480203242,6,0.9997627788215169,8
458,2,1.17,0.003,0.03,NEXT_STEP,1,0.05134061660838963,0.05829857886327992,0.9532744980954542,-0.21657306797891301,Fault_Interface,14,0.0,0.0,0.3,0.9532744980954542,-0.21657306797891301,,,,,,,,,,,,,,8.469857061332338,64.19703054678115,55.727173485448816,GENROU_4,6,GENROU_1,1,0.9993816919208709,1.0002752236172925,0.000618308079129104,GENROU_4,6,GENROU_1,1,1.8043273357789,4.751811306559694,GENROU_5,8,GENROU_2,2,1.0002752236172925,1,0.9995434139470094,2,0.9995540209542514,3,0.9993816919208709,6,0.9997583148438831,8
460,2,1.173,0.003,0.03,NEXT_STEP,1,0.05168887034437502,0.058732537692494854,0.955400249233747,-0.2158276300221497,Fault_Interface,14,0.0,0.0,0.3,0.955400249233747,-0.2158276300221497,,,,,,,,,,,,,,8.430302684977368,64.21440347968344,55.78410079470607,GENROU_4,6,GENROU_1,1,0.9993974941638357,1.000260978015494,0.0006025058361642799,GENROU_4,6,GENROU_1,1,1.793142794592038,4.627860705413429,GENROU_5,8,GENROU_2,2,1.000260978015494,1,0.9995372185621628,2,0.9995592244062106,3,0.9993974941638357,6,0.9997539840437649,8
462,2,1.176,0.003,0.03,NEXT_STEP,1,0.05202615327470131,0.059153068066922915,0.9574503283811135,-0.21511289890771915,Fault_Interface,14,0.0,0.0,0.3,0.9574503283811135,-0.21511289890771915,,,,,,,,,,,,,,8.391776970234565,64.23083361253593,55.839056642301365,GENROU_4,6,GENROU_1,1,0.9994134407112063,1.0002461248503232,0.0005865592887936977,GENROU_4,6,GENROU_1,1,1.7823608103438473,4.508606787702983,GENROU_5,8,GENROU_2,2,1.0002461248503232,1,0.9995309944879001,2,0.9995646174295375,3,0.9994134407112063,6,0.9997497839583914,8
464,2,1.179,0.003,0.03,NEXT_STEP,1,0.052352722045464976,0.059560485169844135,0.959427568848491,-0.21442792204173794,Fault_Interface,14,0.0,0.0,0.3,0.959427568848491,-0.21442792204173794,,,,,,,,,,,,,,8.354288812143949,64.24628252756132,55.89199371541737,GENROU_4,6,GENROU_1,1,0.9994295174939012,1.0002306935146579,0.0005704825060988128,GENROU_4,6,GENROU_1,1,1.77197015861051,4.39391460683108,GENROU_5,8,GENROU_2,2,1.0002306935146579,1,0.999524747177805,2,0.9995701889161469,3,0.9994295174939012,6,0.9997457120689133,8
466,2,1.182,0.003,0.03,NEXT_STEP,1,0.05266897939807288,0.05995524501638891,0.9613346083600233,-0.21377182280503487,Fault_Interface,14,0.0,0.0,0.3,0.9613346083600233,-0.21377182280503487,,,,,,,,,,,,,,8.317846194102742,64.260713703433,55.942867509330256,GENROU_4,6,GENROU_1,1,0.9994457103443332,1.000214713148048,0.0005542896556668397,GENROU_4,6,GENROU_1,1,1.761958414744255,4.283630691181136,GENROU_5,8,GENROU_2,2,1.000214713148048,1,0.9995184820658879,2,0.9995759278220048,3,0.9994457103443332,6,0.9997417658952877,8
468,2,1.185,0.003,0.03,NEXT_STEP,1,0.05297509213010459,0.06033756558396412,0.9631740927704792,-0.2131436941840278,Fault_Interface,14,0.0,0.0,0.3,0.9631740927704792,-0.2131436941840278,,,,,,,,,,,,,,8.28245618260491,64.27409249825206,55.99163631564715,GENROU_4,6,GENROU_1,1,0.9994620053501783,1.0001982126179727,0.0005379946498217381,GENROU_4,6,GENROU_1,1,1.7523125012916387,4.17758957458313,GENROU_5,8,GENROU_2,2,1.0001982126179727,1,0.9995122045553195,2,0.9995818232769017,3,0.9994620053501783,6,0.9997379429932842,8
470,2,1.188,0.003,0.03,NEXT_STEP,1,0.053271330365302655,0.060707742067774836,0.9649485148574966,-0.21254269154742164,Fault_Interface,14,0.0,0.0,0.3,0.9649485148574966,-0.21254269154742164,,,,,,,,,,,,,,8.248124944915965,64.28638613138845,56.03826118647249,GENROU_4,6,GENROU_1,1,0.9994783885483111,1.000181220503521,0.0005216114516889414,GENROU_4,6,GENROU_1,1,1.7430190110211439,4.075619109879627,GENROU_5,8,GENROU_2,2,1.000181220503521,1,0.9995059200097359,2,0.9995878645899363,3,0.9994783885483111,6,0.9997342409529776,8
472,2,1.191,0.003,0.03,NEXT_STEP,1,0.05355816315797659,0.061066325577080326,0.9666601398981972,-0.2119680539147301,Fault_Interface,14,0.0,0.0,0.3,0.9666601398981972,-0.2119680539147301,,,,,,,,,,,,,,8.214857745858383,64.29756366396406,56.082705918105674,GENROU_4,6,GENROU_1,1,0.9994948460486772,1.0001637650698003,0.0005051539513227787,GENROU_4,6,GENROU_1,1,1.7340644626910893,3.9775447152471113,GENROU_5,8,GENROU_2,2,1.0001637650698003,1,0.9994996337366118,2,0.9995940412445986,3,0.9994948460486772,6,0.9997306573877507,8
474,2,1.194,0.003,0.03,NEXT_STEP,1,0.053835677107145014,0.061413451345904244,0.96831134300335,-0.21141894960642615,Fault_Interface,14,0.0,0.0,0.3,0.96831134300335,-0.21141894960642615,,,,,,,,,,,,,,8.182658953646799,64.30759597810864,56.124937024461836,GENROU_4,6,GENROU_1,1,0.9994933509823041,1.00014587425565,0.000506649017695926,GENROU_2,2,GENROU_1,1,1.7254355827406747,3.8831926972617956,GENROU_5,8,GENROU_2,2,1.00014587425565,1,0.9994933509823041,2,0.9996003429041167,3,0.9995113640682491,6,0.9997271899350665,8
476,2,1.197,0.003,0.03,NEXT_STEP,1,0.05410423656580487,0.06174951458175845,0.9699042688856814,-0.2108946525440915,Fault_Interface,14,0.0,0.0,0.3,0.9699042688856814,-0.2108946525440915,,,,,,,,,,,,,,8.151532047693351,64.31645575538222,56.16492370768887,GENROU_4,6,GENROU_1,1,0.9994870769266158,1.000127575660201,0.0005129230733842416,GENROU_2,2,GENROU_1,1,1.7171193519645351,3.792392784759806,GENROU_5,8,GENROU_2,2,1.000127575660201,1,0.9994870769266158,2,0.9996067594148909,3,0.999527928957879,6,0.9997238362555041,8
478,2,1.2,0.003,0.03,NEXT_STEP,1,0.054364156251850426,0.062074910944706296,0.9714409795673007,-0.21039445014705194,Fault_Interface,14,0.0,0.0,0.3,0.9714409795673007,-0.21039445014705194,,,,,,,,,,,,,,8.121479627336619,64.32411745410266,56.20263782676604,GENROU_4,6,GENROU_1,1,0.9994808166711606,1.0001088965225287,0.0005191833288393788,GENROU_2,2,GENROU_1,1,1.7091031401724945,3.7049799967835297,GENROU_5,8,GENROU_2,2,1.0001088965225287,1,0.9994808166711606,2,0.9996132808020489,3,0.9995445272039502,6,0.9997205940247311,8
480,2,1.203,0.003,0.03,NEXT_STEP,1,0.054615681928705626,0.06238993480599914,0.9729234978460636,-0.20991764120506023,Fault_Interface,14,0.0,0.0,0.3,0.9729234978460636,-0.20991764120506023,,,,,,,,,,,,,,8.092503421402197,64.33055728568443,56.238053864282236,GENROU_4,6,GENROU_1,1,0.9994745752359185,1.0000898637114768,0.0005254247640814613,GENROU_2,2,GENROU_1,1,1.701374774902969,3.620795956934867,GENROU_5,8,GENROU_2,2,1.0000898637114768,1,0.9994745752359185,2,0.9996198972724034,3,0.9995611454523949,6,0.999717460933881,8
482,2,1.206,0.003,0.03,NEXT_STEP,1,0.05485894782622893,0.06269475172107733,0.9743538290416996,-0.20946352172547528,Fault_Interface,14,0.0,0.0,0.3,0.9743538290416996,-0.20946352172547528,,,,,,,,,,,,,,8.064604301976091,64.33575319043119,56.2711488884551,GENROU_4,6,GENROU_1,1,0.999468357557398,1.0000705037189783,0.0005316424426019539,GENROU_2,2,GENROU_1,1,1.6939216001767703,3.5396897536024925,GENROU_5,8,GENROU_2,2,1.0000705037189783,1,0.999468357557398,2,0.9996265991788336,3,0.9995777705017767,6,0.9997144347455398,8
484,2,1.209,0.003,0.03,NEXT_STEP,1,0.05509438543072384,0.06298985387881278,0.9757337370271065,-0.20903149206415989,Fault_Interface,14,0.0,0.0,0.3,0.9757337370271065,-0.20903149206415989,,,,,,,,,,,,,,8.037782282439059,64.33968481254446,56.3019025301054,GENROU_4,6,GENROU_1,1,0.9994621684804028,1.0000508426425425,0.0005378315195971872,GENROU_2,2,GENROU_1,1,1.6867326008007009,3.461518433433372,GENROU_5,8,GENROU_2,2,1.0000508426425425,1,0.9994621684804028,2,0.9996333771183529,3,0.9995943893890556,6,0.9997115131242267,8
486,2,1.212,0.003,0.03,NEXT_STEP,1,0.05532211343113968,0.06327542148057459,0.9770650694839274,-0.20862089520972735,Fault_Interface,14,0.0,0.0,0.3,0.9770650694839274,-0.20862089520972735,,,,,,,,,,,,,,8.012036552980947,64.34233347414977,56.330296921168824,GENROU_4,6,GENROU_1,1,0.999456012755169,1.000030906172436,0.0005439872448309568,GENROU_2,2,GENROU_1,1,1.6797973638158723,3.386147204621051,GENROU_5,8,GENROU_2,2,1.000030906172436,1,0.999456012755169,2,0.9996402218691518,3,0.999610989331373,6,0.9997086938007385,8
488,2,1.215,0.003,0.03,NEXT_STEP,1,0.05554231145253716,0.06355164886091327,0.978349588659334,-0.2082311162554259,Fault_Interface,14,0.0,0.0,0.3,0.978349588659334,-0.2082311162554259,,,,,,,,,,,,,,7.987365479169547,64.34368214877436,56.356316669604816,GENROU_4,6,GENROU_1,1,0.9994498950395281,1.0000107195875823,0.0005501049604719199,GENROU_2,2,GENROU_1,1,1.6731059021529784,3.3134494158436323,GENROU_5,8,GENROU_2,2,1.0000107195875823,1,0.9994498950395281,2,0.9996471243961225,3,0.9996275577732134,6,0.9997059745203775,8
490,2,1.218,0.003,0.03,NEXT_STEP,1,0.05575535417743382,0.06381897991785403,0.9795888701372454,-0.20786161238236128,Fault_Interface,14,0.0,0.0,0.3,0.9795888701372454,-0.20786161238236128,,,,,,,,,,,,,,7.963766620061481,64.3437154341839,56.37994881412243,GENROU_4,6,GENROU_1,1,0.9994438198905197,0.999990307739873,0.0005561801094803309,GENROU_2,2,GENROU_1,1,1.666648632317094,3.2433063651865575,GENROU_5,8,GENROU_2,2,0.999990307739873,1,0.9994438198905197,2,0.999654075844955,3,0.9996440823777721,6,0.9997033530360109,8
492,2,1.221,0.003,0.03,NEXT_STEP,1,0.05596133168614881,0.06407755232273761,0.9807845753959741,-0.20751178982529764,Fault_Interface,14,0.0,0.0,0.3,0.9807845753959741,-0.20751178982529764,,,,,,,,,,,,,,7.941236742831763,64.34241952450938,56.40118278167762,GENROU_4,6,GENROU_1,1,0.9994377917637769,0.9999696950479506,0.0005622082362231051,GENROU_2,2,GENROU_1,1,1.660416433711235,3.1756069865488707,GENROU_5,8,GENROU_2,2,0.9999696950479506,1,0.9994377917637769,2,0.9996610674383334,3,0.9996605510410638,6,0.9997008271094866,8
494,2,1.224,0.003,0.03,NEXT_STEP,1,0.056160548177772586,0.06432770551292781,0.9819381995367288,-0.20718113283262568,Fault_Interface,14,0.0,0.0,0.3,0.9819381995367288,-0.20718113283262568,,,,,,,,,,,,,,7.9197718382554205,64.33978218196634,56.42001034371092,GENROU_4,6,GENROU_1,1,0.999431815012908,0.9999489054908443,0.0005681849870919908,GENROU_2,2,GENROU_1,1,1.6544005730249247,3.11024745153392,GENROU_5,8,GENROU_2,2,0.9999489054908443,1,0.999431815012908,2,0.9996680907100887,3,0.9996769519041108,6,0.9996983945125388,8
496,2,1.227,0.003,0.03,NEXT_STEP,1,0.05635309447711453,0.0645695774937275,0.9830512809272712,-0.20686909021853098,Fault_Interface,14,0.0,0.0,0.3,0.9830512809272712,-0.20686909021853098,,,,,,,,,,,,,,7.8993671367821925,64.3357927081318,56.436425571349616,GENROU_4,6,GENROU_1,1,0.9994258938876236,0.9999279626006828,0.0005741061123764046,GENROU_2,2,GENROU_1,1,1.6485927397867175,3.0471307172043507,GENROU_5,8,GENROU_2,2,0.9999279626006828,1,0.9994258938876236,2,0.9996751373406566,3,0.9996932733590612,6,0.9996960530263677,8
498,2,1.23,0.003,0.03,NEXT_STEP,1,0.05653928313871586,0.06480351836258218,0.9841251920401299,-0.20657518877092065,Fault_Interface,14,0.0,0.0,0.3,0.9841251920401299,-0.20657518877092065,,,,,,,,,,,,,,7.880017124966369,64.33044191476364,56.45042478979727,GENROU_4,6,GENROU_1,1,0.9994200325319968,0.9999068894558553,0.0005799674680031508,GENROU_2,2,GENROU_1,1,1.6429849778750754,2.9861660456151724,GENROU_5,8,GENROU_2,2,0.9999068894558553,1,0.9994200325319968,2,0.999682199194596,3,0.9997095040540307,6,0.9996938004412019,8
500,2,1.233,0.003,0.03,NEXT_STEP,1,0.05671932632051594,0.06502980780147993,0.985161289445894,-0.20629894740296742,Fault_Interface,14,0.0,0.0,0.3,0.985161289445894,-0.20629894740296742,,,,,,,,,,,,,,7.8617155619352435,64.3237220941097,56.462006532174456,GENROU_4,6,GENROU_1,1,0.999414234980496,0.9998857086721094,0.0005857650195040254,GENROU_2,2,GENROU_1,1,1.6375697053249192,2.9272685140751595,GENROU_5,8,GENROU_2,2,0.9998857086721094,1,0.999414234980496,2,0.9996892683174053,3,0.999725632889453,6,0.9996916345533633,8
502,2,1.236,0.003,0.03,NEXT_STEP,1,0.0568933591875478,0.06524861074986614,0.9861609284457363,-0.2060398853825842,Fault_Interface,14,0.0,0.0,0.3,0.9861609284457363,-0.2060398853825842,,,,,,,,,,,,,,7.844455496262808,64.31562698890008,56.47117149263727,GENROU_4,6,GENROU_1,1,0.9994085051606322,0.9998644424016678,0.0005914948393678232,GENROU_2,2,GENROU_1,1,1.6323396968056583,2.870358530364266,GENROU_5,8,GENROU_2,2,0.9998644424016678,1,0.9994085051606322,2,0.9996963369389951,3,0.9997416490342372,6,0.9996895531694134,8
504,2,1.239,0.003,0.03,NEXT_STEP,1,0.05706162840437373,0.06546021801529768,0.9871253482291099,-0.20579757965782292,Fault_Interface,14,0.0,0.0,0.3,0.9871253482291099,-0.20579757965782292,,,,,,,,,,,,,,7.8282292834042195,64.30615176212262,56.477922478718405,GENROU_4,6,GENROU_1,1,0.9994028468913071,0.9998431123274233,0.0005971531086929049,GENROU_2,2,GENROU_1,1,1.6272884879845095,2.8153613646594997,GENROU_5,8,GENROU_2,2,0.9998431123274233,1,0.9994028468913071,2,0.9997033974725363,3,0.9997575419269175,6,0.9996875541053309,8
506,2,1.242,0.003,0.03,NEXT_STEP,1,0.05722419766400731,0.0656647263975656,0.9880558452576736,-0.20557154691402352,Fault_Interface,14,0.0,0.0,0.3,0.9880558452576736,-0.20557154691402352,,,,,,,,,,,,,,7.8130286048072985,64.29529296333492,56.482264358527615,GENROU_4,6,GENROU_1,1,0.9993972639312901,0.9998217394541776,0.0006027360687098637,GENROU_2,2,GENROU_1,1,1.6224161082771795,2.7622067031588706,GENROU_5,8,GENROU_2,2,0.9998217394541776,1,0.9993972639312901,2,0.9997104425246225,3,0.999773301326264,6,0.9996856351669282,8
508,2,1.245,0.003,0.03,NEXT_STEP,1,0.05738139191756322,0.0658625039900805,0.9889535262025094,-0.2053614126157046,Fault_Interface,14,0.0,0.0,0.3,0.9889535262025094,-0.2053614126157046,,,,,,,,,,,,,,7.798844484376363,64.28304849396363,56.48420400958727,GENROU_4,6,GENROU_1,1,0.9993917598385061,0.9998003447098803,0.000608240161493856,GENROU_2,2,GENROU_1,1,1.6177077748921829,2.71082823546703,GENROU_5,8,GENROU_2,2,0.9998003447098803,1,0.9993917598385061,2,0.9997174648662741,3,0.9997889171789541,6,0.9996837942119063,8
510,2,1.248,0.003,0.03,NEXT_STEP,1,0.05753332198077383,0.06605371750342258,0.9898195560505487,-0.20516675607106238,Fault_Interface,14,0.0,0.0,0.3,0.9898195560505487,-0.20516675607106238,,,,,,,,,,,,,,7.785667304763903,64.26941759295907,56.48375028819517,GENROU_4,6,GENROU_1,1,0.9993863381025218,0.9998043797465872,0.000613661897478246,GENROU_2,2,GENROU_4,6,1.6131577173500435,2.6611632714003854,GENROU_5,8,GENROU_2,2,0.9997789483483259,1,0.9993863381025218,2,0.9997244574572329,3,0.9998043797465872,6,0.999682029086428,8
512,2,1.251,0.003,0.03,NEXT_STEP,1,0.057680089944351004,0.0662384815561042,0.9906550759510974,-0.20498717136616834,Fault_Interface,14,0.0,0.0,0.3,0.9906550759510974,-0.20498717136616834,,,,,,,,,,,,,,7.773486826935556,64.25440079619771,56.48091396926216,GENROU_4,6,GENROU_1,1,0.9993810021057329,0.9998196795796983,0.0006189978942671148,GENROU_2,2,GENROU_4,6,1.6087603772266148,2.613152392720313,GENROU_5,8,GENROU_2,2,0.999757570144355,1,0.9993810021057329,2,0.9997314134422217,3,0.9998196795796983,6,0.9996803376513592,8
514,2,1.254,0.003,0.03,NEXT_STEP,1,0.05782183436080769,0.06641696479865712,0.9914611610565369,-0.2048222753830496,Fault_Interface,14,0.0,0.0,0.3,0.9914611610565369,-0.2048222753830496,,,,,,,,,,,,,,7.762292208857545,64.2379999053457,56.47570769648816,GENROU_4,6,GENROU_1,1,0.9993757551226236,0.9998348075166594,0.0006242448773764453,GENROU_2,2,GENROU_4,6,1.6045103927849085,2.5667391374614605,GENROU_5,8,GENROU_2,2,0.9997362293907486,1,0.9993757551226236,2,0.9997383261498922,3,0.9998348075166594,6,0.9996787177819859,8
516,2,1.2570000000000001,0.003,0.03,NEXT_STEP,1,0.05795881563225535,0.06658947736744214,0.992238778228407,-0.20467172932490116,Fault_Interface,14,0.0,0.0,0.3,0.992238778228407,-0.20467172932490116,,,,,,,,,,,,,,7.752072023804153,64.22021795643437,56.468145932630215,GENROU_4,6,GENROU_1,1,0.999370600316298,0.9998497546730507,0.0006293996837020144,GENROU_2,2,GENROU_4,6,1.6004025853046213,2.5218697170372653,GENROU_5,8,GENROU_2,2,0.9997149448924423,1,0.999370600316298,2,0.9997451890886928,3,0.9998497546730507,6,0.9996771673649335,8
518,2,1.26,0.003,0.03,NEXT_STEP,1,0.058091226433038885,0.0667562682260472,0.9929888860241846,-0.20453519093690126,Fault_Interface,14,0.0,0.0,0.3,0.9929888860241846,-0.20453519093690126,,,,,,,,,,,,,,7.742814278202178,64.20105918815982,56.45824490995764,GENROU_4,6,GENROU_1,1,0.9993655407373313,0.9998645124379995,0.0006344592626686962,GENROU_2,2,GENROU_4,6,1.5964319772597115,2.4784927654219477,GENROU_5,8,GENROU_2,2,0.999693734963795,1,0.9993655407373313,2,0.9997519959448798,3,0.9998645124379995,6,0.9996756842974779,8
520,2,1.263,0.003,0.03,NEXT_STEP,1,0.05821910211596102,0.0669173916861946,0.9937124965817398,-0.20441229285305626,Fault_Interface,14,0.0,0.0,0.3,0.9937124965817398,-0.20441229285305626,,,,,,,,,,,,,,7.7345064298481025,64.18052901024365,56.44602258039554,GENROU_4,6,GENROU_1,1,0.9993605793287185,0.9998790724893438,0.000639420671281532,GENROU_2,2,GENROU_4,6,1.5925937972016442,2.436559118446705,GENROU_5,8,GENROU_2,2,0.9996726174332056,1,0.9993605793287185,2,0.9997587405867719,3,0.9998790724893438,6,0.9996742664932893,8
522,2,1.266,0.003,0.03,NEXT_STEP,1,0.058342545707020105,0.06707296331904879,0.9944105550179511,-0.2043026971664774,Fault_Interface,14,0.0,0.0,0.3,0.9944105550179511,-0.2043026971664774,,,,,,,,,,,,,,7.7271354067957985,64.15863397198906,56.431498565193266,GENROU_4,6,GENROU_1,1,0.999355719030134,0.9998934267991653,0.0006442809698660179,GENROU_2,2,GENROU_4,6,1.5888834426957512,2.396021620037243,GENROU_5,8,GENROU_2,2,0.9996516096445409,1,0.999355719030134,2,0.9997654170661531,3,0.9998934267991653,6,0.9996729118849951,8
524,2,1.2690000000000001,0.003,0.03,NEXT_STEP,1,0.058461939221681816,0.06722343324238161,0.9950838132014159,-0.20420614631545617,Fault_Interface,14,0.0,0.0,0.3,0.9950838132014159,-0.20420614631545617,,,,,,,,,,,,,,7.720687625623008,64.13538173059484,56.41469410497184,GENROU_4,6,GENROU_1,1,0.9993509624702853,0.999907567609082,0.00064903752971468,GENROU_2,2,GENROU_4,6,1.5852964481483214,2.3568349529554067,GENROU_5,8,GENROU_2,2,0.9996307284482361,1,0.9993509624702853,2,0.9997720196098238,3,0.999907567609082,6,0.9996716184167332,8
526,2,1.272,0.003,0.03,NEXT_STEP,1,0.05857717487940506,0.0673687229642901,0.9957332449622857,-0.20412227299861116,Fault_Interface,14,0.0,0.0,0.3,0.9957332449622857,-0.20412227299861116,,,,,,,,,,,,,,7.71514900931886,64.11078101935944,56.39563201004058,GENROU_4,6,GENROU_1,1,0.9993463122665478,0.9999214874432591,0.0006536877334522018,GENROU_2,2,GENROU_4,6,1.5818285715092726,2.3189554924463742,GENROU_5,8,GENROU_2,2,0.9996099902067686,1,0.9993463122665478,2,0.9997785426232837,3,0.9999214874432591,6,0.9996703840498247,8
528,2,1.275,0.003,0.03,NEXT_STEP,1,0.05868839290852103,0.06750896263961736,0.9963596833853948,-0.2040507846827902,Fault_Interface,14,0.0,0.0,0.3,0.9963596833853948,-0.2040507846827902,,,,,,,,,,,,,,7.710505006086955,64.08484161626325,56.37433661017629,GENROU_4,6,GENROU_1,1,0.9993417709344531,0.9999351791236574,0.0006582290655469114,GENROU_2,2,GENROU_4,6,1.5784757005698395,2.282341179291518,GENROU_5,8,GENROU_2,2,0.9995894108009105,1,0.9993417709344531,2,0.999784980695379,3,0.9999351791236574,6,0.9996692067688068,8
530,2,1.278,0.003,0.03,NEXT_STEP,1,0.05879590075743512,0.06764453131418864,0.9969638185575901,-0.2039914381466434,Fault_Interface,14,0.0,0.0,0.3,0.9969638185575901,-0.2039914381466434,,,,,,,,,,,,,,7.706740607666306,64.05757431244005,56.35083370477375,GENROU_4,6,GENROU_1,1,0.9993373408793526,0.9999486357399029,0.0006626591206474464,GENROU_2,2,GENROU_4,6,1.5752338501411378,2.246951410497435,GENROU_5,8,GENROU_2,2,0.9995690056200303,1,0.9993373408793526,2,0.9997913285882476,3,0.9999486357399029,6,0.9996680845723336,8
532,2,1.2810000000000001,0.003,0.03,NEXT_STEP,1,0.05889966855675261,0.06777542587863777,0.9975464919403879,-0.20394391836110004,Fault_Interface,14,0.0,0.0,0.3,0.9975464919403879,-0.20394391836110004,,,,,,,,,,,,,,7.703840366981523,64.02899088051343,56.32515051353191,GENROU_4,6,GENROU_1,1,0.999333024400654,0.999961850658715,0.0006669755993460313,GENROU_2,2,GENROU_4,6,1.5720992217748733,2.2127469452395374,GENROU_5,8,GENROU_2,2,0.9995487895676023,1,0.999333024400654,2,0.9997975812399292,3,0.999961850658715,6,0.99966701547797,8
534,2,1.284,0.003,0.03,NEXT_STEP,1,0.058999764534047434,0.06790170932074167,0.9981084790949156,-0.20390794577291416,Fault_Interface,14,0.0,0.0,0.3,0.9981084790949156,-0.20390794577291416,,,,,,,,,,,,,,7.7017884165658685,63.99910404334213,56.29731562677626,GENROU_4,6,GENROU_1,1,0.9993288236977207,0.9999748175383326,0.0006711763022793082,GENROU_2,2,GENROU_4,6,1.5690681448479282,2.1796898242181206,GENROU_5,8,GENROU_2,2,0.9995287770683603,1,0.9993288236977207,2,0.9998037337687897,3,0.9999748175383326,6,0.999665997528156,8
536,2,1.287,0.003,0.03,NEXT_STEP,1,0.05909645718967482,0.06802370214178517,0.9986504084147545,-0.20388329801303817,Fault_Interface,14,0.0,0.0,0.3,0.9986504084147545,-0.20388329801303817,,,,,,,,,,,,,,7.7005684867160795,63.96792744280573,56.26735895608965,GENROU_4,6,GENROU_1,1,0.9993247408642445,0.9999875303058097,0.0006752591357555016,GENROU_2,2,GENROU_4,6,1.5661370551694864,2.147743299895868,GENROU_5,8,GENROU_2,2,0.9995089820623804,1,0.9993247408642445,2,0.9998097814659351,3,0.9999875303058097,6,0.9996650287837927,8
538,2,1.29,0.003,0.03,NEXT_STEP,1,0.05918983337004728,0.0681415350459853,0.9991729725753887,-0.20386971751166738,Fault_Interface,14,0.0,0.0,0.3,0.9991729725753887,-0.20386971751166738,,,,,,,,,,,,,,7.700163922784461,63.9354756084508,56.23531168566634,GENROU_4,6,GENROU_1,1,0.9993207778886125,0.999999983153091,0.0006792221113874897,GENROU_2,2,GENROU_4,6,1.5633025383687833,2.1168717766569216,GENROU_5,8,GENROU_2,2,0.999489418006661,1,0.9993207778886125,2,0.9998157197935189,3,0.999999983153091,6,0.9996641073245423,8
540,2,1.2930000000000001,0.003,0.03,NEXT_STEP,1,0.05928001055537309,0.06825534442195406,0.9996768313092539,-0.2038669644741432,Fault_Interface,14,0.0,0.0,0.3,0.9996768313092539,-0.2038669644741432,,,,,,,,,,,,,,7.700557702598956,63.90176392637758,56.20120622377863,GENROU_4,6,GENROU_1,1,0.9993169366580251,1.0000121705448872,0.0006830633419748766,GENROU_2,2,GENROU_4,6,1.5605613012844013,2.0870407596801392,GENROU_5,8,GENROU_2,2,0.9994700979787338,1,0.9993169366580251,2,0.9998215443868997,3,1.0000121705448872,6,0.9996632312527842,8
542,2,1.296,0.003,0.03,NEXT_STEP,1,0.059367027611944935,0.06836518884881361,1.000162657418708,-0.20387478788003177,Fault_Interface,14,0.0,0.0,0.3,1.000162657418708,-0.20387478788003177,,,,,,,,,,,,,,7.701732454155517,63.866808614763734,56.165076160608216,GENROU_4,6,GENROU_1,1,0.9993132189604876,1.000024087219204,0.000686781039512363,GENROU_2,2,GENROU_4,6,1.5579101762203584,2.0582168105280267,GENROU_5,8,GENROU_2,2,0.9994510343788636,1,0.9993132189604876,2,0.9998272510545602,3,1.000024087219204,6,0.9996623986952029,8
544,2,1.299,0.003,0.03,NEXT_STEP,1,0.059450998822174805,0.06847119954004253,1.0006310801606875,-0.2038929195913763,Fault_Interface,14,0.0,0.0,0.3,1.0006310801606875,-0.2038929195913763,,,,,,,,,,,,,,7.703670473237675,63.8306266800651,56.12695620682743,GENROU_4,6,GENROU_1,1,0.9993096264858616,1.0000357281845662,0.0006903735141383649,GENROU_2,2,GENROU_4,6,1.555345134684951,2.03036750775662,GENROU_5,8,GENROU_2,2,0.999432239241549,1,0.9993096264858616,2,0.9998328357769644,3,1.0000357281845662,6,0.9996616078033888,8
546,2,1.302,0.003,0.03,NEXT_STEP,1,0.059531963624548,0.06857343577738514,1.001082684664795,-0.2039212106019431,Fault_Interface,14,0.0,0.0,0.3,1.001082684664795,-0.2039212106019431,,,,,,,,,,,,,,7.7063537415506715,63.793235895960606,56.086882154409935,GENROU_4,6,GENROU_1,1,0.9993061606718239,1.0000470887386743,0.0006938393281761268,GENROU_2,2,GENROU_4,6,1.5528581490022244,2.0034614163730264,GENROU_5,8,GENROU_2,2,0.999413724212016,1,0.9993061606718239,2,0.9998382947499834,3,1.0000470887386743,6,0.9996608567941148,8
548,2,1.305,0.003,0.03,NEXT_STEP,1,0.059610156765739324,0.06867216767083656,1.0015179923442252,-0.20395944019080642,Fault_Interface,14,0.0,0.0,0.3,1.0015179923442252,-0.20395944019080642,,,,,,,,,,,,,,7.7097639433785465,63.754654770031635,56.04489082665309,GENROU_4,6,GENROU_1,1,0.999302823162799,1.0000581644041613,0.0006971768372010523,GENROU_2,2,GENROU_4,6,1.5504540223185312,1.9774680510639089,GENROU_5,8,GENROU_2,2,0.999395500296349,1,0.999302823162799,2,0.9998436242517624,3,1.0000581644041613,6,0.9996601438264352,8
550,2,1.308,0.003,0.03,NEXT_STEP,1,0.05968554630584115,0.06876738931635627,1.0019376145609409,-0.20400737094618385,Fault_Interface,14,0.0,0.0,0.3,1.0019376145609409,-0.20400737094618385,,,,,,,,,,,,,,7.713882481503315,63.714902511036044,56.001020029532725,GENROU_4,6,GENROU_1,1,0.9992996153570631,1.00006895097006,0.0007003846429368688,GENROU_2,2,GENROU_4,6,1.5481296762086578,1.9523578495547906,GENROU_5,8,GENROU_2,2,0.9993775781297132,1,0.9992996153570631,2,0.9998488207670246,3,1.00006895097006,6,0.9996594671258036,8
552,2,1.311,0.003,0.03,NEXT_STEP,1,0.05975832622935302,0.0688593094290626,1.0023420342077478,-0.2040648290922244,Fault_Interface,14,0.0,0.0,0.3,1.0023420342077478,-0.2040648290922244,,,,,,,,,,,,,,7.718690494169751,63.67399900203964,55.955308507869894,GENROU_4,6,GENROU_1,1,0.9992965385588004,1.0000794444826078,0.0007034614411995932,GENROU_2,2,GENROU_4,6,1.545882176426013,1.928102145937451,GENROU_5,8,GENROU_2,2,0.9993599678889167,1,0.9992965385588004,2,0.9998538809466583,3,1.0000794444826078,6,0.9996588249441282,8
554,2,1.314,0.003,0.03,NEXT_STEP,1,0.059828461602132246,0.06894791735911446,1.0027318223501036,-0.20413159054151223,Fault_Interface,14,0.0,0.0,0.3,1.0027318223501036,-0.20413159054151223,,,,,,,,,,,,,,7.724168871646602,63.63196477083572,55.90779589918912,GENROU_4,6,GENROU_1,1,0.9992935939793187,1.0000896412419864,0.0007064060206812828,GENROU_2,2,GENROU_4,6,1.5437087617011525,1.9046731472794947,GENROU_5,8,GENROU_2,2,0.9993426792961474,1,0.9992935939793187,2,0.9998588016063018,3,1.0000896412419864,6,0.9996582155602511,8
556,2,1.317,0.003,0.03,NEXT_STEP,1,0.05989614675647323,0.06903342273087824,1.003107420644827,-0.20420749497596383,Fault_Interface,14,0.0,0.0,0.3,1.003107420644827,-0.20420749497596383,,,,,,,,,,,,,,7.730298272567914,63.58882096060923,55.85852268804132,GENROU_4,6,GENROU_1,1,0.9992907827382143,1.000099537798795,0.000709217261785744,GENROU_2,2,GENROU_4,6,1.5416067803562103,1.8820439115910654,GENROU_5,8,GENROU_2,2,0.999325721622788,1,0.9992907827382143,2,0.9998635797248068,3,1.000099537798795,6,0.9996576372803196,8
558,2,1.32,0.003,0.03,NEXT_STEP,1,0.05996134787351086,0.06911581588647349,1.0034693599857571,-0.20429233164686164,Fault_Interface,14,0.0,0.0,0.3,1.0034693599857571,-0.20429233164686164,,,,,,,,,,,,,,7.737059140041971,63.54458930085356,55.80753016081159,GENROU_4,6,GENROU_1,1,0.999288105864546,1.0001091309504044,0.0007118941354540276,GENROU_2,2,GENROU_4,6,1.5395737256580124,1.8601883268786683,GENROU_5,8,GENROU_2,2,0.999309103693395,1,0.999288105864546,2,0.99986821244263,3,1.0001091309504044,6,0.9996570884381086,8
560,2,1.323,0.003,0.03,NEXT_STEP,1,0.06002426007444647,0.06919530789966731,1.0038180431269863,-0.20438595292622053,Fault_Interface,14,0.0,0.0,0.3,1.0038180431269863,-0.20438595292622053,,,,,,,,,,,,,,7.744431717523725,63.49929207855034,55.754860361026616,GENROU_4,6,GENROU_1,1,0.9992855642980313,1.000118417737304,0.0007144357019687186,GENROU_2,2,GENROU_4,6,1.5376071775964295,1.8390810910873394,GENROU_5,8,GENROU_2,2,0.9992928338898391,1,0.9992855642980313,2,0.9998726970601833,3,1.000118417737304,6,0.9996565673953214,8
562,2,1.326,0.003,0.03,NEXT_STEP,1,0.060084969707071875,0.06927202806844651,1.0041538980648426,-0.20448818937937938,Fault_Interface,14,0.0,0.0,0.3,1.0041538980648426,-0.20448818937937938,,,,,,,,,,,,,,7.752396064189826,63.45295210952487,55.70055604533505,GENROU_4,6,GENROU_1,1,0.9992769201525846,1.000127395431403,0.0007230798474153755,GENROU_1,1,GENROU_4,6,1.535704829366485,1.81869769293729,GENROU_5,8,GENROU_2,2,0.9992769201525846,1,0.9992831588876389,2,0.9998770310334719,3,1.000127395431403,6,0.9996560725390532,8
564,2,1.329,0.003,0.03,NEXT_STEP,1,0.0601434811208969,0.0693459835239206,1.004477389236116,-0.20459885893626067,Fault_Interface,14,0.0,0.0,0.3,1.004477389236116,-0.20459885893626067,,,,,,,,,,,,,,7.7609320702312425,63.405592710146905,55.644660639915664,GENROU_4,6,GENROU_1,1,0.9992613699900709,1.000136061545184,0.000738630009929131,GENROU_1,1,GENROU_4,6,1.533864480220097,1.7990143935515037,GENROU_5,8,GENROU_2,2,0.9992613699900709,1,0.9992808903969719,2,0.9998812119765098,3,1.000136061545184,6,0.9996556022865639,8
566,2,1.332,0.003,0.03,NEXT_STEP,1,0.060199790996249,0.06941717011768093,1.0047889697194277,-0.20471778280201464,Fault_Interface,14,0.0,0.0,0.3,1.0047889697194277,-0.20471778280201464,,,,,,,,,,,,,,7.7700194725187774,63.35723766955543,55.587218197036655,GENROU_4,6,GENROU_1,1,0.9992461904855008,1.000144413834061,0.0007538095144992152,GENROU_1,1,GENROU_4,6,1.532084016890518,1.795167457220245,GENROU_5,8,GENROU_4,6,0.9992461904855008,1,0.9992787595075464,2,0.9998852376616502,3,1.000144413834061,6,0.9996551550875117,8
568,2,1.335,0.003,0.03,NEXT_STEP,1,0.06025413589918948,0.06948585915479338,1.0050889464135004,-0.2048448450871433,Fault_Interface,14,0.0,0.0,0.3,1.0050889464135004,-0.2048448450871433,,,,,,,,,,,,,,7.779637869713346,63.30791122206502,55.528273352351675,GENROU_4,6,GENROU_1,1,0.9992313882956593,1.00015245017029,0.000768611704340727,GENROU_1,1,GENROU_4,6,1.530361381362087,1.7932812571610404,GENROU_5,8,GENROU_4,6,0.9992313882956593,1,0.9992767668150246,2,0.9998891059097916,3,1.00015245017029,6,0.9996547294187504,8
570,2,1.338,0.003,0.03,NEXT_STEP,1,0.06030648649534952,0.0695520487776566,1.0053777423530414,-0.20497987029667455,Fault_Interface,14,0.0,0.0,0.3,1.0053777423530414,-0.20497987029667455,,,,,,,,,,,,,,7.789766733221731,63.25763801971735,55.467871286495615,GENROU_4,6,GENROU_1,1,0.9992169696565733,1.0001601688536481,0.0007830303434267494,GENROU_1,1,GENROU_4,6,1.5286946232753902,1.7914551446702747,GENROU_5,8,GENROU_4,6,0.9992169696565733,1,0.9992749128310155,2,0.999892814892904,3,1.0001601688536481,6,0.9996543237852402,8
572,2,1.341,0.003,0.03,NEXT_STEP,1,0.0603569212668387,0.06961581592759113,1.005655722822283,-0.20512271554245476,Fault_Interface,14,0.0,0.0,0.3,1.005655722822283,-0.20512271554245476,,,,,,,,,,,,,,7.800385424989683,63.20644310530776,55.40605768031808,GENROU_4,6,GENROU_1,1,0.9992029403925135,1.0001675683126514,0.0007970596074865499,GENROU_1,1,GENROU_4,6,1.5270818560912758,1.7896870060680319,GENROU_5,8,GENROU_4,6,0.9992029403925135,1,0.9992731979877862,2,0.9998963628366802,3,1.0001675683126514,6,0.99965393672384,8
574,2,1.344,0.003,0.03,NEXT_STEP,1,0.06040548110927622,0.0696772219102601,1.0059232492292045,-0.20527323229911537,Fault_Interface,14,0.0,0.0,0.3,1.0059232492292045,-0.20527323229911537,,,,,,,,,,,,,,7.811473215471917,63.15435188580948,55.34287867033757,GENROU_4,6,GENROU_1,1,0.9991893059192682,1.0001746471954964,0.0008106940807317553,GENROU_1,1,GENROU_4,6,1.5255212655269939,1.7879748171606078,GENROU_5,8,GENROU_4,6,0.9991893059192682,1,0.999271622638079,2,0.9998997481151448,3,1.0001746471954964,6,0.9996535668017518,8
576,2,1.347,0.003,0.03,NEXT_STEP,1,0.06045216719370321,0.0697362689368901,1.0061806755236773,-0.20543131334807627,Fault_Interface,14,0.0,0.0,0.3,1.0061806755236773,-0.20543131334807627,,,,,,,,,,,,,,7.823009526954413,63.10139010615312,55.2783805791987,GENROU_4,6,GENROU_1,1,0.999176071355449,1.000181411673791,0.000823928644551053,GENROU_1,1,GENROU_4,6,1.5240120861653208,1.7863171847890031,GENROU_5,8,GENROU_4,6,0.999176071355449,1,0.9992701870581204,2,0.9999029692504064,3,1.000181411673791,6,0.9996532126188081,8
578,2,1.35,0.003,0.03,NEXT_STEP,1,0.06049721785592917,0.06979323132659862,1.0064282792163208,-0.20559677026727133,Fault_Interface,14,0.0,0.0,0.3,1.0064282792163208,-0.20559677026727133,,,,,,,,,,,,,,7.834973962299128,63.0475838334701,55.21260987117097,GENROU_4,6,GENROU_1,1,0.9991632413323664,1.000187868324699,0.0008367586676335526,GENROU_1,1,GENROU_4,6,1.522555406262279,1.784716906164676,GENROU_5,8,GENROU_4,6,0.9991632413323664,1,0.9992688916328043,2,0.9999060247842778,3,1.000187868324699,6,0.9996528727624044,8
580,2,1.353,0.003,0.03,NEXT_STEP,1,0.06054048438501166,0.06984796994305101,1.0066664508134777,-0.20576945791743184,Fault_Interface,14,0.0,0.0,0.3,1.0066664508134777,-0.20576945791743184,,,,,,,,,,,,,,7.847347236055299,62.99295941611721,55.14561218006191,GENROU_4,6,GENROU_1,1,0.9991508199894779,1.0001940306526205,0.0008491800105221436,GENROU_1,1,GENROU_4,6,1.5211446972885276,1.7831655827063397,GENROU_5,8,GENROU_4,6,0.9991508199894779,1,0.9992677363037858,2,0.9999089136437145,3,1.0001940306526205,6,0.9996525459363526,8
582,2,1.356,0.003,0.03,NEXT_STEP,1,0.06058212011634454,0.06990063140194261,1.0068954531587246,-0.20594926210617823,Fault_Interface,14,0.0,0.0,0.3,1.0068954531587246,-0.20594926210617823,,,,,,,,,,,,,,7.8601102537509595,62.93754346126617,55.07743320751521,GENROU_4,6,GENROU_1,1,0.9991388111753967,1.0001998977151327,0.0008611888246032873,GENROU_1,1,GENROU_4,6,1.519778632481043,1.7816617903773788,GENROU_5,8,GENROU_4,6,0.9991388111753967,1,0.999266721127781,2,0.9999116347856284,3,1.0001998977151327,6,0.999652230840145,8
584,2,1.359,0.003,0.03,NEXT_STEP,1,0.06062220922068835,0.06995134227953391,1.007115553089304,-0.20613605425782275,Fault_Interface,14,0.0,0.0,0.3,1.007115553089304,-0.20613605425782275,,,,,,,,,,,,,,7.873243849472775,62.8813628132161,55.00811896374333,GENROU_4,6,GENROU_1,1,0.9991272183602391,1.0002054684902362,0.0008727816397609001,GENROU_1,1,GENROU_4,6,1.5184558930842396,1.7802041116056448,GENROU_5,8,GENROU_4,6,0.9991272183602391,1,0.9992658460898999,2,0.9999141873063099,3,1.0002054684902362,6,0.9996519262052348,8
586,2,1.362,0.003,0.03,NEXT_STEP,1,0.060660878216924535,0.07000025122453685,1.0073269911802718,-0.20632972189904877,Fault_Interface,14,0.0,0.0,0.3,1.0073269911802718,-0.20632972189904877,,,,,,,,,,,,,,7.886728796290302,62.8244445290618,54.9377157327715,GENROU_4,6,GENROU_1,1,0.9991160446416516,1.000210742116653,0.0008839553583483983,GENROU_1,1,GENROU_4,6,1.5171751714502255,1.7787911398205962,GENROU_5,8,GENROU_4,6,0.9991160446416516,1,0.9992651111051669,2,0.999916570439525,3,1.000210742116653,6,0.9996516307954524,8
588,2,1.365,0.003,0.03,NEXT_STEP,1,0.06069793292568062,0.07004715020883369,1.0075301655918167,-0.2065300795093337,Fault_Interface,14,0.0,0.0,0.3,1.0075301655918167,-0.2065300795093337,,,,,,,,,,,,,,7.900545817214013,62.7668158607884,54.86627004357439,GENROU_4,6,GENROU_1,1,0.9991052927573174,1.0002157179105922,0.0008947072426825908,GENROU_1,1,GENROU_4,6,1.5159352142498275,1.777421535687657,GENROU_5,8,GENROU_4,6,0.9991052927573174,1,0.9992645160255854,2,0.9999187835602985,3,1.0002157179105922,6,0.9996513434131804,8
590,2,1.368,0.003,0.03,NEXT_STEP,1,0.06073352225076627,0.07009218014412884,1.007725294993123,-0.206737028534465,Fault_Interface,14,0.0,0.0,0.3,1.007725294993123,-0.206737028534465,,,,,,,,,,,,,,7.914675596576865,62.708504215031645,54.79382861845478,GENROU_4,6,GENROU_1,1,0.9990949650896963,1.0002203953620612,0.0009050349103036925,GENROU_1,1,GENROU_4,6,1.5147347538079334,1.7760939368407855,GENROU_5,8,GENROU_4,6,0.9990949650896963,1,0.9992640606407622,2,0.9999208261822208,3,1.0002203953620612,6,0.9996510628984409,8
592,2,1.371,0.003,0.03,NEXT_STEP,1,0.060767731255217984,0.07013546768235336,1.0079126008458166,-0.20695045679890386,Fault_Interface,14,0.0,0.0,0.3,1.0079126008458166,-0.20695045679890386,,,,,,,,,,,,,,7.92909879061124,62.64953714666616,54.72043835605492,GENROU_4,6,GENROU_1,1,0.9990850636644555,1.0002247741137331,0.0009149363355445139,GENROU_1,1,GENROU_4,6,1.5135725539821379,1.7748070160124325,GENROU_5,8,GENROU_4,6,0.9990850636644555,1,0.9992637446728818,2,0.999922697948892,3,1.0002247741137331,6,0.9996507881221723,8
594,2,1.374,0.003,0.03,NEXT_STEP,1,0.060800686712076106,0.0701771622234676,1.0080922797241094,-0.20717026738218466,Fault_Interface,14,0.0,0.0,0.3,1.0080922797241094,-0.20717026738218466,,,,,,,,,,,,,,7.943796037316599,62.58994233047593,54.64614629315933,GENROU_4,6,GENROU_1,1,0.9990755901568336,1.0002288539601754,0.0009244098431664405,GENROU_1,1,GENROU_4,6,1.5124474077320083,1.7735594788743878,GENROU_5,8,GENROU_4,6,0.9990755901568336,1,0.9992635677781896,2,0.9999243986318391,3,1.0002288539601754,6,0.9996505179865047,8
596,2,1.377,0.003,0.03,NEXT_STEP,1,0.060832194495604765,0.07021705596927431,1.0082646872915906,-0.20739628991614223,Fault_Interface,14,0.0,0.0,0.3,1.0082646872915906,-0.20739628991614223,,,,,,,,,,,,,,7.958747966836096,62.529747538864264,54.57099957202817,GENROU_4,6,GENROU_1,1,0.9990665459045349,1.000232634864334,0.0009334540954650805,GENROU_1,1,GENROU_4,6,1.5113581753903484,1.7723501139945108,GENROU_5,8,GENROU_4,6,0.9990665459045349,1,0.9992635295541638,2,0.9999259281342548,3,1.000232634864334,6,0.999650251334663,8
598,2,1.38,0.003,0.03,NEXT_STEP,1,0.06086252510135139,0.07025543019327038,1.0084299353350232,-0.20762846952688163,Fault_Interface,14,0.0,0.0,0.3,1.0084299353350232,-0.20762846952688163,,,,,,,,,,,,,,7.973935211978128,62.46898062004562,54.49504540806749,GENROU_4,6,GENROU_1,1,0.9990579319097044,1.0002361169455163,0.0009420680902956224,GENROU_1,1,GENROU_4,6,1.510303699910197,1.7711776817177947,GENROU_5,8,GENROU_4,6,0.9990579319097044,1,0.9992636295375185,2,0.9999272864855203,3,1.0002361169455163,6,0.9996499872592717,8
600,2,1.383,0.003,0.03,NEXT_STEP,1,0.060891569616241696,0.07029220448760039,1.0085883043727468,-0.20786666160871364,Fault_Interface,14,0.0,0.0,0.3,1.0085883043727468,-0.20786666160871364,,,,,,,,,,,,,,7.989338418077793,62.40766947642307,54.418331058345274,GENROU_4,6,GENROU_1,1,0.9990497488426862,1.0002393004710526,0.0009502511573138417,GENROU_1,1,GENROU_4,6,1.5092828972022334,1.7700410312827901,GENROU_5,8,GENROU_4,6,0.9990497488426862,1,0.9992638672034463,2,0.9999284738368126,3,1.0002393004710526,6,0.9996497247636063,8
602,2,1.3860000000000001,0.003,0.03,NEXT_STEP,1,0.060919365571274135,0.07032739402116506,1.0087400126456783,-0.20811076239126292,Fault_Interface,14,0.0,0.0,0.3,1.0087400126456783,-0.20811076239126292,,,,,,,,,,,,,,8.004938253013538,62.345842043478704,54.34090379046516,GENROU_4,6,GENROU_1,1,0.9990419970540928,1.0002421858694017,0.0009580029459071993,GENROU_1,1,GENROU_4,6,1.5082947044256305,1.7689390347487435,GENROU_5,8,GENROU_4,6,0.9990419970540928,1,0.999264241971766,2,0.9999294904637723,3,1.0002421858694017,6,0.9996494628874859,8
604,2,1.389,0.003,0.03,NEXT_STEP,1,0.06094607246521731,0.0703611962530039,1.0088851894444386,-0.2083606983541272,Fault_Interface,14,0.0,0.0,0.3,1.0088851894444386,-0.2083606983541272,,,,,,,,,,,,,,8.020715416986999,62.283526269021216,54.26281085203422,GENROU_4,6,GENROU_1,1,0.9990346765737625,1.0002447737097526,0.0009653234262374522,GENROU_1,1,GENROU_4,6,1.5073380765849482,1.7678705807933919,GENROU_5,8,GENROU_4,6,0.9990346765737625,1,0.9992647532021958,2,0.9999303367582143,3,1.0002447737097526,6,0.9996492007005698,8
606,2,1.392,0.003,0.03,NEXT_STEP,1,0.060971619551044194,0.07039354699224193,1.009024078105733,-0.20861634455590786,Fault_Interface,14,0.0,0.0,0.3,1.009024078105733,-0.20861634455590786,,,,,,,,,,,,,,8.036650651788253,62.22075009269191,54.18409944090365,GENROU_4,6,GENROU_1,1,0.9990277871197771,1.0002470647065356,0.0009722128802228669,GENROU_1,1,GENROU_4,6,1.5064120293077463,1.766834631559009,GENROU_5,8,GENROU_4,6,0.9990277871197771,1,0.9992654001977738,2,0.9999310132279158,3,1.0002470647065356,6,0.9996489373045099,8
608,2,1.395,0.003,0.03,NEXT_STEP,1,0.06099608454102017,0.07042452121952286,1.0091568452391237,-0.2088776152528777,Fault_Interface,14,0.0,0.0,0.3,1.0091568452391237,-0.2088776152528777,,,,,,,,,,,,,,8.052724750305352,62.15754142602887,54.10481667572352,GENROU_4,6,GENROU_1,1,0.9990213281066722,1.0002490597224445,0.0009786718933277871,GENROU_1,1,GENROU_4,6,1.5036612306931971,1.7658301673808638,GENROU_2,2,GENROU_4,6,0.9990213281066722,1,0.9992661822077733,2,0.9999315204959396,3,1.0002490597224445,6,0.9996486718345838,8
610,2,1.3980000000000001,0.003,0.03,NEXT_STEP,1,0.06101950986354258,0.07045418288901169,1.0092836583958833,-0.20914441787723795,Fault_Interface,14,0.0,0.0,0.3,1.0092836583958833,-0.20914441787723795,,,,,,,,,,,,,,8.068918565800367,62.09392813290281,54.025009567102444,GENROU_4,6,GENROU_1,1,0.9990152986486964,1.0002507597582184,0.000984701351303574,GENROU_1,1,GENROU_4,6,1.4950417174975754,1.7648562082680574,GENROU_2,2,GENROU_4,6,0.9990152986486964,1,0.9992670984263471,2,0.9999318592956257,3,1.0002507597582184,6,0.9996484034566234,8
612,2,1.401,0.003,0.03,NEXT_STEP,1,0.06104189885257324,0.07048253713562269,1.0094047033582554,-0.20941665396922107,Fault_Interface,14,0.0,0.0,0.3,1.0094047033582554,-0.20941665396922107,,,,,,,,,,,,,,8.085213020927437,62.029938010325075,53.94472498939764,GENROU_4,6,GENROU_1,1,0.9990096975680403,1.0002521659548897,0.0009903024319597442,GENROU_1,1,GENROU_4,6,1.4867392382455102,1.7639118177227304,GENROU_2,2,GENROU_4,6,0.9990096975680403,1,0.9992681479952185,2,0.9999320304697031,3,1.0002521659548897,6,0.9996481312655956,8
614,2,1.404,0.003,0.03,NEXT_STEP,1,0.06106325150618093,0.07050958386235902,1.0095201613011149,-0.20969422671384677,Fault_Interface,14,0.0,0.0,0.3,1.0095201613011149,-0.20969422671384677,,,,,,,,,,,,,,8.101589116829302,61.965598769760746,53.86400965293144,GENROU_4,6,GENROU_1,1,0.9990045234021961,1.0002532795939598,0.0009954765978038571,GENROU_1,1,GENROU_4,6,1.4787438898269596,1.7629960942592637,GENROU_2,2,GENROU_4,6,0.9990045234021961,1,0.99926933000572,2,0.9999320349687455,3,1.0002532795939598,6,0.9996478545806116,8
616,2,1.407,0.003,0.03,NEXT_STEP,1,0.0610835671613149,0.07053532224727843,1.0096302071017644,-0.20997704139863194,Fault_Interface,14,0.0,0.0,0.3,1.0096302071017644,-0.20997704139863194,,,,,,,,,,,,,,8.11802794215793,61.900938018889654,53.782910076731724,GENROU_4,6,GENROU_1,1,0.9989997744104248,1.0002541020948825,0.0010002255895752432,GENROU_1,1,GENROU_4,6,1.4710461318960182,1.7621081693355702,GENROU_2,2,GENROU_4,6,0.9989997744104248,1,0.9992706434999771,2,0.999931873848754,3,1.0002541020948825,6,0.9996475726656088,8
618,2,1.4100000000000001,0.003,0.03,NEXT_STEP,1,0.061102965871022194,0.07055989103800461,1.0097349436492733,-0.21026503436081365,Fault_Interface,14,0.0,0.0,0.3,1.0097349436492733,-0.21026503436081365,,,,,,,,,,,,,,8.134510681666043,61.835983243680325,53.70147256201428,GENROU_4,6,GENROU_1,1,0.9989954485769417,1.0002546350043349,0.0010045514230583308,GENROU_1,1,GENROU_4,6,1.463636774502286,1.7612471894260289,GENROU_2,2,GENROU_4,6,0.9989954485769417,1,0.9992720874693894,2,0.9999315482660036,3,1.0002546350043349,6,0.9996472848136366,8
620,2,1.413,0.003,0.03,NEXT_STEP,1,0.06112149507489087,0.07058336069786358,1.0098345006923677,-0.2105581268271745,Fault_Interface,14,0.0,0.0,0.3,1.0098345006923677,-0.2105581268271745,,,,,,,,,,,,,,8.151018624260676,61.770761790733495,53.619743166472816,GENROU_4,6,GENROU_1,1,0.9989915436160574,1.0002548799903455,0.0010084563839426464,GENROU_1,1,GENROU_4,6,1.4565069664840857,1.7604123440570305,GENROU_2,2,GENROU_4,6,0.9989915436160574,1,0.9992736608546263,2,0.9999310594733583,3,1.0002548799903455,6,0.9996469903919225,8
622,2,1.416,0.003,0.03,NEXT_STEP,1,0.06113915830478499,0.07060573763486243,1.0099290369213207,-0.21085621316765343,Fault_Interface,14,0.0,0.0,0.3,1.0099290369213207,-0.21085621316765343,,,,,,,,,,,,,,8.16753317100108,61.705300850120025,53.53776767911894,GENROU_4,6,GENROU_1,1,0.9989880569822922,1.000254838846441,0.0010119430177077948,GENROU_1,1,GENROU_4,6,1.449648184641983,1.7596020809433122,GENROU_2,2,GENROU_4,6,0.9989880569822922,1,0.9992753625495566,2,0.9999304088205402,3,1.000254838846441,6,0.9996466887042779,8
624,2,1.419,0.003,0.03,NEXT_STEP,1,0.06115583479121159,0.07062688224107225,1.01001875041834,-0.21115921573188642,Fault_Interface,14,0.0,0.0,0.3,1.01001875041834,-0.21115921573188642,,,,,,,,,,,,,,8.184035859640362,61.63962741380667,53.45559155416631,GENROU_4,6,GENROU_1,1,0.9989849854909819,1.000254513752305,0.0010150145090180862,GENROU_1,1,GENROU_4,6,1.4430522188415875,1.7588140667732388,GENROU_2,2,GENROU_4,6,0.9989849854909819,1,0.9992771912573145,2,0.9999295979609281,3,1.000254513752305,6,0.9996463791819848,8
626,2,1.4220000000000002,0.003,0.03,NEXT_STEP,1,0.061171719097427704,0.0706470025594897,1.010103695374047,-0.2114670810483354,Fault_Interface,14,0.0,0.0,0.3,1.010103695374047,-0.2114670810483354,,,,,,,,,,,,,,8.200508341441939,61.57376830842925,53.37325996698731,GENROU_4,6,GENROU_1,1,0.9989823264667625,1.0002539065195557,0.001017673533237451,GENROU_1,1,GENROU_4,6,1.436711166217409,1.7580507136472823,GENROU_2,2,GENROU_4,6,0.9989823264667625,1,0.999279145930087,2,0.9999286282315296,3,1.0002539065195557,6,0.9996460611917214,8
628,2,1.425,0.003,0.03,NEXT_STEP,1,0.06118677988357511,0.07066609348945398,1.0101840156066932,-0.21177971946846788,Fault_Interface,14,0.0,0.0,0.3,1.0101840156066932,-0.21177971946846788,,,,,,,,,,,,,,8.216932404126343,61.507750155392294,53.29081775126595,GENROU_4,6,GENROU_1,1,0.9989800766236365,1.0002530193063661,0.001019923376363474,GENROU_1,1,GENROU_4,6,1.4306174196260018,1.7573111719721872,GENROU_2,2,GENROU_4,6,0.9989800766236365,1,0.9992812253279822,2,0.9999275012562949,3,1.0002530193063661,6,0.9996457341717974,8
630,2,1.428,0.003,0.03,NEXT_STEP,1,0.06120097766209138,0.07068409643323756,1.0102598695060454,-0.21209704319523082,Fault_Interface,14,0.0,0.0,0.3,1.0102598695060454,-0.21209704319523082,,,,,,,,,,,,,,8.233289979266193,61.44159935567737,53.20830937641118,GENROU_4,6,GENROU_1,1,0.9989782324444031,1.0002518543945265,0.0010217675555969086,GENROU_1,1,GENROU_4,6,1.4247636586778771,1.7565946597409925,GENROU_2,2,GENROU_4,6,0.9989782324444031,1,0.9992834281707331,2,0.9999262187482215,3,1.0002518543945265,6,0.9996453975916202,8
632,2,1.431,0.003,0.03,NEXT_STEP,1,0.06121442994546947,0.07070114551586833,1.0103313220131154,-0.21241900274304804,Fault_Interface,14,0.0,0.0,0.3,1.0103313220131154,-0.21241900274304804,,,,,,,,,,,,,,8.249563149888775,61.375342074941514,53.12577892505274,GENROU_4,6,GENROU_1,1,0.9989767901831513,1.000250414176871,0.0010232098168486692,GENROU_1,1,GENROU_4,6,1.4191428392716552,1.7559004248576697,GENROU_2,2,GENROU_4,6,0.9989767901831513,1,0.9992857531355498,2,0.9999247825036144,3,1.000250414176871,6,0.9996450509475883,8
634,2,1.4340000000000002,0.003,0.03,NEXT_STEP,1,0.061227062159527786,0.07071717090524339,1.010398530414186,-0.2127455044194702,Fault_Interface,14,0.0,0.0,0.3,1.010398530414186,-0.2127455044194702,,,,,,,,,,,,,,8.265734157655825,61.30900422894032,53.043270071284496,GENROU_4,6,GENROU_1,1,0.9989757458728006,1.00024870115675,0.0010242541271994199,GENROU_1,1,GENROU_4,6,1.4137481834582153,1.7552277895266808,GENROU_2,2,GENROU_4,6,0.9989757458728006,1,0.9992881988588966,2,0.9999231944002317,3,1.00024870115675,6,0.9996446937635863,8
636,2,1.437,0.003,0.03,NEXT_STEP,1,0.06123907361771592,0.07073238791086921,1.0104615102851262,-0.21307652255973983,Fault_Interface,14,0.0,0.0,0.3,1.0104615102851262,-0.21307652255973983,,,,,,,,,,,,,,8.281785409757997,61.2426114693391,52.96082605958111,GENROU_4,6,GENROU_1,1,0.9989750953294633,1.0002467179398746,0.0010249046705367304,GENROU_1,1,GENROU_4,6,1.4085731698993489,1.7545760812025766,GENROU_2,2,GENROU_4,6,0.9989750953294633,1,0.9992907639357299,2,0.9999214563929092,3,1.0002467179398746,6,0.9996443255885473,8
638,2,1.44,0.003,0.03,NEXT_STEP,1,0.061250312569817014,0.07074665254808542,1.010520445702253,-0.21341194843688285,Fault_Interface,14,0.0,0.0,0.3,1.010520445702253,-0.21341194843688285,,,,,,,,,,,,,,8.297699485630977,61.17618916993965,52.87848968430867,GENROU_4,6,GENROU_1,1,0.9989748341610226,1.0002444672367843,0.0010251658389773821,GENROU_1,1,GENROU_4,6,1.4036115249135241,1.7539447122400393,GENROU_2,2,GENROU_4,6,0.9989748341610226,1,0.999293446922173,2,0.9999195705126276,3,1.0002444672367843,6,0.9996439459978506,8
640,2,1.443,0.003,0.03,NEXT_STEP,1,0.06126069225588335,0.0707598352381278,1.0105755034339379,-0.21375169223603457,Fault_Interface,14,0.0,0.0,0.3,1.0105755034339379,-0.21375169223603457,,,,,,,,,,,,,,8.313459144262216,61.10976241365148,52.79630326938926,GENROU_4,6,GENROU_1,1,0.9989749577813801,1.000241951878849,0.001025042218619876,GENROU_1,1,GENROU_4,6,1.3988572134785824,1.7533331210210217,GENROU_2,2,GENROU_4,6,0.9989749577813801,1,0.9992962463428139,2,0.9999175388702919,3,1.000241951878849,6,0.9996435545995642,8
642,2,1.446,0.003,0.03,NEXT_STEP,1,0.061270568075568896,0.07077234335130157,1.0106265985399707,-0.2140957691804049,Fault_Interface,14,0.0,0.0,0.3,1.0106265985399707,-0.2140957691804049,,,,,,,,,,,,,,8.329047330847914,61.04335597968935,52.71430864884144,GENROU_4,6,GENROU_1,1,0.9989754614033354,1.000239174781991,0.0010245385966646259,GENROU_1,1,GENROU_4,6,1.3943044300154328,1.7527407091063687,GENROU_2,2,GENROU_4,6,0.9989754614033354,1,0.9992991606806587,2,0.9999153636431979,3,1.000239174781991,6,0.9996431510219144,8
644,2,1.449,0.003,0.03,NEXT_STEP,1,0.06127971765397721,0.07078396866816783,1.0106739346302929,-0.21444405807929398,Fault_Interface,14,0.0,0.0,0.3,1.0106739346302929,-0.21444405807929398,,,,,,,,,,,,,,8.344447182475953,60.97699433087326,52.63254714839731,GENROU_4,6,GENROU_1,1,0.9989763400488759,1.0002361389528853,0.0010236599511240785,GENROU_1,1,GENROU_4,6,1.389947590004681,1.7521669880326605,GENROU_2,2,GENROU_4,6,0.9989763400488759,1,0.9993021883809788,2,0.9999130470751949,3,1.0002361389528853,6,0.999642734916293,8
646,2,1.452,0.003,0.03,NEXT_STEP,1,0.061288133486768495,0.0707946583050224,1.0107176287026542,-0.2147964933985557,Fault_Interface,14,0.0,0.0,0.3,1.0107176287026542,-0.2147964933985557,,,,,,,,,,,,,,8.359642034687049,60.91070160179611,52.551059567109064,GENROU_4,6,GENROU_1,1,0.9989775885654527,1.0002328475102007,0.0010224114345472879,GENROU_1,1,GENROU_4,6,1.3857813221658704,1.7516114687319717,GENROU_2,2,GENROU_4,6,0.9989775885654527,1,0.9993053278602766,2,0.9999105914821452,3,1.0002328475102007,6,0.9996423059651366,8
648,2,1.455,0.003,0.03,NEXT_STEP,1,0.061295971609648066,0.070804604749697,1.0107576866801713,-0.21515304705339433,Fault_Interface,14,0.0,0.0,0.3,1.0107576866801713,-0.21515304705339433,,,,,,,,,,,,,,8.374615427841135,60.844501587387214,52.46988615954608,GENROU_4,6,GENROU_1,1,0.9989792016221867,1.0002293036569396,0.0010207983778133256,GENROU_1,1,GENROU_4,6,1.3818004603042546,1.7510736557689646,GENROU_2,2,GENROU_4,6,0.9989792016221867,1,0.9993085774019363,2,0.9999079992412633,3,1.0002293036569396,6,0.9996418638724124,8
650,2,1.458,0.003,0.03,NEXT_STEP,1,0.06130316147253598,0.07081374373348531,1.0107942307901956,-0.21551363911051014,Fault_Interface,14,0.0,0.0,0.3,1.0107942307901956,-0.21551363911051014,,,,,,,,,,,,,,8.389351112622679,60.77841773162649,52.38906661900381,GENROU_4,6,GENROU_1,1,0.9989811737182002,1.0002255106816875,0.001018826281799834,GENROU_1,1,GENROU_4,6,1.378000035462276,1.7505531093281073,GENROU_2,2,GENROU_4,6,0.9989811737182002,1,0.9993119354538733,2,0.9999052727897849,3,1.0002255106816875,6,0.9996414083648664,8
652,2,1.461,0.003,0.03,NEXT_STEP,1,0.06130966014827957,0.0708220114404477,1.0108273764092524,-0.2158781985075715,Fault_Interface,14,0.0,0.0,0.3,1.0108273764092524,-0.2158781985075715,,,,,,,,,,,,,,8.403833055922139,60.7124731169136,52.308640060991465,GENROU_4,6,GENROU_1,1,0.9989834991944386,1.000221471969076,0.0010165008055613711,GENROU_1,1,GENROU_4,6,1.3743752685053834,1.750049406835437,GENROU_2,2,GENROU_4,6,0.9989834991944386,1,0.9993154003344784,2,0.9999024146268408,3,1.000221471969076,6,0.9996409391960761,8
654,2,1.464,0.003,0.03,NEXT_STEP,1,0.06131558522839204,0.07082954175081678,1.0108571451478112,-0.21624669276698827,Fault_Interface,14,0.0,0.0,0.3,1.0108571451478112,-0.21624669276698827,,,,,,,,,,,,,,8.418045446570796,60.6466904538607,52.228645007289906,GENROU_4,6,GENROU_1,1,0.9989861722350224,1.00021719098464,0.001013827764977604,GENROU_1,1,GENROU_4,6,1.3709215626527578,1.7495621193753874,GENROU_2,2,GENROU_4,6,0.9989861722350224,1,0.9993189703306042,2,0.9998994273069136,3,1.00021719098464,6,0.9996404561414868,8
656,2,1.467,0.003,0.03,NEXT_STEP,1,0.06132098337020835,0.07083640504981084,1.0108835867786128,-0.21661907359417376,Fault_Interface,14,0.0,0.0,0.3,1.0108835867786128,-0.21661907359417376,,,,,,,,,,,,,,8.43197270030394,60.58109207126165,52.14911937095771,GENROU_4,6,GENROU_1,1,0.9989891868713272,1.0002126712661628,0.001010813128672794,GENROU_1,1,GENROU_4,6,1.3676344964171208,1.7490908463576267,GENROU_2,2,GENROU_4,6,0.9989891868713272,1,0.9993226436964705,2,0.9998963134352669,3,1.0002126712661628,6,0.9996399589959488,8
658,2,1.47,0.003,0.03,NEXT_STEP,1,0.06132585889704002,0.07084260819234349,1.0109067757190475,-0.21699528481811353,Fault_Interface,14,0.0,0.0,0.3,1.0109067757190475,-0.21699528481811353,,,,,,,,,,,,,,8.445599464598299,60.51569990650307,52.07010044190477,GENROU_4,6,GENROU_1,1,0.9989925369914796,1.000207916428541,0.0010074630085203928,GENROU_1,1,GENROU_4,6,1.364509817330942,1.7486352128665554,GENROU_2,2,GENROU_4,6,0.9989925369914796,1,0.9993264186570562,2,0.9998930756678497,3,1.000207916428541,6,0.9996394475301997,8
660,2,1.473,0.003,0.03,NEXT_STEP,1,0.061330091093191985,0.07084801185528189,1.0109268520658938,-0.2173752416332454,Fault_Interface,14,0.0,0.0,0.3,1.0109268520658938,-0.2173752416332454,,,,,,,,,,,,,,8.458910623940465,60.45053549663421,51.99162487269375,GENROU_4,6,GENROU_1,1,0.9989962163512394,1.0002029301721638,0.0010037836487606366,GENROU_1,1,GENROU_4,6,1.3615434358262724,1.748194877116637,GENROU_2,2,GENROU_4,6,0.9989962163512394,1,0.9993302934853863,2,0.9998897167125343,3,1.0002029301721638,6,0.9996389216315513,8
662,2,1.476,0.003,0.03,NEXT_STEP,1,0.06133375373167357,0.07085268490957462,1.0109438547094198,-0.2177589066373038,Fault_Interface,14,0.0,0.0,0.3,1.0109438547094198,-0.2177589066373038,,,,,,,,,,,,,,8.47189130512554,60.38561996993397,51.91372866480843,GENROU_4,6,GENROU_1,1,0.9990002185784461,1.00019771627549,0.0009997814215538803,GENROU_1,1,GENROU_4,6,1.3587314186511847,1.7477694835197346,GENROU_2,2,GENROU_4,6,0.9990002185784461,1,0.9993342662426407,2,0.9998862393252227,3,1.00019771627549,6,0.9996383811640859,8
664,2,1.479,0.003,0.03,NEXT_STEP,1,0.061336889871899905,0.07085669151148473,1.0109578256553091,-0.21814623505409428,Fault_Interface,14,0.0,0.0,0.3,1.0109578256553091,-0.21814623505409428,,,,,,,,,,,,,,8.484526881880562,60.3209740376834,51.83644715580284,GENROU_4,6,GENROU_1,1,0.9990045371749665,1.0001922785815347,0.0009954628250334885,GENROU_1,1,GENROU_4,6,1.3560699821930677,1.747358692765693,GENROU_2,2,GENROU_4,6,0.9990045371749665,1,0.9993383350860321,2,0.9998826463038232,3,1.0001922785815347,6,0.9996378260103694,8
666,2,1.482,0.003,0.03,NEXT_STEP,1,0.06133950318081601,0.07086003770774922,1.0109688297553419,-0.21853717473519152,Fault_Interface,14,0.0,0.0,0.3,1.0109688297553419,-0.21853717473519152,,,,,,,,,,,,,,8.496802979108425,60.25661798627068,51.75981500716226,GENROU_4,6,GENROU_1,1,0.9990091655249359,1.0001866209997943,0.0009908344750640952,GENROU_1,1,GENROU_4,6,1.3535554863435,1.7469621866291272,GENROU_2,2,GENROU_4,6,0.9990091655249359,1,0.9993424981686564,2,0.9998789404872579,3,1.0001866209997943,6,0.9996372561713385,8
668,2,1.485,0.003,0.03,NEXT_STEP,1,0.06134159454143893,0.07086272437855759,1.0109769317740451,-0.21893167394482516,Fault_Interface,14,0.0,0.0,0.3,1.0109769317740451,-0.21893167394482516,,,,,,,,,,,,,,8.508705477201183,60.192571669798006,51.683866192596824,GENROU_4,6,GENROU_1,1,0.9990140969020351,1.0001807475064197,0.0009859030979648686,GENROU_1,1,GENROU_4,6,1.3511844287613073,1.7465796602697667,GENROU_2,2,GENROU_4,6,0.9990140969020351,1,0.9993467535887071,2,0.9998751247539376,3,1.0001807475064197,6,0.9996366714579862,8
670,2,1.488,0.003,0.03,NEXT_STEP,1,0.06134316330889079,0.07086475145279884,1.0109821949138806,-0.21932968144630885,Fault_Interface,14,0.0,0.0,0.3,1.0109821949138806,-0.21932968144630885,,,,,,,,,,,,,,8.52022051628248,60.12885450313015,51.60863398684767,GENROU_4,6,GENROU_1,1,0.9990193244758578,1.0001746621418417,0.0009806755241421605,GENROU_1,1,GENROU_4,6,1.3489534395165763,1.74621082098876,GENROU_2,2,GENROU_4,6,0.9990193244758578,1,0.9993510994217543,2,0.9998712020194849,3,1.0001746621418417,6,0.9996360718116346,8
672,2,1.491,0.003,0.03,NEXT_STEP,1,0.061344210191006394,0.07086611900939757,1.0109846801069116,-0.21973114731371174,Fault_Interface,14,0.0,0.0,0.3,1.0109846801069116,-0.21973114731371174,,,,,,,,,,,,,,8.531334500286574,60.06548545535051,51.534150955063936,GENROU_4,6,GENROU_1,1,0.999024841318108,1.0001683690081078,0.0009751586818920188,GENROU_1,1,GENROU_4,6,1.3468592752403132,1.7458553873027625,GENROU_2,2,GENROU_4,6,0.999024841318108,1,0.9993555337215986,2,0.9998671752343739,3,1.0001683690081078,6,0.9996354571928253,8
674,2,1.494,0.003,0.03,NEXT_STEP,1,0.061344856136987536,0.07086696722423712,1.010984380774186,-0.22013605111140425,Fault_Interface,14,0.0,0.0,0.3,1.010984380774186,-0.22013605111140425,,,,,,,,,,,,,,8.542034100606816,60.00248304350835,51.460448942901536,GENROU_4,6,GENROU_1,1,0.9990306404053938,1.000161872258259,0.0009693595946062006,GENROU_1,1,GENROU_4,6,1.3448988140881384,1.7455130722225976,GENROU_2,2,GENROU_4,6,0.9990306404053938,1,0.9993600545184903,2,0.9998630473788718,3,1.000161872258259,6,0.9996348275780376,8
676,2,1.497,0.003,0.03,NEXT_STEP,1,0.06134490590665686,0.07086708699890987,1.0109814532974368,-0.22054429795949707,Fault_Interface,14,0.0,0.0,0.3,1.0109814532974368,-0.22054429795949707,,,,,,,,,,,,,,8.552306259733813,59.93986532682554,51.38755906709173,GENROU_4,6,GENROU_1,1,0.9990367146306336,1.0001551761066045,0.0009632853693664067,GENROU_1,1,GENROU_4,6,1.3430690507430603,1.7451836439222626,GENROU_2,2,GENROU_4,6,0.9990367146306336,1,0.9993646598242775,2,0.9998588214649189,3,1.0001551761066045,6,0.9996341829635983,8
678,2,1.5,0.003,0.03,NEXT_STEP,1,0.06134451182257802,0.07086662314461138,1.01097588189922,-0.22095587759662375,Fault_Interface,14,0.0,0.0,0.3,1.01097588189922,-0.22095587759662375,,,,,,,,,,,,,,8.56213819506834,59.87764990144272,51.31551170637438,GENROU_4,6,GENROU_1,1,0.9990430568082164,1.0001482848239764,0.0009569431917836324,GENROU_1,1,GENROU_4,6,1.3413670914007187,1.7448668326282595,GENROU_2,2,GENROU_4,6,0.9990430568082164,1,0.999369347632631,2,0.9998545005332076,3,1.0001482848239764,6,0.999633523364723,8
680,2,1.5030000000000001,0.003,0.03,NEXT_STEP,1,0.06134376051580256,0.0708657051408904,1.0109676628158613,-0.2213707629820357,Fault_Interface,14,0.0,0.0,0.3,1.0109676628158613,-0.2213707629820357,,,,,,,,,,,,,,8.571517401908011,59.815853895270656,51.244336493362646,GENROU_4,6,GENROU_1,1,0.9990496596722463,1.0001412027167116,0.0009503403277536515,GENROU_1,1,GENROU_4,6,1.3397901489363142,1.7445623847227347,GENROU_2,2,GENROU_4,6,0.9990496596722463,1,0.9993741159137027,2,0.9998500876446795,3,1.0001412027167116,6,0.9996328488082183,8
682,2,1.506,0.003,0.03,NEXT_STEP,1,0.06134253845772237,0.07086420524128112,1.0109569071027722,-0.22178888207942957,Fault_Interface,14,0.0,0.0,0.3,1.0109569071027722,-0.22178888207942957,,,,,,,,,,,,,,8.580431656226299,59.75449396321889,51.174062306992596,GENROU_4,6,GENROU_1,1,0.9990565158897923,1.0001339341415054,0.0009434841102077263,GENROU_1,1,GENROU_4,6,1.3383355387867057,1.7442700887000624,GENROU_2,2,GENROU_4,6,0.9990565158897923,1,0.9993789626207329,2,0.9998455858838823,3,1.0001339341415054,6,0.9996321593382259,8
684,2,1.509,0.003,0.03,NEXT_STEP,1,0.06134079919566072,0.07086205379345223,1.010943695598801,-0.22221017971477808,Fault_Interface,14,0.0,0.0,0.3,1.010943695598801,-0.22221017971477808,,,,,,,,,,,,,,8.588869018136174,59.693586283156826,51.10471726502065,GENROU_4,6,GENROU_1,1,0.9990636180702803,1.0001264835116421,0.0009363819297196763,GENROU_1,1,GENROU_4,6,1.3370006748195467,1.7439897314986053,GENROU_2,2,GENROU_4,6,0.9990636180702803,1,0.9993838856939117,2,0.9998409983597574,3,1.0001264835116421,6,0.9996314550188582,8
686,2,1.512,0.003,0.03,NEXT_STEP,1,0.06133865978774257,0.0708593841335378,1.0109280148192545,-0.22263463932837976,Fault_Interface,14,0.0,0.0,0.3,1.0109280148192545,-0.22263463932837976,,,,,,,,,,,,,,8.596817834982646,59.633146552160795,51.03632871717815,GENROU_4,6,GENROU_1,1,0.9990709587649861,1.0001188552792015,0.0009290412350139166,GENROU_1,1,GENROU_4,6,1.3357830647114743,1.743721082733598,GENROU_2,2,GENROU_4,6,0.9990709587649861,1,0.999388883056164,2,0.999836328198437,3,1.0001188552792015,6,0.9996307359283805,8
688,2,1.5150000000000001,0.003,0.03,NEXT_STEP,1,0.061336046005431445,0.07085612659991912,1.0109099463451596,-0.22306219943630762,Fault_Interface,14,0.0,0.0,0.3,1.0109099463451596,-0.22306219943630762,,,,,,,,,,,,,,8.604266743832488,59.57318998295736,50.96892323912487,GENROU_4,6,GENROU_1,1,0.999078530473576,1.0001110539342855,0.0009214695264240236,GENROU_1,1,GENROU_4,6,1.3346803054721856,1.743463946857228,GENROU_2,2,GENROU_4,6,0.999078530473576,1,0.9993939526145644,2,0.9998315785415383,3,1.0001110539342855,6,0.9996300022608612,8
690,2,1.518,0.003,0.03,NEXT_STEP,1,0.06133303557950915,0.07085235696505322,1.0108894989643733,-0.2234928364062811,Fault_Interface,14,0.0,0.0,0.3,1.0108894989643733,-0.2234928364062811,,,,,,,,,,,,,,8.611204673937612,59.513731300799044,50.90252662686143,GENROU_4,6,GENROU_1,1,0.9990863256508491,1.0001030840050928,0.0009136743491509058,GENROU_1,1,GENROU_4,6,1.333690079385632,1.7432181161579907,GENROU_2,2,GENROU_4,6,0.9990863256508491,1,0.9993990922620443,2,0.9998267525448445,3,1.0001030840050928,6,0.9996292540381045,8
692,2,1.521,0.003,0.03,NEXT_STEP,1,0.06132955160961219,0.07084800035885602,1.0108667538449176,-0.22392648957088757,Fault_Interface,14,0.0,0.0,0.3,1.0108667538449176,-0.22392648957088757,,,,,,,,,,,,,,8.61762084913317,59.45478474073757,50.837163891604405,GENROU_4,6,GENROU_1,1,0.999094336712359,1.0000949500556624,0.0009056632876409676,GENROU_1,1,GENROU_4,6,1.3328101501253455,1.7429834101173332,GENROU_2,2,GENROU_4,6,0.999094336712359,1,0.9994042998782829,2,0.9998218533762101,3,1.0000949500556624,6,0.9996284913817695,8
694,2,1.524,0.003,0.03,NEXT_STEP,1,0.06132579273899374,0.07084327210819066,1.0108416518361676,-0.22436316544607784,Fault_Interface,14,0.0,0.0,0.3,1.0108416518361676,-0.22436316544607784,,,,,,,,,,,,,,8.62350478981868,59.39636404515491,50.77285925533623,GENROU_4,6,GENROU_1,1,0.9991025560366638,1.0000866566754099,0.0008974439633362419,GENROU_1,1,GENROU_4,6,1.3320383591433156,1.7427596185118994,GENROU_2,2,GENROU_4,6,0.9991025560366638,1,0.9994095733278604,2,0.9998168842107461,3,1.0000866566754099,6,0.9996277144244202,8
696,2,1.5270000000000001,0.003,0.03,NEXT_STEP,1,0.06105515086253092,0.07032224796121521,1.0110298877342572,-0.22474947929029446,Fault_Interface,14,0.0,0.0,0.3,1.0110298877342572,-0.22474947929029446,,,,,,,,,,,,,,8.628846914012572,59.338482678685025,50.709635764672456,GENROU_4,6,GENROU_1,1,0.9991109826727604,1.000078226979341,0.0008890173272395607,GENROU_1,1,GENROU_4,6,1.3313720176790367,1.7426016557567257,GENROU_2,2,GENROU_4,6,0.9991109826727604,1,0.9994149165521735,2,0.9998118544225583,3,1.000078226979341,6,0.999626928670256,8
698,2,1.53,0.003,0.03,NEXT_STEP,1,0.06106944302227818,0.07034095220580859,1.0109929557559214,-0.225194165608862,Fault_Interface,14,0.0,0.0,0.3,1.0109929557559214,-0.225194165608862,,,,,,,,,,,,,,8.63363848071804,59.2811538126414,50.64751533192336,GENROU_4,6,GENROU_1,1,0.999119608476781,1.0000696638967825,0.0008803915232189485,GENROU_1,1,GENROU_4,6,1.3308069387451045,1.7423812173172042,GENROU_2,2,GENROU_4,6,0.999119608476781,1,0.9994203270046106,2,0.9998067669763087,3,1.0000696638967825,6,0.999626133994474,8
700,2,1.533,0.003,0.03,NEXT_STEP,1,0.06107510934285702,0.07035199747095801,1.0109571890110958,-0.22563981129924945,Fault_Interface,14,0.0,0.0,0.3,1.0109571890110958,-0.22563981129924945,,,,,,,,,,,,,,8.63787037653045,59.22438987113492,50.58651949460447,GENROU_4,6,GENROU_1,1,0.9991284186604332,1.0000609527377273,0.0008715813395667737,GENROU_1,1,GENROU_4,6,1.3303380703149557,1.742169065195212,GENROU_2,2,GENROU_4,6,0.9991284186604332,1,0.9994257962307528,2,0.9998016188206629,3,1.0000609527377273,6,0.9996253251274968,8
702,2,1.536,0.003,0.03,NEXT_STEP,1,0.061070331918265226,0.07034659070942675,1.01092593685616,-0.22608626175926608,Fault_Interface,14,0.0,0.0,0.3,1.01092593685616,-0.22608626175926608,,,,,,,,,,,,,,8.641533194896109,59.16820256998962,50.526669375093505,GENROU_4,6,GENROU_1,1,0.9991374060161129,1.0000520994181163,0.0008625939838871055,GENROU_1,1,GENROU_4,6,1.329961168726914,1.7419665303881968,GENROU_2,2,GENROU_4,6,0.9991374060161129,1,0.9994313224757643,2,0.9997964135008898,3,1.0000520994181163,6,0.9996245026576163,8
704,2,1.5390000000000001,0.003,0.03,NEXT_STEP,1,0.06106494572903913,0.07033984642698923,1.0108930416510964,-0.2265350399344408,Fault_Interface,14,0.0,0.0,0.3,1.0108930416510964,-0.2265350399344408,,,,,,,,,,,,,,8.644617854047363,59.11260312734109,50.46798527329373,GENROU_4,6,GENROU_1,1,0.9991465624375557,1.0000431079529777,0.0008534375624442703,GENROU_1,1,GENROU_4,6,1.3296732198242998,1.741780767665899,GENROU_2,2,GENROU_4,6,0.9991465624375557,1,0.9994369037920624,2,0.9997911545982591,3,1.0000431079529777,6,0.999623666973751,8
706,2,1.542,0.003,0.03,NEXT_STEP,1,0.06081064574441574,0.06986965253972766,1.0110526554224992,-0.22693692421005587,Fault_Interface,14,0.0,0.0,0.3,1.0110526554224992,-0.22693692421005587,,,,,,,,,,,,,,8.647116809602359,59.0576016806376,50.410484871035244,GENROU_4,6,GENROU_1,1,0.9991558750950211,1.0000340116761965,0.0008441249049788713,GENROU_1,1,GENROU_4,6,1.3294716511173075,1.74163617746994,GENROU_2,2,GENROU_4,6,0.9991558750950211,1,0.9994425454244484,2,0.9997858527316528,3,1.0000340116761965,6,0.9996228230966521,8
708,2,1.545,0.003,0.03,NEXT_STEP,1,0.060820059757178795,0.06988067080855231,1.0110097833929474,-0.2273934527305258,Fault_Interface,14,0.0,0.0,0.3,1.0110097833929474,-0.2273934527305258,,,,,,,,,,,,,,8.649021884939291,59.0032097205876,50.354187835648304,GENROU_4,6,GENROU_1,1,0.9991653612970621,1.000024791662763,0.0008346387029378732,GENROU_1,1,GENROU_4,6,1.329352913342209,1.741445684618166,GENROU_2,2,GENROU_4,6,0.9991653612970621,1,0.9994482413304199,2,0.9997805067765628,3,1.000024791662763,6,0.9996219714803837,8
710,2,1.548,0.003,0.03,NEXT_STEP,1,0.060822911884516606,0.06988748863161363,1.0109667099481476,-0.2278512084284676,Fault_Interface,14,0.0,0.0,0.3,1.0109667099481476,-0.2278512084284676,,,,,,,,,,,,,,8.650325715049028,58.9494371862586,50.29911147120957,GENROU_4,6,GENROU_1,1,0.9991749932097276,1.0000154507123258,0.0008250067902724201,GENROU_1,1,GENROU_4,6,1.3293130932157422,1.7412627524317974,GENROU_2,2,GENROU_4,6,0.9991749932097276,1,0.9994539852378641,2,0.9997751163849877,3,1.0000154507123258,6,0.9996211069553275,8
712,2,1.5510000000000002,0.003,0.03,NEXT_STEP,1,0.060816729076985154,0.06988019539564387,1.0109272388193329,-0.22830991153380034,Fault_Interface,14,0.0,0.0,0.3,1.0109272388193329,-0.22830991153380034,,,,,,,,,,,,,,8.651020420567974,58.89629328517906,50.24527286461109,GENROU_4,6,GENROU_1,1,0.9991847635524896,1.0000059911354269,0.0008152364475103591,GENROU_1,1,GENROU_4,6,1.3293492410302679,1.741089131288179,GENROU_2,2,GENROU_4,6,0.9991847635524896,1,0.9994597752784288,2,0.9997696849876289,3,1.0000059911354269,6,0.999620230077382,8
714,2,1.554,0.003,0.03,NEXT_STEP,1,0.060809878735322884,0.0698716115272544,1.0108859097624288,-0.22877128756367773,Fault_Interface,14,0.0,0.0,0.3,1.0108859097624288,-0.22877128756367773,,,,,,,,,,,,,,8.651098490178834,58.843786745881,50.192688255702166,GENROU_4,6,GENROU_1,1,0.9991946648632304,0.9999964184204638,0.0008053351367696138,GENROU_1,1,GENROU_4,6,1.3294597159972823,1.7409242947289572,GENROU_2,2,GENROU_4,6,0.9991946648632304,1,0.9994656094424099,2,0.9997642159045023,3,0.9999964184204638,6,0.9996193412479345,8
716,2,1.557,0.003,0.03,NEXT_STEP,1,0.06080289326356996,0.0698628334706831,1.0108423200587158,-0.22923539375065527,Fault_Interface,14,0.0,0.0,0.3,1.0108423200587158,-0.22923539375065527,,,,,,,,,,,,,,8.650552769984698,58.79192580673044,50.14137303674574,GENROU_4,6,GENROU_1,1,0.9992046894771165,0.9999867380474021,0.0007953105228835078,GENROU_1,1,GENROU_4,6,1.3296437716442624,1.7407688831245887,GENROU_2,2,GENROU_4,6,0.9992046894771165,1,0.9994714855151859,2,0.9997587122521382,3,0.9999867380474021,6,0.9996184406913924,8
718,2,1.56,0.003,0.03,NEXT_STEP,1,0.06079548812498097,0.06985354620359792,1.0107966592001563,-0.22970212236784457,Fault_Interface,14,0.0,0.0,0.3,1.0107966592001563,-0.22970212236784457,,,,,,,,,,,,,,8.649376464660227,58.74071821042008,50.09134174575985,GENROU_4,6,GENROU_1,1,0.999214829759318,0.999976955919042,0.0007851702406820316,GENROU_1,1,GENROU_4,6,1.329901267743976,1.7406234258070756,GENROU_2,2,GENROU_4,6,0.999214829759318,1,0.9994774012718977,2,0.9997531771296647,3,0.999976955919042,6,0.9996175286401789,8
720,2,1.5630000000000002,0.003,0.03,NEXT_STEP,1,0.06078781678489093,0.06984389868425717,1.010748895113775,-0.23017147052256628,Fault_Interface,14,0.0,0.0,0.3,1.010748895113775,-0.23017147052256628,,,,,,,,,,,,,,8.64756318610226,58.690171206249126,50.042608020146865,GENROU_4,6,GENROU_1,1,0.9992250781163449,0.9999670783826692,0.000774921883655133,GENROU_1,1,GENROU_4,6,1.3302324617487706,1.7404881954204794,GENROU_2,2,GENROU_4,6,0.9992250781163449,1,0.9994833544874582,2,0.9997476136261443,3,0.9999670783826692,6,0.999616605340135,8
722,2,1.566,0.003,0.03,NEXT_STEP,1,0.060779724260330195,0.06983374447116729,1.010699139834375,-0.23064336003132554,Fault_Interface,14,0.0,0.0,0.3,1.010699139834375,-0.23064336003132554,,,,,,,,,,,,,,8.645106955036628,58.64029155279169,49.995184597755056,GENROU_4,6,GENROU_1,1,0.999235426995911,0.9999571117090689,0.000764573004089053,GENROU_1,1,GENROU_4,6,1.3306378459024184,1.7403633620844268,GENROU_2,2,GENROU_4,6,0.999235426995911,1,0.9994893429349845,2,0.9997420248161228,3,0.9999571117090689,6,0.999615671047111,8
724,2,1.569,0.003,0.03,NEXT_STEP,1,0.06077124603411931,0.06982309398198895,1.010647424078642,-0.2311177603919832,Fault_Interface,14,0.0,0.0,0.3,1.010647424078642,-0.2311177603919832,,,,,,,,,,,,,,8.642002196322679,58.591085520794195,49.949083324471516,GENROU_4,6,GENROU_1,1,0.9992458688938638,0.9999470621007843,0.0007541311061362022,GENROU_1,1,GENROU_4,6,1.3311180218207286,1.7402489675835935,GENROU_2,2,GENROU_4,6,0.9992458688938638,1,0.999495364389621,2,0.999736413760571,3,0.9999470621007843,6,0.9996147260293965,8
726,2,1.572,0.003,0.03,NEXT_STEP,1,0.060762420855432465,0.0698120051195488,1.0105937608418023,-0.23159464013043807,Fault_Interface,14,0.0,0.0,0.3,1.0105937608418023,-0.23159464013043807,,,,,,,,,,,,,,8.638243734147771,58.54255889623453,49.90431516208676,GENROU_4,6,GENROU_1,1,0.9992563963523925,0.9999369356801688,0.0007436036476075047,GENROU_1,1,GENROU_4,6,1.3316736063926455,1.7401449736879389,GENROU_2,2,GENROU_4,6,0.9992563963523925,1,0.9995014166254275,2,0.9997307835011796,3,0.9999369356801688,6,0.999613770562642,8
728,2,1.5750000000000002,0.003,0.03,NEXT_STEP,1,0.06075337229319827,0.06980062154431517,1.0105381200728858,-0.2320739891265037,Fault_Interface,14,0.0,0.0,0.3,1.0105381200728858,-0.2320739891265037,,,,,,,,,,,,,,8.63382678665777,58.4947169833672,49.86089019670943,GENROU_4,6,GENROU_1,1,0.9992670019613138,0.999926738484077,0.0007329980386862056,GENROU_1,1,GENROU_4,6,1.332305163965841,1.7400512797889693,GENROU_2,2,GENROU_4,6,0.9992670019613138,1,0.9995074974144423,2,0.999725137056697,3,0.999926738484077,6,0.9996128049275191,8
730,2,1.578,0.003,0.03,NEXT_STEP,1,0.06074390715227665,0.06978873797214101,1.0104806357597753,-0.2325557218997946,Fault_Interface,14,0.0,0.0,0.3,1.0104806357597753,-0.2325557218997946,,,,,,,,,,,,,,8.628746960926353,58.447564608133014,49.81881764720666,GENROU_4,6,GENROU_1,1,0.9992776783680604,0.9999164764795777,0.0007223216319396375,GENROU_1,1,GENROU_4,6,1.3330131600210842,1.7399677938137634,GENROU_2,2,GENROU_4,6,0.9992776783680604,1,0.9995136045327515,2,0.9997194774264121,3,0.9999164764795777,6,0.9996118294147895,8
732,2,1.581,0.003,0.03,NEXT_STEP,1,0.06019411431261045,0.06876556515072613,1.010846371738066,-0.23293002852238007,Fault_Interface,14,0.0,0.0,0.3,1.010846371738066,-0.23293002852238007,,,,,,,,,,,,,,8.623001455839484,58.40110656960074,49.77810511376126,GENROU_4,6,GENROU_1,1,0.9992884320957922,0.9999061927203013,0.0007115679042077883,GENROU_1,1,GENROU_4,6,1.3337967395494112,1.7400028829525036,GENROU_2,2,GENROU_4,6,0.9992884320957922,1,0.9995197480794501,2,0.9997138200776253,3,0.9999061927203013,6,0.9996108553339684,8
734,2,1.584,0.033,0.03,NEXT_STEP,1,0.0602124810509067,0.06878439331071923,1.010777672898408,-0.23341887313509654,Fault_Interface,14,0.0,0.0,0.3,1.010777672898408,-0.23341887313509654,,,,,,,,,,,,,,8.616588946876789,58.35534762247447,49.73875867559768,GENROU_4,6,GENROU_1,1,0.9992992551850665,0.9998958902270213,0.0007007448149335405,GENROU_1,1,GENROU_4,6,1.3346517873201407,1.739905526014956,GENROU_2,2,GENROU_4,6,0.9992992551850665,1,0.9995259252573191,2,0.9997081677337851,3,0.9998958902270213,6,0.9996098826048148,8
736,2,1.617,0.033,0.03,NEXT_STEP,0,0.060231685698097275,0.0688191409588625,1.0099615371295247,-0.23890825185177386,Fault_Interface,14,0.0,0.0,0.3,1.0099615371295247,-0.23890825185177386,,,,,,,,,,,,,,8.501419830595012,57.89867365303021,49.3972538224352,GENROU_4,6,GENROU_1,1,0.9994194492417555,0.999780860208754,0.0005805507582444802,GENROU_1,1,GENROU_4,6,1.3480909305828765,1.7393503060982924,GENROU_2,2,GENROU_4,6,0.9994194492417555,1,0.9995944848818109,2,0.9996465295625812,3,0.999780860208754,6,0.9995986779113942,8
738,2,1.62,0.033,0.03,NEXT_STEP,1,0.06012548923319612,0.06869372199236876,1.0099344547123414,-0.23939551188700517,Fault_Interface,14,0.0,0.0,0.3,1.0099344547123414,-0.23939551188700517,,,,,,,,,,,,,,8.486877925316938,57.861409061125705,49.374531135808766,GENROU_4,6,GENROU_1,1,0.9994304093976255,0.9997703151736002,0.0005695906023744923,GENROU_1,1,GENROU_4,6,1.3496740918069599,1.7393704088784125,GENROU_2,2,GENROU_4,6,0.9994304093976255,1,0.9996007522549671,2,0.999641007128233,3,0.9997703151736002,6,0.9995976196463762,8
740,2,1.653,0.033,0.03,NEXT_STEP,0,0.06006665683048622,0.06860434005047539,1.0089323128783658,-0.24513320999309693,Fault_Interface,14,0.0,0.0,0.3,1.0089323128783658,-0.24513320999309693,,,,,,,,,,,,,,8.282581441546846,57.49716595716092,49.21458451561407,GENROU_4,6,GENROU_1,1,0.9995472772025799,0.9996686908059945,0.00045272279742014643,GENROU_1,1,GENROU_2,2,1.371368244889772,1.7400420929947924,GENROU_2,2,GENROU_4,6,0.9995472772025799,1,0.9996686908059945,2,0.9995828264677946,3,0.9996566532374784,6,0.9995857876442991,8
742,2,1.6560000000000001,0.033,0.03,NEXT_STEP,1,0.05995747592109989,0.06848388151305114,1.0088852168310474,-0.24564027783359807,Fault_Interface,14,0.0,0.0,0.3,1.0088852168310474,-0.24564027783359807,,,,,,,,,,,,,,8.260006190655963,57.46816091502964,49.20815472437368,GENROU_4,6,GENROU_1,1,0.9995575057187753,0.9996747538058329,0.00044249428122467016,GENROU_1,1,GENROU_2,2,1.373733190545641,1.7401724734855788,GENROU_2,2,GENROU_4,6,0.9995575057187753,1,0.9996747538058329,2,0.9995777948965926,3,0.9996465797597166,6,0.9995846984061314,8
744,2,1.689,0.033,0.03,NEXT_STEP,0,0.05988817918220567,0.06837986979257332,1.0077064841049965,-0.2515776941466192,Fault_Interface,14,0.0,0.0,0.3,1.0077064841049965,-0.2515776941466192,,,,,,,,,,,,,,7.970388755487446,57.190380966501,49.219992211013555,GENROU_4,6,GENROU_1,1,0.9995265978374914,0.9997389410537009,0.0004734021625085738,GENROU_3,3,GENROU_2,2,1.4036181304151218,1.7418750822714775,GENROU_2,2,GENROU_4,6,0.9996624986223044,1,0.9997389410537009,2,0.9995265978374914,3,0.9995412239644217,6,0.9995728207508694,8
746,2,1.6920000000000002,0.033,0.03,NEXT_STEP,1,0.059758888437871444,0.06823667366400507,1.0076557820776397,-0.25209560305993495,Fault_Interface,14,0.0,0.0,0.3,1.0076557820776397,-0.25209560305993495,,,,,,,,,,,,,,7.940367025906788,57.168796566766225,49.22842954085944,GENROU_4,6,GENROU_1,1,0.9995223390763305,0.999744529479051,0.0004776609236695206,GENROU_3,3,GENROU_2,2,1.4066720143171763,1.7420881143047235,GENROU_2,2,GENROU_4,6,0.9996713162006964,1,0.999744529479051,2,0.9995223390763305,3,0.9995321794435827,6,0.9995717545589736,8
748,2,1.725,0.033,0.03,NEXT_STEP,0,0.05967788576313906,0.06811485085703202,1.0063507045478164,-0.2581747601270393,Fault_Interface,14,0.0,0.0,0.3,1.0063507045478164,-0.2581747601270393,,,,,,,,,,,,,,7.5740168329149755,56.96573811917658,49.3917212862616,GENROU_4,6,GENROU_1,1,0.9994404975270592,0.9998022175687074,0.0005595024729407871,GENROU_4,6,GENROU_2,2,1.4431422180017095,1.7445805733564468,GENROU_2,2,GENROU_4,6,0.9997581509314173,1,0.9998022175687074,2,0.9994807626219158,3,0.9994404975270592,6,0.9995604253209193,8
750,2,1.7280000000000002,0.033,0.03,NEXT_STEP,1,0.059498329545272746,0.06787725734676388,1.0063298684920021,-0.25869288253428024,Fault_Interface,14,0.0,0.0,0.3,1.0063298684920021,-0.25869288253428024,,,,,,,,,,,,,,7.537514944388314,56.95029131396868,49.412776369580364,GENROU_4,6,GENROU_1,1,0.9994329012509697,0.9998071029861797,0.0005670987490302704,GENROU_4,6,GENROU_2,2,1.4467071432991154,1.7448683687918545,GENROU_2,2,GENROU_4,6,0.999765095575478,1,0.9998071029861797,2,0.9994774741395723,3,0.9994329012509697,6,0.999559436026763,8
752,2,1.7610000000000001,0.033,0.03,NEXT_STEP,0,0.05940712483888265,0.06773783050460268,1.0049499037379408,-0.26485630873841143,Fault_Interface,14,0.0,0.0,0.3,1.0049499037379408,-0.26485630873841143,,,,,,,,,,,,,,7.106602832013257,56.806265105096884,49.699662273083625,GENROU_4,6,GENROU_1,1,0.9993587387197925,0.9998560505384124,0.0006412612802074724,GENROU_4,6,GENROU_2,2,1.4879161433283237,1.7479516195673779,GENROU_2,2,GENROU_4,6,0.9998299037677579,1,0.9998560505384124,2,0.9994472103970904,3,0.9993587387197925,6,0.9995492296590176,8
754,2,1.764,0.033,0.03,NEXT_STEP,1,0.05926130013916418,0.0675787232886843,1.0048916463208828,-0.26538602480162105,Fault_Interface,14,0.0,0.0,0.3,1.0048916463208828,-0.26538602480162105,,,,,,,,,,,,,,7.064858716884666,56.79539927055078,49.73054055366612,GENROU_4,6,GENROU_1,1,0.9993528628524961,0.9998600517440311,0.0006471371475038623,GENROU_4,6,GENROU_2,2,1.4897798474409998,1.748277336994089,GENROU_5,8,GENROU_4,6,0.9998347306044538,1,0.9998600517440311,2,0.9994449998357227,3,0.9993528628524961,6,0.9995483654656979,8
756,2,1.7970000000000002,0.033,0.03,NEXT_STEP,0,0.059168577232756724,0.06743953685974878,1.0034659517918425,-0.2715883903343686,Fault_Interface,14,0.0,0.0,0.3,1.0034659517918425,-0.2715883903343686,,,,,,,,,,,,,,6.583894651344014,56.69259719559568,50.10870254425167,GENROU_4,6,GENROU_1,1,0.999298395926097,0.9998985348370464,0.0007016040739029616,GENROU_4,6,GENROU_2,2,1.4924637794869926,1.7518471958816328,GENROU_5,8,GENROU_4,6,0.9998759190081169,1,0.9998985348370464,2,0.9994267367731424,3,0.999298395926097,6,0.9995397484486614,8
758,2,1.8,0.033,0.03,NEXT_STEP,1,0.05901524064921787,0.06727078638710701,1.0034101213253803,-0.27211755017668077,Fault_Interface,14,0.0,0.0,0.3,1.0034101213253803,-0.27211755017668077,,,,,,,,,,,,,,6.538300375048355,56.68464313016141,50.146342755113054,GENROU_4,6,GENROU_1,1,0.9992943735469955,0.9999015227303583,0.0007056264530045375,GENROU_4,6,GENROU_2,2,1.4927380719429977,1.7522132195820226,GENROU_5,8,GENROU_4,6,0.9998785847268186,1,0.9999015227303583,2,0.9994256250419022,3,0.9992943735469955,6,0.9995390482454525,8
760,2,1.8330000000000002,0.033,0.03,NEXT_STEP,0,0.05891890702692657,0.06712591765691849,1.0019859403376083,-0.2783100364775649,Fault_Interface,14,0.0,0.0,0.3,1.0019859403376083,-0.2783100364775649,,,,,,,,,,,,,,6.0229508703458,56.6048426407383,50.581891770392495,GENROU_4,6,GENROU_1,1,0.9992604099385645,0.9999284392584823,0.0007395900614355355,GENROU_4,6,GENROU_2,2,1.4956631068270014,1.7561230991536998,GENROU_5,8,GENROU_4,6,0.9998966581345551,1,0.9999284392584823,2,0.9994191893213209,3,0.9992604099385645,6,0.999532408798702,8
762,2,1.836,0.033,0.03,NEXT_STEP,1,0.05876716257976036,0.06695944409563104,1.0019311133809155,-0.27883653216673837,Fault_Interface,14,0.0,0.0,0.3,1.0019311133809155,-0.27883653216673837,,,,,,,,,,,,,,5.974955523459786,56.59816669736806,50.623211173908274,GENROU_4,6,GENROU_1,1,0.9992582524201743,0.9999303415081072,0.0007417475798257023,GENROU_4,6,GENROU_2,2,1.4959533914924659,1.7565119509299654,GENROU_5,8,GENROU_4,6,0.9998972938121763,1,0.9999303415081072,2,0.9994191237739359,3,0.9992582524201743,6,0.9995319032402126,8
764,2,1.8690000000000002,0.033,0.03,NEXT_STEP,0,0.05867163863386722,0.0668158652491892,1.0005473894652739,-0.28497655078343953,Fault_Interface,14,0.0,0.0,0.3,1.0005473894652739,-0.28497655078343953,,,,,,,,,,,,,,5.4410097122547745,56.524207141317575,51.0831974290628,GENROU_4,6,GENROU_1,1,0.9992443126551247,0.999945199545813,0.0007556873448752999,GENROU_4,6,GENROU_2,2,1.4989992059870545,1.760599732892245,GENROU_5,8,GENROU_4,6,0.9998944484533862,1,0.999945199545813,2,0.999423592436329,3,0.9992443126551247,6,0.9995275216067198,8
766,2,1.872,0.033,0.03,NEXT_STEP,1,0.05852491654383783,0.06665512741078662,1.0004955351863605,-0.2854975104903931,Fault_Interface,14,0.0,0.0,0.3,1.0004955351863605,-0.2854975104903931,,,,,,,,,,,,,,5.392028553893436,56.51733083054375,51.12530227665032,GENROU_4,6,GENROU_1,1,0.9992439234020152,0.9999459990585444,0.0007560765979848227,GENROU_4,6,GENROU_2,2,1.4992948221032314,1.7609970774368313,GENROU_5,8,GENROU_4,6,0.9998933193511949,1,0.9999459990585444,2,0.9994244592106598,3,0.9992439234020152,6,0.9995272310953802,8
768,2,1.905,0.033,0.03,NEXT_STEP,0,0.05843263703842329,0.06651639321114376,0.9991889264420536,-0.291547476726289,Fault_Interface,14,0.0,0.0,0.3,0.9991889264420536,-0.291547476726289,,,,,,,,,,,,,,4.854481119172419,56.43425650740864,51.57977538823622,GENROU_4,6,GENROU_1,1,0.9992484600913022,0.9999489015994731,0.000751539908697807,GENROU_4,6,GENROU_2,2,1.5023504082249615,1.7651130202354133,GENROU_5,8,GENROU_4,6,0.9998729975685731,1,0.9999489015994731,2,0.9994383249033939,3,0.9992484600913022,6,0.9995252752785477,8
770,2,1.908,0.033,0.03,NEXT_STEP,1,0.058294946359523425,0.06636583905005204,0.9991411682492145,-0.2920606973600334,Fault_Interface,14,0.0,0.0,0.3,0.9991411682492145,-0.2920606973600334,,,,,,,,,,,,,,4.805820074899866,56.425944576240774,51.62012450134091,GENROU_4,6,GENROU_1,1,0.9992496559954946,0.999948633895328,0.0007503440045053544,GENROU_4,6,GENROU_2,2,1.5026410566014405,1.7655049394115667,GENROU_5,8,GENROU_4,6,0.9998704610211222,1,0.999948633895328,2,0.9994399649954422,3,0.9992496559954946,6,0.9995252099754482,8
772,2,1.941,0.033,0.03,NEXT_STEP,0,0.05820812368538901,0.06623537445891195,0.9979429619410217,-0.29798935871616444,Fault_Interface,14,0.0,0.0,0.3,0.9979429619410217,-0.29798935871616444,,,,,,,,,,,,,,4.278133504733865,56.32179228912416,52.043658784390296,GENROU_4,6,GENROU_1,1,0.9992702930261892,0.9999402359176954,0.0007297069738108064,GENROU_4,6,GENROU_2,2,1.505602784108235,1.7695086361252106,GENROU_5,8,GENROU_4,6,0.9998368846387767,1,0.9999402359176954,2,0.9994613158804201,3,0.9992702930261892,6,0.9995257369898566,8
774,2,1.944,0.033,0.03,NEXT_STEP,1,0.05808260965963269,0.06609836260868626,0.9979003440025948,-0.29849306295949407,Fault_Interface,14,0.0,0.0,0.3,0.9979003440025948,-0.29849306295949407,,,,,,,,,,,,,,4.230930583987623,56.31110782912657,52.08017724513895,GENROU_4,6,GENROU_1,1,0.9992728269728474,0.9999389841426425,0.0007271730271526389,GENROU_4,6,GENROU_2,2,1.5058791317650486,1.7698824938756523,GENROU_5,8,GENROU_4,6,0.9998333478149342,1,0.9999389841426425,2,0.9994635419776119,3,0.9992728269728474,6,0.9995258970765062,8
776,2,1.977,0.033,0.03,NEXT_STEP,0,0.058003387691874415,0.06597933662332424,0.9968348806116383,-0.3042763437863623,Fault_Interface,14,0.0,0.0,0.3,0.9968348806116383,-0.3042763437863623,,,,,,,,,,,,,,3.72448773971801,56.17733829237423,52.45285055265622,GENROU_4,6,GENROU_1,1,0.99930660874748,0.9999204277227262,0.0006933912525199926,GENROU_4,6,GENROU_2,2,1.5086549769913458,1.77926874259305,GENROU_5,8,GENROU_2,2,0.9997910713894895,1,0.9999204277227262,2,0.9994902411534112,3,0.99930660874748,6,0.9995288581953858,8
778,2,1.98,0.033,0.03,NEXT_STEP,1,0.05789246008502748,0.0658584734600631,0.9967981027868098,-0.30476926085736333,Fault_Interface,14,0.0,0.0,0.3,0.9967981027868098,-0.30476926085736333,,,,,,,,,,,,,,3.6796720893543333,56.163666272285546,52.48399418293121,GENROU_4,6,GENROU_1,1,0.9993101922678503,0.9999183158315695,0.000689807732149661,GENROU_4,6,GENROU_2,2,1.5089090236786495,1.782755999604834,GENROU_5,8,GENROU_2,2,0.9997869524793164,1,0.9999183158315695,2,0.9994928533272907,3,0.9993101922678503,6,0.9995292347833264,8
780,2,2.013,0.033,0.03,NEXT_STEP,0,0.05782238452954019,0.06575318734686283,0.9958818299235943,-0.31039065671827903,Fault_Interface,14,0.0,0.0,0.3,0.9958818299235943,-0.31039065671827903,,,,,,,,,,,,,,3.203420597362201,55.99526717952186,52.79184658215966,GENROU_4,6,GENROU_1,1,0.9993538277071791,0.9998911470541946,0.0006461722928209346,GENROU_4,6,GENROU_2,2,1.511422884459466,1.8188968571834847,GENROU_5,8,GENROU_2,2,0.9997404673965754,1,0.9998911470541946,2,0.9995227062325098,3,0.9993538277071791,6,0.9995344849710043,8
782,2,2.016,0.033,0.03,NEXT_STEP,1,0.057727562680873444,0.06565008656504498,0.9958512724960381,-0.3108720128872787,Fault_Interface,14,0.0,0.0,0.3,0.9958512724960381,-0.3108720128872787,,,,,,,,,,,,,,3.161688753931317,55.97831000070331,52.816621246771994,GENROU_4,6,GENROU_1,1,0.9993581524338431,0.9998883315654088,0.0006418475661569278,GENROU_4,6,GENROU_2,2,1.5116483532876241,1.821976475509144,GENROU_5,8,GENROU_2,2,0.9997361625904875,1,0.9998883315654088,2,0.9995255064353151,3,0.9993581524338431,6,0.9995350607913096,8
784,2,2.049,0.033,0.03,NEXT_STEP,0,0.057667557095798246,0.06555993444729026,0.9950921610807931,-0.31632270142651936,Fault_Interface,14,0.0,0.0,0.3,0.9950921610807931,-0.31632270142651936,,,,,,,,,,,,,,2.721968347233925,55.77361875932347,53.05165041208954,GENROU_4,6,GENROU_1,1,0.9994082398686368,0.9998544039256433,0.0005917601313631948,GENROU_4,6,GENROU_2,2,1.5138434823978768,1.8533945167517012,GENROU_5,8,GENROU_2,2,0.9996895730845919,1,0.9998544039256433,2,0.9995564071295724,3,0.9994082398686368,6,0.9995423711529194,8
786,2,2.052,0.033,0.03,NEXT_STEP,1,0.05758949228712122,0.06547524668783203,0.9950678509826677,-0.3167922138010292,Fault_Interface,14,0.0,0.0,0.3,0.9950678509826677,-0.3167922138010292,,,,,,,,,,,,,,2.6837764264352697,55.75336889059774,53.06959246416247,GENROU_4,6,GENROU_1,1,0.9994129971437504,0.9998510645924584,0.0005870028562495744,GENROU_4,6,GENROU_2,2,1.5140360814425402,1.856025047886921,GENROU_5,8,GENROU_2,2,0.9996854307610819,1,0.9998510645924584,2,0.9995592113538748,3,0.9994129971437504,6,0.9995431219092122,8
788,2,2.085,0.033,0.03,NEXT_STEP,0,0.05754010025112118,0.06540099867450995,0.9944653324146517,-0.3220708246345058,Fault_Interface,14,0.0,0.0,0.3,0.9944653324146517,-0.3220708246345058,,,,,,,,,,,,,,2.284310710195234,55.51367570032833,53.22936499013309,GENROU_4,6,GENROU_1,1,0.9994662220875247,0.9998124327832971,0.0005337779124753306,GENROU_4,6,GENROU_2,2,1.5158810302275016,1.882406847195286,GENROU_5,8,GENROU_2,2,0.9996422134242225,1,0.9998124327832971,2,0.9995892619685096,3,0.9994662220875247,6,0.9995521937181691,8
790,2,2.088,0.033,0.03,NEXT_STEP,1,0.0574785556041902,0.06533442540449391,0.994446984466284,-0.32252864666165615,Fault_Interface,14,0.0,0.0,0.3,0.994446984466284,-0.32252864666165615,,,,,,,,,,,,,,2.249880569480911,55.49037134073452,53.24049077125361,GENROU_4,6,GENROU_1,1,0.999471119248453,0.999808762741898,0.0005288807515470006,GENROU_4,6,GENROU_2,2,1.5160378020028347,1.884572757596143,GENROU_5,8,GENROU_2,2,0.9996385162179439,1,0.999808762741898,2,0.9995919097786456,3,0.999471119248453,6,0.9995530894556278,8
792,2,2.121,0.033,0.03,NEXT_STEP,0,0.05743954833728923,0.06527576423667085,0.9939930083603735,-0.3276404467267743,Fault_Interface,14,0.0,0.0,0.3,0.9939930083603735,-0.3276404467267743,,,,,,,,,,,,,,1.8919100991610418,55.21936783131052,53.327457732149476,GENROU_4,6,GENROU_1,1,0.9995244200487322,0.9997675739289148,0.0004755799512677905,GENROU_4,6,GENROU_2,2,1.5175117408492824,1.9058846090550718,GENROU_5,8,GENROU_2,2,0.9996013628117597,1,0.9997675739289148,2,0.99961951014488,3,0.9995244200487322,6,0.9995635696732992,8
794,2,2.124,0.033,0.03,NEXT_STEP,1,0.05739363003546219,0.06522627259742268,0.9939800180533929,-0.32808714252989474,Fault_Interface,14,0.0,0.0,0.3,0.9939800180533929,-0.32808714252989474,,,,,,,,,,,,,,1.861247193714931,55.193437461190086,53.332190267475156,GENROU_4,6,GENROU_1,1,0.9995291939807088,0.9997637696172379,0.00047080601929117005,GENROU_4,6,GENROU_2,2,1.5176335772571359,1.907595134990093,GENROU_5,8,GENROU_2,2,0.9995983171227948,1,0.9997637696172379,2,0.9996218714612022,3,0.9995291939807088,6,0.999564576286237,8
796,2,2.157,0.033,0.03,NEXT_STEP,0,0.05736441237442864,0.06518232614176973,0.9936600956779923,-0.33304308678950567,Fault_Interface,14,0.0,0.0,0.3,0.9936600956779923,-0.33304308678950567,,,,,,,,,,,,,,1.5437770756121592,54.896576616337335,53.35279954072517,GENROU_4,6,GENROU_1,1,0.999569063891103,0.9997221530126604,0.0004309361088969954,GENROU_1,1,GENROU_2,2,1.5187454170410715,1.9240602896962402,GENROU_5,8,GENROU_2,2,0.999569063891103,1,0.9997221530126604,2,0.9996457786203715,3,0.9995798902338492,6,0.9995760749713644,8
798,2,2.16,0.033,0.03,NEXT_STEP,1,0.05733239448124082,0.06514797050395758,0.9936517707654493,-0.3334794777136226,Fault_Interface,14,0.0,0.0,0.3,0.9936517707654493,-0.3334794777136226,,,,,,,,,,,,,,1.5166974022779847,54.86857851272228,53.351881110444296,GENROU_4,6,GENROU_1,1,0.9995667971084324,0.9997184039671781,0.0004332028915675634,GENROU_1,1,GENROU_2,2,1.518832826219067,1.9253465057853096,GENROU_5,8,GENROU_2,2,0.9995667971084324,1,0.9997184039671781,2,0.9996477583704261,3,0.9995843173792937,6,0.9995771558094741,8
800,2,2.193,0.033,0.03,NEXT_STEP,0,0.05731200243196096,0.06511725979935058,0.9934470121031527,-0.3382946377870096,Fault_Interface,14,0.0,0.0,0.3,0.9934470121031527,-0.3382946377870096,,,,,,,,,,,,,,1.2368313018111246,54.55240767607295,53.31557637426183,GENROU_4,6,GENROU_1,1,0.999546424945026,0.9996783616496823,0.0004535750549740092,GENROU_1,1,GENROU_2,2,1.5196086714700672,1.937402630573149,GENROU_5,8,GENROU_2,2,0.999546424945026,1,0.9996783616496823,2,0.9996671231517307,3,0.9996302044626043,6,0.999589264292183,8
802,2,2.196,0.033,0.03,NEXT_STEP,1,0.05729185569225771,0.0650958094881166,0.9934424731558719,-0.33872180543213154,Fault_Interface,14,0.0,0.0,0.3,0.9934424731558719,-0.33872180543213154,,,,,,,,,,,,,,1.2129950498449695,54.522969426618964,53.309974376773994,GENROU_4,6,GENROU_1,1,0.9995449878404628,0.9996748425998362,0.00045501215953724916,GENROU_1,1,GENROU_2,2,1.519668074426512,1.9383126461789497,GENROU_5,8,GENROU_2,2,0.9995449878404628,1,0.9996748425998362,2,0.9996686609292353,3,0.9996341082598094,6,0.9995903817626511,8
804,2,2.229,0.033,0.03,NEXT_STEP,0,0.05727887147518073,0.06507625898475174,0.9933309547440724,-0.34341484075517914,Fault_Interface,14,0.0,0.0,0.3,0.9933309547440724,-0.34341484075517914,,,,,,,,,,,,,,0.966328507567325,54.19448470940154,53.22815620183422,GENROU_4,6,GENROU_1,1,0.999533678318185,0.9996830111528278,0.00046632168181504063,GENROU_1,1,GENROU_3,3,1.5201579922505914,1.9465601259349337,GENROU_5,8,GENROU_2,2,0.999533678318185,1,0.9996381754874563,2,0.9996830111528278,3,0.999673512382967,6,0.9996026885467929,8
806,2,2.232,0.033,0.03,NEXT_STEP,1,0.05726830487708774,0.06506517134127257,0.9933292648501589,-0.3438340236634693,Fault_Interface,14,0.0,0.0,0.3,0.9933292648501589,-0.3438340236634693,,,,,,,,,,,,,,0.9452775226766325,54.16424681456312,53.21896929188649,GENROU_4,6,GENROU_1,1,0.9995330546304191,0.9996840818270842,0.0004669453695809178,GENROU_1,1,GENROU_3,3,1.5201915348385449,1.947154610188156,GENROU_5,8,GENROU_2,2,0.9995330546304191,1,0.9996350380953022,2,0.9996840818270842,3,0.9996767649396275,6,0.9996038055506951,8
808,2,2.265,0.033,0.03,NEXT_STEP,0,0.05726141661186115,0.06505477709618347,0.9932880349276375,-0.34842494833451343,Fault_Interface,14,0.0,0.0,0.3,0.9932880349276375,-0.34842494833451343,,,,,,,,,,,,,,0.7263154142994628,53.830320975265664,53.1040055609662,GENROU_4,6,GENROU_1,1,0.9995303155525016,0.9997085573273974,0.00046968444749839744,GENROU_1,1,GENROU_4,6,1.5204360176491645,1.9522989220236224,GENROU_5,8,GENROU_2,2,0.9995303155525016,1,0.9996032522651994,2,0.999693319868783,3,0.9997085573273974,6,0.9996159135555547,8
810,2,2.268,0.033,0.03,NEXT_STEP,1,0.05725791643438092,0.06505130217649578,0.9932883467893516,-0.3488374123288898,Fault_Interface,14,0.0,0.0,0.3,0.9932883467893516,-0.3488374123288898,,,,,,,,,,,,,,0.7075117421331147,53.799889175628444,53.09237743349533,GENROU_4,6,GENROU_1,1,0.9995304330428165,0.9997110811911201,0.00046956695718347596,GENROU_1,1,GENROU_4,6,1.5204489200888958,1.952644998032029,GENROU_5,8,GENROU_2,2,0.9995304330428165,1,0.9996006183241476,2,0.9996939305098248,3,0.9997110811911201,6,0.9996169951418549,8
812,2,2.301,0.033,0.03,NEXT_STEP,0,0.05725552685206133,0.06504767292288874,0.9932952550530411,-0.3533465062716586,Fault_Interface,14,0.0,0.0,0.3,0.9932952550530411,-0.3533465062716586,,,,,,,,,,,,,,0.5100932204267732,53.46679794988316,52.95670472945638,GENROU_4,6,GENROU_1,1,0.9995352319175861,0.9997346764927242,0.0004647680824139133,GENROU_1,1,GENROU_4,6,1.520502877487689,1.9554320680243549,GENROU_5,8,GENROU_2,2,0.9995352319175861,1,0.9995748683286101,2,0.9996982886793152,3,0.9997346764927242,6,0.9996285383538362,8
814,2,2.304,0.033,0.03,NEXT_STEP,1,0.05725680404713634,0.06504931363314237,0.9932967274287591,-0.35375354809384485,Fault_Interface,14,0.0,0.0,0.3,0.9932967274287591,-0.35375354809384485,,,,,,,,,,,,,,0.4929575175210963,53.436705035402085,52.943747517880986,GENROU_4,6,GENROU_1,1,0.9995359762572051,0.9997364423724399,0.00046402374279486125,GENROU_1,1,GENROU_4,6,1.5205004421936308,1.955597861447094,GENROU_5,8,GENROU_2,2,0.9995359762572051,1,0.9995728256942663,2,0.9996984740418633,3,0.9997364423724399,6,0.9996295530251207,8
816,2,2.337,0.033,0.03,NEXT_STEP,0,0.057257559917734714,0.06505038643404436,0.9933314440205236,-0.35820038529218534,Fault_Interface,14,0.0,0.0,0.3,0.9933314440205236,-0.35820038529218534,,,,,,,,,,,,,,0.31066463798289995,53.10976871867998,52.79910408069708,GENROU_4,6,GENROU_1,1,0.9995468996504839,0.9997517613124569,0.0004531003495160668,GENROU_1,1,GENROU_4,6,1.5204188805083694,1.9567593806663353,GENROU_5,8,GENROU_2,2,0.9995468996504839,1,0.999553879332254,2,0.9996984586770452,3,0.9997517613124569,6,0.9996402097073409,8
818,2,2.34,0.033,0.03,NEXT_STEP,1,0.057261461953483146,0.06505480700771857,0.9933333906175833,-0.3586032193974255,Fault_Interface,14,0.0,0.0,0.3,0.9933333906175833,-0.3586032193974255,,,,,,,,,,,,,,0.2946119422042912,53.08044759984195,52.78583565763766,GENROU_4,6,GENROU_1,1,0.9995481293589247,0.9997527836281003,0.0004518706410753248,GENROU_1,1,GENROU_4,6,1.5204062856381593,1.9568094848193258,GENROU_5,8,GENROU_2,2,0.9995481293589247,1,0.9995524796443783,2,0.9996982755922746,3,0.9997527836281003,6,0.9996411305176873,8
820,2,2.373,0.033,0.03,NEXT_STEP,0,0.057263845847110396,0.06505835789041366,0.9933786325865137,-0.3630056364277225,Fault_Interface,14,0.0,0.0,0.3,0.9933786325865137,-0.3630056364277225,,,,,,,,,,,,,,0.12114106118115633,52.76379840439102,52.64265734320986,GENROU_4,6,GENROU_1,1,0.9995407045678334,0.9997601948251499,0.0004592954321666065,GENROU_2,2,GENROU_4,6,1.5202411665389766,1.9570179474289164,GENROU_5,8,GENROU_2,2,0.9995635462588149,1,0.9995407045678334,2,0.9996946016463897,3,0.9997601948251499,6,0.9996506337103528,8
822,2,2.376,0.033,0.03,NEXT_STEP,1,0.05726880979497233,0.06506385387608098,0.993380364919505,-0.3634054339474209,Fault_Interface,14,0.0,0.0,0.3,0.993380364919505,-0.3634054339474209,,,,,,,,,,,,,,0.10561244915873666,52.735566728197405,52.62995427903867,GENROU_4,6,GENROU_1,1,0.9995399630819884,0.9997605255746956,0.00046003691801155266,GENROU_2,2,GENROU_4,6,1.520223081765835,1.9570098012378032,GENROU_5,8,GENROU_2,2,0.9995651073562619,1,0.9995399630819884,2,0.9996941227692174,3,0.9997605255746956,6,0.9996514391427757,8
824,2,2.409,0.033,0.03,NEXT_STEP,0,0.057271785187643816,0.06506834830299003,0.9934220686323438,-0.3677790187221665,Fault_Interface,14,0.0,0.0,0.3,0.9934220686323438,-0.3677790187221665,,,,,,,,,,,,,,-0.06490633802594624,52.43203984026373,52.496946178289676,GENROU_4,6,GENROU_1,1,0.9995353359145597,0.9997607703358271,0.000464664085440325,GENROU_2,2,GENROU_4,6,1.5200204632404057,1.9568452477528822,GENROU_5,8,GENROU_2,2,0.9995833230950231,1,0.9995353359145597,2,0.9996876436084038,3,0.9997607703358271,6,0.9996595849550687,8
826,2,2.412,0.033,0.03,NEXT_STEP,1,0.05727610426873451,0.06507303884398755,0.9934233206326547,-0.36817667486814204,Fault_Interface,14,0.0,0.0,0.3,0.9934233206326547,-0.36817667486814204,,,,,,,,,,,,,,-0.08041740552242985,52.40509548599627,52.4855128915187,GENROU_4,6,GENROU_1,1,0.9995352333432719,0.999760491686955,0.0004647666567281217,GENROU_2,2,GENROU_4,6,1.5200009587396581,1.9568267403415975,GENROU_5,8,GENROU_2,2,0.9995850623988757,1,0.9995352333432719,2,0.9996869509291666,3,0.999760491686955,6,0.9996602595086255,8
828,2,2.445,0.033,0.03,NEXT_STEP,0,0.05727879518964732,0.06507709556838777,0.9934511617178433,-0.37253419219056694,Fault_Interface,14,0.0,0.0,0.3,0.9934511617178433,-0.37253419219056694,,,,,,,,,,,,,,-0.25316321804127545,52.116232751859556,52.36939596990083,GENROU_4,6,GENROU_1,1,0.9995373702931495,0.9997545992244987,0.00046262970685051474,GENROU_2,2,GENROU_4,6,1.5197990030382915,1.956756277128881,GENROU_5,8,GENROU_2,2,0.9996044538488792,1,0.9995373702931495,2,0.9996785879552186,3,0.9997545992244987,6,0.9996669122437979,8
830,2,2.448,0.033,0.03,NEXT_STEP,1,0.05728155790185418,0.06508004211933846,0.9934515704478541,-0.37293052101297214,Fault_Interface,14,0.0,0.0,0.3,0.9934515704478541,-0.37293052101297214,,,,,,,,,,,,,,-0.2690905466096936,52.090658881032184,52.35974942764188,GENROU_4,6,GENROU_1,1,0.9995378564708639,0.9997538154312855,0.00046214352913609424,GENROU_2,2,GENROU_4,6,1.5197812482241178,1.9567643753124657,GENROU_5,8,GENROU_2,2,0.999606230164343,1,0.9995378564708639,2,0.9996777665378859,3,0.9997538154312855,6,0.999667446755048,8
832,2,2.481,0.033,0.03,NEXT_STEP,0,0.05728336974991754,0.06508275678350804,0.993458721508397,-0.3772817155874452,Fault_Interface,14,0.0,0.0,0.3,0.993458721508397,-0.3772817155874452,,,,,,,,,,,,,,-0.448363119116383,51.81680738729614,52.26517050641252,GENROU_4,6,GENROU_1,1,0.9995460616700084,0.999743011966964,0.0004539383299916322,GENROU_2,2,GENROU_4,6,1.5196093130467299,1.957133102861146,GENROU_5,8,GENROU_2,2,0.9996253541789702,1,0.9995460616700084,2,0.9996684433024241,3,0.999743011966964,6,0.9996725406119705,8
834,2,2.484,0.033,0.03,NEXT_STEP,1,0.05728388579775048,0.06508322281545173,0.9934581499811546,-0.3776772999640182,Fault_Interface,14,0.0,0.0,0.3,0.9934581499811546,-0.3776772999640182,,,,,,,,,,,,,,-0.46505385201666016,51.79258515987363,52.25763901189029,GENROU_4,6,GENROU_1,1,0.99954706067959,0.9997418410739651,0.0004529393204100174,GENROU_2,2,GENROU_4,6,1.5195956507921808,1.9571936088236945,GENROU_5,8,GENROU_2,2,0.9996270468359951,1,0.99954706067959,2,0.9996675756071649,3,0.9997418410739651,6,0.9996729322773916,8
836,2,2.517,0.033,0.03,NEXT_STEP,0,0.05728416304549287,0.06508368602548506,0.9934412410295373,-0.3820287167818073,Fault_Interface,14,0.0,0.0,0.3,0.9934412410295373,-0.3820287167818073,,,,,,,,,,,,,,-0.6541551257789631,51.53306851089552,52.18722363667448,GENROU_4,6,GENROU_1,1,0.9995603887549306,0.9997274605950742,0.0004396112450694156,GENROU_2,2,GENROU_4,6,1.5194740901135124,1.9582264845262383,GENROU_5,8,GENROU_2,2,0.9996447186212319,1,0.9995603887549306,2,0.9996581601335974,3,0.9997274605950742,6,0.9996764703881946,8
838,2,2.52,0.033,0.03,NEXT_STEP,1,0.05728208111816228,0.06508127356927021,0.9934396814303171,-0.3824239357812406,Fault_Interface,14,0.0,0.0,0.3,0.9934396814303171,-0.3824239357812406,,,,,,,,,,,,,,-0.6718621246518781,51.510095340974054,52.181957465625935,GENROU_4,6,GENROU_1,1,0.9995618050657958,0.9997260264871083,0.00043819493420416133,GENROU_2,2,GENROU_4,6,1.5194659979585257,1.9583545527649358,GENROU_5,8,GENROU_2,2,0.9996462331627162,1,0.9995618050657958,2,0.999657321198382,3,0.9997260264871083,6,0.9996767225508778,8
840,2,2.553,0.033,0.03,NEXT_STEP,0,0.05728086562710091,0.06507945956768624,0.993397906646932,-0.3867792077879122,Fault_Interface,14,0.0,0.0,0.3,0.993397906646932,-0.3867792077879122,,,,,,,,,,,,,,-0.873045490427663,51.26343348703586,52.136478977463526,GENROU_4,6,GENROU_1,1,0.9995791330682595,0.9997094261881889,0.0004208669317404823,GENROU_2,2,GENROU_4,6,1.519406478609667,1.9601652639321803,GENROU_5,8,GENROU_2,2,0.9996615727130782,1,0.9995791330682595,2,0.9996485788182701,3,0.9997094261881889,6,0.9996787730321152,8
842,2,2.556,0.033,0.03,NEXT_STEP,1,0.05727619771463098,0.06507423058935523,0.9933953824537113,-0.387174256617935,Fault_Interface,14,0.0,0.0,0.3,0.9933953824537113,-0.387174256617935,,,,,,,,,,,,,,-0.891925692173291,51.24154458651739,52.13347027869068,GENROU_4,6,GENROU_1,1,0.9995808585833,0.9997078512098747,0.0004191414166999641,GENROU_2,2,GENROU_4,6,1.519404649077762,1.9603665253336933,GENROU_5,8,GENROU_2,2,0.9996628436694905,1,0.9995808585833,2,0.9996478325153069,3,0.9997078512098747,6,0.9996788946842521,8
844,2,2.589,0.033,0.03,NEXT_STEP,0,0.057273214996522936,0.06506981201028919,0.9933305057442737,-0.39153407819564146,Fault_Interface,14,0.0,0.0,0.3,0.9933305057442737,-0.39153407819564146,,,,,,,,,,,,,,-1.1064074659877106,51.00569788580415,52.11210535179186,GENROU_4,6,GENROU_1,1,0.9996009614944568,0.9996903364900614,0.0003990385055432366,GENROU_2,2,GENROU_4,6,1.5194112896779968,1.9629728233682286,GENROU_5,8,GENROU_2,2,0.9996752919735561,1,0.9996009614944568,2,0.9996403912205525,3,0.9996903364900614,6,0.9996795842636259,8
846,2,2.592,0.033,0.03,NEXT_STEP,1,0.05726622665133733,0.06506203811647829,0.9933271260935986,-0.3919289693787991,Fault_Interface,14,0.0,0.0,0.3,0.9933271260935986,-0.3919289693787991,,,,,,,,,,,,,,-1.1265255417679692,50.984688931141136,52.111214472909104,GENROU_4,6,GENROU_1,1,0.9996028822096322,0.9996887352451158,0.0003971177903677736,GENROU_2,2,GENROU_4,6,1.5194157423274817,1.9632449999962664,GENROU_5,8,GENROU_2,2,0.9996762830606076,1,0.9996028822096322,2,0.9996397877148913,3,0.9996887352451158,6,0.9996795893863929,8
848,2,2.625,0.033,0.03,NEXT_STEP,0,0.05726177160170171,0.06505541962003465,0.9932423998124381,-0.3962916418554333,Fault_Interface,14,0.0,0.0,0.3,0.9932423998124381,-0.3962916418554333,,,,,,,,,,,,,,-1.3545499920379132,50.757304348717156,52.111854340755066,GENROU_4,6,GENROU_1,1,0.999624508119564,0.9996855915024857,0.00037549188043595194,GENROU_2,2,GENROU_1,1,1.5194861919245843,1.9665871272414102,GENROU_5,8,GENROU_2,2,0.9996855915024857,1,0.999624508119564,2,0.9996341165976498,3,0.9996714966196836,6,0.999679094933323,8
850,2,2.628,0.033,0.03,NEXT_STEP,1,0.05725258787706069,0.06504524534142073,0.9932384773582158,-0.39668613935004554,Fault_Interface,14,0.0,0.0,0.3,0.9932384773582158,-0.39668613935004554,,,,,,,,,,,,,,-1.375886459131468,50.736953446847636,52.1128399059791,GENROU_4,6,GENROU_1,1,0.99962651089851,0.9996862935473956,0.0003734891014900432,GENROU_2,2,GENROU_1,1,1.5194964496347716,1.9669217747052863,GENROU_5,8,GENROU_2,2,0.9996862935473956,1,0.99962651089851,2,0.9996336909688933,3,0.9996699706269077,6,0.9996790016311577,8
852,2,2.661,0.033,0.03,NEXT_STEP,0,0.057246840304881225,0.06503665620797129,0.993138492269172,-0.40104779896073245,Fault_Interface,14,0.0,0.0,0.3,0.993138492269172,-0.40104779896073245,,,,,,,,,,,,,,-1.6168344061809885,50.51559388299221,52.132428289173205,GENROU_4,6,GENROU_1,1,0.9996300915495554,0.9996924917658249,0.0003699084504446004,GENROU_3,3,GENROU_1,1,1.5196233057830286,1.97088200224983,GENROU_5,8,GENROU_2,2,0.9996924917658249,1,0.9996484510383812,2,0.9996300915495554,3,0.9996540356811436,6,0.9996775400625159,8
854,2,2.664,0.033,0.03,NEXT_STEP,1,0.05723618562391938,0.06502491621932865,0.9931340984616404,-0.4014416403938669,Fault_Interface,14,0.0,0.0,0.3,0.9931340984616404,-0.4014416403938669,,,,,,,,,,,,,,-1.6392971563856924,50.4956812182336,52.134978374619294,GENROU_4,6,GENROU_1,1,0.9996298635573873,0.9996929189312105,0.00037013644261274514,GENROU_3,3,GENROU_1,1,1.5196384085471806,1.9712662907772678,GENROU_5,8,GENROU_2,2,0.9996929189312105,1,0.9996504296377259,2,0.9996298635573873,3,0.9996526699408373,6,0.9996773694835237,8
856,2,2.697,0.033,0.03,NEXT_STEP,0,0.057229531387349944,0.06501494670966072,0.9930239473596681,-0.4057968334819487,Fault_Interface,14,0.0,0.0,0.3,0.9930239473596681,-0.4057968334819487,,,,,,,,,,,,,,-1.8918264910256792,50.27802336971319,52.16984986073887,GENROU_4,6,GENROU_1,1,0.9996284723736863,0.9996962659410048,0.0003715276263136502,GENROU_3,3,GENROU_1,1,1.5198108058478679,1.9756886935734748,GENROU_5,8,GENROU_2,2,0.9996962659410048,1,0.9996715792144314,2,0.9996284723736863,3,0.9996388685932188,6,0.9996751865273232,8
858,2,2.7,0.033,0.03,NEXT_STEP,1,0.057217905956028214,0.06500217740522388,0.9930193276888803,-0.40618957625044844,Fault_Interface,14,0.0,0.0,0.3,0.9930193276888803,-0.40618957625044844,,,,,,,,,,,,,,-1.9152647476254383,50.25834742378106,52.173612171406496,GENROU_4,6,GENROU_1,1,0.9996284471863656,0.9996964507696714,0.0003715528136344348,GENROU_3,3,GENROU_1,1,1.5198295969705014,1.976107244810267,GENROU_5,8,GENROU_2,2,0.9996964507696714,1,0.9996734393480736,2,0.9996284471863656,3,0.999637728960413,6,0.9996749620816168,8
860,2,2.733,0.033,0.03,NEXT_STEP,0,0.05721053393093353,0.06499115991777543,0.9929044371706659,-0.4105316268648635,Fault_Interface,14,0.0,0.0,0.3,0.9929044371706659,-0.4105316268648635,,,,,,,,,,,,,,-2.1774716968618777,50.042337934606095,52.219809631467974,GENROU_4,6,GENROU_1,1,0.9996266750330968,0.9996973778557409,0.00037332496690323236,GENROU_4,6,GENROU_1,1,1.5200345699216138,1.9808165746027626,GENROU_5,8,GENROU_2,2,0.9996973778557409,1,0.9996928474955714,2,0.9996292486425967,3,0.9996266750330968,6,0.9996723201665747,8
862,2,2.736,0.033,0.03,NEXT_STEP,1,0.05719840990427408,0.06497785638910097,0.9928998556552483,-0.4109227372811014,Fault_Interface,14,0.0,0.0,0.3,0.9928998556552483,-0.4109227372811014,,,,,,,,,,,,,,-2.2016912919034133,50.02272766214678,52.22441895405019,GENROU_4,6,GENROU_1,1,0.9996258072418183,0.9996973657538777,0.00037419275818173503,GENROU_4,6,GENROU_1,1,1.5200557468761,1.9812530021233323,GENROU_5,8,GENROU_2,2,0.9996973657538777,1,0.9996945107806648,2,0.9996294184052318,3,0.9996258072418183,6,0.9996720661533933,8
864,2,2.769,0.033,0.03,NEXT_STEP,0,0.05719085163342422,0.06496651125951802,0.9927852631577171,-0.4152443839547363,Fault_Interface,14,0.0,0.0,0.3,0.9927852631577171,-0.4152443839547363,,,,,,,,,,,,,,-2.4712808514412377,49.80669313450686,52.277973985948094,GENROU_4,6,GENROU_1,1,0.9996178932101716,0.9997114165235162,0.00038210678982841806,GENROU_4,6,GENROU_2,2,1.5202793533750425,1.9860699831551427,GENROU_5,8,GENROU_2,2,0.9996964144716579,1,0.9997114165235162,2,0.9996322651707756,3,0.9996178932101716,6,0.9996692322098562,8
866,2,2.7720000000000002,0.033,0.03,NEXT_STEP,1,0.057178834720839074,0.0649533707649547,0.9927808562552237,-0.41563332216781634,Fault_Interface,14,0.0,0.0,0.3,0.9927808562552237,-0.41563332216781634,,,,,,,,,,,,,,-2.4960598706110084,49.78701575936869,52.2830756299797,GENROU_4,6,GENROU_1,1,0.9996173229460797,0.9997128231324652,0.0003826770539202551,GENROU_4,6,GENROU_2,2,1.52030157152937,1.9865081764711592,GENROU_5,8,GENROU_2,2,0.9996962580634026,1,0.9997128231324652,2,0.9996326111327578,3,0.9996173229460797,6,0.999668972777806,8
868,2,2.805,0.033,0.03,NEXT_STEP,0,0.05717129493787136,0.06494205586329577,0.9926712296557941,-0.4199270445260629,Fault_Interface,14,0.0,0.0,0.3,0.9926712296557941,-0.4199270445260629,,,,,,,,,,,,,,-2.7705155591081354,49.56972502443898,52.340240583547114,GENROU_4,6,GENROU_1,1,0.9996127269002333,0.9997266778062435,0.0003872730997667162,GENROU_4,6,GENROU_2,2,1.520530224278387,1.9912630475236517,GENROU_5,8,GENROU_2,2,0.9996940202313381,1,0.9997266778062435,2,0.9996372498418448,3,0.9996127269002333,6,0.9996662062878918,8
870,2,2.808,0.033,0.03,NEXT_STEP,1,0.057159852592014816,0.06492956643631705,0.9926671669917442,-0.4203132426686063,Fault_Interface,14,0.0,0.0,0.3,0.9926671669917442,-0.4203132426686063,,,,,,,,,,,,,,-2.7956194942195247,49.54988959455149,52.34550908877101,GENROU_4,6,GENROU_1,1,0.9996124610011602,0.9997277878608862,0.00038753899883980925,GENROU_4,6,GENROU_2,2,1.5205522323310412,1.9916883236459273,GENROU_5,8,GENROU_2,2,0.9996937741134194,1,0.9997277878608862,2,0.9996377448894815,3,0.9996124610011602,6,0.9996659643909395,8
872,2,2.841,0.033,0.03,NEXT_STEP,0,0.05715263079222747,0.06491873757111115,0.9925663703798548,-0.424571790501656,Fault_Interface,14,0.0,0.0,0.3,0.9925663703798548,-0.424571790501656,,,,,,,,,,,,,,-3.0723634089662313,49.330571596798094,52.40293500576433,GENROU_4,6,GENROU_1,1,0.999611164248922,0.9997382635124452,0.00038883575107795387,GENROU_4,6,GENROU_2,2,1.520773439016365,1.9962312485825509,GENROU_5,8,GENROU_2,2,0.9996908378035856,1,0.9997382635124452,2,0.9996438449361467,3,0.999611164248922,6,0.999663506341331,8
874,2,2.8440000000000003,0.033,0.03,NEXT_STEP,1,0.057142163916065004,0.06490733053734783,0.9925627731597838,-0.42495470519746487,Fault_Interface,14,0.0,0.0,0.3,0.9925627731597838,-0.42495470519746487,,,,,,,,,,,,,,-3.0975590665615864,49.31052872156054,52.408087788122124,GENROU_4,6,GENROU_1,1,0.999611192689211,0.9997390572280296,0.0003888073107890522,GENROU_4,6,GENROU_2,2,1.520794125360152,1.996631092939452,GENROU_5,8,GENROU_2,2,0.99969055398656,1,0.9997390572280296,2,0.999644456281247,3,0.999611192689211,6,0.9996633028650895,8
876,2,2.877,0.033,0.03,NEXT_STEP,0,0.05713561860215972,0.06489748919861181,0.9924737309773206,-0.42917148203274,Fault_Interface,14,0.0,0.0,0.3,0.9924737309773206,-0.42917148203274,,,,,,,,,,,,,,-3.374095231897247,49.088851808278754,52.462947040176005,GENROU_4,6,GENROU_1,1,0.9996130053565417,0.9997460419685682,0.0003869946434582605,GENROU_4,6,GENROU_2,2,1.5209972008227475,2.0008390021276443,GENROU_5,8,GENROU_2,2,0.9996874584705973,1,0.9997460419685682,2,0.9996516393259088,3,0.9996130053565417,6,0.9996613659025914,8
878,2,2.88,0.033,0.03,NEXT_STEP,1,0.057126468316008525,0.064887548800174,0.9924706575223562,-0.4295506280198582,Fault_Interface,14,0.0,0.0,0.3,0.9924706575223562,-0.4295506280198582,,,,,,,,,,,,,,-3.399162834150978,49.0685902114812,52.46775304563218,GENROU_4,6,GENROU_1,1,0.9996133038541406,0.9997465186765672,0.0003866961458593998,GENROU_4,6,GENROU_2,2,1.5210156529298982,2.00120358539672,GENROU_5,8,GENROU_2,2,0.9996871827605213,1,0.9997465186765672,2,0.9996523311494848,3,0.9996133038541406,6,0.999661218531798,8
880,2,2.9130000000000003,0.033,0.03,NEXT_STEP,0,0.05712067239970051,0.064878850747848,0.9923954866327039,-0.43371990700971585,Fault_Interface,14,0.0,0.0,0.3,0.9923954866327039,-0.43371990700971585,,,,,,,,,,,,,,-3.6731983275366393,48.844610704244865,52.5178090317815,GENROU_4,6,GENROU_1,1,0.9996178958501265,0.999750100707523,0.0003821041498734967,GENROU_4,6,GENROU_2,2,1.5211921908011643,2.004984450736808,GENROU_5,8,GENROU_2,2,0.9996843846734871,1,0.999750100707523,2,0.9996601997763837,3,0.9996178958501265,6,0.9996599785284473,8
882,2,2.916,0.033,0.03,NEXT_STEP,1,0.05711287129244183,0.06487038185865834,0.9923930857500066,-0.43409482034095076,Fault_Interface,14,0.0,0.0,0.3,0.9923930857500066,-0.43409482034095076,,,,,,,,,,,,,,-3.697941422742818,48.82415138536174,52.52209280810455,GENROU_4,6,GENROU_1,1,0.9996184289342452,0.9997502769457929,0.00038157106575475996,GENROU_4,6,GENROU_2,2,1.5212077502970842,2.0053068743470113,GENROU_5,8,GENROU_2,2,0.9996841541475886,1,0.9997502769457929,2,0.9996609358805539,3,0.9996184289342452,6,0.9996599014189719,8
884,2,2.949,0.033,0.03,NEXT_STEP,0,0.05710798940680213,0.06486303286593113,0.9923329356816342,-0.43821204652724693,Fault_Interface,14,0.0,0.0,0.3,0.9923329356816342,-0.43821204652724693,,,,,,,,,,,,,,-3.967481927071075,48.59824052595437,52.565722453025444,GENROU_4,6,GENROU_1,1,0.9996253647911362,0.9997507194218916,0.0003746352088638272,GENROU_4,6,GENROU_2,2,1.5213516472129645,2.0086005536503846,GENROU_5,8,GENROU_2,2,0.9996820056895076,1,0.9997507194218916,2,0.9996690991779767,3,0.9996253647911362,6,0.9996594916863618,8
886,2,2.952,0.033,0.03,NEXT_STEP,1,0.057101917009566044,0.06485647932379876,0.9923310660162393,-0.43858246109912774,Fault_Interface,14,0.0,0.0,0.3,0.9923310660162393,-0.43858246109912774,,,,,,,,,,,,,,-3.991734840060504,48.57762937972737,52.56936421978787,GENROU_4,6,GENROU_1,1,0.9996260889821523,0.9997506263578827,0.00037391101784767233,GENROU_4,6,GENROU_2,2,1.5213638194945482,2.0088767706959176,GENROU_5,8,GENROU_2,2,0.9996818472341381,1,0.9997506263578827,2,0.99966984481704,3,0.9996260889821523,6,0.9996594948802058,8
888,2,2.9850000000000003,0.033,0.03,NEXT_STEP,0,0.05709802939937164,0.06485064682206808,0.9922861879934154,-0.44264438602725426,Fault_Interface,14,0.0,0.0,0.3,0.9922861879934154,-0.44264438602725426,,,,,,,,,,,,,,-4.255153070164095,48.35038774000816,52.60554081017226,GENROU_4,6,GENROU_1,1,0.9996348626542391,0.9997483344360282,0.00036513734576093526,GENROU_4,6,GENROU_2,2,1.521471554328001,2.011654110300748,GENROU_5,8,GENROU_2,2,0.9996805857050209,1,0.9997483344360282,2,0.9996779405293501,3,0.9996348626542391,6,0.9996600018279895,8
890,2,2.988,0.033,0.03,NEXT_STEP,1,0.05709348641149086,0.06484574940492742,0.9922849617524127,-0.4430100182301509,Fault_Interface,14,0.0,0.0,0.3,0.9922849617524127,-0.4430100182301509,,,,,,,,,,,,,,-4.278785889730608,48.32968743722756,52.60847332695817,GENROU_4,6,GENROU_1,1,0.999635729703962,0.9997480143530413,0.0003642702960380273,GENROU_4,6,GENROU_2,2,1.5214801667258206,2.011882858953861,GENROU_5,8,GENROU_2,2,0.9996805156053729,1,0.9997480143530413,2,0.9996786646296058,3,0.999635729703962,6,0.9996600909945461,8
892,2,3.021,0.033,0.03,NEXT_STEP,0,0.05709063085568389,0.06484144466299774,0.9922549191562265,-0.44701472817965693,Fault_Interface,14,0.0,0.0,0.3,0.9922549191562265,-0.44701472817965693,,,,,,,,,,,,,,-4.534862649515659,48.101855594856985,52.636718244372645,GENROU_4,6,GENROU_1,1,0.999645799980425,0.9997434988281734,0.0003542000195749795,GENROU_4,6,GENROU_2,2,1.5215504607669006,2.014143224594561,GENROU_5,8,GENROU_2,2,0.9996802641582685,1,0.9997434988281734,2,0.9996863766148238,3,0.999645799980425,6,0.9996615527227697,8
894,2,3.024,0.033,0.03,NEXT_STEP,1,0.05708767687427146,0.06483829468914395,0.9922542243279461,-0.44737547932146376,Fault_Interface,14,0.0,0.0,0.3,0.9922542243279461,-0.44737547932146376,,,,,,,,,,,,,,-4.557783716769055,48.081137514532735,52.638921231301794,GENROU_4,6,GENROU_1,1,0.9996467599376685,0.9997430019390063,0.00035324006233150573,GENROU_4,6,GENROU_2,2,1.5215554766661692,2.0143256066039132,GENROU_5,8,GENROU_2,2,0.9996802885890618,1,0.9997430019390063,2,0.9996870529014288,3,0.9996467599376685,6,0.9996617291219086,8
896,2,3.057,0.033,0.03,NEXT_STEP,0,0.05708574751195252,0.06483540194229849,0.9922379196023514,-0.45132227790233875,Fault_Interface,14,0.0,0.0,0.3,0.9922379196023514,-0.45132227790233875,,,,,,,,,,,,,,-4.805723380467705,47.85351191531542,52.65923529578313,GENROU_4,6,GENROU_1,1,0.9996575806955764,0.9997368370726925,0.00034241930442358015,GENROU_4,6,GENROU_2,2,1.521588139884003,2.0160927364807883,GENROU_5,8,GENROU_2,2,0.9996810689801287,1,0.9997368370726925,2,0.9996941261335464,3,0.9996575806955764,6,0.9996641358562965,8
898,2,3.06,0.033,0.03,NEXT_STEP,1,0.05708422099376772,0.06483379772683323,0.9922377329083172,-0.4516781179398538,Fault_Interface,14,0.0,0.0,0.3,0.9922377329083172,-0.4516781179398538,,,,,,,,,,,,,,-4.827879629396559,47.832848958501025,52.66072858789758,GENROU_4,6,GENROU_1,1,0.9996585847788602,0.9997362177086185,0.00034141522113984024,GENROU_4,6,GENROU_2,2,1.5215899889409275,2.016231956125388,GENROU_5,8,GENROU_2,2,0.999681185226642,1,0.9997362177086185,2,0.9996947341084923,3,0.9996585847788602,6,0.999664396559968,8
900,2,3.093,0.033,0.03,NEXT_STEP,0,0.05708326255082613,0.06483233941836512,0.9922337628798283,-0.45556781926868883,Fault_Interface,14,0.0,0.0,0.3,0.9922337628798283,-0.45556781926868883,,,,,,,,,,,,,,-5.067300457890581,47.60620474609927,52.673505203989855,GENROU_4,6,GENROU_1,1,0.9996676940644178,0.999729011508506,0.0003323059355822,GENROU_5,8,GENROU_2,2,1.5215887454764432,2.017547681693474,GENROU_5,8,GENROU_2,2,0.9996829220080481,1,0.999729011508506,2,0.9997009742288357,3,0.9996696391416608,6,0.9996676940644178,8
902,2,3.096,0.033,0.03,NEXT_STEP,1,0.0570829913841811,0.06483210866393145,0.9922340073616815,-0.4559188191212405,Fault_Interface,14,0.0,0.0,0.3,0.9922340073616815,-0.4559188191212405,,,,,,,,,,,,,,-5.0886753572345595,47.58566451682471,52.674339874059264,GENROU_4,6,GENROU_1,1,0.9996680321640734,0.9997283251643978,0.0003319678359265943,GENROU_5,8,GENROU_2,2,1.5215875527453964,2.017648043115874,GENROU_5,8,GENROU_2,2,0.9996831200867803,1,0.9997283251643978,2,0.99970149951847,3,0.9996706417427843,6,0.9996680321640734,8
904,2,3.129,0.033,0.03,NEXT_STEP,0,0.05708277073682377,0.0648317747467184,0.9922406236369908,-0.4597531448703149,Fault_Interface,14,0.0,0.0,0.3,0.9922406236369908,-0.4597531448703149,,,,,,,,,,,,,,-5.319580874559826,47.36069311253525,52.68027398709508,GENROU_4,6,GENROU_1,1,0.9996721260348187,0.9997206758238714,0.0003278739651813023,GENROU_5,8,GENROU_2,2,1.5215555630502,2.0185652079436127,GENROU_5,8,GENROU_2,2,0.9996856747123867,1,0.9997206758238714,2,0.9997067830185759,3,0.9996814580242205,6,0.9996721260348187,8
906,2,3.132,0.033,0.03,NEXT_STEP,1,0.0570836191508464,0.06483275545915067,0.9922411956788204,-0.460099478299084,Fault_Interface,14,0.0,0.0,0.3,0.9922411956788204,-0.460099478299084,,,,,,,,,,,,,,-5.340191253918461,47.340333414848324,52.680524668766786,GENROU_4,6,GENROU_1,1,0.999672531407678,0.9997199754714287,0.0003274685923220222,GENROU_5,8,GENROU_2,2,1.521551705214623,2.0186320489771,GENROU_5,8,GENROU_2,2,0.9996859395565352,1,0.9997199754714287,2,0.9997072175489454,3,0.9996824191560686,6,0.999672531407678,8
908,2,3.165,0.033,0.03,NEXT_STEP,0,0.057084070252660234,0.064833445357535,0.9922564067685308,-0.46388111741997745,Fault_Interface,14,0.0,0.0,0.3,0.9922564067685308,-0.46388111741997745,,,,,,,,,,,,,,-5.56292610630518,47.11760041232614,52.68052651863132,GENROU_4,6,GENROU_1,1,0.9996772939324999,0.9997124404168681,0.00032270606750006703,GENROU_5,8,GENROU_2,2,1.521493529121733,2.0192135535440423,GENROU_5,8,GENROU_2,2,0.999689128382444,1,0.9997124404168681,2,0.9997114883539383,3,0.9996925922136063,6,0.9996772939324999,8
910,2,3.168,0.033,0.03,NEXT_STEP,1,0.05708570626390339,0.06483526593539231,0.9922572972769801,-0.4642229847846665,Fault_Interface,14,0.0,0.0,0.3,0.9922572972769801,-0.4642229847846665,,,,,,,,,,,,,,-5.582817415814904,47.09746608476383,52.68028350057873,GENROU_4,6,GENROU_1,1,0.9996777535667012,0.9997118299921784,0.00032224643329881175,GENROU_5,8,GENROU_3,3,1.521487461892753,2.0192529080282053,GENROU_5,8,GENROU_2,2,0.999689441754522,1,0.9997117742451582,2,0.9997118299921784,3,0.999693478480538,6,0.9996777535667012,8
912,2,3.201,0.033,0.03,NEXT_STEP,0,0.05708675645250259,0.06483682356146014,0.9922790802353619,-0.46795537466213727,Fault_Interface,14,0.0,0.0,0.3,0.9922790802353619,-0.46795537466213727,,,,,,,,,,,,,,-5.798011065939013,46.87738505172826,52.675396117667276,GENROU_4,6,GENROU_1,1,0.9996830328246147,0.9997150923514226,0.0003169671753853187,GENROU_5,8,GENROU_3,3,1.5214101457533027,2.019565553027841,GENROU_5,8,GENROU_2,2,0.9996930592367995,1,0.999704845335881,2,0.9997150923514226,3,0.9997026814372457,6,0.9996830328246147,8
914,2,3.204,0.033,0.03,NEXT_STEP,1,0.057089146619761534,0.0648394783719335,0.9922801131193982,-0.46829310384099426,Fault_Interface,14,0.0,0.0,0.3,0.9922801131193982,-0.46829310384099426,,,,,,,,,,,,,,-5.81725184983312,46.85750639258996,52.67475824242308,GENROU_4,6,GENROU_1,1,0.999683531842393,0.9997153443090905,0.0003164681576069972,GENROU_5,8,GENROU_3,3,1.5214018335331692,2.0195835009294747,GENROU_5,8,GENROU_2,2,0.9996934019009073,1,0.9997042543791977,2,0.9997153443090905,3,0.9997034669090955,6,0.999683531842393,8
916,2,3.237,0.033,0.03,NEXT_STEP,0,0.05709063061889716,0.06484169734901386,0.9923066190485531,-0.47198007258014174,Fault_Interface,14,0.0,0.0,0.3,0.9923066190485531,-0.47198007258014174,,,,,,,,,,,,,,-6.025753835537583,46.64032944244935,52.666083277986935,GENROU_4,6,GENROU_1,1,0.9996891570409913,0.9997176607199155,0.00031084295900873915,GENROU_5,8,GENROU_3,3,1.5213067091920613,2.0196929874073737,GENROU_5,8,GENROU_2,2,0.9996972398071828,1,0.9996983345873599,2,0.9997176607199155,3,0.9997114611867547,6,0.9996891570409913,8
918,2,3.24,0.033,0.03,NEXT_STEP,1,0.05709351006852337,0.06484487266782563,0.9923077698738373,-0.47231397296390254,Fault_Interface,14,0.0,0.0,0.3,0.9923077698738373,-0.47231397296390254,,,,,,,,,,,,,,-6.044429531626398,46.62072203054823,52.66515156217463,GENROU_4,6,GENROU_1,1,0.9996896795167142,0.9997178306722974,0.00031032048328583084,GENROU_5,8,GENROU_3,3,1.521297119180311,2.0196953694233164,GENROU_5,8,GENROU_2,2,0.9996975934296145,1,0.999697851218471,2,0.9997178306722974,3,0.9997121282467823,6,0.9996896795167142,8
920,2,3.273,0.033,0.03,NEXT_STEP,0,0.05709529626121109,0.0648475515058534,0.9923372964444118,-0.47595968655377047,Fault_Interface,14,0.0,0.0,0.3,0.9923372964444118,-0.47595968655377047,,,,,,,,,,,,,,-6.2472407931829785,46.406545180985084,52.65378597416806,GENROU_4,6,GENROU_1,1,0.9996932453662017,0.9997193053834406,0.0003067546337982563,GENROU_2,2,GENROU_3,3,1.5211906101233652,2.0196623000194687,GENROU_5,8,GENROU_2,2,0.999701459444071,1,0.9996932453662017,2,0.9997193053834406,3,0.9997187629250751,6,0.9996954734344435,8
922,2,3.276,0.033,0.03,NEXT_STEP,1,0.05709834628369052,0.06485089625020724,0.9923385815352389,-0.47629006659491224,Fault_Interface,14,0.0,0.0,0.3,0.9923385815352389,-0.47629006659491224,,,,,,,,,,,,,,-6.265447488184548,46.387211020621464,52.65265850880601,GENROU_4,6,GENROU_1,1,0.9996928926077429,0.9997194045953554,0.00030710739225714434,GENROU_2,2,GENROU_3,3,1.5211801657888206,2.0196542709649434,GENROU_5,8,GENROU_2,2,0.9997018075284744,1,0.9996928926077429,2,0.9997194045953554,3,0.9997193018220039,6,0.9996960031523198,8
924,2,3.309,0.033,0.03,NEXT_STEP,0,0.057100364248372115,0.06485388280091593,0.9923696374618564,-0.47989875610027105,Fault_Interface,14,0.0,0.0,0.3,0.9923696374618564,-0.47989875610027105,,,,,,,,,,,,,,-6.463653017785683,46.17599167396726,52.63964469175294,GENROU_4,6,GENROU_1,1,0.9996898010139126,0.9997245112757449,0.0003101989860874177,GENROU_2,2,GENROU_4,6,1.5210663854008906,2.019531213142285,GENROU_5,8,GENROU_2,2,0.9997055381247731,1,0.9996898010139126,2,0.9997201742579055,3,0.9997245112757449,6,0.9997017898517304,8
926,2,3.312,0.033,0.03,NEXT_STEP,1,0.057103666011024706,0.0648575210902101,0.9923708699242628,-0.48022601887629773,Fault_Interface,14,0.0,0.0,0.3,0.9923708699242628,-0.48022601887629773,,,,,,,,,,,,,,-6.481491444940284,46.156921202004895,52.63841264694518,GENROU_4,6,GENROU_1,1,0.9996895922509805,0.9997249197488073,0.0003104077490194701,GENROU_2,2,GENROU_4,6,1.5210554324999452,2.0195171784717645,GENROU_5,8,GENROU_2,2,0.9997058674007318,1,0.9996895922509805,2,0.9997202162252412,3,0.9997249197488073,6,0.9997023110200163,8
928,2,3.345,0.033,0.03,NEXT_STEP,0,0.05710569824456153,0.06486057485682557,0.9924022500856744,-0.4838017642407652,Fault_Interface,14,0.0,0.0,0.3,0.9924022500856744,-0.4838017642407652,,,,,,,,,,,,,,-6.676196663005378,45.94850409555872,52.624700758564096,GENROU_4,6,GENROU_1,1,0.99968811066928,0.9997287165857142,0.00031188933072001657,GENROU_2,2,GENROU_4,6,1.5209381233915533,2.01934860659723,GENROU_5,8,GENROU_2,2,0.9997093369220734,1,0.99968811066928,2,0.9997204386791605,3,0.9997287165857142,6,0.9997079243486006,8
930,2,3.348,0.033,0.03,NEXT_STEP,1,0.05710893021144822,0.06486410622682967,0.9924035103007197,-0.4841261965197134,Fault_Interface,14,0.0,0.0,0.3,0.9924035103007197,-0.4841261965197134,,,,,,,,,,,,,,-6.693766666502836,45.92967886718673,52.62344553368957,GENROU_4,6,GENROU_1,1,0.999688049979073,0.9997289991189046,0.00031195002092698765,GENROU_2,2,GENROU_4,6,1.5209270185383132,2.0193322440384214,GENROU_5,8,GENROU_2,2,0.9997096378525824,1,0.999688049979073,2,0.9997204384110137,3,0.9997289991189046,6,0.9997084226094265,8
932,2,3.3810000000000002,0.033,0.03,NEXT_STEP,0,0.05711106664939231,0.06486727303732753,0.992434153316728,-0.4876728510561133,Fault_Interface,14,0.0,0.0,0.3,0.992434153316728,-0.4876728510561133,,,,,,,,,,,,,,-6.886040171820915,45.72382741721759,52.60986758903851,GENROU_4,6,GENROU_1,1,0.9996881760819819,0.9997314644424099,0.00031182391801809484,GENROU_2,2,GENROU_4,6,1.5208091337679246,2.0191539295115195,GENROU_5,8,GENROU_2,2,0.9997127629334093,1,0.9996881760819819,2,0.9997202813941934,3,0.9997314644424099,6,0.9997137134927345,8
934,2,3.384,0.033,0.03,NEXT_STEP,1,0.05711423030912062,0.06487074515946235,0.9924353412488933,-0.4879947833206256,Fault_Interface,14,0.0,0.0,0.3,0.9924353412488933,-0.4879947833206256,,,,,,,,,,,,,,-6.903435865543991,45.70522309410699,52.60865895965098,GENROU_4,6,GENROU_1,1,0.9996882590348788,0.9997316312045336,0.00031174096512120997,GENROU_2,2,GENROU_4,6,1.5207981055900572,2.019138057160412,GENROU_5,8,GENROU_2,2,0.9997130298911109,1,0.9996882590348788,2,0.9997202542785043,3,0.9997316312045336,6,0.9997141762417506,8
936,2,3.417,0.033,0.03,NEXT_STEP,0,0.0571161953147581,0.06487369580439019,0.9924646201151388,-0.49151569832516123,Fault_Interface,14,0.0,0.0,0.3,0.9924646201151388,-0.49151569832516123,,,,,,,,,,,,,,-7.094261019425039,45.5016523643246,52.59591338374964,GENROU_4,6,GENROU_1,1,0.9996899033655189,0.9997329023429712,0.00031009663448111624,GENROU_2,2,GENROU_4,6,1.5206819360642618,2.018976589485411,GENROU_5,8,GENROU_2,2,0.9997157694239803,1,0.9996899033655189,2,0.9997198844509056,3,0.9997329023429712,6,0.9997190188117835,8
938,2,3.42,0.033,0.03,NEXT_STEP,1,0.05711932607387038,0.0648771180084453,0.9924656679703376,-0.4918354295302616,Fault_Interface,14,0.0,0.0,0.3,0.9924656679703376,-0.4918354295302616,,,,,,,,,,,,,,-7.111566812626826,45.48324170120011,52.59480851382693,GENROU_4,6,GENROU_1,1,0.999690118226345,0.9997329680321269,0.00030988177365498526,GENROU_2,2,GENROU_4,6,1.5206711562368005,2.0189632325983347,GENROU_5,8,GENROU_2,2,0.9997160005343014,1,0.999690118226345,2,0.9997198453615918,3,0.9997329680321269,6,0.9997194358005966,8
940,2,3.453,0.033,0.03,NEXT_STEP,0,0.05712128654212737,0.06488006168212171,0.992492932330254,-0.4953335639045677,Fault_Interface,14,0.0,0.0,0.3,0.992492932330254,-0.4953335639045677,,,,,,,,,,,,,,-7.301803275137511,45.281649995800656,52.583453270938165,GENROU_4,6,GENROU_1,1,0.999693118809679,0.9997332247862724,0.0003068811903209623,GENROU_2,2,GENROU_4,6,1.520558322900396,2.0188370810452216,GENROU_5,8,GENROU_2,2,0.999718352155457,1,0.999693118809679,2,0.9997194194403801,3,0.9997332247862724,6,0.9997237319551088,8
942,2,3.456,0.033,0.03,NEXT_STEP,1,0.05712407313907268,0.06488309343127521,0.9924939648059724,-0.49565125689365536,Fault_Interface,14,0.0,0.0,0.3,0.9924939648059724,-0.49565125689365536,,,,,,,,,,,,,,-7.319090863637792,45.26340557905533,52.58249644269312,GENROU_4,6,GENROU_1,1,0.9996934479890932,0.9997332073215874,0.00030655201090679096,GENROU_2,2,GENROU_4,6,1.5205479550279544,2.0188275831626328,GENROU_5,8,GENROU_2,2,0.9997185488287904,1,0.9996934479890932,2,0.9997193819652106,3,0.9997332073215874,6,0.9997240956242066,8
944,2,3.489,0.033,0.03,NEXT_STEP,0,0.0571258434462277,0.06488574674034842,0.9925190255073373,-0.49912889912492,Fault_Interface,14,0.0,0.0,0.3,0.9925190255073373,-0.49912889912492,,,,,,,,,,,,,,-7.509446882748263,45.06350230199582,52.57294918474408,GENROU_4,6,GENROU_1,1,0.9996975875037759,0.999732658354668,0.0003024124962240915,GENROU_2,2,GENROU_4,6,1.520439402227633,2.018747953568607,GENROU_5,8,GENROU_2,2,0.9997205429630817,1,0.9996975875037759,2,0.9997190393677404,3,0.999732658354668,6,0.9997277781779526,8
946,2,3.492,0.033,0.03,NEXT_STEP,1,0.05712843777270989,0.0648885758428556,0.9925199344098138,-0.49944477616788024,Fault_Interface,14,0.0,0.0,0.3,0.9925199344098138,-0.49944477616788024,,,,,,,,,,,,,,-7.526773227997405,45.04539886645864,52.57217209445604,GENROU_4,6,GENROU_1,1,0.9996980091921882,0.9997325776239061,0.00030199080781179166,GENROU_2,2,GENROU_4,6,1.5204294716647675,2.018743005005953,GENROU_5,8,GENROU_2,2,0.9997207092512751,1,0.9996980091921882,2,0.9997190152303934,3,0.9997325776239061,6,0.9997280838654699,8
948,2,3.525,0.033,0.03,NEXT_STEP,0,0.05713008822514322,0.06489104663549432,0.9925425824477012,-0.5029037023552184,Fault_Interface,14,0.0,0.0,0.3,0.9925425824477012,-0.5029037023552184,,,,,,,,,,,,,,-7.717788862029178,44.846926881235696,52.56471574326488,GENROU_4,6,GENROU_1,1,0.9997030328897907,0.9997314459101343,0.000296967110209323,GENROU_2,2,GENROU_4,6,1.5203256179741287,2.018714751629053,GENROU_5,8,GENROU_2,2,0.9997224008300799,1,0.9997030328897907,2,0.9997188722882852,3,0.9997314459101343,6,0.9997311175006207,8
950,2,3.528,0.033,0.03,NEXT_STEP,1,0.05713247606819503,0.06489365092725564,0.9925433696639435,-0.5032178938221865,Fault_Interface,14,0.0,0.0,0.3,0.9925433696639435,-0.5032178938221865,,,,,,,,,,,,,,-7.735195159190638,44.82894304645288,52.564138205643516,GENROU_4,6,GENROU_1,1,0.9997035227063289,0.9997313634576656,0.00029647729367110465,GENROU_2,2,GENROU_5,8,1.5203161535325531,2.0187145690560193,GENROU_5,8,GENROU_2,2,0.9997225425408207,1,0.9997035227063289,2,0.999718870907961,3,0.9997313225886565,6,0.9997313634576656,8
952,2,3.561,0.033,0.03,NEXT_STEP,0,0.05713388864409077,0.06489580380946351,0.9925636532189874,-0.5066592541645305,Fault_Interface,14,0.0,0.0,0.3,0.9925636532189874,-0.5066592541645305,,,,,,,,,,,,,,-7.9272360889684625,44.63169432656115,52.558930415529616,GENROU_4,6,GENROU_1,1,0.9997091565561542,0.9997337446626354,0.00029084344384577854,GENROU_2,2,GENROU_5,8,1.5202170747629986,2.0187382631861768,GENROU_5,8,GENROU_2,2,0.9997240026123925,1,0.9997091565561542,2,0.9997190172916226,3,0.9997298326840333,6,0.9997337446626354,8
954,2,3.564,0.033,0.03,NEXT_STEP,1,0.0571360262907523,0.06489811714934308,0.9925643529247171,-0.5069718312650839,Fault_Interface,14,0.0,0.0,0.3,0.9925643529247171,-0.5069718312650839,,,,,,,,,,,,,,-7.944747657322172,44.613813719380545,52.55856137670272,GENROU_4,6,GENROU_1,1,0.999709689174081,0.9997339319568127,0.0002903108259190157,GENROU_2,2,GENROU_5,8,1.5202080672064013,2.0187427339998565,GENROU_5,8,GENROU_2,2,0.9997241267956134,1,0.999709689174081,2,0.9997190455538523,3,0.9997296868112227,6,0.9997339319568127,8
956,2,3.597,0.033,0.03,NEXT_STEP,0,0.05713730975086155,0.06490007297700585,0.9925823093602105,-0.5103962885522685,Fault_Interface,14,0.0,0.0,0.3,0.9925823093602105,-0.5103962885522685,,,,,,,,,,,,,,-8.13800854170511,44.41763849881172,52.55564704051683,GENROU_4,6,GENROU_1,1,0.999715656886443,0.9997356867413525,0.00028434311355696185,GENROU_2,2,GENROU_5,8,1.5201134509845824,2.018815592504297,GENROU_5,8,GENROU_2,2,0.9997254334142126,1,0.999715656886443,2,0.9997195425439523,3,0.9997280533008334,6,0.9997356867413525,8
958,2,3.6,0.033,0.03,NEXT_STEP,1,0.05713912790741123,0.06490203395781462,0.9925829657345032,-0.5107072681701206,Fault_Interface,14,0.0,0.0,0.3,0.9925829657345032,-0.5107072681701206,,,,,,,,,,,,,,-8.155635536355252,44.399850272827905,52.55548580918315,GENROU_4,6,GENROU_1,1,0.9997162075014064,0.9997358190037066,0.00028379249859356026,GENROU_2,2,GENROU_5,8,1.520104869434865,2.018824332961129,GENROU_5,8,GENROU_2,2,0.9997255472652993,1,0.9997162075014064,2,0.9997196047176552,3,0.9997279036544092,6,0.9997358190037066,8
960,2,3.633,0.033,0.03,NEXT_STEP,0,0.05714034086329866,0.06490383731140165,0.9925987433628818,-0.5141150106686916,Fault_Interface,14,0.0,0.0,0.3,0.9925987433628818,-0.5141150106686916,,,,,,,,,,,,,,-8.350151623892472,44.20465918277135,52.55481080666382,GENROU_4,6,GENROU_1,1,0.9997204843596608,0.9997370002268473,0.00027951564033923404,GENROU_3,3,GENROU_5,8,1.5200145628080037,2.0189412148643653,GENROU_5,8,GENROU_2,2,0.9997267770651403,1,0.9997222460539006,2,0.9997204843596608,3,0.9997263215104196,6,0.9997370002268473,8
962,2,3.636,0.033,0.03,NEXT_STEP,1,0.05714201014348557,0.0649056610909172,0.9925992739577885,-0.5144244284421627,Fault_Interface,14,0.0,0.0,0.3,0.9925992739577885,-0.5144244284421627,,,,,,,,,,,,,,-8.367890423702399,44.18695790959184,52.55484833329424,GENROU_4,6,GENROU_1,1,0.999720582176574,0.9997370832755419,0.0002794178234259981,GENROU_3,3,GENROU_5,8,1.5200062436151769,2.018953681812015,GENROU_5,8,GENROU_2,2,0.9997268873428996,1,0.9997227916711654,2,0.999720582176574,3,0.9997261846682864,6,0.9997370832755419,8
964,2,3.669,0.033,0.03,NEXT_STEP,0,0.05714299391315343,0.06490716061816977,0.9926131557528125,-0.5178151473681788,Fault_Interface,14,0.0,0.0,0.3,0.9926131557528125,-0.5178151473681788,,,,,,,,,,,,,,-8.563556050445799,43.9927187498409,52.556274800286694,GENROU_4,6,GENROU_1,1,0.9997218515292813,0.9997377644776111,0.00027814847071871984,GENROU_3,3,GENROU_5,8,1.5199191383895938,2.019108583026209,GENROU_5,8,GENROU_2,2,0.999728110369125,1,0.9997286625237815,2,0.9997218515292813,3,0.9997248208392534,6,0.9997377644776111,8
966,2,3.672,0.033,0.03,NEXT_STEP,1,0.057144410693274174,0.06490869009169373,0.9926136542639384,-0.5181229410081706,Fault_Interface,14,0.0,0.0,0.3,0.9926136542639384,-0.5181229410081706,,,,,,,,,,,,,,-8.58139123014193,43.97510394745889,52.55649517760082,GENROU_4,6,GENROU_1,1,0.9997219843897166,0.9997378059362139,0.0002780156102833997,GENROU_3,3,GENROU_5,8,1.5199111279556483,2.0191242369124094,GENROU_5,8,GENROU_2,2,0.9997282228906895,1,0.9997291829196897,2,0.9997219843897166,3,0.9997247106516067,6,0.9997378059362139,8
968,2,3.705,0.033,0.03,NEXT_STEP,0,0.057145380231965984,0.06491012244941825,0.9926257964430101,-0.5214961293053894,Fault_Interface,14,0.0,0.0,0.3,0.9926257964430101,-0.5214961293053894,,,,,,,,,,,,,,-8.777983200877888,43.78183384409112,52.55981704496901,GENROU_4,6,GENROU_1,1,0.999723625484181,0.99973807810493,0.00027637451581896677,GENROU_3,3,GENROU_5,8,1.5198267342456075,2.0193108031690405,GENROU_5,8,GENROU_2,2,0.9997294956802627,1,0.9997346831090761,2,0.999723625484181,3,0.9997237001179646,6,0.99973807810493,8
970,2,3.708,0.033,0.03,NEXT_STEP,1,0.05714663703418637,0.06491149768079803,0.9926262245276569,-0.5218022580317349,Fault_Interface,14,0.0,0.0,0.3,0.9926262245276569,-0.5218022580317349,,,,,,,,,,,,,,-8.795889794229355,43.764309026349395,52.56019882057875,GENROU_4,6,GENROU_1,1,0.9997236272477308,0.999738086850763,0.0002763727522692161,GENROU_4,6,GENROU_5,8,1.5198189607984642,2.0193290204355905,GENROU_5,8,GENROU_2,2,0.9997296148832645,1,0.9997351616432434,2,0.9997237907434697,3,0.9997236272477308,6,0.999738086850763,8
972,2,3.741,0.033,0.03,NEXT_STEP,0,0.057147375493575965,0.06491262320912798,0.9926370230535972,-0.5251570838424883,Fault_Interface,14,0.0,0.0,0.3,0.9926370230535972,-0.5251570838424883,,,,,,,,,,,,,,-8.993093862385747,43.57206280573684,52.56515666812259,GENROU_4,6,GENROU_1,1,0.9997230691356328,0.9997401302015659,0.0002769308643671975,GENROU_4,6,GENROU_2,2,1.519736639405837,2.019540343357326,GENROU_5,8,GENROU_2,2,0.9997309777326375,1,0.9997401302015659,2,0.999725765242088,3,0.9997230691356328,6,0.9997380519724294,8
974,2,3.7439999999999998,0.033,0.03,NEXT_STEP,1,0.057148495517807395,0.06491383557710027,0.9926374072025574,-0.5254614757922577,Fault_Interface,14,0.0,0.0,0.3,0.9926374072025574,-0.5254614757922577,,,,,,,,,,,,,,-9.01103989589406,43.55463433477149,52.56567423066555,GENROU_4,6,GENROU_1,1,0.9997230409412711,0.9997405542701325,0.0002769590587289317,GENROU_4,6,GENROU_2,2,1.5197290537179335,2.0195605012977245,GENROU_5,8,GENROU_2,2,0.9997311064968271,1,0.9997405542701325,2,0.9997259586064118,3,0.9997230409412711,6,0.999738037631915,8
976,2,3.777,0.033,0.03,NEXT_STEP,0,0.0571491679962311,0.06491486028334484,0.9926470574005369,-0.5287970710818504,Fault_Interface,14,0.0,0.0,0.3,0.9926470574005369,-0.5287970710818504,,,,,,,,,,,,,,-9.208478957909149,43.363491350908426,52.571970308817576,GENROU_4,6,GENROU_1,1,0.9997229977550377,0.999744875670624,0.00027700224496229886,GENROU_4,6,GENROU_2,2,1.5196481782909104,2.0197899177593945,GENROU_5,8,GENROU_2,2,0.9997325821423813,1,0.999744875670624,2,0.9997282122532081,3,0.9997229977550377,6,0.9997378029451145,8
978,2,3.7800000000000002,0.033,0.03,NEXT_STEP,1,0.057150186337218654,0.06491596237131096,0.9926473997600812,-0.5290996488258478,Fault_Interface,14,0.0,0.0,0.3,0.9926473997600812,-0.5290996488258478,,,,,,,,,,,,,,-9.226428039223075,43.34616719621388,52.57259523543695,GENROU_4,6,GENROU_1,1,0.9997230182537917,0.999745236874141,0.0002769817462082713,GENROU_4,6,GENROU_2,2,1.5196407308389666,2.019811429224732,GENROU_5,8,GENROU_2,2,0.999732721725071,1,0.999745236874141,2,0.9997284281850383,3,0.9997230182537917,6,0.9997377753517509,8
980,2,3.813,0.033,0.03,NEXT_STEP,0,0.057150797774892015,0.06491689399782745,0.9926561809480818,-0.5324150751664225,Fault_Interface,14,0.0,0.0,0.3,0.9926561809480818,-0.5324150751664225,,,,,,,,,,,,,,-9.423690331467231,43.1562177178889,52.579908049356135,GENROU_4,6,GENROU_1,1,0.9997235167898509,0.9997488416120712,0.00027648321014905886,GENROU_4,6,GENROU_2,2,1.519560804341446,2.020052845998333,GENROU_5,8,GENROU_2,2,0.9997343155854274,1,0.9997488416120712,2,0.999730895574619,3,0.9997235167898509,6,0.9997374476444431,8
982,2,3.816,0.033,0.03,NEXT_STEP,1,0.05715171287254667,0.06491788397447971,0.992656508014676,-0.5327157530479334,Fault_Interface,14,0.0,0.0,0.3,0.992656508014676,-0.5327157530479334,,,,,,,,,,,,,,-9.441604173193541,43.139006232452886,52.580610405646425,GENROU_4,6,GENROU_1,1,0.9997235868605715,0.9997491356965902,0.00027641313942849965,GENROU_4,6,GENROU_2,2,1.5195534592187738,2.0200751903671192,GENROU_5,8,GENROU_2,2,0.9997344657282756,1,0.9997491356965902,2,0.9997311277362794,3,0.9997235868605715,6,0.9997374163463358,8
984,2,3.849,0.033,0.03,NEXT_STEP,0,0.05715237810589737,0.06491885293111085,0.9926646342675077,-0.5360101434231616,Fault_Interface,14,0.0,0.0,0.3,0.9926646342675077,-0.5360101434231616,,,,,,,,,,,,,,-9.638269974872703,42.95033863007953,52.58860860495223,GENROU_4,6,GENROU_1,1,0.9997246210160489,0.9997519983843178,0.0002753789839511356,GENROU_4,6,GENROU_2,2,1.5194740554938522,2.02032313085232,GENROU_5,8,GENROU_2,2,0.9997361676617392,1,0.9997519983843178,2,0.9997337367077088,3,0.9997246210160489,6,0.9997370967480079,8
986,2,3.8520000000000003,0.033,0.03,NEXT_STEP,1,0.05715323466640261,0.06491979814887143,0.9926649401161407,-0.5363088544071869,Fault_Interface,14,0.0,0.0,0.3,0.9926649401161407,-0.5363088544071869,,,,,,,,,,,,,,-9.656110720098567,42.93324745061297,52.589358170711535,GENROU_4,6,GENROU_1,1,0.9997247386992023,0.9997522249551176,0.0002752613007976912,GENROU_4,6,GENROU_2,2,1.519466775095975,2.0203458317103857,GENROU_5,8,GENROU_2,2,0.9997363267991695,1,0.9997522249551176,2,0.999733978384162,3,0.9997247386992023,6,0.9997370705532199,8
988,2,3.885,0.033,0.03,NEXT_STEP,0,0.057153729831397694,0.06492055302934802,0.9926728039473436,-0.5395813662924743,Fault_Interface,14,0.0,0.0,0.3,0.9926728039473436,-0.5395813662924743,,,,,,,,,,,,,,-9.851776357058345,42.74593718114568,52.59771353820402,GENROU_4,6,GENROU_1,1,0.9997262736678577,0.9997543602927711,0.0002737263321422878,GENROU_4,6,GENROU_2,2,1.5193875491534863,2.0205951750070454,GENROU_5,8,GENROU_2,2,0.9997381139767944,1,0.9997543602927711,2,0.9997366552186866,3,0.9997262736678577,6,0.9997368500184699,8
990,2,3.888,0.033,0.03,NEXT_STEP,1,0.05715455286221781,0.06492144751925029,0.992673111889361,-0.539878052467004,Fault_Interface,14,0.0,0.0,0.3,0.992673111889361,-0.539878052467004,,,,,,,,,,,,,,-9.869508608200205,42.72897233136605,52.59848093956626,GENROU_4,6,GENROU_1,1,0.999726434630233,0.9997545223735218,0.00027356536976697043,GENROU_4,6,GENROU_2,2,1.5193802998329609,2.0206177726908905,GENROU_5,8,GENROU_2,2,0.9997382795485258,1,0.9997545223735218,2,0.9997368997328328,3,0.999726434630233,6,0.9997368366311438,8
992,2,3.9210000000000003,0.033,0.03,NEXT_STEP,0,0.05715504317987573,0.06492219509748556,0.9926808745493657,-0.5431281069319248,Fault_Interface,14,0.0,0.0,0.3,0.9926808745493657,-0.5431281069319248,,,,,,,,,,,,,,-10.063806818458353,42.543073433210985,52.60688025166934,GENROU_4,6,GENROU_1,1,0.9997284119010856,0.9997559794176774,0.00027158809891436597,GENROU_4,6,GENROU_2,2,1.5193009016954593,2.0208634454830654,GENROU_5,8,GENROU_2,2,0.9997401199567774,1,0.9997559794176774,2,0.9997395728822597,3,0.9997284119010856,6,0.9997367922050819,8
994,2,3.924,0.033,0.03,NEXT_STEP,1,0.05715586738641799,0.06492309127417781,0.992681182761338,-0.5434227293549465,Fault_Interface,14,0.0,0.0,0.3,0.992681182761338,-0.5434227293549465,,,,,,,,,,,,,,-10.08139931274354,42.52623867469909,52.60763798744263,GENROU_4,6,GENROU_1,1,0.9997286098802357,0.9997560828533169,0.00027139011976429206,GENROU_4,6,GENROU_2,2,1.5192936535267827,2.020885482458858,GENROU_5,8,GENROU_2,2,0.999740288731127,1,0.9997560828533169,2,0.9997398139277437,3,0.9997286098802357,6,0.999736797912215,8
996,2,3.957,0.033,0.03,NEXT_STEP,0,0.057156358241371955,0.06492383935495961,0.9926890676129962,-0.5466499260222092,Fault_Interface,14,0.0,0.0,0.3,0.9926890676129962,-0.5466499260222092,,,,,,,,,,,,,,-10.274015555223917,42.341778094491865,52.61579364971578,GENROU_4,6,GENROU_1,1,0.9997309527972348,0.9997569381209888,0.00026904720276521576,GENROU_4,6,GENROU_2,2,1.5192138709462597,2.02112275726556,GENROU_5,8,GENROU_2,2,0.9997421449843783,1,0.9997569381209888,2,0.999742417582441,3,0.9997309527972348,6,0.9997369899379652,8
998,2,3.96,0.033,0.03,NEXT_STEP,1,0.05715718208183151,0.06492473538283527,0.9926893966321616,-0.5469424578703135,Fault_Interface,14,0.0,0.0,0.3,0.9926893966321616,-0.5469424578703135,,,,,,,,,,,,,,-10.291442447303238,42.325074546932065,52.616516994235305,GENROU_4,6,GENROU_1,1,0.9997311801632801,0.9997569909246377,0.0002688198367198913,GENROU_4,6,GENROU_2,2,1.5192066065348084,2.021143831858115,GENROU_5,8,GENROU_2,2,0.9997423134242699,1,0.9997569909246377,2,0.9997426495213944,3,0.9997311801632801,6,0.999737019414467,8
1000,2,3.9930000000000003,0.033,0.03,NEXT_STEP,0,0.057157672885285275,0.06492548338958842,0.9926976096920774,-0.5501466272675041,Fault_Interface,14,0.0,0.0,0.3,0.9926976096920774,-0.5501466272675041,,,,,,,,,,,,,,-10.482126623891858,42.142049487058614,52.62417611095047,GENROU_4,6,GENROU_1,1,0.9997338000524577,0.9997573409853648,0.00026619994754228937,GENROU_4,6,GENROU_2,2,1.5191262618909753,2.0213684355692876,GENROU_5,8,GENROU_2,2,0.9997441466661483,1,0.9997573409853648,2,0.999745126499198,3,0.9997338000524577,6,0.9997374898956223,8
1002,2,3.996,0.033,0.03,NEXT_STEP,1,0.05715861205636205,0.06492651032825303,0.9926979137600156,-0.5504370929731147,Fault_Interface,14,0.0,0.0,0.3,0.9926979137600156,-0.5504370929731147,,,,,,,,,,,,,,-10.49936833576986,42.12547552406496,52.62484385983482,GENROU_4,6,GENROU_1,1,0.9997340483463693,0.9997573526441764,0.00026595165363074713,GENROU_4,6,GENROU_2,2,1.5191189477427465,2.0213881694224693,GENROU_5,8,GENROU_2,2,0.9997443112661463,1,0.9997573526441764,2,0.9997453445849561,3,0.9997340483463693,6,0.9997375460976641,8
1004,2,4.029,0.033,0.03,NEXT_STEP,0,0.05715916631029492,0.06492735533776929,0.9927065755799542,-0.5536183361310051,Fault_Interface,14,0.0,0.0,0.3,0.9927065755799542,-0.5536183361310051,,,,,,,,,,,,,,-10.687941921370507,41.94385363948879,52.6317955608593,GENROU_4,6,GENROU_1,1,0.9997368501939662,0.9997573064593277,0.00026314980603381333,GENROU_4,6,GENROU_2,2,1.519037940512693,2.021596191980847,GENROU_5,8,GENROU_2,2,0.9997460845800081,1,0.9997573064593277,2,0.9997476483200874,3,0.9997368501939662,6,0.9997383179804735,8
1006,2,4.032,0.033,0.03,NEXT_STEP,1,0.05716009279952546,0.06492836265270488,0.9927069399058933,-0.5539067229997071,Fault_Interface,14,0.0,0.0,0.3,0.9927069399058933,-0.5539067229997071,,,,,,,,,,,,,,-10.704985589828377,41.9274050258929,52.63239061572128,GENROU_4,6,GENROU_1,1,0.9997371106560996,0.9997572872501503,0.00026288934390039653,GENROU_4,6,GENROU_2,2,1.5190305863261033,2.021614257230766,GENROU_5,8,GENROU_2,2,0.9997462421608595,1,0.9997572872501503,2,0.9997478488478456,3,0.9997371106560996,6,0.9997384021333666,8
1008,2,4.065,0.033,0.03,NEXT_STEP,0,0.057160644737759156,0.0649292039370774,0.9927162436846615,-0.5570653394053995,Fault_Interface,14,0.0,0.0,0.3,0.9927162436846615,-0.5570653394053995,,,,,,,,,,,,,,-10.89134423689713,41.74712714110424,52.63847137800137,GENROU_4,6,GENROU_1,1,0.9997394798226211,0.9997569590179258,0.00026052017737887567,GENROU_5,8,GENROU_2,2,1.5189487982362617,2.021802168842988,GENROU_5,8,GENROU_2,2,0.9997479236404513,1,0.9997569590179258,2,0.9997499448212311,3,0.9997399990708694,6,0.9997394798226211,8
1010,2,4.068,0.033,0.03,NEXT_STEP,1,0.05716157174262032,0.06493021213863773,0.9927166711368138,-0.5573516895528202,Fault_Interface,14,0.0,0.0,0.3,0.9927166711368138,-0.5573516895528202,,,,,,,,,,,,,,-10.90818374124573,41.730797386637704,52.63898112788343,GENROU_4,6,GENROU_1,1,0.9997395915081573,0.999756919376529,0.00026040849184272297,GENROU_5,8,GENROU_2,2,1.5189413807414636,2.021818244000632,GENROU_5,8,GENROU_2,2,0.9997480715920629,1,0.999756919376529,2,0.99975012522017,3,0.9997402631405934,6,0.9997395915081573,8
1012,2,4.101,0.033,0.03,NEXT_STEP,0,0.05716223899316523,0.06493118456051002,0.9927266567203663,-0.5604882542121857,Fault_Interface,14,0.0,0.0,0.3,0.9927266567203663,-0.5604882542121857,,,,,,,,,,,,,,-11.092295734641201,41.5517822203781,52.6440779550193,GENROU_4,6,GENROU_1,1,0.9997409620586178,0.9997564218144767,0.0002590379413821564,GENROU_5,8,GENROU_2,2,1.5188586865917064,2.0219826424982132,GENROU_5,8,GENROU_2,2,0.9997496364004983,1,0.9997564218144767,2,0.9997519914039886,3,0.9997431470043981,6,0.9997409620586178,8
1014,2,4.104,0.033,0.03,NEXT_STEP,1,0.05716332566202686,0.06493239075532478,0.9927270616452181,-0.560772666280099,Fault_Interface,14,0.0,0.0,0.3,0.9927270616452181,-0.560772666280099,,,,,,,,,,,,,,-11.108931394761697,41.53556307925786,52.64449447401956,GENROU_4,6,GENROU_1,1,0.9997410993532019,0.9997563717560253,0.0002589006467981214,GENROU_5,8,GENROU_2,2,1.5188511745383475,2.021996440229346,GENROU_5,8,GENROU_2,2,0.9997497728241859,1,0.9997563717560253,2,0.9997521502357523,3,0.9997434066955866,6,0.9997410993532019,8
1016,2,4.1370000000000005,0.033,0.03,NEXT_STEP,0,0.05716394783541962,0.06493333958401619,0.9927378573766752,-0.5638878947689984,Fault_Interface,14,0.0,0.0,0.3,0.9927378573766752,-0.5638878947689984,,,,,,,,,,,,,,-11.290832739219844,41.35771326142699,52.64854600064683,GENROU_4,6,GENROU_1,1,0.9997427344697098,0.9997558103512753,0.00025726553029015164,GENROU_5,8,GENROU_2,2,1.518767598605634,2.022134781206636,GENROU_5,8,GENROU_2,2,0.9997512044948682,1,0.9997558103512753,2,0.9997537768577187,3,0.9997462032478038,6,0.9997427344697098,8
1018,2,4.14,0.033,0.03,NEXT_STEP,1,0.05716509102110801,0.06493458752370525,0.9927383134613011,-0.5641704212889734,Fault_Interface,14,0.0,0.0,0.3,0.9927383134613011,-0.5641704212889734,,,,,,,,,,,,,,-11.30727072418604,41.341595324143974,52.648866048330014,GENROU_4,6,GENROU_1,1,0.9997428941764003,0.9997557590131043,0.00025710582359972367,GENROU_5,8,GENROU_2,2,1.5187600048215686,2.0221461245604586,GENROU_5,8,GENROU_2,2,0.9997513283050385,1,0.9997557590131043,2,0.9997539137840931,3,0.99974645153719,6,0.9997428941764003,8
1020,2,4.173,0.033,0.03,NEXT_STEP,0,0.05716576747999332,0.06493561876284012,0.9927498932255321,-0.5672652507695892,Fault_Interface,14,0.0,0.0,0.3,0.9927498932255321,-0.5672652507695892,,,,,,,,,,,,,,-11.487057181739232,41.1648041885205,52.65186137025973,GENROU_4,6,GENROU_1,1,0.9997447529974652,0.9997553026699287,0.0002552470025347642,GENROU_5,8,GENROU_3,3,1.5186754975990935,2.022256691635163,GENROU_5,8,GENROU_2,2,0.9997526193904903,1,0.9997552275476078,2,0.9997553026699287,3,0.9997490900033914,6,0.9997447529974652,8
1022,2,4.176,0.033,0.03,NEXT_STEP,1,0.05716701546913802,0.06493698126003487,0.9927503676042756,-0.5675459930143187,Fault_Interface,14,0.0,0.0,0.3,0.9927503676042756,-0.5675459930143187,,,,,,,,,,,,,,-11.503308663543955,41.1487775189468,52.652086182490756,GENROU_4,6,GENROU_1,1,0.9997449309023884,0.9997554183487558,0.00025506909761163765,GENROU_5,8,GENROU_3,3,1.5186678043526867,2.0222654426138797,GENROU_5,8,GENROU_2,2,0.9997527303140251,1,0.9997551828175693,2,0.9997554183487558,3,0.9997493210520184,6,0.9997449309023884,8
1024,2,4.209,0.033,0.03,NEXT_STEP,0,0.05716775374124504,0.06493810681462844,0.9927626971303547,-0.5706214765985613,Fault_Interface,14,0.0,0.0,0.3,0.9927626971303547,-0.5706214765985613,,,,,,,,,,,,,,-11.68112566059718,40.97293598197024,52.65406164256742,GENROU_4,6,GENROU_1,1,0.9997469629717629,0.9997565815135638,0.00025303702823709084,GENROU_5,8,GENROU_3,3,1.518582392654445,2.0223472047563584,GENROU_5,8,GENROU_2,2,0.9997538820036185,1,0.9997547598860433,2,0.9997565815135638,3,0.9997517446106249,6,0.9997469629717629,8
1026,2,4.212,0.033,0.03,NEXT_STEP,1,0.057169104283080814,0.06493958111386246,0.9927631867096912,-0.5709005344268132,Fault_Interface,14,0.0,0.0,0.3,0.9927631867096912,-0.5709005344268132,,,,,,,,,,,,,,-11.697205827620985,40.956990727902756,52.65419655552374,GENROU_4,6,GENROU_1,1,0.9997471541389114,0.9997566774609765,0.0002528458610886464,GENROU_5,8,GENROU_3,3,1.5185746025697375,2.0223533203613515,GENROU_5,8,GENROU_2,2,0.9997539805251628,1,0.9997547281531914,2,0.9997566774609765,3,0.9997519539380231,6,0.9997471541389114,8
1028,2,4.245,0.033,0.03,NEXT_STEP,0,0.05716990408575736,0.0649408001836375,0.99277619887451,-0.5739578116047305,Fault_Interface,14,0.0,0.0,0.3,0.99277619887451,-0.5739578116047305,,,,,,,,,,,,,,-11.873236994121838,40.78199368559512,52.65523067971696,GENROU_4,6,GENROU_1,1,0.9997493027573033,0.9997576354683737,0.0002506972426966625,GENROU_5,8,GENROU_3,3,1.5184883687277317,2.0224063881874415,GENROU_5,8,GENROU_2,2,0.9997550017811482,1,0.999754475064054,2,0.9997576354683737,3,0.9997541212107912,6,0.9997493027573033,8
1030,2,4.248,0.033,0.03,NEXT_STEP,1,0.0571712427024884,0.06494225578536784,0.9927767586955337,-0.5742352630662736,Fault_Interface,14,0.0,0.0,0.3,0.9927767586955337,-0.5742352630662736,,,,,,,,,,,,,,-11.889163959509528,40.766120628156294,52.65528458766582,GENROU_4,6,GENROU_1,1,0.9997495018392929,0.9997577138959894,0.0002504981607071022,GENROU_5,8,GENROU_3,3,1.518480500164258,2.022409928204524,GENROU_5,8,GENROU_2,2,0.9997550890386412,1,0.9997544610831827,2,0.9997577138959894,3,0.9997543057834158,6,0.9997495018392929,8
1032,2,4.281,0.033,0.03,NEXT_STEP,0,0.05717215540931544,0.06494360211991528,0.9927903393887236,-0.5772755284059475,Fault_Interface,14,0.0,0.0,0.3,0.9927903393887236,-0.5772755284059475,,,,,,,,,,,,,,-12.063618894187565,40.59187247784138,52.65549137202894,GENROU_4,6,GENROU_1,1,0.9997517074671175,0.999758493969773,0.0002482925328824992,GENROU_5,8,GENROU_3,3,1.5183935064622525,2.0224353140309193,GENROU_5,8,GENROU_2,2,0.9997559952187361,1,0.9997544209481767,2,0.999758493969773,3,0.9997561913454066,6,0.9997517074671175,8
1034,2,4.284,0.033,0.03,NEXT_STEP,1,0.05717353905286909,0.06494512583378953,0.9927909201576977,-0.5775514954340012,Fault_Interface,14,0.0,0.0,0.3,0.9927909201576977,-0.5775514954340012,,,,,,,,,,,,,,-12.079412568900121,40.57606348328515,52.655476052185264,GENROU_4,6,GENROU_1,1,0.9997519090041743,0.9997585575973462,0.0002480909958256783,GENROU_5,8,GENROU_3,3,1.5183855528166172,2.02243640175636,GENROU_5,8,GENROU_2,2,0.9997560728505159,1,0.9997544278016464,2,0.9997585575973462,3,0.9997563495585269,6,0.9997519090041743,8
1036,2,4.317,0.033,0.03,NEXT_STEP,0,0.05717445826422309,0.06494648267057711,0.9928049938140097,-0.5805759161713057,Fault_Interface,14,0.0,0.0,0.3,0.9928049938140097,-0.5805759161713057,,,,,,,,,,,,,,-12.252514665999001,40.40248239036528,52.65499705636428,GENROU_4,6,GENROU_1,1,0.9997541124287078,0.9997591914923415,0.0002458875712921804,GENROU_5,8,GENROU_3,3,1.5182979338674145,2.0224359653289663,GENROU_5,8,GENROU_2,2,0.999756883883576,1,0.999754625611962,2,0.9997591914923415,3,0.9997579433146717,6,0.9997541124287078,8
1038,2,4.32,0.033,0.03,NEXT_STEP,1,0.057175955635663266,0.06494813490916371,0.9928055513259272,-0.5808505244336509,Fault_Interface,14,0.0,0.0,0.3,0.9928055513259272,-0.5808505244336509,,,,,,,,,,,,,,-12.268195674999717,40.38673073327778,52.6549264082775,GENROU_4,6,GENROU_1,1,0.9997543111336245,0.9997592433584217,0.00024568886637554854,GENROU_5,8,GENROU_3,3,1.5182898991953262,2.022434817681937,GENROU_5,8,GENROU_2,2,0.999756953860637,1,0.9997546547694227,2,0.9997592433584217,3,0.999758074926047,6,0.9997543111336245,8
1040,2,4.353,0.033,0.03,NEXT_STEP,0,0.05717693797785974,0.06494958819939288,0.9928199179255617,-0.5838602852141095,Fault_Interface,14,0.0,0.0,0.3,0.9928199179255617,-0.5838602852141095,,,,,,,,,,,,,,-12.440170641818554,40.21375143842827,52.65392208024682,GENROU_4,6,GENROU_1,1,0.9997550984392354,0.9997597652515686,0.000244901560764621,GENROU_2,2,GENROU_3,3,1.5182018494013254,2.0224114928654715,GENROU_5,8,GENROU_2,2,0.9997576923056849,1,0.9997550984392354,2,0.9997597652515686,3,0.99975938089889,6,0.9997564563806952,8
1042,2,4.356,0.033,0.03,NEXT_STEP,1,0.05717842289753434,0.06495122103020852,0.9928205070676391,-0.5841336081498898,Fault_Interface,14,0.0,0.0,0.3,0.9928205070676391,-0.5841336081498898,,,,,,,,,,,,,,-12.455759325687588,40.19805198785039,52.65381131353798,GENROU_4,6,GENROU_1,1,0.9997551498883871,0.9997598085220207,0.00024485011161290426,GENROU_2,2,GENROU_3,3,1.5181937699499628,2.0224084265013067,GENROU_5,8,GENROU_2,2,0.9997577567505533,1,0.9997551498883871,2,0.9997598085220207,3,0.9997594868829299,6,0.9997566473851807,8
1044,2,4.389,0.033,0.03,NEXT_STEP,0,0.05717940313158183,0.06495267069609255,0.9928350466174801,-0.5871297976666171,Fault_Interface,14,0.0,0.0,0.3,0.9928350466174801,-0.5871297976666171,,,,,,,,,,,,,,-12.626824788371957,40.025627141514526,52.65245192988648,GENROU_4,6,GENROU_1,1,0.9997558321529348,0.9997605217042765,0.0002441678470651576,GENROU_2,2,GENROU_4,6,1.5181054746352487,2.022365959914891,GENROU_5,8,GENROU_2,2,0.9997584459876107,1,0.9997558321529348,2,0.9997602531134777,3,0.9997605217042765,6,0.9997586843432573,8
1046,2,4.392,0.033,0.03,NEXT_STEP,1,0.05718088857741424,0.06495430440888696,0.99283564304156,-0.5874019352320149,Fault_Interface,14,0.0,0.0,0.3,0.99283564304156,-0.5874019352320149,,,,,,,,,,,,,,-12.642340312842236,40.00997641871898,52.652316731561214,GENROU_4,6,GENROU_1,1,0.9997559045998773,0.9997606040836777,0.00024409540012271247,GENROU_2,2,GENROU_4,6,1.5180973603647598,2.022361332369951,GENROU_5,8,GENROU_2,2,0.9997585070125268,1,0.9997559045998773,2,0.999760290915319,3,0.9997606040836777,6,0.9997588634143902,8
1048,2,4.425,0.033,0.03,NEXT_STEP,0,0.05718186880982346,0.06495575434102248,0.9928501782093312,-0.5903855774822241,Fault_Interface,14,0.0,0.0,0.3,0.9928501782093312,-0.5903855774822241,,,,,,,,,,,,,,-12.812696933424895,39.83807650330251,52.650773436727405,GENROU_4,6,GENROU_1,1,0.9997568053429563,0.999761394581191,0.00024319465704369936,GENROU_2,2,GENROU_4,6,1.518009009733921,2.02230382819449,GENROU_5,8,GENROU_2,2,0.9997591694058977,1,0.9997568053429563,2,0.9997606915637341,3,0.999761394581191,6,0.9997607497999271,8
1050,2,4.428,0.033,0.03,NEXT_STEP,1,0.05718335434312839,0.06495738806152317,0.9928507660617681,-0.5906566185243167,Fault_Interface,14,0.0,0.0,0.3,0.9928507660617681,-0.5906566185243167,,,,,,,,,,,,,,-12.82815656830654,39.82247261018763,52.65062917849417,GENROU_4,6,GENROU_1,1,0.9997568964414878,0.999761456194067,0.00024310355851220322,GENROU_2,2,GENROU_4,6,1.5180008815475947,2.0222980320322947,GENROU_5,8,GENROU_2,2,0.9997592289547541,1,0.9997568964414878,2,0.9997607268244183,3,0.999761456194067,6,0.999760913492427,8
1052,2,4.461,0.033,0.03,NEXT_STEP,0,0.05718433468007775,0.0649588380362395,0.9928651185999512,-0.5936286387894953,Fault_Interface,14,0.0,0.0,0.3,0.9928651185999512,-0.5936286387894953,,,,,,,,,,,,,,-12.997981084607193,39.6510845525171,52.649065637124295,GENROU_4,6,GENROU_1,1,0.9997579853389112,0.9997626162919637,0.00024201466108875191,GENROU_2,2,GENROU_5,8,1.5179127201601168,2.0222300696594275,GENROU_5,8,GENROU_2,2,0.9997598843422626,1,0.9997579853389112,2,0.999761113977242,3,0.9997620368938422,6,0.9997626162919637,8
1054,2,4.464,0.033,0.03,NEXT_STEP,1,0.05718582009492196,0.06496047180776049,0.9928656819392008,-0.5938986625178929,Fault_Interface,14,0.0,0.0,0.3,0.9928656819392008,-0.5938986625178929,,,,,,,,,,,,,,-13.01339965963399,39.63552699306987,52.64892665270386,GENROU_4,6,GENROU_1,1,0.9997580919491912,0.9997627620540317,0.0002419080508088145,GENROU_2,2,GENROU_5,8,1.5179046021259788,2.0222235430473874,GENROU_5,8,GENROU_2,2,0.9997599440698598,1,0.9997580919491912,2,0.9997611492962598,3,0.9997620811608863,6,0.9997627620540317,8
1056,2,4.497,0.033,0.03,NEXT_STEP,0,0.057186800477354846,0.06496192181303109,0.9928796807799721,-0.5968598754311152,Fault_Interface,14,0.0,0.0,0.3,0.9928796807799721,-0.5968598754311152,,,,,,,,,,,,,,-13.182839909030518,39.46465174395883,52.64749165298935,GENROU_4,6,GENROU_1,1,0.9997593314567789,0.9997642583892646,0.00024066854322113418,GENROU_2,2,GENROU_5,8,1.517816893729055,2.0221500441757425,GENROU_5,8,GENROU_2,2,0.9997606086169378,1,0.9997593314567789,2,0.9997615492374468,3,0.9997624916861958,6,0.9997642583892646,8
1058,2,4.5,0.033,0.03,NEXT_STEP,1,0.05718828602303089,0.06496355565086186,0.992880204635529,-0.5971289507925237,Fault_Interface,14,0.0,0.0,0.3,0.992880204635529,-0.5971289507925237,,,,,,,,,,,,,,-13.19822945352189,39.44914116473928,52.64737061826117,GENROU_4,6,GENROU_1,1,0.9997594499102574,0.9997643846144779,0.00024055008974255276,GENROU_2,2,GENROU_5,8,1.5178088122029103,2.022143241341212,GENROU_5,8,GENROU_2,2,0.9997606698022118,1,0.9997594499102574,2,0.9997615867877367,3,0.9997625223727125,6,0.9997643846144779,8
1060,2,4.533,0.033,0.03,NEXT_STEP,0,0.05718915120880879,0.06496487484847245,0.9928937626411002,-0.6000800216516111,Fault_Interface,14,0.0,0.0,0.3,0.9928937626411002,-0.6000800216516111,,,,,,,,,,,,,,-13.367401384203921,39.27879055126611,52.646191935470036,GENROU_4,6,GENROU_1,1,0.9997607981017981,0.9997656620624977,0.00023920189820192395,GENROU_2,2,GENROU_5,8,1.5177218142874065,2.02206908960583,GENROU_5,8,GENROU_2,2,0.9997613552843424,1,0.9997607981017981,2,0.9997620207641346,3,0.9997628049564746,6,0.9997656620624977,8
1062,2,4.536,0.033,0.03,NEXT_STEP,1,0.05719059231214521,0.06496644147137601,0.9928942649381839,-0.600348195859485,Fault_Interface,14,0.0,0.0,0.3,0.9928942649381839,-0.600348195859485,,,,,,,,,,,,,,-13.382770942493357,39.26332843118025,52.64609937367361,GENROU_4,6,GENROU_1,1,0.9997609244643133,0.9997657680968247,0.0002390755356866947,GENROU_2,2,GENROU_5,8,1.5177137981998015,2.0220624401741176,GENROU_5,8,GENROU_2,2,0.9997614187870814,1,0.9997609244643133,2,0.9997620622325565,3,0.999762825960518,6,0.9997657680968247,8
1064,2,4.569,0.033,0.03,NEXT_STEP,0,0.05719145100559117,0.06496775048151851,0.9929071991108612,-0.6032897283001063,Fault_Interface,14,0.0,0.0,0.3,0.9929071991108612,-0.6032897283001063,,,,,,,,,,,,,,-13.551757532159266,39.093521593619194,52.64527912577846,GENROU_4,6,GENROU_1,1,0.9997621322175926,0.9997668244180941,0.00023786778240741935,GENROU_1,1,GENROU_5,8,1.5176277114551187,2.021992073183571,GENROU_5,8,GENROU_2,2,0.9997621322175926,1,0.9997623377611267,2,0.9997625458944457,3,0.9997630229823773,6,0.9997668244180941,8
1066,2,4.572,0.033,0.03,NEXT_STEP,1,0.05719277847870786,0.06496918859717414,0.9929077009109166,-0.6035570308509596,Fault_Interface,14,0.0,0.0,0.3,0.9929077009109166,-0.6035570308509596,,,,,,,,,,,,,,-13.567113153105133,39.07810990738816,52.645223060493294,GENROU_4,6,GENROU_1,1,0.999762198454289,0.9997669105039539,0.00023780154571095835,GENROU_1,1,GENROU_5,8,1.5176197910557307,2.0219859560783333,GENROU_5,8,GENROU_2,2,0.999762198454289,1,0.9997624680618349,2,0.9997625924388703,3,0.9997630380995405,6,0.9997669105039539,8
1068,2,4.605,0.033,0.03,NEXT_STEP,0,0.057193689446599166,0.06497053206803428,0.9929198860278223,-0.6064895095876953,Fault_Interface,14,0.0,0.0,0.3,0.9929198860278223,-0.6064895095876953,,,,,,,,,,,,,,-13.735965179305472,38.90886958265559,52.644834761961064,GENROU_4,6,GENROU_1,1,0.9997629420877441,0.9997677528701728,0.00023705791225592243,GENROU_1,1,GENROU_5,8,1.517534825797093,2.021923328402341,GENROU_5,8,GENROU_2,2,0.9997629420877441,1,0.9997639037266994,2,0.9997631355994315,3,0.9997631898649698,6,0.9997677528701728,8
1070,2,4.608,0.033,0.03,NEXT_STEP,1,0.0571949585471864,0.06497192604225828,0.9929203415232263,-0.6067559913989347,Fault_Interface,14,0.0,0.0,0.3,0.9929203415232263,-0.6067559913989347,,,,,,,,,,,,,,-13.751310063187985,38.89351046436309,52.644820527551076,GENROU_4,6,GENROU_1,1,0.9997630110513759,0.9997678200582675,0.00023698894862411723,GENROU_1,1,GENROU_5,8,1.5175270139875283,2.021918083024804,GENROU_5,8,GENROU_2,2,0.9997630110513759,1,0.9997640341648484,2,0.9997631878442963,3,0.9997632026077921,6,0.9997678200582675,8
1072,2,4.641,0.033,0.03,NEXT_STEP,0,0.05719569945167481,0.0649730555680968,0.9929318290215875,-0.6096797288574938,Fault_Interface,14,0.0,0.0,0.3,0.9929318290215875,-0.6096797288574938,,,,,,,,,,,,,,-13.920048410557136,38.72485943046395,52.64490784102109,GENROU_4,6,GENROU_1,1,0.9997633456166143,0.9997684639304255,0.00023665438338571487,GENROU_4,6,GENROU_5,8,1.51744337479418,2.021866595667668,GENROU_5,8,GENROU_2,2,0.9997637827889,1,0.999765452043562,2,0.9997637946142678,3,0.9997633456166143,6,0.9997684639304255,8
1074,2,4.644,0.033,0.03,NEXT_STEP,1,0.05719693507539279,0.06497439882933108,0.9929322329529611,-0.6099454263553488,Fault_Interface,14,0.0,0.0,0.3,0.9929322329529611,-0.6099454263553488,,,,,,,,,,,,,,-13.935383177782432,38.70955486593336,52.6449380437158,GENROU_4,6,GENROU_1,1,0.9997633590986544,0.9997685139705027,0.00023664090134556393,GENROU_4,6,GENROU_5,8,1.5174356861632814,2.021862495902458,GENROU_5,8,GENROU_2,2,0.999763854108304,1,0.999765579169135,2,0.9997638526854052,3,0.9997633590986544,6,0.9997685139705027,8
1076,2,4.677,0.033,0.03,NEXT_STEP,0,0.05719767107142102,0.06497552095696014,0.9929428897689083,-0.6128607465869833,Fault_Interface,14,0.0,0.0,0.3,0.9929428897689083,-0.6128607465869833,,,,,,,,,,,,,,-14.10400235453874,38.54151279422635,52.645515148765085,GENROU_4,6,GENROU_1,1,0.9997635246304111,0.9997689816078331,0.00023647536958892879,GENROU_4,6,GENROU_5,8,1.5173534932646138,2.0218246677639917,GENROU_5,8,GENROU_2,2,0.9997646480933674,1,0.9997669440315108,2,0.9997645218461209,3,0.9997635246304111,6,0.9997689816078331,8
1078,2,4.68,0.033,0.03,NEXT_STEP,1,0.05719879236159705,0.06497673498261446,0.992943279068735,-0.6131256618481478,Fault_Interface,14,0.0,0.0,0.3,0.992943279068735,-0.6131256618481478,,,,,,,,,,,,,,-14.119325414669596,38.52626435557476,52.64558977024436,GENROU_4,6,GENROU_1,1,0.9997635414149328,0.9997690167889179,0.00023645858506715633,GENROU_4,6,GENROU_5,8,1.5173459540400775,2.0218219018507617,GENROU_5,8,GENROU_2,2,0.9997647210840527,1,0.9997670648635033,2,0.9997645854033478,3,0.9997635414149328,6,0.9997690167889179,8
1080,2,4.713,0.033,0.03,NEXT_STEP,0,0.05719946547173353,0.0649777605980004,0.9929531431498871,-0.6160327627205244,Fault_Interface,14,0.0,0.0,0.3,0.9929531431498871,-0.6160327627205244,,,,,,,,,,,,,,-14.287798015322588,38.358845211113994,52.64664322643658,GENROU_4,6,GENROU_1,1,0.9997637543315683,0.9997693356078242,0.00023624566843172268,GENROU_4,6,GENROU_5,8,1.5172653125331186,2.021799387939085,GENROU_5,8,GENROU_2,2,0.9997655285714052,1,0.9997683469555894,2,0.9997653110591544,3,0.9997637543315683,6,0.9997693356078242,8
1082,2,4.716,0.033,0.03,NEXT_STEP,1,0.05720048434771429,0.06497886332528115,0.9929535112454453,-0.6162969148743502,Fault_Interface,14,0.0,0.0,0.3,0.9929535112454453,-0.6162969148743502,,,,,,,,,,,,,,-14.303106019870983,38.343653852362166,52.64675987223315,GENROU_4,6,GENROU_1,1,0.9997637763922467,0.9997693586110669,0.00023622360775332751,GENROU_4,6,GENROU_5,8,1.5172579273873794,2.021798064678212,GENROU_5,8,GENROU_2,2,0.9997656023313163,1,0.9997684590796183,2,0.9997653793741289,3,0.9997637763922467,6,0.9997693586110669,8
1084,2,4.749,0.033,0.03,NEXT_STEP,0,0.057201211007555014,0.06497992637694613,0.9929625417811289,-0.6191959890096623,Fault_Interface,14,0.0,0.0,0.3,0.9929625417811289,-0.6191959890096623,,,,,,,,,,,,,,-14.471387942390452,38.17686400131416,52.64825194370461,GENROU_4,6,GENROU_1,1,0.9997640549127901,0.9997696351679769,0.00023594508720992113,GENROU_4,6,GENROU_2,2,1.517178885282943,2.0217916053540343,GENROU_5,8,GENROU_2,2,0.9997664125814053,1,0.9997696351679769,2,0.999766151720581,3,0.9997640549127901,6,0.9997695593638645,8
1086,2,4.752,0.033,0.03,NEXT_STEP,1,0.05720217125114522,0.06498098427264962,0.9929628618124676,-0.6194594014374253,Fault_Interface,14,0.0,0.0,0.3,0.9929628618124676,-0.6194594014374253,,,,,,,,,,,,,,-14.486676255420866,38.16172991750123,52.6484061729221,GENROU_4,6,GENROU_1,1,0.9997640835739257,0.9997697367757993,0.00023591642607434515,GENROU_4,6,GENROU_2,2,1.517171656043897,2.021791754670753,GENROU_5,8,GENROU_2,2,0.9997664860663441,1,0.9997697367757993,2,0.9997662237451719,3,0.9997640835739257,6,0.9997695730869501,8
1088,2,4.785,0.033,0.03,NEXT_STEP,0,0.05720272791586497,0.06498183316136986,0.9929712319391836,-0.6223505195469445,Fault_Interface,14,0.0,0.0,0.3,0.9929712319391836,-0.6223505195469445,,,,,,,,,,,,,,-14.654711930710901,37.995566962799224,52.65027889351013,GENROU_4,6,GENROU_1,1,0.9997644389602686,0.9997707904550354,0.0002355610397314356,GENROU_4,6,GENROU_2,2,1.5170942604623159,2.0218013065624683,GENROU_5,8,GENROU_2,2,0.9997672873639494,1,0.9997707904550354,2,0.9997670300950029,3,0.9997644389602686,6,0.9997696881143041,8
1090,2,4.788,0.033,0.03,NEXT_STEP,1,0.05720353917547668,0.06498270942162698,0.9929715720807828,-0.6226131808836028,Fault_Interface,14,0.0,0.0,0.3,0.9929715720807828,-0.6226131808836028,,,,,,,,,,,,,,-14.669975119899581,37.980489521072364,52.65046464097195,GENROU_4,6,GENROU_1,1,0.9997644749536612,0.9997708803734194,0.00023552504633883586,GENROU_4,6,GENROU_2,2,1.5170871997371624,2.021802885658021,GENROU_5,8,GENROU_2,2,0.9997673594963327,1,0.9997708803734194,2,0.9997671045681231,3,0.9997644749536612,6,0.9997696955301902,8
1092,2,4.821,0.033,0.03,NEXT_STEP,0,0.05720414312350018,0.0649835848622455,0.9929792490116146,-0.6254964984044928,Fault_Interface,14,0.0,0.0,0.3,0.9929792490116146,-0.6254964984044928,,,,,,,,,,,,,,-14.837702774835858,37.814941931006764,52.65264470584262,GENROU_4,6,GENROU_1,1,0.9997649118754854,0.9997718020461864,0.00023508812451455974,GENROU_4,6,GENROU_2,2,1.5170113470961948,2.0218273640936535,GENROU_5,8,GENROU_2,2,0.999768140104859,1,0.9997718020461864,2,0.9997679301192053,3,0.9997649118754854,6,0.9997697570894046,8
1094,2,4.824,0.033,0.03,NEXT_STEP,1,0.05720489749837186,0.06498441878493294,0.9929795540482251,-0.6257584395913636,Fault_Interface,14,0.0,0.0,0.3,0.9929795540482251,-0.6257584395913636,,,,,,,,,,,,,,-14.852935077929596,37.79991966891695,52.65285474684654,GENROU_4,6,GENROU_1,1,0.9997649553129795,0.999771879696992,0.00023504468702051362,GENROU_4,6,GENROU_2,2,1.5170044341424884,2.0218302229129383,GENROU_5,8,GENROU_2,2,0.9997682098306404,1,0.999771879696992,2,0.9997680056378799,3,0.9997649553129795,6,0.9997697610764861,8
1096,2,4.857,0.033,0.03,NEXT_STEP,0,0.05720544647740615,0.06498521147117568,0.9929866738610836,-0.6286340414394849,Fault_Interface,14,0.0,0.0,0.3,0.9929866738610836,-0.6286340414394849,,,,,,,,,,,,,,-15.020291805470416,37.63496703033633,52.65525883580674,GENROU_4,6,GENROU_1,1,0.9997654721066177,0.9997726660923136,0.00023452789338229696,GENROU_4,6,GENROU_2,2,1.5169300989025856,2.021867871496189,GENROU_5,8,GENROU_2,2,0.9997689587113691,1,0.9997726660923136,2,0.999768834747202,3,0.9997654721066177,6,0.9997697996911173,8
1098,2,4.86,0.033,0.03,NEXT_STEP,1,0.05720621146951016,0.06498606175938997,0.9929869218723872,-0.6288952899233852,Fault_Interface,14,0.0,0.0,0.3,0.9929869218723872,-0.6288952899233852,,,,,,,,,,,,,,-15.035487577612344,37.61999770525151,52.65548528286385,GENROU_4,6,GENROU_1,1,0.9997655225803599,0.9997727314541401,0.00023447741964011115,GENROU_4,6,GENROU_2,2,1.5169233243630014,2.021871844122758,GENROU_5,8,GENROU_2,2,0.9997690250823096,1,0.9997727314541401,2,0.9997689098653196,3,0.9997655225803599,6,0.9997698029118961,8
1100,2,4.893,0.033,0.03,NEXT_STEP,0,0.05720664729056341,0.06498672651674403,0.9929936072948494,-0.6317632779202224,Fault_Interface,14,0.0,0.0,0.3,0.9929936072948494,-0.6317632779202224,,,,,,,,,,,,,,-15.20241384374437,37.455611576415386,52.65802542015976,GENROU_4,6,GENROU_1,1,0.9997661122922431,0.9997733850513699,0.00023388770775689682,GENROU_4,6,GENROU_2,2,1.5168504416856883,2.0219206413306314,GENROU_5,8,GENROU_2,2,0.9997697326657635,1,0.9997733850513699,2,0.9997697268050304,3,0.9997661122922431,6,0.999769846121502,8
1102,2,4.896,0.033,0.03,NEXT_STEP,1,0.057207367226740254,0.06498750888941417,0.9929938456057545,-0.6320238319983467,Fault_Interface,14,0.0,0.0,0.3,0.9929938456057545,-0.6320238319983467,,,,,,,,,,,,,,-15.217567931145823,37.44069226942769,52.658260200573515,GENROU_4,6,GENROU_1,1,0.9997661689607985,0.9997734385924955,0.00023383103920149306,GENROU_4,6,GENROU_2,2,1.5168438055949665,2.0219255224519705,GENROU_5,8,GENROU_2,2,0.9997697948963448,1,0.9997734385924955,2,0.9997698001177759,3,0.9997661689607985,6,0.9997698509162946,8
1104,2,4.929,0.033,0.03,NEXT_STEP,0,0.05720779647196466,0.06498816320434037,0.9930001476228267,-0.6348843673970556,Fault_Interface,14,0.0,0.0,0.3,0.9930001476228267,-0.6348843673970556,,,,,,,,,,,,,,-15.384011296131526,37.27683753053776,52.66084882666929,GENROU_4,6,GENROU_1,1,0.9997668203519413,0.9997739667915835,0.00023317964805869007,GENROU_4,6,GENROU_2,2,1.516772234174481,2.0219829099265922,GENROU_5,8,GENROU_2,2,0.9997704535971911,1,0.9997739667915835,2,0.9997705900097488,3,0.9997668203519413,6,0.9997699222391254,8
1106,2,4.932,0.033,0.03,NEXT_STEP,1,0.057208402727927904,0.0649888170225924,0.9930004170495641,-0.6351442229051337,Fault_Interface,14,0.0,0.0,0.3,0.9930004170495641,-0.6351442229051337,,,,,,,,,,,,,,-15.399119339167996,37.2619647866258,52.6610841257938,GENROU_4,6,GENROU_1,1,0.9997668820234763,0.9997740093826005,0.00023311797652370014,GENROU_4,6,GENROU_2,2,1.5167657315573797,2.0219884425604615,GENROU_5,8,GENROU_2,2,0.9997705110968844,1,0.9997740093826005,2,0.9997706602224696,3,0.9997668820234763,6,0.9997699305396165,8
1108,2,4.965,0.033,0.03,NEXT_STEP,0,0.05720876885070708,0.06498937494052645,0.9930064846380828,-0.6379974520737641,Fault_Interface,14,0.0,0.0,0.3,0.9930064846380828,-0.6379974520737641,,,,,,,,,,,,,,-15.565037364360482,37.09860131136729,52.66363867572777,GENROU_4,6,GENROU_1,1,0.9997675807080931,0.9997744235504308,0.00023241929190687127,GENROU_4,6,GENROU_2,2,1.5166953116800777,2.022051454863801,GENROU_5,8,GENROU_2,2,0.9997711156461202,1,0.9997744235504308,2,0.9997714097831905,3,0.9997675807080931,6,0.9997700486433196,8
1110,2,4.968,0.033,0.03,NEXT_STEP,1,0.05720938774361787,0.06499004822813202,0.9930067245188215,-0.6382566560777204,Fault_Interface,14,0.0,0.0,0.3,0.9930067245188215,-0.6382566560777204,,,,,,,,,,,,,,-15.580096020547911,37.08377130290243,52.66386732345034,GENROU_4,6,GENROU_1,1,0.9997676459527887,0.9997744563754646,0.00023235404721133612,GENROU_4,6,GENROU_2,2,1.5166889081383277,2.022057357041135,GENROU_5,8,GENROU_2,2,0.9997711680432358,1,0.9997744563754646,2,0.9997714757748766,3,0.9997676459527887,6,0.9997700619218215,8
1112,2,5.001,0.033,0.03,NEXT_STEP,0,0.05720987146767978,0.06499074079316366,0.9930125344979455,-0.6411028317548052,Fault_Interface,14,0.0,0.0,0.3,0.9930125344979455,-0.6411028317548052,,,,,,,,,,,,,,-15.745458390266405,36.920855766650455,52.66631415691686,GENROU_4,6,GENROU_1,1,0.9997683751927672,0.9997747706952216,0.00023162480723282197,GENROU_4,6,GENROU_2,2,1.5166195331395664,2.0221230986883807,GENROU_5,8,GENROU_2,2,0.999771715475064,1,0.9997747706952216,2,0.9997721737581953,3,0.9997683751927672,6,0.9997702404271399,8
1114,2,5.004,0.033,0.03,NEXT_STEP,1,0.057209080389566624,0.06498942435170224,0.9930136669042944,-0.6413610700729047,Fault_Interface,14,0.0,0.0,0.3,0.9930136669042944,-0.6413610700729047,,,,,,,,,,,,,,-15.760465496453426,36.90606445754647,52.6665299539999,GENROU_4,6,GENROU_1,1,0.9997684425175098,0.999774795175655,0.0002315574824901523,GENROU_4,6,GENROU_2,2,1.5166134426073243,2.02212913222652,GENROU_5,8,GENROU_2,2,0.9997717626390105,1,0.999774795175655,2,0.9997722346444549,3,0.9997684425175098,6,0.9997702596865776,8
1116,2,5.037,0.033,0.03,NEXT_STEP,0,0.057209077962206346,0.06498947806741194,0.9930198301232597,-0.6442001536576976,Fault_Interface,14,0.0,0.0,0.3,0.9930198301232597,-0.6442001536576976,,,,,,,,,,,,,,-15.925254404255625,36.74355248110951,52.668806885365136,GENROU_4,6,GENROU_1,1,0.9997691870060548,0.9997750265326653,0.00023081299394522858,GENROU_4,6,GENROU_2,2,1.516544277304892,2.022192995112832,GENROU_5,8,GENROU_2,2,0.9997722532354122,1,0.9997750265326653,2,0.9997728732908976,3,0.9997691870060548,6,0.9997705074360302,8
1118,2,5.04,0.033,0.03,NEXT_STEP,1,0.0572050657931427,0.0649835903855946,0.9930230497747281,-0.6444570120338747,Fault_Interface,14,0.0,0.0,0.3,0.9930230497747281,-0.6444570120338747,,,,,,,,,,,,,,-15.940208878460666,36.72879585529845,52.66900473375912,GENROU_4,6,GENROU_1,1,0.9997692551481107,0.9997750443168965,0.0002307448518893418,GENROU_4,6,GENROU_2,2,1.5165386474523281,2.022198509747777,GENROU_5,8,GENROU_2,2,0.9997722953506664,1,0.9997750443168965,2,0.9997729285543155,3,0.9997692551481107,6,0.999770533305688,8
1120,2,5.073,0.033,0.03,NEXT_STEP,0,0.057205283042813124,0.06498395282950589,0.9930294756863962,-0.6472892081823587,Fault_Interface,14,0.0,0.0,0.3,0.9930294756863962,-0.6472892081823587,,,,,,,,,,,,,,-16.104417560354175,36.56664446505117,52.67106202540535,GENROU_4,6,GENROU_1,1,0.9997700016791093,0.9997752114205974,0.00022999832089065642,GENROU_4,6,GENROU_2,2,1.516467837411316,2.0222503002787695,GENROU_5,8,GENROU_2,2,0.9997727323592959,1,0.9997752114205974,2,0.9997735040267248,3,0.9997700016791093,6,0.9997708550344339,8
1122,2,5.076,0.033,0.03,NEXT_STEP,1,0.057201359873834116,0.06497818454534052,0.9930326673877223,-0.6475454765933909,Fault_Interface,14,0.0,0.0,0.3,0.9930326673877223,-0.6475454765933909,,,,,,,,,,,,,,-16.11931926534863,36.55191873220129,52.671237997549916,GENROU_4,6,GENROU_1,1,0.9997700691543951,0.9997752241469866,0.00022993084560485322,GENROU_4,6,GENROU_2,2,1.516462011060855,2.022254142130252,GENROU_5,8,GENROU_2,2,0.9997727697132386,1,0.9997752241469866,2,0.9997735533695695,3,0.9997700691543951,6,0.999770887638824,8
1124,2,5.109,0.033,0.03,NEXT_STEP,0,0.057201693769818505,0.06497867640323568,0.9930392693603837,-0.6503711707201167,Fault_Interface,14,0.0,0.0,0.3,0.9930392693603837,-0.6503711707201167,,,,,,,,,,,,,,-16.282953115492266,36.39008742287778,52.673040538370046,GENROU_4,6,GENROU_1,1,0.9997707998920567,0.9997753440845621,0.0002292001079432504,GENROU_4,6,GENROU_2,2,1.5163901479896225,2.0222873554142238,GENROU_5,8,GENROU_2,2,0.9997731562419673,1,0.9997753440845621,2,0.9997740628265964,3,0.9997707998920567,6,0.999771281450197,8
1126,2,5.112,0.033,0.03,NEXT_STEP,1,0.05719782672079909,0.06497299392463345,0.9930424399782463,-0.6506268749369174,Fault_Interface,14,0.0,0.0,0.3,0.9930424399782463,-0.6506268749369174,,,,,,,,,,,,,,-16.297803166919525,36.375389014977586,52.67319218189711,GENROU_4,6,GENROU_1,1,0.9997708651873488,0.9997753532871877,0.0002291348126511883,GENROU_4,6,GENROU_2,2,1.5163842893575317,2.0222896095297815,GENROU_5,8,GENROU_2,2,0.9997731891932119,1,0.9997753532871877,2,0.9997741061059621,3,0.9997708651873488,6,0.9997713203972933,8
1128,2,5.145,0.033,0.03,NEXT_STEP,0,0.057198053486360326,0.06497336751523666,0.9930492611814085,-0.6534463745871311,Fault_Interface,14,0.0,0.0,0.3,0.9930492611814085,-0.6534463745871311,,,,,,,,,,,,,,-16.46088052131354,36.21384036684415,52.674720888157694,GENROU_4,6,GENROU_1,1,0.999771564798392,0.9997754424488134,0.00022843520160797937,GENROU_4,6,GENROU_2,2,1.5163122949436136,2.022308242657177,GENROU_5,8,GENROU_2,2,0.9997735300787942,1,0.9997754424488134,2,0.9997745492925013,3,0.999771564798392,6,0.9997717800042331,8
1130,2,5.148,0.033,0.03,NEXT_STEP,1,0.05719426695781817,0.0649677631245513,0.9930524050277124,-0.6537015548105561,Fault_Interface,14,0.0,0.0,0.3,0.9930524050277124,-0.6537015548105561,,,,,,,,,,,,,,-16.475681119331412,36.199166057579056,52.67484717691047,GENROU_4,6,GENROU_1,1,0.9997716266208094,0.9997754495674016,0.00022837337919057177,GENROU_4,6,GENROU_2,2,1.5163064251169716,2.022309399603197,GENROU_5,8,GENROU_2,2,0.9997735591414189,1,0.9997754495674016,2,0.999774586602305,3,0.9997716266208094,6,0.9997718245461713,8
1132,2,5.181,0.033,0.03,NEXT_STEP,0,0.05719455232296996,0.06496822510388951,0.9930592949617261,-0.6565152687299909,Fault_Interface,14,0.0,0.0,0.3,0.9930592949617261,-0.6565152687299909,,,,,,,,,,,,,,-16.638231336879745,36.03786692847377,52.67609826535352,GENROU_4,6,GENROU_1,1,0.9997722819791403,0.9997755229092461,0.00022771802085974624,GENROU_4,6,GENROU_2,2,1.5162345375273496,2.0223170816554794,GENROU_5,8,GENROU_2,2,0.9997738604890688,1,0.9997755229092461,2,0.9997749656579121,3,0.9997722819791403,6,0.9997723400371753,8
1134,2,5.184,0.033,0.03,NEXT_STEP,1,0.05719076576663293,0.0649626203193164,0.9930624465280851,-0.656769938667332,Fault_Interface,14,0.0,0.0,0.3,0.9930624465280851,-0.656769938667332,,,,,,,,,,,,,,-16.652985608892887,36.02321392310478,52.67619953199767,GENROU_4,6,GENROU_1,1,0.999772339255022,0.9997755292226413,0.00022766074497804212,GENROU_4,6,GENROU_2,2,1.5162286877740454,2.022317335316822,GENROU_5,8,GENROU_2,2,0.9997738862588018,1,0.9997755292226413,2,0.9997749972940355,3,0.999772339255022,6,0.9997723891289636,8
1136,2,5.217,0.033,0.03,NEXT_STEP,0,0.05719105043256247,0.06496308101881645,0.9930694042142861,-0.6595782243882514,Fault_Interface,14,0.0,0.0,0.3,0.9930694042142861,-0.6595782243882514,,,,,,,,,,,,,,-16.815047159705745,35.8621362098997,52.677183369605444,GENROU_4,6,GENROU_1,1,0.9997729401342903,0.9997755997897536,0.00022705986570970005,GENROU_4,6,GENROU_2,2,1.51615710218789,2.022315797730821,GENROU_5,8,GENROU_2,2,0.9997741548949598,1,0.9997755997897536,2,0.999775316504302,3,0.9997729401342903,6,0.9997729478663627,8
1138,2,5.22,0.033,0.03,NEXT_STEP,1,0.057185957941905424,0.06495572012576617,0.9930733695014313,-0.6598321056969338,Fault_Interface,14,0.0,0.0,0.3,0.9930733695014313,-0.6598321056969338,,,,,,,,,,,,,,-16.829758953201218,35.84750219705938,52.67726115026059,GENROU_4,6,GENROU_1,1,0.9997729921652322,0.9997756064150344,0.00022700783476781172,GENROU_4,6,GENROU_2,2,1.51615147284864,2.0223152739954866,GENROU_5,8,GENROU_2,2,0.9997741780420674,1,0.9997756064150344,2,0.9997753429757057,3,0.9997729921652322,6,0.9997730002883329,8
1140,2,5.253,0.033,0.03,NEXT_STEP,0,0.05718591627041318,0.06495574249345594,0.9930807072190094,-0.6626351395386866,Fault_Interface,14,0.0,0.0,0.3,0.9930807072190094,-0.6626351395386866,,,,,,,,,,,,,,-16.991376260483054,35.6866234896725,52.67799975015555,GENROU_4,6,GENROU_1,1,0.9997735334890617,0.9997756857219718,0.00022646651093827241,GENROU_4,6,GENROU_2,2,1.516079615458255,2.0223038637937716,GENROU_5,8,GENROU_2,2,0.9997744217604927,1,0.9997756857219718,2,0.9997756092423868,3,0.9997735334890617,6,0.9997735886307978,8
1142,2,5.256,0.033,0.03,NEXT_STEP,1,0.057178292323230226,0.06494495261910445,0.9930862624807099,-0.6628879645460721,Fault_Interface,14,0.0,0.0,0.3,0.9930862624807099,-0.6628879645460721,,,,,,,,,,,,,,-17.006049782091278,35.67200670866935,52.678056490760625,GENROU_4,6,GENROU_1,1,0.9997735800415487,0.9997756936319221,0.00022641995845129603,GENROU_4,6,GENROU_2,2,1.5160742958317435,2.022302285197585,GENROU_5,8,GENROU_2,2,0.9997744430233607,1,0.9997756936319221,2,0.9997756312890083,3,0.9997735800415487,6,0.9997736431251579,8
1144,2,5.289,0.033,0.03,NEXT_STEP,0,0.05717839648364492,0.06494519540613256,0.9930938373629695,-0.665686049854066,Fault_Interface,14,0.0,0.0,0.3,0.9930938373629695,-0.665686049854066,,,,,,,,,,,,,,-17.16726949580909,35.511310769792445,52.67858026560154,GENROU_4,6,GENROU_1,1,0.999774061049919,0.9997758536070146,0.00022593895008105047,GENROU_4,6,GENROU_3,3,1.5160009713776592,2.0222759136588264,GENROU_5,8,GENROU_2,2,0.9997746698354617,1,0.9997757913473022,2,0.9997758536070146,3,0.999774061049919,6,0.9997742472384961,8
1146,2,5.292,0.033,0.03,NEXT_STEP,1,0.05717082020892123,0.06493446735135586,0.9930993828713973,-0.6659384550697385,Fault_Interface,14,0.0,0.0,0.3,0.9930993828713973,-0.6659384550697385,,,,,,,,,,,,,,-17.18190901436272,35.496710023353366,52.67861903771609,GENROU_4,6,GENROU_1,1,0.999774101957685,0.9997758720335858,0.000225898042314987,GENROU_4,6,GENROU_3,3,1.515995490353129,2.0222726781312517,GENROU_5,8,GENROU_2,2,0.9997746898423447,1,0.9997758012461201,2,0.9997758720335858,3,0.999774101957685,6,0.9997743024705883,8
1148,2,5.325,0.033,0.03,NEXT_STEP,0,0.05717092407932518,0.06493470651589463,0.9931070865584293,-0.6687319955946145,Fault_Interface,14,0.0,0.0,0.3,0.9931070865584293,-0.6687319955946145,,,,,,,,,,,,,,-17.342778913132914,35.336185994975516,52.678964908108426,GENROU_4,6,GENROU_1,1,0.9997745206510062,0.9997760588205744,0.00022547934899375122,GENROU_4,6,GENROU_3,3,1.5159213404867407,2.022229438831819,GENROU_5,8,GENROU_2,2,0.9997749055760733,1,0.9997759232828971,2,0.9997760588205744,3,0.9997745206510062,6,0.9997749071107982,8
1150,2,5.328,0.033,0.03,NEXT_STEP,1,0.05716336661484952,0.06492400760807043,0.9931126236858201,-0.668984009462241,Fault_Interface,14,0.0,0.0,0.3,0.9931126236858201,-0.668984009462241,,,,,,,,,,,,,,-17.357388833066185,35.321600499870094,52.67898933293628,GENROU_4,6,GENROU_1,1,0.9997745558942632,0.9997760744087977,0.00022544410573677176,GENROU_4,6,GENROU_3,3,1.5159158344866126,2.022224876938178,GENROU_5,8,GENROU_2,2,0.9997749248219076,1,0.9997759355974237,2,0.9997760744087977,3,0.9997745558942632,6,0.9997749617066818,8
1152,2,5.361,0.033,0.03,NEXT_STEP,0,0.05716358874531492,0.06492438173853239,0.9931202476859805,-0.671773410874436,Fault_Interface,14,0.0,0.0,0.3,0.9931202476859805,-0.671773410874436,,,,,,,,,,,,,,-17.51795704719421,35.16124175110411,52.679198798298316,GENROU_4,6,GENROU_1,1,0.9997749132756112,0.9997762342344249,0.00022508672438881216,GENROU_4,6,GENROU_3,3,1.5158417078186661,2.022170578773759,GENROU_5,8,GENROU_2,2,0.9997751345190572,1,0.999776085416915,2,0.9997762342344249,3,0.9997749132756112,6,0.9997755522204724,8
1154,2,5.364,0.033,0.03,NEXT_STEP,1,0.057155978031726555,0.06491364588733342,0.99312579858601,-0.6720250476936735,Fault_Interface,14,0.0,0.0,0.3,0.99312579858601,-0.6720250476936735,,,,,,,,,,,,,,-17.532541701977966,35.14667108050516,52.67921278248312,GENROU_4,6,GENROU_1,1,0.9997749430582235,0.9997762477594765,0.0002250569417765469,GENROU_4,6,GENROU_3,3,1.5158362234193508,2.0221653097145333,GENROU_5,8,GENROU_2,2,0.9997751534254198,1,0.999776100352555,2,0.9997762477594765,3,0.9997749430582235,6,0.999775604896129,8
1156,2,5.397,0.033,0.03,NEXT_STEP,0,0.05715614569706333,0.06491393702148703,0.9931333443666966,-0.6748106021971074,Fault_Interface,14,0.0,0.0,0.3,0.9931333443666966,-0.6748106021971074,,,,,,,,,,,,,,-17.692854606123642,34.98647458234235,52.679329188466,GENROU_4,6,GENROU_1,1,0.9997752426441597,0.9997763890346856,0.00022475735584026602,GENROU_4,6,GENROU_3,3,1.5157624676717132,2.02210528494251,GENROU_5,8,GENROU_2,2,0.9997753613054211,1,0.9997762791766782,2,0.9997763890346856,3,0.9997752426441597,6,0.9997761680427012,8
1158,2,5.4,0.033,0.03,NEXT_STEP,1,0.057148563820576426,0.06490324524775695,0.9931388611429611,-0.6750619114556496,Fault_Interface,14,0.0,0.0,0.3,0.9931388611429611,-0.6750619114556496,,,,,,,,,,,,,,-17.707418081155403,34.97191860750132,52.679336688656726,GENROU_4,6,GENROU_1,1,0.9997752673857243,0.9997764012442558,0.00022473261427569113,GENROU_4,6,GENROU_3,3,1.515757015326977,2.022099666058087,GENROU_5,8,GENROU_2,2,0.999775380211831,1,0.9997762967482021,2,0.9997764012442558,3,0.9997752673857243,6,0.9997762176742081,8
1160,2,5.433,0.033,0.03,NEXT_STEP,0,0.05714873637562203,0.06490354323093328,0.9931462056580175,-0.677843939948062,Fault_Interface,14,0.0,0.0,0.3,0.9931462056580175,-0.677843939948062,,,,,,,,,,,,,,-17.86751857041249,34.81188419648717,52.679402766899656,GENROU_4,6,GENROU_1,1,0.9997755145537148,0.9997767421132241,0.00022448544628517197,GENROU_4,6,GENROU_5,8,1.5156838655013494,2.0220372208617814,GENROU_5,8,GENROU_2,2,0.9997755894060957,1,0.9997765037435623,2,0.9997765318043915,3,0.9997755145537148,6,0.9997767421132241,8
1162,2,5.436,0.033,0.03,NEXT_STEP,1,0.05714117158144168,0.06489287748846648,0.9931516893853617,-0.6780949456919786,Fault_Interface,14,0.0,0.0,0.3,0.9931516893853617,-0.6780949456919786,,,,,,,,,,,,,,-17.882064570819406,34.7973430100901,52.67940758090951,GENROU_4,6,GENROU_1,1,0.9997755348164421,0.9997767877676192,0.00022446518355789813,GENROU_4,6,GENROU_5,8,1.5156784696087402,2.0220315106536417,GENROU_5,8,GENROU_2,2,0.9997756085446121,1,0.9997765237891917,2,0.9997765433754614,3,0.9997755348164421,6,0.9997767877676192,8
1164,2,5.469,0.033,0.03,NEXT_STEP,0,0.0571413467349514,0.06489317893022428,0.9931587670226009,-0.6808737251920428,Fault_Interface,14,0.0,0.0,0.3,0.9931587670226009,-0.6808737251920428,,,,,,,,,,,,,,-18.04199078453026,34.637472512088806,52.67946329661906,GENROU_4,6,GENROU_1,1,0.9997757363938362,0.9997772644686617,0.00022426360616378815,GENROU_4,6,GENROU_5,8,1.5156061370197136,2.0219693501245914,GENROU_5,8,GENROU_2,2,0.9997758210404866,1,0.999776756380013,2,0.9997766701743067,3,0.9997757363938362,6,0.9997772644686617,8
1166,2,5.472,0.033,0.03,NEXT_STEP,1,0.05713379956984699,0.06488253991763383,0.9931642120327541,-0.6811244513827126,Fault_Interface,14,0.0,0.0,0.3,0.9931642120327541,-0.6811244513827126,,,,,,,,,,,,,,-18.056522532951746,34.622946347304016,52.67946888025576,GENROU_4,6,GENROU_1,1,0.9997757528524143,0.9997773054383786,0.00022424714758573216,GENROU_4,6,GENROU_5,8,1.5156008135064332,2.021963779764929,GENROU_5,8,GENROU_2,2,0.9997758405402298,1,0.9997767785955028,2,0.9997766816922617,3,0.9997757528524143,6,0.9997773054383786,8
1168,2,5.505,0.033,0.03,NEXT_STEP,0,0.057133862549223195,0.06488271442182954,0.9931710385686923,-0.6839001956547593,Fault_Interface,14,0.0,0.0,0.3,0.9931710385686923,-0.6839001956547593,,,,,,,,,,,,,,-18.216306880077433,34.46324271325717,52.679549593334606,GENROU_4,6,GENROU_1,1,0.9997759167283885,0.9997777279734453,0.0002240832716114971,GENROU_4,6,GENROU_5,8,1.5155294379891096,2.0219041386778214,GENROU_5,8,GENROU_2,2,0.9997760572539693,1,0.9997770328453932,2,0.9997768106019195,3,0.9997759167283885,6,0.9997777279734453,8
1170,2,5.508,0.033,0.03,NEXT_STEP,1,0.05712628842815909,0.06487203501569301,0.9931764717874532,-0.6841506522549345,Fault_Interface,14,0.0,0.0,0.3,0.9931764717874532,-0.6841506522549345,,,,,,,,,,,,,,-18.230827041520364,34.448731868060335,52.6795589095807,GENROU_4,6,GENROU_1,1,0.9997759301406568,0.999777763798396,0.00022406985934320112,GENROU_4,6,GENROU_5,8,1.5155242019487234,2.021898880677732,GENROU_5,8,GENROU_2,2,0.9997760771535357,1,0.9997770568225822,2,0.9997768225485771,3,0.9997759301406568,6,0.999777763798396,8
1172,2,5.541,0.033,0.03,NEXT_STEP,0,0.05712634774185706,0.06487220303729568,0.9931829578136506,-0.6869235984757786,Fault_Interface,14,0.0,0.0,0.3,0.9931829578136506,-0.6869235984757786,,,,,,,,,,,,,,-18.390495569895858,34.28919837574317,52.67969394563903,GENROU_4,6,GENROU_1,1,0.9997760647265302,0.9997781284266615,0.00022393527346975528,GENROU_4,6,GENROU_5,8,1.515453839421592,2.0218433142282803,GENROU_5,8,GENROU_2,2,0.9997762980081784,1,0.9997773277930804,2,0.9997769582600529,3,0.9997760647265302,6,0.9997781284266615,8
1174,2,5.5440000000000005,0.033,0.03,NEXT_STEP,1,0.0571187928466635,0.06486155263236992,0.9931883451503483,-0.6871738144098086,Fault_Interface,14,0.0,0.0,0.3,0.9931883451503483,-0.6871738144098086,,,,,,,,,,,,,,-18.405006215022915,34.27470314264744,52.679709357670355,GENROU_4,6,GENROU_1,1,0.9997760758559681,0.9997781588847988,0.0002239241440319395,GENROU_4,6,GENROU_5,8,1.5154486903786424,2.0218384829645073,GENROU_5,8,GENROU_2,2,0.9997763182542992,1,0.9997773530433335,2,0.9997769709911689,3,0.9997760758559681,6,0.9997781588847988,8
1176,2,5.577,0.033,0.03,NEXT_STEP,0,0.0571188551886039,0.06486172487855746,0.993194453930397,-0.6899441544230926,Fault_Interface,14,0.0,0.0,0.3,0.993194453930397,-0.6899441544230926,,,,,,,,,,,,,,-18.564578475849505,34.11534264813743,52.67992112398693,GENROU_4,6,GENROU_1,1,0.9997761894328013,0.9997784644327558,0.00022381056719866788,GENROU_4,6,GENROU_5,8,1.5153794435123522,2.0217882405007326,GENROU_5,8,GENROU_2,2,0.9997765422594351,1,0.9997776350953882,2,0.9997771165880254,3,0.9997761894328013,6,0.9997784644327558,8
1178,2,5.58,0.033,0.03,NEXT_STEP,1,0.057107778979989574,0.06484652060163353,0.9932019248668275,-0.6901932911519535,Fault_Interface,14,0.0,0.0,0.3,0.9932019248668275,-0.6901932911519535,,,,,,,,,,,,,,-18.57908108186787,34.10086325244187,52.67994433430974,GENROU_4,6,GENROU_1,1,0.9997761992703356,0.999778489611657,0.0002238007296644362,GENROU_4,6,GENROU_5,8,1.5153748949906678,2.021783944725,GENROU_5,8,GENROU_2,2,0.9997765628116896,1,0.9997776611624216,2,0.9997771304121115,3,0.9997761992703356,6,0.999778489611657,8
1180,2,5.6129999999999995,0.033,0.03,NEXT_STEP,0,0.05710714174716271,0.0648457540559763,0.9932084523248225,-0.6929607098023614,Fault_Interface,14,0.0,0.0,0.3,0.9932084523248225,-0.6929607098023614,,,,,,,,,,,,,,-18.7385682192665,33.94167837321934,52.680246592485844,GENROU_4,6,GENROU_1,1,0.9997763051431389,0.999778739499091,0.0002236948568611341,GENROU_4,6,GENROU_5,8,1.5153050655492044,2.021735121503393,GENROU_5,8,GENROU_2,2,0.9997767903934814,1,0.9997779502993054,2,0.9997772899747851,3,0.9997763051431389,6,0.999778739499091,8
1182,2,5.616,0.033,0.03,NEXT_STEP,1,0.05709162267074472,0.0648248057252245,0.9932185883234341,-0.6932085328762516,Fault_Interface,14,0.0,0.0,0.3,0.9932185883234341,-0.6932085328762516,,,,,,,,,,,,,,-18.753063329118117,33.92721506811178,52.6802783972299,GENROU_4,6,GENROU_1,1,0.9997763149231693,0.9997787598689166,0.00022368507683068195,GENROU_4,6,GENROU_5,8,1.515300999421813,2.0217304560668277,GENROU_5,8,GENROU_2,2,0.9997768113007295,1,0.9997779768569689,2,0.9997773052560119,3,0.9997763149231693,6,0.9997787598689166,8
1184,2,5.649,0.033,0.03,NEXT_STEP,0,0.05709122137013643,0.06482433840533515,0.9932252439532082,-0.6959731011511684,Fault_Interface,14,0.0,0.0,0.3,0.9932252439532082,-0.6959731011511684,,,,,,,,,,,,,,-18.91246632533497,33.76820867898225,52.68067500431722,GENROU_4,6,GENROU_1,1,0.9997764257341308,0.9997789603721245,0.00022357426586916418,GENROU_4,6,GENROU_5,8,1.5152284266441751,2.021670593882819,GENROU_5,8,GENROU_2,2,0.9997770426163463,1,0.9997782696664137,2,0.9997774823210293,3,0.9997764257341308,6,0.9997789603721245,8
1186,2,5.652,0.033,0.03,NEXT_STEP,1,0.05707586294977727,0.06480361912517396,0.9932352822693506,-0.6962207124057492,Fault_Interface,14,0.0,0.0,0.3,0.9932352822693506,-0.6962207124057492,,,,,,,,,,,,,,-18.9269536004081,33.75376172474278,52.680715325150885,GENROU_4,6,GENROU_1,1,0.9997764361463282,0.9997789764797865,0.00022356385367183762,GENROU_4,6,GENROU_5,8,1.5152240728185709,2.0216643468791604,GENROU_5,8,GENROU_2,2,0.9997770637342874,1,0.999778296305875,2,0.999777499207847,3,0.9997764361463282,6,0.9997789764797865,8
1188,2,5.6850000000000005,0.033,0.03,NEXT_STEP,0,0.05707535980572921,0.0648030373884605,0.9932419461327247,-0.6989826016559709,Fault_Interface,14,0.0,0.0,0.3,0.9932419461327247,-0.6989826016559709,,,,,,,,,,,,,,-19.086266998073164,33.59493562404752,52.681202622120686,GENROU_4,6,GENROU_1,1,0.9997765560798814,0.9997791331561005,0.00022344392011863778,GENROU_4,6,GENROU_5,8,1.5151500542531227,2.021589420991642,GENROU_5,8,GENROU_2,2,0.9997772959392734,1,0.9997785875029843,2,0.9997776935082372,3,0.9997765560798814,6,0.9997791331561005,8
1190,2,5.688,0.033,0.03,NEXT_STEP,1,0.05706009121224748,0.06478241440583268,0.993251924381869,-0.69923000116215,Fault_Interface,14,0.0,0.0,0.3,0.993251924381869,-0.69923000116215,,,,,,,,,,,,,,-19.100745793659204,33.580505083719125,52.68125087737833,GENROU_4,6,GENROU_1,1,0.9997765675131419,0.9997791455664924,0.00022343248685807726,GENROU_4,6,GENROU_5,8,1.5151456548521836,2.0215821495937707,GENROU_5,8,GENROU_2,2,0.9997773170135539,1,0.999778613772601,2,0.9997777119093173,3,0.9997765675131419,6,0.9997791455664924,8
1192,2,5.721,0.033,0.03,NEXT_STEP,0,0.05705965010696425,0.06478192647394806,0.9932583306752728,-0.7019893883386793,Fault_Interface,14,0.0,0.0,0.3,0.9932583306752728,-0.7019893883386793,,,,,,,,,,,,,,-19.25996108103491,33.42185895564187,52.68182003667678,GENROU_4,6,GENROU_1,1,0.9997767001035849,0.9997792651297134,0.00022329989641511894,GENROU_4,6,GENROU_5,8,1.5150715756227078,2.0215011909269913,GENROU_5,8,GENROU_2,2,0.999777547546781,1,0.999778898670418,2,0.9997779216853626,3,0.9997767001035849,6,0.9997792651297134,8
1194,2,5.724,0.033,0.03,NEXT_STEP,1,0.05704427582064599,0.06476118950289238,0.9932683392142377,-0.7022365374071472,Fault_Interface,14,0.0,0.0,0.3,0.9932683392142377,-0.7022365374071472,,,,,,,,,,,,,,-19.274430502262526,33.40744471133003,52.681875213592555,GENROU_4,6,GENROU_1,1,0.9997767128214887,0.9997792744998208,0.00022328717851127777,GENROU_4,6,GENROU_5,8,1.5150672113154935,2.0214937973661273,GENROU_5,8,GENROU_2,2,0.99977756836952,1,0.9997789241743791,2,0.9997779413965451,3,0.9997767128214887,6,0.9997792744998208,8
1196,2,5.757,0.033,0.03,NEXT_STEP,0,0.057043774967808096,0.06476060954884932,0.9932744886480521,-0.704993471397324,Fault_Interface,14,0.0,0.0,0.3,0.9932744886480521,-0.704993471397324,,,,,,,,,,,,,,-19.433536851712848,33.24897648057468,52.68251333228753,GENROU_4,6,GENROU_1,1,0.9997768605784574,0.9997793646011526,0.00022313942154261746,GENROU_4,6,GENROU_5,8,1.514993526199696,2.0214137049040932,GENROU_5,8,GENROU_2,2,0.9997777952754636,1,0.9997791988832713,2,0.9997781641237694,3,0.9997768605784574,6,0.9997793646011526,8
1198,2,5.76,0.033,0.03,NEXT_STEP,1,0.05702843404268117,0.06473992650388781,0.9932844432179103,-0.7052404092678941,Fault_Interface,14,0.0,0.0,0.3,0.9932844432179103,-0.7052404092678941,,,,,,,,,,,,,,-19.447995827459025,33.23457827584216,52.682574103301185,GENROU_4,6,GENROU_1,1,0.9997768747380186,0.99977937165419,0.00022312526198142724,GENROU_4,6,GENROU_5,8,1.514989203703891,2.0214065630139237,GENROU_5,8,GENROU_2,2,0.9997778156895819,1,0.9997792233031796,2,0.9997781848714334,3,0.9997768747380186,6,0.99977937165419,8
1200,2,5.793,0.033,0.03,NEXT_STEP,0,0.057027941192119534,0.06473935817649643,0.9932902372920824,-0.7079949643939898,Fault_Interface,14,0.0,0.0,0.3,0.9932902372920824,-0.7079949643939898,,,,,,,,,,,,,,-19.606981046843025,33.07628449888737,52.68326554573039,GENROU_4,6,GENROU_1,1,0.9997770384889098,0.9997794846896907,0.0002229615110902472,GENROU_4,6,GENROU_2,2,1.5149162172651063,2.021330358414717,GENROU_5,8,GENROU_2,2,0.9997780373923079,1,0.9997794846896907,2,0.9997784171984848,3,0.9997770384889098,6,0.9997794403224918,8
1202,2,5.796,0.033,0.03,NEXT_STEP,1,0.05701262009764883,0.06471870788044885,0.9933001439824329,-0.7082416924633325,Fault_Interface,14,0.0,0.0,0.3,0.9933001439824329,-0.7082416924633325,,,,,,,,,,,,,,-19.621428446357182,33.06190196601643,52.68333041237361,GENROU_4,6,GENROU_1,1,0.999777054118678,0.9997795077778792,0.00022294588132198978,GENROU_4,6,GENROU_2,2,1.514911967623461,2.0213236691747802,GENROU_5,8,GENROU_2,2,0.9997780572721695,1,0.9997795077778792,2,0.9997784386526092,3,0.999777054118678,6,0.99977944579593,8
1204,2,5.829,0.033,0.03,NEXT_STEP,0,0.057012132500716135,0.06471814680410108,0.993305563278382,-0.7109939070156627,Fault_Interface,14,0.0,0.0,0.3,0.993305563278382,-0.7109939070156627,,,,,,,,,,,,,,-19.7802801492136,32.903778128096064,52.68405827730966,GENROU_4,6,GENROU_1,1,0.9997772336740947,0.9997797535459191,0.00022276632590534362,GENROU_4,6,GENROU_2,2,1.51483991534091,2.0212532353334702,GENROU_5,8,GENROU_2,2,0.9997782725940215,1,0.9997797535459191,2,0.9997786768096948,3,0.9997772336740947,6,0.9997795010784978,8
1206,2,5.832,0.033,0.03,NEXT_STEP,1,0.0569968318866775,0.06469753030496653,0.9933154208548022,-0.7112404281901417,Fault_Interface,14,0.0,0.0,0.3,0.9933154208548022,-0.7112404281901417,,,,,,,,,,,,,,-19.794714855238524,32.88941081609787,52.684125671336396,GENROU_4,6,GENROU_1,1,0.9997772507078521,0.9997797751321739,0.00022274929214793904,GENROU_4,6,GENROU_2,2,1.5148357533213945,2.0212471357811133,GENROU_5,8,GENROU_2,2,0.9997782918504785,1,0.9997797751321739,2,0.9997786986165049,3,0.9997772507078521,6,0.999779505695224,8
1208,2,5.865,0.033,0.03,NEXT_STEP,0,0.05699623491810603,0.06469684655538373,0.9933205334519465,-0.7139902940123495,Fault_Interface,14,0.0,0.0,0.3,0.9933205334519465,-0.7139902940123495,,,,,,,,,,,,,,-19.953421151596984,32.7314516460706,52.68487279766759,GENROU_4,6,GENROU_1,1,0.9997774450008187,0.9997800038534258,0.0002225549991813347,GENROU_4,6,GENROU_2,2,1.5147647467162237,2.021183455948477,GENROU_5,8,GENROU_2,2,0.9997785000262387,1,0.9997800038534258,2,0.9997789387370919,3,0.9997774450008187,6,0.9997795553349847,8
1210,2,5.868,0.033,0.03,NEXT_STEP,1,0.05698091062041176,0.06467619696546871,0.993330373566299,-0.7142365991244202,Fault_Interface,14,0.0,0.0,0.3,0.993330373566299,-0.7142365991244202,,,,,,,,,,,,,,-19.967842122329056,32.71709904986633,52.68494117219538,GENROU_4,6,GENROU_1,1,0.9997774633099199,0.9997800238484994,0.00022253669008009958,GENROU_4,6,GENROU_2,2,1.514760683110612,2.021177986903517,GENROU_5,8,GENROU_2,2,0.9997785186094319,1,0.9997800238484994,2,0.9997789605497837,3,0.9997774633099199,6,0.9997795597782786,8
1212,2,5.901,0.033,0.03,NEXT_STEP,0,0.056980312538101846,0.06467551057338876,0.9933351430933655,-0.7169841531604852,Fault_Interface,14,0.0,0.0,0.3,0.9933351430933655,-0.7169841531604852,,,,,,,,,,,,,,-20.126392235816983,32.55929882325047,52.68569105906745,GENROU_4,6,GENROU_1,1,0.9997776705338426,0.9997802349130307,0.00022232946615741156,GENROU_4,6,GENROU_2,2,1.5146907258705045,2.0211210794508854,GENROU_5,8,GENROU_2,2,0.9997787192250603,1,0.9997802349130307,2,0.9997791989135218,3,0.9997776705338426,6,0.9997796108822484,8
1214,2,5.904,0.033,0.03,NEXT_STEP,1,0.05696489555740348,0.0646547669618547,0.9933449991308131,-0.7172302252859907,Fault_Interface,14,0.0,0.0,0.3,0.9933449991308131,-0.7172302252859907,,,,,,,,,,,,,,-20.140798557112824,32.54496040852266,52.685758965635486,GENROU_4,6,GENROU_1,1,0.9997776899199895,0.9997802532956157,0.00022231008001050157,GENROU_4,6,GENROU_2,2,1.5146867691487143,2.0211162089158425,GENROU_5,8,GENROU_2,2,0.9997787371105012,1,0.9997802532956157,2,0.9997792204046719,3,0.9997776899199895,6,0.9997796157603609,8
1216,2,5.937,0.033,0.03,NEXT_STEP,0,0.056964354765871306,0.06465412243930044,0.9933494263189746,-0.7199754912484916,Fault_Interface,14,0.0,0.0,0.3,0.9933494263189746,-0.7199754912484916,,,,,,,,,,,,,,-20.29918335801806,32.38731318918606,52.686496547204115,GENROU_4,6,GENROU_1,1,0.9997779076670597,0.9997804468179166,0.00022209233294034902,GENROU_4,6,GENROU_2,2,1.5146178561446237,2.0210656067821495,GENROU_5,8,GENROU_2,2,0.9997789300348526,1,0.9997804468179166,2,0.9997794536143009,3,0.9997779076670597,6,0.9997796745119228,8
1218,2,5.94,0.033,0.03,NEXT_STEP,1,0.05694890031230936,0.06463336856643381,0.993359262972913,-0.7202213439801478,Fault_Interface,14,0.0,0.0,0.3,0.993359262972913,-0.7202213439801478,,,,,,,,,,,,,,-20.313574286236364,32.372988412248944,52.686562698485304,GENROU_4,6,GENROU_1,1,0.9997779278817582,0.9997804636269627,0.0002220721182417673,GENROU_4,6,GENROU_2,2,1.5146139969191688,2.0210612838673536,GENROU_5,8,GENROU_2,2,0.9997789472201747,1,0.9997804636269627,2,0.9997794744921288,3,0.9997779278817582,6,0.9997796803369441,8
1220,2,5.973,0.033,0.03,NEXT_STEP,0,0.0569483104870005,0.06463264910070433,0.9933634283981325,-0.7229643053354272,Fault_Interface,14,0.0,0.0,0.3,0.9933634283981325,-0.7229643053354272,,,,,,,,,,,,,,-20.471786689466445,32.21548825392418,52.68727494339062,GENROU_4,6,GENROU_1,1,0.9997781533363279,0.9997806403462131,0.00022184666367208727,GENROU_4,6,GENROU_2,2,1.5145461386064818,2.021016427736432,GENROU_5,8,GENROU_2,2,0.9997791325630305,1,0.9997806403462131,2,0.9997796996242517,3,0.9997781533363279,6,0.9997797517930606,8
1222,2,5.976,0.033,0.03,NEXT_STEP,1,0.05693288738457685,0.06461194548650123,0.9933732169626175,-0.7232099572070042,Fault_Interface,14,0.0,0.0,0.3,0.9933732169626175,-0.7232099572070042,,,,,,,,,,,,,,-20.48616168010977,32.20117657881325,52.68733825892302,GENROU_4,6,GENROU_1,1,0.9997781741129522,0.9997806556757027,0.0002218258870477774,GENROU_4,6,GENROU_2,2,1.514542368172339,2.0210126009919818,GENROU_5,8,GENROU_2,2,0.9997791490693482,1,0.9997806556757027,2,0.9997797196492676,3,0.9997781741129522,6,0.9997797589706766,8
1224,2,6.009,0.033,0.03,NEXT_STEP,0,0.05693230463920704,0.06461123643033985,0.9933771036614604,-0.7259506416166636,Fault_Interface,14,0.0,0.0,0.3,0.9933771036614604,-0.7259506416166636,,,,,,,,,,,,,,-20.64419688002141,32.043817695413274,52.688014575434686,GENROU_4,6,GENROU_1,1,0.9997784042122608,0.9997808168348956,0.00022159578773917055,GENROU_4,6,GENROU_2,2,1.5144755636627667,2.020972927235332,GENROU_5,8,GENROU_2,2,0.9997793271227922,1,0.9997808168348956,2,0.9997799343558487,3,0.9997784042122608,6,0.9997798469196879,8
1226,2,6.012,0.033,0.03,NEXT_STEP,1,0.05691690190276251,0.06459056608516213,0.9933868534145618,-0.7261960917131194,Fault_Interface,14,0.0,0.0,0.3,0.9933868534145618,-0.7261960917131194,,,,,,,,,,,,,,-20.658555604894783,32.029518606878376,52.688074211773156,GENROU_4,6,GENROU_1,1,0.9997784252669559,0.9997808308178755,0.00022157473304407205,GENROU_4,6,GENROU_2,2,1.5144718855972372,2.0209695477588037,GENROU_5,8,GENROU_2,2,0.9997793429841554,1,0.9997808308178755,2,0.9997799533430408,3,0.9997784252669559,6,0.9997798557347788,8
1228,2,6.045,0.033,0.03,NEXT_STEP,0,0.05691632433547639,0.0645898643123731,0.9933904834883083,-0.728934516406871,Fault_Interface,14,0.0,0.0,0.3,0.9933904834883083,-0.728934516406871,,,,,,,,,,,,,,-20.81641119180678,31.8722955029196,52.68870669472638,GENROU_4,6,GENROU_1,1,0.9997786569490051,0.999780978062626,0.00022134305099485996,GENROU_4,6,GENROU_2,2,1.5144061399786788,2.0209345531173524,GENROU_5,8,GENROU_2,2,0.9997795142032591,1,0.999780978062626,2,0.9997801559361954,3,0.9997786569490051,6,0.9997799626617275,8
1230,2,6.048,0.033,0.03,NEXT_STEP,1,0.05690082766338565,0.06456909784125017,0.9934002586612879,-0.7291797379444366,Fault_Interface,14,0.0,0.0,0.3,0.9934002586612879,-0.7291797379444366,,,,,,,,,,,,,,-20.83075353892784,31.858008517952054,52.688762056879895,GENROU_4,6,GENROU_1,1,0.9997786780163942,0.99978099086659,0.00022132198360580446,GENROU_4,6,GENROU_2,2,1.514402567861755,2.020931576551146,GENROU_5,8,GENROU_2,2,0.9997795294705821,1,0.99978099086659,2,0.9997801737662224,3,0.9997786780163942,6,0.9997799732838016,8
1232,2,6.081,0.033,0.03,NEXT_STEP,0,0.056900192518447995,0.0645683073207094,0.993403709026644,-0.731915897680566,Fault_Interface,14,0.0,0.0,0.3,0.993403709026644,-0.731915897680566,,,,,,,,,,,,,,-20.98842933321113,31.70091613306525,52.68934546627638,GENROU_4,6,GENROU_1,1,0.9997789086017314,0.9997811262047546,0.00022109139826864688,GENROU_4,6,GENROU_2,2,1.5143378083742878,2.0209005744956405,GENROU_5,8,GENROU_2,2,0.9997796945188895,1,0.9997811262047546,2,0.9997803633373089,3,0.9997789086017314,6,0.9997801004760762,8
1234,2,6.084,0.033,0.03,NEXT_STEP,1,0.05688484377191901,0.06454772426924951,0.9934133788164992,-0.7321609515992744,Fault_Interface,14,0.0,0.0,0.3,0.9934133788164992,-0.7321609515992744,,,,,,,,,,,,,,-21.002755380827804,31.686640815258176,52.68939619608598,GENROU_4,6,GENROU_1,1,0.999778929434791,0.9997811380185401,0.00022107056520903612,GENROU_4,6,GENROU_2,2,1.514334299178475,2.020897917547789,GENROU_5,8,GENROU_2,2,0.999779709252497,1,0.9997811380185401,2,0.9997803799559012,3,0.999778929434791,6,0.9997801129617867,8
1236,2,6.117,0.033,0.03,NEXT_STEP,0,0.056884164652696106,0.06454691126114345,0.9934166303294335,-0.7348948803078991,Fault_Interface,14,0.0,0.0,0.3,0.9934166303294335,-0.7348948803078991,,,,,,,,,,,,,,-21.160253307264792,31.52967459107619,52.68992789834098,GENROU_4,6,GENROU_1,1,0.9997791560916599,0.9997812635269329,0.00022084390834009593,GENROU_4,6,GENROU_2,2,1.5142705400968677,2.0208702123376088,GENROU_5,8,GENROU_2,2,0.9997798687506639,1,0.9997812635269329,2,0.9997805561674841,3,0.9997791560916599,6,0.9997802603887488,8
1238,2,6.12,0.033,0.03,NEXT_STEP,1,0.05686877956516688,0.06452627524234092,0.993426305421472,-0.7351397251254337,Fault_Interface,14,0.0,0.0,0.3,0.993426305421472,-0.7351397251254337,,,,,,,,,,,,,,-21.17456333211665,31.515410548235483,52.689973880352134,GENROU_4,6,GENROU_1,1,0.9997791764746408,0.999781274547687,0.00022082352535923722,GENROU_4,6,GENROU_2,2,1.514267128665106,2.020867842037849,GENROU_5,8,GENROU_2,2,0.9997798830135117,1,0.999781274547687,2,0.999780571576915,3,0.9997791764746408,6,0.9997802746864716,8
1240,2,6.153,0.033,0.03,NEXT_STEP,0,0.056868097010388016,0.06452545546871441,0.9934293705026641,-0.7378714556980093,Fault_Interface,14,0.0,0.0,0.3,0.9934293705026641,-0.7378714556980093,,,,,,,,,,,,,,-21.331887247201447,31.35856645992353,52.69045370712497,GENROU_4,6,GENROU_1,1,0.999779397226013,0.9997813924368533,0.0002206027739870553,GENROU_4,6,GENROU_2,2,1.51420433993054,2.0208430844868737,GENROU_5,8,GENROU_2,2,0.9997800377107978,1,0.9997813924368533,2,0.9997807347953743,3,0.999779397226013,6,0.9997804413077234,8
1242,2,6.156,0.033,0.03,NEXT_STEP,1,0.05685262029880982,0.06450472681889254,0.9934390748223513,-0.7381160788446637,Fault_Interface,14,0.0,0.0,0.3,0.9934390748223513,-0.7381160788446637,,,,,,,,,,,,,,-21.346181666529574,31.344313352717524,52.690495019247095,GENROU_4,6,GENROU_1,1,0.9997794169922548,0.9997814028660527,0.0002205830077451898,GENROU_4,6,GENROU_2,2,1.5142010222738256,2.02084095896733,GENROU_5,8,GENROU_2,2,0.9997800515729675,1,0.9997814028660527,2,0.9997807490565976,3,0.9997794169922548,6,0.9997804572785043,8
1244,2,6.189,0.033,0.03,NEXT_STEP,0,0.056851994932075524,0.06450394902437342,0.9934419458313,-0.740845653299613,Fault_Interface,14,0.0,0.0,0.3,0.9934419458313,-0.740845653299613,,,,,,,,,,,,,,-21.503336796003317,31.18758796545628,52.6909247614596,GENROU_4,6,GENROU_1,1,0.9997796302345182,0.9997815153135134,0.0002203697654817871,GENROU_4,6,GENROU_2,2,1.5141391312557018,2.020818559132975,GENROU_5,8,GENROU_2,2,0.9997802022331496,1,0.9997815153135134,2,0.9997809002090071,3,0.9997796302345182,6,0.9997806411432447,8
1246,2,6.192,0.033,0.03,NEXT_STEP,1,0.05683659532793263,0.0644833400856485,0.9934515811787142,-0.7410900985298458,Fault_Interface,14,0.0,0.0,0.3,0.9934515811787142,-0.7410900985298458,,,,,,,,,,,,,,-21.51761614087388,31.173345508372662,52.690961649246546,GENROU_4,6,GENROU_1,1,0.9997796492447854,0.9997815253403645,0.00022035075521464886,GENROU_4,6,GENROU_2,2,1.5141358802130542,2.0208166195915416,GENROU_5,8,GENROU_2,2,0.9997802157580968,1,0.9997815253403645,2,0.9997809134239936,3,0.9997796492447854,6,0.9997806585676865,8
1248,2,6.225,0.033,0.03,NEXT_STEP,0,0.05683598409142116,0.06448258362065522,0.9934542686632196,-0.7438175479622557,Fault_Interface,14,0.0,0.0,0.3,0.9934542686632196,-0.7438175479622557,,,,,,,,,,,,,,-21.67460886561974,31.016735936723208,52.69134480234295,GENROU_4,6,GENROU_1,1,0.9997798536280103,0.9997816343182772,0.00022014637198974896,GENROU_4,6,GENROU_2,2,1.514074935227744,2.0207962668509496,GENROU_5,8,GENROU_2,2,0.9997803630336998,1,0.9997816343182772,2,0.9997810537921442,3,0.9997798536280103,6,0.9997808569036752,8
1250,2,6.228,0.033,0.03,NEXT_STEP,1,0.0568204888591882,0.06446187562432505,0.9934639373664859,-0.744061777036728,Fault_Interface,14,0.0,0.0,0.3,0.9934639373664859,-0.744061777036728,,,,,,,,,,,,,,-21.688873761777955,31.0025038906389,52.691377652416854,GENROU_4,6,GENROU_1,1,0.9997798717992054,0.9997816441188722,0.0002201282007946448,GENROU_4,6,GENROU_2,2,1.514071782253257,2.0207945178284525,GENROU_5,8,GENROU_2,2,0.9997803762846857,1,0.9997816441188722,2,0.9997810660989107,3,0.9997798717992054,6,0.9997808755061275,8
1252,2,6.261,0.033,0.03,NEXT_STEP,0,0.05681981972862682,0.06446102963495035,0.9934665128980602,-0.7467871087024258,Fault_Interface,14,0.0,0.0,0.3,0.9934665128980602,-0.7467871087024258,,,,,,,,,,,,,,-21.845711179727115,30.84600779306353,52.691718972790646,GENROU_4,6,GENROU_1,1,0.9997800668252035,0.9997817515173287,0.00021993317479651608,GENROU_4,6,GENROU_2,2,1.514011732515039,2.0207760956827276,GENROU_5,8,GENROU_2,2,0.9997805209231356,1,0.9997817515173287,2,0.999781197416372,3,0.9997800668252035,6,0.999781085136242,8
1254,2,6.264,0.033,0.03,NEXT_STEP,1,0.05680447242417554,0.06444050508758674,0.9934760818144838,-0.747031184145166,Fault_Interface,14,0.0,0.0,0.3,0.9934760818144838,-0.747031184145166,,,,,,,,,,,,,,-21.859962289107674,30.831785971341,52.691748260448676,GENROU_4,6,GENROU_1,1,0.999780084119841,0.9997817612496803,0.0002199158801590162,GENROU_4,6,GENROU_2,2,1.5140086321525195,2.020774500575895,GENROU_5,8,GENROU_2,2,0.9997805339619713,1,0.9997817612496803,2,0.9997812089815635,3,0.999780084119841,6,0.9997811046063866,8
1256,2,6.297,0.033,0.03,NEXT_STEP,0,0.056803759304272713,0.06443963653391352,0.9934785140484816,-0.749754444069593,Fault_Interface,14,0.0,0.0,0.3,0.9934785140484816,-0.749754444069593,,,,,,,,,,,,,,-22.016651827310817,30.67540152213515,52.69205334944597,GENROU_4,6,GENROU_1,1,0.9997802694356608,0.99978186861354,0.00021973056433921556,GENROU_4,6,GENROU_2,2,1.513949484536496,2.0207577091451676,GENROU_5,8,GENROU_2,2,0.9997806765361562,1,0.99978186861354,2,0.9997813330896412,3,0.9997802694356608,6,0.9997813219345331,8
1258,2,6.3,0.033,0.03,NEXT_STEP,1,0.056788107166622484,0.06441869661260387,0.9934882595574976,-0.7499982612900087,Fault_Interface,14,0.0,0.0,0.3,0.9934882595574976,-0.7499982612900087,,,,,,,,,,,,,,-22.030889835226674,30.66118977918425,52.69207961441093,GENROU_4,6,GENROU_1,1,0.9997802858755782,0.9997818784153486,0.00021971412442178817,GENROU_4,6,GENROU_2,2,1.5139465116107014,2.020756263079565,GENROU_5,8,GENROU_2,2,0.9997806894221495,1,0.9997818784153486,2,0.9997813440965522,3,0.9997802858755782,6,0.9997813419459389,8
1260,2,6.333,0.033,0.03,NEXT_STEP,0,0.05678730360813758,0.06441769201157017,0.9934906398181186,-0.7527194450103621,Fault_Interface,14,0.0,0.0,0.3,0.9934906398181186,-0.7527194450103621,,,,,,,,,,,,,,-22.187438754421024,30.50491566785501,52.69235442227603,GENROU_4,6,GENROU_1,1,0.9997804622517257,0.9997819872417142,0.00021953774827432326,GENROU_4,6,GENROU_2,2,1.5138880965322272,2.0207406561621073,GENROU_5,8,GENROU_2,2,0.9997808306879703,1,0.9997819872417142,2,0.9997814631882858,3,0.9997804622517257,6,0.9997815635162227,8
1262,2,6.336,0.033,0.03,NEXT_STEP,1,0.056768154290793106,0.0643918882508325,0.9935025964028552,-0.7529622506140288,Fault_Interface,14,0.0,0.0,0.3,0.9935025964028552,-0.7529622506140288,,,,,,,,,,,,,,-22.20166428544302,30.490713913550238,52.692378198993254,GENROU_4,6,GENROU_1,1,0.9997804781488301,0.9997819973069791,0.00021952185116991263,GENROU_4,6,GENROU_2,2,1.5138856992917689,2.020739258588594,GENROU_5,8,GENROU_2,2,0.9997808435618825,1,0.9997819973069791,2,0.9997814739151756,3,0.9997804781488301,6,0.9997815838277324,8
1264,2,6.369,0.033,0.03,NEXT_STEP,0,0.05676691542732542,0.0643902605466578,0.9935055237607705,-0.7556810143761672,Fault_Interface,14,0.0,0.0,0.3,0.9935055237607705,-0.7556810143761672,,,,,,,,,,,,,,-22.35807727540536,30.33455006236521,52.692627337770574,GENROU_4,6,GENROU_1,1,0.9997806513797143,0.9997821105103477,0.00021934862028571978,GENROU_4,6,GENROU_2,2,1.5138261357631804,2.0207188698653766,GENROU_5,8,GENROU_2,2,0.9997809859455818,1,0.9997821105103477,2,0.9997815921554852,3,0.9997806513797143,6,0.9997818081385177,8
1266,2,6.372,0.033,0.03,NEXT_STEP,1,0.056747415178224236,0.06436396856514327,0.9935177193671231,-0.7559235317147606,Fault_Interface,14,0.0,0.0,0.3,0.9935177193671231,-0.7559235317147606,,,,,,,,,,,,,,-22.372290559155537,30.320358373124478,52.692648932280015,GENROU_4,6,GENROU_1,1,0.999780667023058,0.9997821210369795,0.00021933297694198828,GENROU_4,6,GENROU_2,2,1.5138236020807383,2.0207164885987985,GENROU_5,8,GENROU_2,2,0.9997809989543955,1,0.9997821210369795,2,0.9997816029322312,3,0.999780667023058,6,0.999781828578567,8
1268,2,6.405,0.033,0.03,NEXT_STEP,0,0.05674614351207271,0.06436230239474293,0.9935208123958054,-0.7586400375270917,Fault_Interface,14,0.0,0.0,0.3,0.9935208123958054,-0.7586400375270917,,,,,,,,,,,,,,-22.52856977453548,30.1643058557857,52.69287563032118,GENROU_4,6,GENROU_1,1,0.9997808378653968,0.9997822398289647,0.00021916213460315692,GENROU_4,6,GENROU_2,2,1.513762764818717,2.0206835805859646,GENROU_5,8,GENROU_2,2,0.9997811429404495,1,0.9997822398289647,2,0.999781722863236,3,0.9997808378653968,6,0.9997820529133772,8
1270,2,6.408,0.033,0.03,NEXT_STEP,1,0.05672646870548069,0.06433576310765268,0.9935331265294753,-0.7588823133183322,Fault_Interface,14,0.0,0.0,0.3,0.9935331265294753,-0.7588823133183322,,,,,,,,,,,,,,-22.542770980215142,30.150124344789774,52.69289532500491,GENROU_4,6,GENROU_1,1,0.9997808533173296,0.9997822509041727,0.0002191466826704236,GENROU_4,6,GENROU_2,2,1.5137602026466372,2.020680035324054,GENROU_5,8,GENROU_2,2,0.9997811561028862,1,0.9997822509041727,2,0.9997817338901318,3,0.9997808533173296,6,0.9997820732269602,8
1272,2,6.441,0.033,0.03,NEXT_STEP,0,0.05672474693828005,0.0643334172218447,0.9935365860074189,-0.761596501285606,Fault_Interface,14,0.0,0.0,0.3,0.9935365860074189,-0.761596501285606,,,,,,,,,,,,,,-22.698917928034824,29.994184539304975,52.6931024673398,GENROU_4,6,GENROU_1,1,0.9997810227330285,0.9997823761760144,0.00021897726697150954,GENROU_4,6,GENROU_2,2,1.5136989256387956,2.020636916720827,GENROU_5,8,GENROU_2,2,0.9997813020615335,1,0.9997823761760144,2,0.999781857579681,3,0.9997810227330285,6,0.9997822950192145,8
1274,2,6.444,0.033,0.03,NEXT_STEP,1,0.0567017180776892,0.06430201296782524,0.9935511026745079,-0.7618377942596896,Fault_Interface,14,0.0,0.0,0.3,0.9935511026745079,-0.7618377942596896,,,,,,,,,,,,,,-22.713107149336732,29.980013348339277,52.693120497676006,GENROU_4,6,GENROU_1,1,0.9997810383379002,0.9997823879466403,0.0002189616620997814,GENROU_4,6,GENROU_2,2,1.5136968459965956,2.0206326526486227,GENROU_5,8,GENROU_2,2,0.9997813155012536,1,0.9997823879466403,2,0.9997818691096056,3,0.9997810383379002,6,0.9997823150668399,8
1276,2,6.477,0.033,0.03,NEXT_STEP,0,0.05669998907354836,0.06429949797724825,0.9935549664622995,-0.7645495306438006,Fault_Interface,14,0.0,0.0,0.3,0.9935549664622995,-0.7645495306438006,,,,,,,,,,,,,,-22.869120791532033,29.824188608821036,52.69330940035307,GENROU_4,6,GENROU_1,1,0.9997812117180911,0.9997825338456179,0.00021878828190891042,GENROU_4,6,GENROU_5,8,1.513633644928741,2.0205784081384444,GENROU_5,8,GENROU_2,2,0.9997814655316147,1,0.999782521912134,2,0.9997820000398252,3,0.9997812117180911,6,0.9997825338456179,8
1278,2,6.48,0.033,0.03,NEXT_STEP,1,0.05667713515675421,0.06426838193243273,0.9935693743973532,-0.7647906460235887,Fault_Interface,14,0.0,0.0,0.3,0.9935693743973532,-0.7647906460235887,,,,,,,,,,,,,,-22.88329775627876,29.810028022975132,52.6933257792539,GENROU_4,6,GENROU_1,1,0.9997812276415778,0.9997825535377433,0.00021877235842215903,GENROU_4,6,GENROU_5,8,1.5136313036371578,2.020572767492384,GENROU_5,8,GENROU_2,2,0.9997814793496844,1,0.9997825344904439,2,0.9997820122976643,3,0.9997812276415778,6,0.9997825535377433,8
1280,2,6.513,0.033,0.03,NEXT_STEP,0,0.056675420956442395,0.06426589416395519,0.9935733190889899,-0.7675000443898043,Fault_Interface,14,0.0,0.0,0.3,0.9935733190889899,-0.7675000443898043,,,,,,,,,,,,,,-23.039175271029382,29.654321560019753,52.69349683104913,GENROU_4,6,GENROU_1,1,0.9997814043642138,0.9997827675901029,0.00021859563578618957,GENROU_4,6,GENROU_5,8,1.51356676289222,2.0205040554672293,GENROU_5,8,GENROU_2,2,0.9997816335531803,1,0.9997826774347871,2,0.9997821516873922,3,0.9997814043642138,6,0.9997827675901029,8
1282,2,6.516,0.033,0.03,NEXT_STEP,1,0.056652592542185284,0.06423482166245838,0.9935877085032105,-0.7677409551023555,Fault_Interface,14,0.0,0.0,0.3,0.9935877085032105,-0.7677409551023555,,,,,,,,,,,,,,-23.053339742582033,29.640171874504556,52.693511617086585,GENROU_4,6,GENROU_1,1,0.999781420587865,0.9997827867846145,0.00021857941213498933,GENROU_4,6,GENROU_5,8,1.5135643788455073,2.0204972909027052,GENROU_5,8,GENROU_2,2,0.999781647758079,1,0.9997826908393371,2,0.9997821647547509,3,0.999781420587865,6,0.9997827867846145,8
1284,2,6.549,0.033,0.03,NEXT_STEP,0,0.05665100743927607,0.06423248600957487,0.9935915288604503,-0.770448087458063,Fault_Interface,14,0.0,0.0,0.3,0.9935915288604503,-0.770448087458063,,,,,,,,,,,,,,-23.209078595648535,29.48458702304805,52.693665618696585,GENROU_4,6,GENROU_1,1,0.999781600470696,0.9997829947889929,0.00021839952930402529,GENROU_4,6,GENROU_5,8,1.5134996613319394,2.0204204551473524,GENROU_5,8,GENROU_2,2,0.9997818063801953,1,0.999782842856784,2,0.99978231323136,3,0.999781600470696,6,0.9997829947889929,8
1286,2,6.552,0.033,0.03,NEXT_STEP,1,0.05662824805333722,0.06420152389788725,0.9936058590167971,-0.7706888063814901,Fault_Interface,14,0.0,0.0,0.3,0.9936058590167971,-0.7706888063814901,,,,,,,,,,,,,,-23.223230350663837,29.4704485502549,52.69367890091874,GENROU_4,6,GENROU_1,1,0.9997816169671033,0.9997830133845951,0.00021838303289667405,GENROU_4,6,GENROU_5,8,1.5134972720031246,2.020413305042987,GENROU_5,8,GENROU_2,2,0.9997818210027319,1,0.9997828570828051,2,0.9997823271374928,3,0.9997816169671033,6,0.9997830133845951,8
1288,2,6.585,0.033,0.03,NEXT_STEP,0,0.05662656316047479,0.06419908126307303,0.9936095884747653,-0.7733936301813037,Fault_Interface,14,0.0,0.0,0.3,0.9936095884747653,-0.7733936301813037,,,,,,,,,,,,,,-23.378828155394352,29.314988916163983,52.693817071558335,GENROU_4,6,GENROU_1,1,0.9997817998543116,0.9997832145396958,0.0002182001456884075,GENROU_4,6,GENROU_5,8,1.5134328215359174,2.020334410586695,GENROU_5,8,GENROU_2,2,0.9997819844975108,1,0.9997830180703248,2,0.999782484854755,3,0.9997817998543116,6,0.9997832145396958,8
1290,2,6.588,0.033,0.03,NEXT_STEP,1,0.05660378574049479,0.06416809749376473,0.9936239131317417,-0.7736341367617119,Fault_Interface,14,0.0,0.0,0.3,0.9936239131317417,-0.7736341367617119,,,,,,,,,,,,,,-23.392966981341303,29.300862000607125,52.69382898194843,GENROU_4,6,GENROU_1,1,0.9997818166288072,0.999783232494008,0.00021818337119283715,GENROU_4,6,GENROU_5,8,1.5134304690997933,2.0203272491672877,GENROU_5,8,GENROU_2,2,0.9997819995902405,1,0.9997830331059598,2,0.9997824996014871,3,0.9997818166288072,6,0.999783232494008,8
1292,2,6.621,0.033,0.03,NEXT_STEP,0,0.05660210405279023,0.06416565918657628,0.9936274555944545,-0.7763366627706929,Fault_Interface,14,0.0,0.0,0.3,0.9936274555944545,-0.7763366627706929,,,,,,,,,,,,,,-23.54842138417822,29.145531590825225,52.69395297500344,GENROU_4,6,GENROU_1,1,0.9997820025521248,0.9997834265883979,0.0002179974478752067,GENROU_4,6,GENROU_5,8,1.5133664835264844,2.0202492152662392,GENROU_5,8,GENROU_2,2,0.9997821685108582,1,0.9997832028379139,2,0.999782666412688,3,0.9997820025521248,6,0.9997834265883979,8
1294,2,6.624,0.033,0.03,NEXT_STEP,1,0.05657924062728338,0.06413459476453146,0.9936418021706159,-0.776576937705596,Fault_Interface,14,0.0,0.0,0.3,0.9936418021706159,-0.776576937705596,,,,,,,,,,,,,,-23.562547066275624,29.13141661610013,52.69396368237575,GENROU_4,6,GENROU_1,1,0.9997820196053625,0.9997834439052801,0.00021798039463749586,GENROU_4,6,GENROU_5,8,1.5133641884644846,2.0202422134338667,GENROU_5,8,GENROU_2,2,0.999782184121083,1,0.9997832186540583,2,0.999782681971783,3,0.9997820196053625,6,0.9997834439052801,8
1296,2,6.657,0.033,0.03,NEXT_STEP,0,0.056577620287198635,0.06413220516954624,0.9936451077958931,-0.7792771567012179,Fault_Interface,14,0.0,0.0,0.3,0.9936451077958931,-0.7792771567012179,,,,,,,,,,,,,,-23.71785569481535,28.97621983208797,52.69407552690332,GENROU_4,6,GENROU_1,1,0.9997822085892236,0.9997836312213825,0.0002177914107763801,GENROU_4,6,GENROU_5,8,1.5133007925597675,2.0201665428762103,GENROU_5,8,GENROU_2,2,0.9997823589241995,1,0.9997833967292173,2,0.9997828574395463,3,0.9997822085892236,6,0.9997836312213825,8
1298,2,6.66,0.033,0.03,NEXT_STEP,1,0.05655483946905618,0.06410127215307695,0.9936593751458686,-0.7795172384666261,Fault_Interface,14,0.0,0.0,0.3,0.9936593751458686,-0.7795172384666261,,,,,,,,,,,,,,-23.73196801705436,28.962117213879463,52.69408523093382,GENROU_4,6,GENROU_1,1,0.9997822259095723,0.9997836479427071,0.00021777409042766926,GENROU_4,6,GENROU_5,8,1.5132985417898657,2.0201598096344724,GENROU_5,8,GENROU_2,2,0.9997823750817109,1,0.9997834132772646,2,0.9997828737550212,3,0.9997822259095723,6,0.9997836479427071,8
1300,2,6.693,0.033,0.03,NEXT_STEP,0,0.05655312323665925,0.06409878181133015,0.993662494471343,-0.7822150857823044,Fault_Interface,14,0.0,0.0,0.3,0.993662494471343,-0.7822150857823044,,,,,,,,,,,,,,-23.887128536542512,28.807058726586543,52.69418726312905,GENROU_4,6,GENROU_1,1,0.9997824178620788,0.9997838291451376,0.00021758213792122394,GENROU_4,6,GENROU_5,8,1.5132358957563632,2.02008765025566,GENROU_5,8,GENROU_2,2,0.9997825560105903,1,0.9997835990873911,2,0.999783057161913,3,0.9997824178620788,6,0.9997838291451376,8
1302,2,6.696,0.033,0.03,NEXT_STEP,1,0.05653032347703516,0.06406782580211728,0.9936767507541363,-0.782454947761421,Fault_Interface,14,0.0,0.0,0.3,0.9936767507541363,-0.782454947761421,,,,,,,,,,,,,,-23.901227288869727,28.792968897955884,52.69419618682561,GENROU_4,6,GENROU_1,1,0.9997824354611554,0.9997838453547796,0.0002175645388445835,GENROU_4,6,GENROU_5,8,1.5132337177644433,2.0200812848118996,GENROU_5,8,GENROU_2,2,0.999782572735377,1,0.9997836163108426,2,0.9997830741655854,3,0.9997824354611554,6,0.9997838453547796,8
1304,2,6.729,0.033,0.03,NEXT_STEP,0,0.056528723553056846,0.06406546784134719,0.993679566383836,-0.7851504378139432,Fault_Interface,14,0.0,0.0,0.3,0.993679566383836,-0.7851504378139432,,,,,,,,,,,,,,-24.05623736250134,28.638053513093034,52.694290875594376,GENROU_4,6,GENROU_1,1,0.9997826304324633,0.9997840214994295,0.0002173695675367071,GENROU_4,6,GENROU_5,8,1.51317186720886,2.0200134526054723,GENROU_5,8,GENROU_2,2,0.9997827598758127,1,0.9997838091473374,2,0.9997832646729682,3,0.9997826304324633,6,0.9997840214994295,8
1306,2,6.732,0.033,0.03,NEXT_STEP,1,0.05650599582714041,0.06403462640397482,0.9936937489143102,-0.7853900980067949,Fault_Interface,14,0.0,0.0,0.3,0.9936937489143102,-0.7853900980067949,,,,,,,,,,,,,,-24.070322331662794,28.623976913049546,52.69429924471234,GENROU_4,6,GENROU_1,1,0.9997826482971214,0.9997840373015411,0.00021735170287862093,GENROU_4,6,GENROU_5,8,1.513169751770083,2.0200075032187375,GENROU_5,8,GENROU_2,2,0.9997827771598822,1,0.9997838269706564,2,0.9997832822770856,3,0.9997826482971214,6,0.9997840373015411,8
1308,2,6.765,0.033,0.03,NEXT_STEP,0,0.05650429836804418,0.06403216477006039,0.993696367124377,-0.7880831406360845,Fault_Interface,14,0.0,0.0,0.3,0.993696367124377,-0.7880831406360845,,,,,,,,,,,,,,-24.225179627441115,28.46920940710577,52.69438903454689,GENROU_4,6,GENROU_1,1,0.999782846277042,0.9997842096914468,0.00021715372295805224,GENROU_4,6,GENROU_5,8,1.5131087877685128,2.0199444727122082,GENROU_5,8,GENROU_2,2,0.9997829703699489,1,0.9997840259920828,2,0.9997834789191049,3,0.999782846277042,6,0.9997842096914468,8
1310,2,6.768,0.033,0.03,NEXT_STEP,1,0.05648143831877429,0.06400117215144378,0.9937105998728906,-0.7883225454245097,Fault_Interface,14,0.0,0.0,0.3,0.9937105998728906,-0.7883225454245097,,,,,,,,,,,,,,-24.23925060033572,28.455146464823613,52.694397065159336,GENROU_4,6,GENROU_1,1,0.9997828644360877,0.9997842252239549,0.00021713556391234068,GENROU_4,6,GENROU_5,8,1.5131067685672372,2.0199389782023447,GENROU_5,8,GENROU_2,2,0.9997829882015895,1,0.9997840443437163,2,0.9997834970424767,3,0.9997828644360877,6,0.9997842252239549,8
1312,2,6.801,0.033,0.03,NEXT_STEP,0,0.05647979498381026,0.06399874759238448,0.9937129708903572,-0.7910131200947682,Fault_Interface,14,0.0,0.0,0.3,0.9937129708903572,-0.7910131200947682,,,,,,,,,,,,,,-24.393952640911113,28.300531483678387,52.6944841245895,GENROU_4,6,GENROU_1,1,0.9997830657590977,0.9997843954696597,0.00021693424090230007,GENROU_4,6,GENROU_5,8,1.5130466145929506,2.0198807644219756,GENROU_5,8,GENROU_2,2,0.9997831872723203,1,0.999784248752646,2,0.9997836989494675,3,0.9997830657590977,6,0.9997843954696597,8
1314,2,6.804,0.033,0.03,NEXT_STEP,1,0.056457018928367554,0.06396788870614842,0.9937271231878231,-0.7912523166090853,Fault_Interface,14,0.0,0.0,0.3,0.9937271231878231,-0.7912523166090853,,,,,,,,,,,,,,-24.408009381674987,28.286482613255995,52.694491994930985,GENROU_4,6,GENROU_1,1,0.999783084217326,0.9997844108779282,0.0002169157826740209,GENROU_4,6,GENROU_5,8,1.5130446513168134,2.0198756861982012,GENROU_5,8,GENROU_2,2,0.9997832056158775,1,0.9997842675508691,2,0.9997837175061927,3,0.999783084217326,6,0.9997844108779282,8
1316,2,6.837,0.033,0.03,NEXT_STEP,0,0.05645528057085589,0.06396536429811935,0.9937293134279148,-0.793940343019198,Fault_Interface,14,0.0,0.0,0.3,0.9937293134279148,-0.793940343019198,,,,,,,,,,,,,,-24.56255356300374,28.132024528480613,52.69457809148435,GENROU_4,6,GENROU_1,1,0.9997832889164701,0.9997845805905162,0.00021671108352994128,GENROU_4,6,GENROU_5,8,1.5129853494133274,2.0198220134214075,GENROU_5,8,GENROU_2,2,0.999783410065749,1,0.999784476427292,2,0.9997839237312457,3,0.9997832889164701,6,0.9997845805905162,8
1318,2,6.84,0.033,0.03,NEXT_STEP,1,0.05643248565892994,0.06393448234886978,0.993743456002518,-0.7941793030265496,Fault_Interface,14,0.0,0.0,0.3,0.993743456002518,-0.7941793030265496,,,,,,,,,,,,,,-24.57659583278479,28.11799011021605,52.69458594300084,GENROU_4,6,GENROU_1,1,0.9997833076952258,0.9997845960279741,0.00021669230477416868,GENROU_4,6,GENROU_5,8,1.5129834663291575,2.0198173490824276,GENROU_5,8,GENROU_2,2,0.9997834288767027,1,0.9997844955931446,2,0.9997839426422774,3,0.9997833076952258,6,0.9997845960279741,8
1320,2,6.873,0.033,0.03,NEXT_STEP,0,0.05643074964605227,0.06393196119253296,0.9937454301141381,-0.7968647499227377,Fault_Interface,14,0.0,0.0,0.3,0.9937454301141381,-0.7968647499227377,,,,,,,,,,,,,,-24.73097943948979,27.963692899045704,52.6946723385355,GENROU_4,6,GENROU_1,1,0.9997835159886965,0.9997847668822967,0.00021648401130347494,GENROU_4,6,GENROU_5,8,1.5129249974671382,2.019768147330951,GENROU_5,8,GENROU_2,2,0.9997836381664585,1,0.9997847080794586,2,0.9997841523600677,3,0.9997835159886965,6,0.9997847668822967,8
1322,2,6.876,0.033,0.03,NEXT_STEP,1,0.05640798307027458,0.06390112792478031,0.9937595317309869,-0.7971034795492725,Fault_Interface,14,0.0,0.0,0.3,0.9937595317309869,-0.7971034795492725,,,,,,,,,,,,,,-24.745006984313896,27.94967327502356,52.69468025933746,GENROU_4,6,GENROU_1,1,0.9997835350969791,0.9997847824966029,0.00021646490302085208,GENROU_4,6,GENROU_5,8,1.512923182338012,2.019763878688114,GENROU_5,8,GENROU_2,2,0.9997836573884137,1,0.9997847275333037,2,0.9997841715513586,3,0.9997835350969791,6,0.9997847824966029,8
1324,2,6.909,0.033,0.03,NEXT_STEP,0,0.05640637045902271,0.06389875036119705,0.9937612218586944,-0.7997863336348453,Fault_Interface,14,0.0,0.0,0.3,0.9937612218586944,-0.7997863336348453,,,,,,,,,,,,,,-24.899227227817587,27.795540433043328,52.69476766086092,GENROU_4,6,GENROU_1,1,0.999783746954455,0.9997849560124411,0.00021625304554495628,GENROU_4,6,GENROU_5,8,1.512865565070324,2.019719003593093,GENROU_5,8,GENROU_2,2,0.9997838708194873,1,0.9997849427346004,2,0.999784383947388,3,0.999783746954455,6,0.9997849560124411,8
1326,2,6.912,0.033,0.03,NEXT_STEP,1,0.05638356038432937,0.06386790015081509,0.9937753158597842,-0.8000248106671739,Fault_Interface,14,0.0,0.0,0.3,0.9937753158597842,-0.8000248106671739,,,,,,,,,,,,,,-24.913239795538146,27.78153589609428,52.69477569163243,GENROU_4,6,GENROU_1,1,0.999783766387503,0.9997849719349942,0.00021623361249700768,GENROU_4,6,GENROU_5,8,1.5128638338410418,2.0197151302606637,GENROU_5,8,GENROU_2,2,0.999783890385789,1,0.9997849623965259,2,0.9997844033481277,3,0.999783766387503,6,0.9997849719349942,8
1328,2,6.945,0.033,0.03,NEXT_STEP,0,0.056381787553586825,0.06386532317246817,0.9937769024886167,-0.8027049444361023,Fault_Interface,14,0.0,0.0,0.3,0.9937769024886167,-0.8027049444361023,,,,,,,,,,,,,,-25.067293834678,27.627570395548737,52.69486423022674,GENROU_4,6,GENROU_1,1,0.9997839821059409,0.9997851795613462,0.0002160178940591173,GENROU_4,6,GENROU_2,2,1.512807072130023,2.019674501391396,GENROU_5,8,GENROU_2,2,0.9997841073332092,1,0.9997851795613462,2,0.9997846178039016,3,0.9997839821059409,6,0.999785149575361,8
1330,2,6.948,0.033,0.03,NEXT_STEP,1,0.05635908541808518,0.06383459874653662,0.993790919280431,-0.8029432017144098,Fault_Interface,14,0.0,0.0,0.3,0.993790919280431,-0.8029432017144098,,,,,,,,,,,,,,-25.081291153351888,27.613581194099712,52.6948723474516,GENROU_4,6,GENROU_1,1,0.9997840018856058,0.999785199369059,0.00021599811439421135,GENROU_4,6,GENROU_2,2,1.5128053963503245,2.0196709973303144,GENROU_5,8,GENROU_2,2,0.999784127189969,1,0.999785199369059,2,0.9997846373667745,3,0.9997840018856058,6,0.9997851659340151,8
1332,2,6.981,0.033,0.03,NEXT_STEP,0,0.056357379383960605,0.06383212394889941,0.9937922681964394,-0.8056206240287737,Fault_Interface,14,0.0,0.0,0.3,0.9937922681964394,-0.8056206240287737,,,,,,,,,,,,,,-25.23517601245748,27.459785502226502,52.69496151468398,GENROU_4,6,GENROU_1,1,0.9997842212804241,0.9997854177672441,0.00021577871957589867,GENROU_4,6,GENROU_2,2,1.512749457508881,2.019634248456512,GENROU_5,8,GENROU_2,2,0.9997843469583573,1,0.9997854177672441,2,0.9997848533257219,3,0.9997842212804241,6,0.9997853488877592,8
1334,2,6.984,0.033,0.03,NEXT_STEP,1,0.0563345793358995,0.06380129955873519,0.9938063168551206,-0.80585860661807,Fault_Interface,14,0.0,0.0,0.3,0.9938063168551206,-0.80585860661807,,,,,,,,,,,,,,-25.249157821613156,27.445811835883916,52.69496965749707,GENROU_4,6,GENROU_1,1,0.9997842413999563,0.999785437658804,0.00021575860004374725,GENROU_4,6,GENROU_2,2,1.5127478714706344,2.019631086610391,GENROU_5,8,GENROU_2,2,0.9997843670434148,1,0.999785437658804,2,0.9997848730054647,3,0.9997842413999563,6,0.999785365779696,8
1336,2,7.017,0.033,0.03,NEXT_STEP,0,0.056332818738203214,0.06379874072171106,0.9938075337272442,-0.808533231035137,Fault_Interface,14,0.0,0.0,0.3,0.9938075337272442,-0.808533231035137,,,,,,,,,,,,,,-25.402870589127847,27.292187926762903,52.69505851589075,GENROU_4,6,GENROU_1,1,0.9997844646173928,0.999785656744924,0.0002155353826072126,GENROU_4,6,GENROU_2,2,1.512692729261883,2.0195979112308655,GENROU_5,8,GENROU_2,2,0.9997845890788079,1,0.999785656744924,2,0.999785090126073,3,0.9997844646173928,6,0.999785555077777,8
1338,2,7.02,0.033,0.03,NEXT_STEP,1,0.0563077882437139,0.06376478932880258,0.9938229917844822,-0.8087704328355761,Fault_Interface,14,0.0,0.0,0.3,0.9938229917844822,-0.8087704328355761,,,,,,,,,,,,,,-25.41683661359474,27.278229957387254,52.69506657098199,GENROU_4,6,GENROU_1,1,0.9997844852447401,0.9997856767248192,0.0002155147552599379,GENROU_4,6,GENROU_2,2,1.5126915448285416,2.019595046996948,GENROU_5,8,GENROU_2,2,0.9997846093972522,1,0.9997856767248192,2,0.9997851099505322,3,0.9997844852447401,6,0.9997855726342109,8
1340,2,7.053,0.033,0.03,NEXT_STEP,0,0.056305555469988784,0.06376144808308971,0.9938246556322338,-0.8114419162592453,Fault_Interface,14,0.0,0.0,0.3,0.9938246556322338,-0.8114419162592453,,,,,,,,,,,,,,-25.570372973508356,27.124779880626974,52.69515285413533,GENROU_4,6,GENROU_1,1,0.9997847156773545,0.9997858972785889,0.00021528432264550368,GENROU_4,6,GENROU_2,2,1.5126359340921613,2.0195614596054714,GENROU_5,8,GENROU_2,2,0.9997848344612024,1,0.9997858972785889,2,0.9997853294187142,3,0.9997847156773545,6,0.9997857703421288,8
1342,2,7.056,0.033,0.03,NEXT_STEP,1,0.05628046742902171,0.0637274607298406,0.9938401405256262,-0.8116788260025835,Fault_Interface,14,0.0,0.0,0.3,0.9938401405256262,-0.8116788260025835,,,,,,,,,,,,,,-25.58432270803708,27.110837820527262,52.695160528564344,GENROU_4,6,GENROU_1,1,0.9997847369606477,0.999785917389677,0.00021526303935226476,GENROU_4,6,GENROU_2,2,1.5126346468103176,2.0195581697620297,GENROU_5,8,GENROU_2,2,0.999784855041893,1,0.999785917389677,2,0.9997853494740037,3,0.9997847369606477,6,0.9997857887118548,8
1344,2,7.089,0.033,0.03,NEXT_STEP,0,0.056278223379269555,0.06372410280501929,0.9938418410679143,-0.8143472543600552,Fault_Interface,14,0.0,0.0,0.3,0.9938418410679143,-0.8143472543600552,,,,,,,,,,,,,,-25.737677154109395,26.95756377162419,52.695240925733586,GENROU_4,6,GENROU_1,1,0.9997849743598749,0.9997861393308413,0.0002150256401250994,GENROU_4,6,GENROU_2,2,1.512578445534574,2.0195185333352805,GENROU_5,8,GENROU_2,2,0.999785082699479,1,0.9997861393308413,2,0.9997855715441916,3,0.9997849743598749,6,0.9997859956027753,8
1346,2,7.092,0.033,0.03,NEXT_STEP,1,0.05625317014194638,0.06369017421044637,0.993857298465314,-0.8145838939643323,Fault_Interface,14,0.0,0.0,0.3,0.993857298465314,-0.8145838939643323,,,,,,,,,,,,,,-25.751610106433382,26.943637804141993,52.695247910575375,GENROU_4,6,GENROU_1,1,0.9997849962474095,0.9997861595617225,0.00021500375259053683,GENROU_4,6,GENROU_2,2,1.5125771430380275,2.0195146625968152,GENROU_5,8,GENROU_2,2,0.999785103489342,1,0.9997861595617225,2,0.9997855918390574,3,0.9997849962474095,6,0.9997860148240125,8
1348,2,7.125,0.033,0.03,NEXT_STEP,0,0.05625094157172077,0.06368684057719863,0.9938589429352025,-0.8172492554546578,Fault_Interface,14,0.0,0.0,0.3,0.9938589429352025,-0.8172492554546578,,,,,,,,,,,,,,-25.90477747996101,26.79054161116122,52.69531909112223,GENROU_4,6,GENROU_1,1,0.9997852399434171,0.9997863827953318,0.00021476005658294106,GENROU_4,6,GENROU_2,2,1.5125210240378215,2.019470658042629,GENROU_5,8,GENROU_2,2,0.9997853332750466,1,0.9997863827953318,2,0.9997858165486456,3,0.9997852399434171,6,0.9997862311055296,8
1350,2,7.128,0.033,0.03,NEXT_STEP,1,0.056225917143028006,0.06365296114485412,0.9938743717805815,-0.8174856211938336,Fault_Interface,14,0.0,0.0,0.3,0.9938743717805815,-0.8174856211938336,,,,,,,,,,,,,,-25.918693204953772,26.77663188681115,52.69532509176492,GENROU_4,6,GENROU_1,1,0.999785262371621,0.9997864031424648,0.00021473762837898036,GENROU_4,6,GENROU_2,2,1.512519738770314,2.0194665676341486,GENROU_5,8,GENROU_2,2,0.9997853542450129,1,0.9997864031424648,2,0.9997858370838636,3,0.999785262371621,6,0.9997862511806427,8
1352,2,7.161,0.033,0.03,NEXT_STEP,0,0.05622369852734362,0.06364964264847736,0.9938759193835593,-0.8201478829461843,Fault_Interface,14,0.0,0.0,0.3,0.9938759193835593,-0.8201478829461843,,,,,,,,,,,,,,-26.071668888323288,26.623715126140972,52.69538401446426,GENROU_4,6,GENROU_1,1,0.999785511643888,0.9997866276924632,0.00021448835611204142,GENROU_4,6,GENROU_2,2,1.5124639658882482,2.019421370963957,GENROU_5,8,GENROU_2,2,0.9997855859754637,1,0.9997866276924632,2,0.9997860644402148,3,0.999785511643888,6,0.9997864767291527,8
1354,2,7.164,0.033,0.03,NEXT_STEP,1,0.05619870410000582,0.06361581448902089,0.9938913157703627,-0.8203839717920648,Fault_Interface,14,0.0,0.0,0.3,0.9938913157703627,-0.8203839717920648,,,,,,,,,,,,,,-26.08556699180463,26.609821782450467,52.69538877425509,GENROU_4,6,GENROU_1,1,0.9997855345449596,0.9997866481634345,0.00021446545504044678,GENROU_4,6,GENROU_2,2,1.5124627142079796,2.0194172701796136,GENROU_5,8,GENROU_2,2,0.9997856071205083,1,0.9997866481634345,2,0.9997860852163795,3,0.9997855345449596,6,0.9997864976334755,8
1356,2,7.197,0.033,0.03,NEXT_STEP,0,0.0561964966627241,0.0636125130388799,0.9938927403689032,-0.823043095790953,Fault_Interface,14,0.0,0.0,0.3,0.9938927403689032,-0.823043095790953,,,,,,,,,,,,,,-26.238346943114106,26.45708597632368,52.695432919437785,GENROU_4,6,GENROU_1,1,0.9997857886354419,0.9997868741615549,0.00021421136455812562,GENROU_4,6,GENROU_2,2,1.5124074369361604,2.0193725405451035,GENROU_5,8,GENROU_2,2,0.9997858408340861,1,0.9997868741615549,2,0.9997863152317522,3,0.9997857886354419,6,0.9997867320486318,8
1358,2,7.2,0.033,0.03,NEXT_STEP,1,0.056171531918333246,0.06357873562900945,0.9939081029031052,-0.8232789039973796,Fault_Interface,14,0.0,0.0,0.3,0.9939081029031052,-0.8232789039973796,,,,,,,,,,,,,,-26.252227084475127,26.443209153517536,52.695436237992666,GENROU_4,6,GENROU_1,1,0.9997858119398353,0.9997868947725612,0.0002141880601647106,GENROU_4,6,GENROU_2,2,1.512406229194398,2.01936853110468,GENROU_5,8,GENROU_2,2,0.9997858621657243,1,0.9997868947725612,2,0.9997863362506181,3,0.9997858119398353,6,0.9997867537344094,8
1360,2,7.233,0.033,0.03,NEXT_STEP,0,0.056169335055668033,0.06357545067766825,0.9939093920431408,-0.8259348486061302,Fault_Interface,14,0.0,0.0,0.3,0.9939093920431408,-0.8259348486061302,,,,,,,,,,,,,,-26.404807850133544,26.29065591318928,52.69546376332282,GENROU_4,6,GENROU_1,1,0.999786070096773,0.9997871224321575,0.0002139299032269948,GENROU_4,6,GENROU_2,2,1.512351539061159,2.019325160508453,GENROU_5,8,GENROU_2,2,0.9997860980481812,1,0.9997871224321575,2,0.9997865689540539,3,0.999786070096773,6,0.999786996387565,8
1362,2,7.236,0.033,0.03,NEXT_STEP,1,0.05614428730938265,0.0635415962063688,0.9939247814558494,-0.8261703442768693,Fault_Interface,14,0.0,0.0,0.3,0.9939247814558494,-0.8261703442768693,,,,,,,,,,,,,,-26.41866974164813,26.276795764697166,52.6954655063453,GENROU_4,6,GENROU_1,1,0.9997860937453694,0.9997871432080276,0.00021390625463058033,GENROU_4,6,GENROU_2,2,1.5123503958915523,2.019321304278361,GENROU_5,8,GENROU_2,2,0.9997861195909511,1,0.9997871432080276,2,0.9997865902217133,3,0.9997860937453694,6,0.9997870187912072,8
1364,2,7.269,0.033,0.03,NEXT_STEP,0,0.05614215233927689,0.06353836127771204,0.993925919333771,-0.8288230739310887,Fault_Interface,14,0.0,0.0,0.3,0.993925919333771,-0.8288230739310887,,,,,,,,,,,,,,-26.571048386930546,26.12442689783508,52.69547528476562,GENROU_4,6,GENROU_1,1,0.9997863553800816,0.9997873728389146,0.0002136446199183517,GENROU_4,6,GENROU_2,2,1.5122963009472992,2.0192797047335844,GENROU_5,8,GENROU_2,2,0.9997863579550502,1,0.9997873728389146,2,0.9997868257096014,3,0.9997863553800816,6,0.9997872689231936,8
1366,2,7.272,0.033,0.03,NEXT_STEP,1,0.05611719011763934,0.06350464200886963,0.9939412366048097,-0.829058293725385,Fault_Interface,14,0.0,0.0,0.3,0.9939412366048097,-0.829058293725385,,,,,,,,,,,,,,-26.58489178308758,26.11058359896877,52.69547538205635,GENROU_4,6,GENROU_1,1,0.9997863793064297,0.9997873938050705,0.00021362069357033775,GENROU_4,6,GENROU_2,2,1.512295197204094,2.0192760143103103,GENROU_5,8,GENROU_2,2,0.9997863797342612,1,0.9997873938050705,2,0.999786847231182,3,0.9997863793064297,6,0.999787291964395,8
1368,2,7.305,0.033,0.03,NEXT_STEP,0,0.05611496153542418,0.0635013095299965,0.9939422913544026,-0.8317077296637375,Fault_Interface,14,0.0,0.0,0.3,0.9939422913544026,-0.8317077296637375,,,,,,,,,,,,,,-26.737065877838724,25.958401142440255,52.69546702027898,GENROU_4,6,GENROU_1,1,0.999786620862569,0.9997876256940497,0.00021337913743102455,GENROU_1,1,GENROU_2,2,1.5122417569507582,2.0192363546469965,GENROU_5,8,GENROU_2,2,0.999786620862569,1,0.9997876256940497,2,0.9997870855601956,3,0.9997866437402421,6,0.9997875486389091,8
1370,2,7.308,0.033,0.03,NEXT_STEP,1,0.056089794912840364,0.06346731789735251,0.9939577223410481,-0.8319426011715327,Fault_Interface,14,0.0,0.0,0.3,0.9939577223410481,-0.8319426011715327,,,,,,,,,,,,,,-26.750890580126665,25.944574888808916,52.69546546893558,GENROU_4,6,GENROU_1,1,0.9997866429142416,0.9997876468864116,0.0002133570857584255,GENROU_1,1,GENROU_2,2,1.512240741812351,2.0192328515820344,GENROU_5,8,GENROU_2,2,0.9997866429142416,1,0.9997876468864116,2,0.9997871073509673,3,0.9997866679175376,6,0.9997875722376602,8
1372,2,7.341,0.033,0.03,NEXT_STEP,0,0.05608724266509316,0.06346349561804185,0.9939589139322282,-0.8345886142948856,Fault_Interface,14,0.0,0.0,0.3,0.9939589139322282,-0.8345886142948856,,,,,,,,,,,,,,-26.90285791662273,25.79258119218708,52.69543910880981,GENROU_4,6,GENROU_1,1,0.9997868873296151,0.9997878815633526,0.00021311267038492954,GENROU_1,1,GENROU_2,2,1.5121877864235003,2.019194729348411,GENROU_5,8,GENROU_2,2,0.9997868873296151,1,0.9997878815633526,2,0.9997873489524097,3,0.9997869352579001,6,0.9997878347017429,8
1374,2,7.344,0.033,0.03,NEXT_STEP,1,0.05605938528907343,0.06342590384023863,0.9939759958850161,-0.8348225367472335,Fault_Interface,14,0.0,0.0,0.3,0.9939759958850161,-0.8348225367472335,,,,,,,,,,,,,,-26.916663714021727,25.77877221797698,52.6954359319987,GENROU_4,6,GENROU_1,1,0.9997869097626657,0.9997879030892095,0.00021309023733429022,GENROU_1,1,GENROU_2,2,1.5121871884849114,2.0191912992926406,GENROU_5,8,GENROU_2,2,0.9997869097626657,1,0.9997879030892095,2,0.9997873711082719,3,0.9997869598841062,6,0.9997878588493991,8
1376,2,7.377,0.033,0.03,NEXT_STEP,0,0.05605647038460946,0.06342145332507729,0.9939776741366688,-0.8374648436904488,Fault_Interface,14,0.0,0.0,0.3,0.9939776741366688,-0.8374648436904488,,,,,,,,,,,,,,-27.06842055954531,25.62697054388072,52.69539110342603,GENROU_4,6,GENROU_1,1,0.9997871592796811,0.9997881423907902,0.00021284072031890755,GENROU_1,1,GENROU_2,2,1.5121332115216735,2.0191496616597044,GENROU_5,8,GENROU_2,2,0.9997871592796811,1,0.9997881423907902,2,0.9997876177601319,3,0.9997872338640046,6,0.9997881277810533,8
1378,2,7.38,0.033,0.03,NEXT_STEP,1,0.05579001990171608,0.06286048363526363,0.9942130234134112,-0.8376514563909153,Fault_Interface,14,0.0,0.0,0.3,0.9942130234134112,-0.8376514563909153,,,,,,,,,,,,,,-27.082206422831582,25.61317938419359,52.695385807025175,GENROU_4,6,GENROU_1,1,0.9997871876435557,0.9997881696585748,0.00021281235644432517,GENROU_1,1,GENROU_2,2,1.5121737821659789,2.0191448554067364,GENROU_5,8,GENROU_2,2,0.9997871876435557,1,0.9997881696585748,2,0.9997876461247426,3,0.9997872765283944,6,0.9997881570195899,8
1380,2,7.413,0.033,0.03,NEXT_STEP,0,0.05579690812862771,0.06286904815156076,0.9942434583166471,-0.8402713130321433,Fault_Interface,14,0.0,0.0,0.3,0.9942434583166471,-0.8402713130321433,,,,,,,,,,,,,,-27.23361073230196,25.461614937892907,52.695225670194866,GENROU_4,6,GENROU_1,1,0.9997875455467587,0.9997885435522545,0.0002124544532412509,GENROU_1,1,GENROU_5,8,1.5119381092830588,2.0186329326746475,GENROU_5,8,GENROU_2,2,0.9997875455467587,1,0.9997885321210533,2,0.9997880390774303,3,0.9997879034239521,6,0.9997885435522545,8
1382,2,7.416,0.033,0.03,NEXT_STEP,1,0.055782809304739465,0.0628490715517495,0.9942546420015436,-0.8405063120580558,Fault_Interface,14,0.0,0.0,0.3,0.9942546420015436,-0.8405063120580558,,,,,,,,,,,,,,-27.247352870771845,25.447848882091538,52.69520175286338,GENROU_4,6,GENROU_1,1,0.9997875761877669,0.9997885797451747,0.00021242381223307572,GENROU_1,1,GENROU_5,8,1.5119176869482578,2.0185380623943954,GENROU_5,8,GENROU_2,2,0.9997875761877669,1,0.9997885654645314,2,0.9997880761303647,3,0.9997879564998169,6,0.9997885797451747,8
1384,2,7.449,0.033,0.03,NEXT_STEP,0,0.055781169513720245,0.06284643213340638,0.994273643624444,-0.8431270199624994,Fault_Interface,14,0.0,0.0,0.3,0.994273643624444,-0.8431270199624994,,,,,,,,,,,,,,-27.39829821917107,25.296549230739014,52.694847449910085,GENROU_4,6,GENROU_1,1,0.9997879006459764,0.9997889835590097,0.00021209935402355384,GENROU_1,1,GENROU_5,8,1.5117309492940951,2.0174099152263945,GENROU_5,8,GENROU_2,2,0.9997879006459764,1,0.9997889380027323,2,0.9997884891027315,3,0.9997885126552561,6,0.9997889835590097,8
1386,2,7.452,0.033,0.03,NEXT_STEP,1,0.05575507857309163,0.06281061403889508,0.9942910213186539,-0.8433592057199601,Fault_Interface,14,0.0,0.0,0.3,0.9942910213186539,-0.8433592057199601,,,,,,,,,,,,,,-27.41200101497784,25.28280612673539,52.69480714171323,GENROU_4,6,GENROU_1,1,0.9997879294773685,0.9997890209558917,0.00021207052263150228,GENROU_1,1,GENROU_5,8,1.511722743783118,2.0173121512110757,GENROU_5,8,GENROU_2,2,0.9997879294773685,1,0.9997889726379572,2,0.9997885272680753,3,0.9997885615482386,6,0.9997890209558917,8
1388,2,7.485,0.033,0.03,NEXT_STEP,0,0.05575347189627823,0.06280810716602199,0.9943011018276179,-0.8459786931753144,Fault_Interface,14,0.0,0.0,0.3,0.9943011018276179,-0.8459786931753144,,,,,,,,,,,,,,-27.562529040643575,25.1317564960036,52.69428553664717,GENROU_4,6,GENROU_1,1,0.9997882498049906,0.9997894368140394,0.00021175019500940806,GENROU_1,1,GENROU_5,8,1.5116024479201127,2.016522717954347,GENROU_5,8,GENROU_2,2,0.9997882498049906,1,0.9997893624666687,2,0.9997889487827138,3,0.9997890783242959,6,0.9997894368140394,8
1390,2,7.488,0.033,0.03,NEXT_STEP,1,0.05572664836913322,0.0627715106843731,0.9943182150302774,-0.8462105254314106,Fault_Interface,14,0.0,0.0,0.3,0.9943182150302774,-0.8462105254314106,,,,,,,,,,,,,,-27.576195303958336,25.118036040888036,52.69423134484637,GENROU_4,6,GENROU_1,1,0.9997882793581093,0.9997894749699384,0.00021172064189067807,GENROU_1,1,GENROU_5,8,1.5115970276473603,2.016474500161754,GENROU_5,8,GENROU_2,2,0.9997882793581093,1,0.9997893987289868,2,0.999788987179124,3,0.9997891234252486,6,0.9997894749699384,8
1392,2,7.521,0.033,0.03,NEXT_STEP,0,0.05572453359276304,0.06276821509966199,0.9943229157849554,-0.8488274734556772,Fault_Interface,14,0.0,0.0,0.3,0.9943229157849554,-0.8488274734556772,,,,,,,,,,,,,,-27.726338014863927,24.967241370776062,52.69357938563999,GENROU_4,6,GENROU_1,1,0.9997886158885066,0.9997898966394545,0.00021138411149335123,GENROU_1,1,GENROU_5,8,1.5115025725351399,2.016076918270122,GENROU_5,8,GENROU_2,2,0.9997886158885066,1,0.9997898073456216,2,0.9997894075943273,3,0.9997895974694332,6,0.9997898966394545,8
1394,2,7.524,0.033,0.03,NEXT_STEP,1,0.05569728720378515,0.06273120811763214,0.9943398227488446,-0.8490589343795185,Fault_Interface,14,0.0,0.0,0.3,0.9943398227488446,-0.8490589343795185,,,,,,,,,,,,,,-27.73997076643093,24.953544707732327,52.693515474163256,GENROU_4,6,GENROU_1,1,0.9997886475977978,0.9997899351033385,0.00021135240220215845,GENROU_1,1,GENROU_5,8,1.511499092293456,2.0160514656341864,GENROU_5,8,GENROU_2,2,0.9997886475977978,1,0.9997898453677396,2,0.9997894455810106,3,0.9997896385933137,6,0.9997899351033385,8
1396,2,7.557,0.033,0.03,NEXT_STEP,0,0.05569488925559395,0.06272748098986278,0.994341046443772,-0.8516725429916397,Fault_Interface,14,0.0,0.0,0.3,0.994341046443772,-0.8516725429916397,,,,,,,,,,,,,,-27.889761659020103,24.80302240028828,52.69278405930838,GENROU_4,6,GENROU_1,1,0.9997890121507038,0.9997903583659212,0.00021098784929618475,GENROU_1,1,GENROU_5,8,1.5114220284195676,2.0158413343779644,GENROU_5,8,GENROU_2,2,0.9997890121507038,1,0.9997902731395581,2,0.9997898595695474,3,0.999790069478582,6,0.9997903583659212,8
1398,2,7.5600000000000005,0.033,0.03,NEXT_STEP,1,0.0556672881214496,0.06269011867095312,0.9943578656863296,-0.851903586399569,Fault_Interface,14,0.0,0.0,0.3,0.9943578656863296,-0.851903586399569,,,,,,,,,,,,,,-27.903363949103937,24.789351508584875,52.69271545768881,GENROU_4,6,GENROU_1,1,0.9997890467473393,0.9997903968179,0.0002109532526607394,GENROU_1,1,GENROU_5,8,1.5114198249781738,2.015828286096343,GENROU_5,8,GENROU_2,2,0.9997890467473393,1,0.9997903128779139,2,0.999789896815358,3,0.9997901067533985,6,0.9997903968179,8
1400,2,7.593,0.033,0.03,NEXT_STEP,0,0.05566467254513745,0.06268605877833944,0.994356899341622,-0.8545132662700202,Fault_Interface,14,0.0,0.0,0.3,0.994356899341622,-0.8545132662700202,,,,,,,,,,,,,,-28.052835457212193,24.639125430019345,52.69196088723154,GENROU_4,6,GENROU_1,1,0.9997894442370628,0.9997908187347443,0.00021055576293715905,GENROU_1,1,GENROU_5,8,1.5113542248880434,2.015734224087941,GENROU_5,8,GENROU_2,2,0.9997894442370628,1,0.9997907585604582,2,0.9997903020241153,3,0.9997904976239881,6,0.9997908187347443,8
1402,2,7.596,0.033,0.03,NEXT_STEP,1,0.055636928970014876,0.06264857478691752,0.9943736141266899,-0.854743898538245,Fault_Interface,14,0.0,0.0,0.3,0.9943736141266899,-0.854743898538245,,,,,,,,,,,,,,-28.066410114344308,24.625482636597116,52.69189275094142,GENROU_4,6,GENROU_1,1,0.9997894818918809,0.9997908569555354,0.00021051810811911764,GENROU_1,1,GENROU_5,8,1.5113528579201614,2.0157299364221495,GENROU_5,8,GENROU_2,2,0.9997894818918809,1,0.9997907998242378,2,0.9997903384171911,3,0.9997905314768726,6,0.9997908569555354,8
1404,2,7.629,0.033,0.03,NEXT_STEP,0,0.05563421199673188,0.06264436027105795,0.9943712291632665,-0.857349247800234,Fault_Interface,14,0.0,0.0,0.3,0.9943712291632665,-0.857349247800234,,,,,,,,,,,,,,-28.215591167032745,24.475578322729326,52.691169489762075,GENROU_4,6,GENROU_1,1,0.9997899118055569,0.9997912755243785,0.00021008819444312543,GENROU_1,1,GENROU_5,8,1.5112949462661975,2.0157155048348034,GENROU_5,8,GENROU_2,2,0.9997899118055569,1,0.9997912606366091,2,0.9997907343403032,3,0.9997908881279909,6,0.9997912755243785,8
1406,2,7.632,0.033,0.03,NEXT_STEP,1,0.05560630376330465,0.06260672033057822,0.99438791624924,-0.8575794305645867,Fault_Interface,14,0.0,0.0,0.3,0.99438791624924,-0.8575794305645867,,,,,,,,,,,,,,-28.229140609754477,24.461965918840992,52.69110652859547,GENROU_4,6,GENROU_1,1,0.9997899522719638,0.9997913133738568,0.0002100477280362334,GENROU_1,1,GENROU_5,8,1.511294154679221,2.0157169877081644,GENROU_5,8,GENROU_2,2,0.9997899522719638,1,0.9997913031191601,2,0.9997907699197095,3,0.9997909191954124,6,0.9997913133738568,8
1408,2,7.665,0.033,0.03,NEXT_STEP,0,0.055603481974458156,0.06260234547774418,0.9943846763184441,-0.8601801242634742,Fault_Interface,14,0.0,0.0,0.3,0.9943846763184441,-0.8601801242634742,,,,,,,,,,,,,,-28.378054815207395,24.312407007416304,52.6904618226237,GENROU_4,6,GENROU_1,1,0.9997904103483884,0.99979177528264,0.00020958965161155252,GENROU_1,1,GENROU_2,2,1.5112414220312715,2.0157537657981077,GENROU_5,8,GENROU_2,2,0.9997904103483884,1,0.99979177528264,2,0.9997911576455143,3,0.9997912494544922,6,0.9997917274775785,8
1410,2,7.668,0.033,0.03,NEXT_STEP,1,0.05557354285633661,0.06256117044792608,0.9944028322339277,-0.8604094309002431,Fault_Interface,14,0.0,0.0,0.3,0.9944028322339277,-0.8604094309002431,,,,,,,,,,,,,,-28.391580904531086,24.29882698466923,52.690407889200316,GENROU_4,6,GENROU_1,1,0.9997904531470722,0.999791818646992,0.00020954685292784436,GENROU_1,1,GENROU_2,2,1.5112413645848,2.015758852953617,GENROU_5,8,GENROU_2,2,0.9997904531470722,1,0.999791818646992,2,0.9997911926072534,3,0.9997912786528014,6,0.9997917649279542,8
1412,2,7.7010000000000005,0.033,0.03,NEXT_STEP,0,0.055569912009254784,0.06255532304932823,0.9943999561199344,-0.8630048756186888,Fault_Interface,14,0.0,0.0,0.3,0.9943999561199344,-0.8630048756186888,,,,,,,,,,,,,,-28.540244082692322,24.149633248042413,52.68987733073473,GENROU_4,6,GENROU_1,1,0.9997909338705245,0.9997922989181081,0.00020906612947546588,GENROU_1,1,GENROU_2,2,1.511190812915989,2.0158235227706705,GENROU_5,8,GENROU_2,2,0.9997909338705245,1,0.9997922989181081,2,0.999791575547498,3,0.9997915946930924,6,0.9997921753321932,8
1414,2,7.704,0.033,0.03,NEXT_STEP,1,0.05553843646786289,0.06251146366147221,0.9944192610765696,-0.8632333772993108,Fault_Interface,14,0.0,0.0,0.3,0.9944192610765696,-0.8632333772993108,,,,,,,,,,,,,,-28.553747825239434,24.136087206220992,52.689835031460426,GENROU_4,6,GENROU_1,1,0.9997909784189377,0.9997923428605746,0.0002090215810622853,GENROU_1,1,GENROU_2,2,1.5111910844354794,2.0158300537084384,GENROU_5,8,GENROU_2,2,0.9997909784189377,1,0.9997923428605746,2,0.9997916102491993,3,0.9997916231295275,6,0.9997922125000678,8
1416,2,7.737,0.033,0.03,NEXT_STEP,0,0.05553461031659382,0.06250521189543193,0.9944166317687757,-0.8658234075917755,Fault_Interface,14,0.0,0.0,0.3,0.9944166317687757,-0.8658234075917755,,,,,,,,,,,,,,-28.702166682384686,23.98727348411863,52.68944016650332,GENROU_4,6,GENROU_1,1,0.9997914744875481,0.9997928276382342,0.00020852551245187367,GENROU_1,1,GENROU_2,2,1.5111404467331397,2.0159012832814374,GENROU_5,8,GENROU_2,2,0.9997914744875481,1,0.9997928276382342,2,0.9997919923764017,3,0.9997919360427906,6,0.9997926205180491,8
1418,2,7.74,0.033,0.03,NEXT_STEP,1,0.05550340550272335,0.06246174331345965,0.9944357652928111,-0.8660514802311404,Fault_Interface,14,0.0,0.0,0.3,0.9944357652928111,-0.8660514802311404,,,,,,,,,,,,,,-28.715648303640464,23.973762506947384,52.689410810587844,GENROU_4,6,GENROU_1,1,0.9997915200442035,0.9997928717831049,0.00020847995579653666,GENROU_1,1,GENROU_2,2,1.5111406342369433,2.0159076588796685,GENROU_5,8,GENROU_2,2,0.9997915200442035,1,0.9997928717831049,2,0.9997920271293073,3,0.9997919645357347,6,0.9997926574990579,8
1420,2,7.773,0.033,0.03,NEXT_STEP,0,0.055499662380921765,0.06245562362756138,0.9944330968836533,-0.868636093526951,Fault_Interface,14,0.0,0.0,0.3,0.9944330968836533,-0.868636093526951,,,,,,,,,,,,,,-28.86382246706293,23.825337409352578,52.68915987641551,GENROU_4,6,GENROU_1,1,0.9997920229660827,0.9997933565388389,0.00020797703391728373,GENROU_1,1,GENROU_2,2,1.5110901179532963,2.0159759502406405,GENROU_5,8,GENROU_2,2,0.9997920229660827,1,0.9997933565388389,2,0.9997924110774268,3,0.9997922814782718,6,0.9997930637703674,8
1422,2,7.776,0.033,0.03,NEXT_STEP,1,0.05546837147684629,0.06241207510714888,0.9944522712694343,-0.8688636459860924,Fault_Interface,14,0.0,0.0,0.3,0.9944522712694343,-0.8688636459860924,,,,,,,,,,,,,,-28.87728168160653,23.811861981815838,52.68914366342237,GENROU_4,6,GENROU_1,1,0.9997920687766104,0.9997934004881053,0.00020793122338957915,GENROU_1,1,GENROU_2,2,1.5110903637258186,2.015982039333877,GENROU_5,8,GENROU_2,2,0.9997920687766104,1,0.9997934004881053,2,0.9997924461159453,3,0.9997923106654443,6,0.9997931006300752,8
1424,2,7.809,0.033,0.03,NEXT_STEP,0,0.05546458487060917,0.062405889719892145,0.9944496539676676,-0.8714427138751767,Fault_Interface,14,0.0,0.0,0.3,0.9944496539676676,-0.8714427138751767,,,,,,,,,,,,,,-29.02520535956134,23.663827859273763,52.68903321883511,GENROU_4,6,GENROU_1,1,0.9997925709818354,0.9997938811882487,0.00020742901816461767,GENROU_1,1,GENROU_2,2,1.5110403015288123,2.016048218359625,GENROU_5,8,GENROU_2,2,0.9997925709818354,1,0.9997938811882487,2,0.9997928343858111,3,0.9997926383997412,6,0.999793506082048,8
1426,2,7.812,0.033,0.03,NEXT_STEP,1,0.05543345653379621,0.06236255215469433,0.9944687319356779,-0.8716697983332066,Fault_Interface,14,0.0,0.0,0.3,0.9944687319356779,-0.8716697983332066,,,,,,,,,,,,,,-29.038641405411376,23.65038793081176,52.689029336223136,GENROU_4,6,GENROU_1,1,0.9997926164113126,0.9997939245946121,0.00020738358868743756,GENROU_1,1,GENROU_2,2,1.5110405593548384,2.016054182499359,GENROU_5,8,GENROU_2,2,0.9997926164113126,1,0.9997939245946121,2,0.999792869915282,3,0.9997926688271096,6,0.9997935429089065,8
1428,2,7.845,0.033,0.03,NEXT_STEP,0,0.0554297462967704,0.06235648576817424,0.9944660697836436,-0.8742432756161636,Fault_Interface,14,0.0,0.0,0.3,0.9944660697836436,-0.8742432756161636,,,,,,,,,,,,,,-29.18630421138366,23.502741719062126,52.689045930445786,GENROU_4,6,GENROU_1,1,0.9997930123715593,0.9997943976444784,0.0002069876284407357,GENROU_4,6,GENROU_2,2,1.510990977993963,2.0161190845784174,GENROU_5,8,GENROU_2,2,0.9997931115514147,1,0.9997943976444784,2,0.9997932643939211,3,0.9997930123715593,6,0.9997939484426415,8
1430,2,7.848,0.033,0.03,NEXT_STEP,1,0.05539853364631284,0.06231307142553371,0.9944851874093797,-0.8744698249457884,Fault_Interface,14,0.0,0.0,0.3,0.9944851874093797,-0.8744698249457884,,,,,,,,,,,,,,-29.19971597066752,23.489336790804373,52.68905276147189,GENROU_4,6,GENROU_1,1,0.9997930444406674,0.9997944402135338,0.0002069555593325889,GENROU_4,6,GENROU_2,2,1.510991295450423,2.0161249434943924,GENROU_5,8,GENROU_2,2,0.9997931560949509,1,0.9997944402135338,2,0.999793300563095,3,0.9997930444406674,6,0.9997939853232326,8
1432,2,7.881,0.033,0.03,NEXT_STEP,0,0.05539477592586728,0.062306933383327316,0.9944825911772536,-0.8770375925209163,Fault_Interface,14,0.0,0.0,0.3,0.9944825911772536,-0.8770375925209163,,,,,,,,,,,,,,-29.34710405544148,23.342071155745575,52.689175211187056,GENROU_4,6,GENROU_1,1,0.9997934076964781,0.9997949028352873,0.00020659230352193525,GENROU_4,6,GENROU_2,2,1.510942169929267,2.0161884856750936,GENROU_5,8,GENROU_2,2,0.9997936395603594,1,0.9997949028352873,2,0.9997937026900585,3,0.9997934076964781,6,0.9997943919882145,8
1434,2,7.884,0.033,0.03,NEXT_STEP,1,0.055363726298759776,0.06226373104702564,0.9945016139768026,-0.8772636595675486,Fault_Interface,14,0.0,0.0,0.3,0.9945016139768026,-0.8772636595675486,,,,,,,,,,,,,,-29.360490135673498,23.328700402558894,52.689190538232396,GENROU_4,6,GENROU_1,1,0.999793441679077,0.9997949443458555,0.0002065583209229782,GENROU_4,6,GENROU_2,2,1.510942498488526,2.016194193784036,GENROU_5,8,GENROU_2,2,0.9997936828721503,1,0.9997949443458555,2,0.9997937396000884,3,0.999793441679077,6,0.9997944290144767,8
1436,2,7.917,0.033,0.03,NEXT_STEP,0,0.05536004648248498,0.06225771353929926,0.9944990019384521,-0.8798256858049254,Fault_Interface,14,0.0,0.0,0.3,0.9944990019384521,-0.8798256858049254,,,,,,,,,,,,,,-29.507587365639203,23.181805026369336,52.68939239200854,GENROU_4,6,GENROU_1,1,0.9997938266012331,0.9997953944116027,0.00020617339876694007,GENROU_4,6,GENROU_2,2,1.5108938129200897,2.016255873129759,GENROU_5,8,GENROU_2,2,0.9997941515855958,1,0.9997953944116027,2,0.9997941500693293,3,0.9997938266012331,6,0.9997948376727223,8
1438,2,7.92,0.033,0.03,NEXT_STEP,1,0.055328912372957784,0.06221443414162371,0.9945180678462681,-0.8800512045813488,Fault_Interface,14,0.0,0.0,0.3,0.9945180678462681,-0.8800512045813488,,,,,,,,,,,,,,-29.52094623494897,23.168467405990555,52.68941364093952,GENROU_4,6,GENROU_1,1,0.9997938626176013,0.999795434709163,0.00020613738239871893,GENROU_4,6,GENROU_2,2,1.5108941958350677,2.01626140027244,GENROU_5,8,GENROU_2,2,0.9997941934644419,1,0.999795434709163,2,0.999794187756893,3,0.9997938626176013,6,0.9997948749207998,8
1440,2,7.953,0.033,0.03,NEXT_STEP,0,0.05532513707231849,0.06220826188749244,0.9945156026021363,-0.8826073723732836,Fault_Interface,14,0.0,0.0,0.3,0.9945156026021363,-0.8826073723732836,,,,,,,,,,,,,,-29.667735378630105,23.021930266168706,52.68966564479881,GENROU_4,6,GENROU_1,1,0.9997942701085373,0.9997958710273959,0.0002057298914627248,GENROU_4,6,GENROU_2,2,1.5108458750069425,2.0163206990212577,GENROU_5,8,GENROU_2,2,0.9997946461261171,1,0.9997958710273959,2,0.9997946067925716,3,0.9997942701085373,6,0.9997952864568639,8
1442,2,7.956,0.033,0.03,NEXT_STEP,1,0.055292121594821275,0.06216161282179196,0.994536130598578,-0.8828319518655154,Fault_Interface,14,0.0,0.0,0.3,0.994536130598578,-0.8828319518655154,,,,,,,,,,,,,,-29.681065437627403,23.008624645415203,52.689690083042606,GENROU_4,6,GENROU_1,1,0.9997943083174722,0.9997959100833539,0.00020569168252781989,GENROU_4,6,GENROU_2,2,1.5108466235400624,2.0163259592732095,GENROU_5,8,GENROU_2,2,0.999794686566676,1,0.9997959100833539,2,0.9997946452992255,3,0.9997943083174722,6,0.9997953240400738,8
1444,2,7.989,0.033,0.03,NEXT_STEP,0,0.055287897053283575,0.06215458031257219,0.9945344118477966,-0.885381944501619,Fault_Interface,14,0.0,0.0,0.3,0.9945344118477966,-0.885381944501619,,,,,,,,,,,,,,-29.827527926185127,22.86243365412223,52.689961580307354,GENROU_4,6,GENROU_1,1,0.9997947409026635,0.9997963333026464,0.0002052590973364854,GENROU_4,6,GENROU_2,2,1.5107972748861074,2.0163781542479784,GENROU_5,8,GENROU_2,2,0.9997951242959124,1,0.9997963333026464,2,0.9997950738059576,3,0.9997947409026635,6,0.9997957402269905,8
1446,2,7.992,0.033,0.03,NEXT_STEP,1,0.05525510207916021,0.062108305625122665,0.9945548074347776,-0.8856060190652265,Fault_Interface,14,0.0,0.0,0.3,0.9945548074347776,-0.8856060190652265,,,,,,,,,,,,,,-29.84082740638848,22.84915897603119,52.689986382419676,GENROU_4,6,GENROU_1,1,0.9997947813132824,0.9997963711768922,0.0002052186867176342,GENROU_4,6,GENROU_2,2,1.510797822967906,2.0163823361121755,GENROU_5,8,GENROU_2,2,0.9997951634173271,1,0.9997963711768922,2,0.9997951131605457,3,0.9997947813132824,6,0.999795778275603,8
1448,2,8.025,0.033,0.03,NEXT_STEP,0,0.05525100392024988,0.062101428969133975,0.9945532937862854,-0.8881499686544116,Fault_Interface,14,0.0,0.0,0.3,0.9945532937862854,-0.8881499686544116,,,,,,,,,,,,,,-29.98694462834804,22.703302932325748,52.69024756067379,GENROU_4,6,GENROU_1,1,0.9997952365617732,0.9997967816787369,0.0002047634382268404,GENROU_4,6,GENROU_2,2,1.5107474132704672,2.0164214325312533,GENROU_5,8,GENROU_2,2,0.9997955873118185,1,0.9997967816787369,2,0.9997955503549212,3,0.9997952365617732,6,0.999796199738497,8
1450,2,8.028,0.033,0.03,NEXT_STEP,1,0.05521813182172279,0.06205503597173551,0.9945737630393541,-0.888373473501963,Fault_Interface,14,0.0,0.0,0.3,0.9945737630393541,-0.888373473501963,,,,,,,,,,,,,,-30.00021192710183,22.69005821939423,52.69027014649606,GENROU_4,6,GENROU_1,1,0.999795278908789,0.9997968184339008,0.0002047210912109465,GENROU_4,6,GENROU_2,2,1.5107479333784144,2.016424417251187,GENROU_5,8,GENROU_2,2,0.9997956252520235,1,0.9997968184339008,2,0.9997955904611803,3,0.999795278908789,6,0.9997962382853371,8
1452,2,8.061,0.033,0.03,NEXT_STEP,0,0.05521380078013747,0.06204778606217472,0.9945726614888932,-0.8909112664329923,Fault_Interface,14,0.0,0.0,0.3,0.9945726614888932,-0.8909112664329923,,,,,,,,,,,,,,-30.145967354116124,22.54452718993858,52.6904945440547,GENROU_4,6,GENROU_1,1,0.9997957539851823,0.9997972173859616,0.00020424601481772164,GENROU_4,6,GENROU_2,2,1.5106970354383602,2.016452088920054,GENROU_5,8,GENROU_2,2,0.9997960375177797,1,0.9997972173859616,2,0.9997960353555874,3,0.9997957539851823,6,0.9997966654146246,8
1454,2,8.064,0.033,0.03,NEXT_STEP,1,0.05517634005387177,0.06199383371998232,0.9945964680587507,-0.8911331926937579,Fault_Interface,14,0.0,0.0,0.3,0.9945964680587507,-0.8911331926937579,,,,,,,,,,,,,,-30.159201059372148,22.531311623471062,52.690512682843206,GENROU_4,6,GENROU_1,1,0.9997957983217305,0.9997972532622613,0.00020420167826951108,GENROU_4,6,GENROU_2,2,1.5106982907611501,2.0164541565066707,GENROU_5,8,GENROU_2,2,0.9997960746282846,1,0.9997972532622613,2,0.9997960762103771,3,0.9997957983217305,6,0.9997967045834953,8
1456,2,8.097,0.033,0.03,NEXT_STEP,0,0.055170011566410666,0.061983179703964796,0.9945977376159421,-0.8936639445712447,Fault_Interface,14,0.0,0.0,0.3,0.9945977376159421,-0.8936639445712447,,,,,,,,,,,,,,-30.304577546641116,22.386098752376316,52.69067629901743,GENROU_4,6,GENROU_1,1,0.9997962977152797,0.9997976452316318,0.0002037022847203307,GENROU_4,6,GENROU_2,2,1.5106439675858963,2.0164636024033533,GENROU_5,8,GENROU_2,2,0.9997964810005773,1,0.9997976452316318,2,0.9997965306925096,3,0.9997962977152797,6,0.9997971404346873,8
1458,2,8.1,0.033,0.03,NEXT_STEP,1,0.055131925827852694,0.06192799791229764,0.9946221388809552,-0.8938851412208632,Fault_Interface,14,0.0,0.0,0.3,0.9946221388809552,-0.8938851412208632,,,,,,,,,,,,,,-30.31777594963376,22.37291191241837,52.69068786205213,GENROU_4,6,GENROU_1,1,0.9997963441676635,0.9997976806283443,0.0002036558323365023,GENROU_4,6,GENROU_2,2,1.510644856917743,2.016463113704947,GENROU_5,8,GENROU_2,2,0.9997965177661527,1,0.9997976806283443,2,0.9997965724311557,3,0.9997963441676635,6,0.9997971804755997,8
1460,2,8.133,0.033,0.03,NEXT_STEP,0,0.05512567662011221,0.06191739765572652,0.9946241361770962,-0.8964092954772198,Fault_Interface,14,0.0,0.0,0.3,0.9946241361770962,-0.8964092954772198,,,,,,,,,,,,,,-30.462755838817206,22.228014058077616,52.69076989689482,GENROU_4,6,GENROU_1,1,0.9997968644883077,0.9997980687954261,0.00020313551169226507,GENROU_4,6,GENROU_2,2,1.5105862260992897,2.016439986601874,GENROU_5,8,GENROU_2,2,0.9997969218744923,1,0.9997980687954261,2,0.9997970362140669,3,0.9997968644883077,6,0.9997976261096909,8
1462,2,8.136,0.033,0.03,NEXT_STEP,1,0.055087696336044684,0.06186239276489919,0.9946485119092102,-0.8966299191811276,Fault_Interface,14,0.0,0.0,0.3,0.9946485119092102,-0.8966299191811276,,,,,,,,,,,,,,-30.475917462221258,22.214855784058358,52.69077324627962,GENROU_4,6,GENROU_1,1,0.9997969125671227,0.9997981039665005,0.00020308743287733577,GENROU_4,6,GENROU_2,2,1.5105868141725567,2.0164363605174396,GENROU_5,8,GENROU_2,2,0.999796958557012,1,0.9997981039665005,2,0.9997970787320687,3,0.9997969125671227,6,0.9997976670399048,8
1464,2,8.169,0.033,0.03,NEXT_STEP,0,0.05508160125486567,0.06185198902054893,0.9946508726475182,-0.8991475830757822,Fault_Interface,14,0.0,0.0,0.3,0.9946508726475182,-0.8991475830757822,,,,,,,,,,,,,,-30.620486800807818,22.070272294211954,52.69075909501977,GENROU_4,6,GENROU_1,1,0.9997973632343099,0.9997984910440086,0.0002026367656901007,GENROU_1,1,GENROU_2,2,1.5105258468099112,2.016384632129042,GENROU_5,8,GENROU_2,2,0.9997973632343099,1,0.9997984910440086,2,0.9997975502092638,3,0.9997974477577647,6,0.999798122216747,8
1466,2,8.172,0.033,0.03,NEXT_STEP,1,0.05504370124972751,0.06179711673501008,0.9946752197920775,-0.8993676342795957,Fault_Interface,14,0.0,0.0,0.3,0.9946752197920775,-0.8993676342795957,,,,,,,,,,,,,,-30.633610592974748,22.057142626616642,52.690753219591386,GENROU_4,6,GENROU_1,1,0.9997974001115137,0.99979852624458,0.00020259988848625454,GENROU_1,1,GENROU_2,2,1.5105262787266918,2.0163789671474417,GENROU_5,8,GENROU_2,2,0.9997974001115137,1,0.99979852624458,2,0.999797593341947,3,0.999797496928441,6,0.9997981639912894,8
1468,2,8.205,0.033,0.03,NEXT_STEP,0,0.05503751870131918,0.06178662789950585,0.994677889292203,-0.901878786699489,Fault_Interface,14,0.0,0.0,0.3,0.994677889292203,-0.901878786699489,,,,,,,,,,,,,,-30.777760000304472,21.91287518834073,52.6906351886452,GENROU_4,6,GENROU_1,1,0.9997978085961273,0.9997989151522992,0.00020219140387267576,GENROU_1,1,GENROU_2,2,1.510464041720548,2.016309668033189,GENROU_5,8,GENROU_2,2,0.9997978085961273,1,0.9997989151522992,2,0.999798070693978,3,0.9997980414580625,6,0.9997986281291187,8
1470,2,8.208,0.033,0.03,NEXT_STEP,1,0.05499972970867811,0.061731892553880306,0.9947021888950767,-0.9020982760703645,Fault_Interface,14,0.0,0.0,0.3,0.9947021888950767,-0.9020982760703645,,,,,,,,,,,,,,-30.790845301084893,21.899774396245967,52.69061969733086,GENROU_4,6,GENROU_1,1,0.999797845968849,0.9997989506549607,0.00020215403115098063,GENROU_1,1,GENROU_2,2,1.510464370527168,2.016302799183991,GENROU_5,8,GENROU_2,2,0.999797845968849,1,0.9997989506549607,2,0.999798114276547,3,0.9997980912338997,6,0.999798670685755,8
1472,2,8.241,0.033,0.03,NEXT_STEP,0,0.05499362200237743,0.06172152092933658,0.9947049446978478,-0.9046029757244688,Fault_Interface,14,0.0,0.0,0.3,0.9947049446978478,-0.9046029757244688,,,,,,,,,,,,,,-30.934569576342543,21.75582719232754,52.690396768670084,GENROU_4,6,GENROU_1,1,0.9997982613764621,0.9997993443062527,0.00020173862353789485,GENROU_1,1,GENROU_2,2,1.5104013904337614,2.0162227684786416,GENROU_5,8,GENROU_2,2,0.9997982613764621,1,0.9997993443062527,2,0.9997985956684644,3,0.9997986398144484,6,0.9997991429321019,8
1474,2,8.244,0.033,0.03,NEXT_STEP,1,0.05495586599703374,0.06166684685870342,0.9947292244129088,-0.9048218850057278,Fault_Interface,14,0.0,0.0,0.3,0.9947292244129088,-0.9048218850057278,,,,,,,,,,,,,,-30.947616099029027,21.742755765105727,52.690371864134754,GENROU_4,6,GENROU_1,1,0.9997982995117536,0.9997993803697195,0.00020170048824641462,GENROU_1,1,GENROU_2,2,1.5104016688426887,2.0162151398494683,GENROU_5,8,GENROU_2,2,0.9997982995117536,1,0.9997993803697195,2,0.9997986395375803,3,0.999798689732265,6,0.9997991861818806,8
1476,2,8.277,0.033,0.03,NEXT_STEP,0,0.05494977678198391,0.06165650677311024,0.9947320171367873,-0.9073201247921547,Fault_Interface,14,0.0,0.0,0.3,0.9947320171367873,-0.9073201247921547,,,,,,,,,,,,,,-31.09091392103955,21.599135243986204,52.690049165025755,GENROU_4,6,GENROU_1,1,0.9997987245443706,0.9997997815209446,0.00020127545562942384,GENROU_1,1,GENROU_2,2,1.5103383349121209,2.016128534604007,GENROU_5,8,GENROU_2,2,0.9997987245443706,1,0.9997997815209446,2,0.9997991233090949,3,0.9997992377147579,6,0.9997996655203825,8
1478,2,8.28,0.033,0.03,NEXT_STEP,1,0.05491206444631051,0.06160191061920902,0.9947562631946226,-0.9075384563974072,Fault_Interface,14,0.0,0.0,0.3,0.9947562631946226,-0.9075384563974072,,,,,,,,,,,,,,-31.103921707745915,21.586093861886877,52.69001556963279,GENROU_4,6,GENROU_1,1,0.9997987636624402,0.9997998183844842,0.00020123633755975145,GENROU_1,1,GENROU_2,2,1.510338586116551,2.0161204622569113,GENROU_5,8,GENROU_2,2,0.9997987636624402,1,0.9997998183844842,2,0.9997991673260453,3,0.9997992873868975,6,0.9997997093657345,8
1480,2,8.313,0.033,0.03,NEXT_STEP,0,0.054905995679471936,0.06159160532288335,0.9947590287070321,-0.9100302354763276,Fault_Interface,14,0.0,0.0,0.3,0.9947590287070321,-0.9100302354763276,,,,,,,,,,,,,,-31.246795060155634,21.44280832612214,52.689603386277774,GENROU_4,6,GENROU_1,1,0.9997992003719254,0.999800229472616,0.0002007996280746216,GENROU_1,1,GENROU_2,2,1.5102751488750699,2.0160302576461473,GENROU_5,8,GENROU_2,2,0.9997992003719254,1,0.999800229472616,2,0.999799652097441,3,0.9997998309257432,6,0.9998001946818101,8
1482,2,8.316,0.033,0.03,NEXT_STEP,1,0.05486832669738274,0.06153708629347192,0.994783236524659,-0.9102479890369755,Fault_Interface,14,0.0,0.0,0.3,0.994783236524659,-0.9102479890369755,,,,,,,,,,,,,,-31.25976442478986,21.429797814427452,52.68956223921731,GENROU_4,6,GENROU_1,1,0.9997992406251521,0.9998002673394517,0.00020075937484786976,GENROU_1,1,GENROU_2,2,1.5102753924096448,2.0160219692215415,GENROU_5,8,GENROU_2,2,0.9997992406251521,1,0.9998002673394517,2,0.9997996961518065,3,0.9997998800423361,6,0.9998002390183303,8
1484,2,8.349,0.033,0.03,NEXT_STEP,0,0.054862278245378426,0.0615268153849996,0.9947859272436307,-0.9127333022169365,Fault_Interface,14,0.0,0.0,0.3,0.9947859272436307,-0.9127333022169365,,,,,,,,,,,,,,-31.40221792882637,21.286856860681,52.68907478950737,GENROU_4,6,GENROU_1,1,0.9997996902834438,0.9998007291564562,0.00020030971655615737,GENROU_1,1,GENROU_5,8,1.510212042914169,2.0159303460300264,GENROU_5,8,GENROU_2,2,0.9997996902834438,1,0.9998006903538522,2,0.9998001808821295,3,0.9998004162057333,6,0.9998007291564562,8
1486,2,8.352,0.033,0.03,NEXT_STEP,1,0.05482465260657909,0.06147237346732986,0.9948100930624982,-0.9129504770979295,Fault_Interface,14,0.0,0.0,0.3,0.9948100930624982,-0.9129504770979295,,,,,,,,,,,,,,-31.41514939254034,21.273878134584248,52.68902752712459,GENROU_4,6,GENROU_1,1,0.9997997317506069,0.9998007738788729,0.0002002682493931207,GENROU_1,1,GENROU_5,8,1.5102122932315474,2.0159220122972235,GENROU_5,8,GENROU_2,2,0.9997997317506069,1,0.9998007293818625,2,0.9998002248961197,3,0.9998004645438355,6,0.9998007738788729,8
1488,2,8.385,0.033,0.03,NEXT_STEP,0,0.05481862422310873,0.06146213682579113,0.9948126716692086,-0.915429316092726,Fault_Interface,14,0.0,0.0,0.3,0.9948126716692086,-0.915429316092726,,,,,,,,,,,,,,-31.557189573889904,21.131292035388476,52.688481609278384,GENROU_4,6,GENROU_1,1,0.9998001948251853,0.9998012677016852,0.0001998051748146601,GENROU_1,1,GENROU_5,8,1.5101491770112772,2.0158306330746254,GENROU_5,8,GENROU_2,2,0.9998001948251853,1,0.9998011657769339,2,0.9998007089101174,3,0.9998009913664972,6,0.9998012677016852,8
1490,2,8.388,0.033,0.03,NEXT_STEP,1,0.05478104194111842,0.06140777199303879,0.9948367925005458,-0.9156459114212286,Fault_Interface,14,0.0,0.0,0.3,0.9948367925005458,-0.9156459114212286,,,,,,,,,,,,,,-31.570083796769023,21.118346043142225,52.68842983991125,GENROU_4,6,GENROU_1,1,0.9998002375128934,0.9998013127088133,0.00019976248710662503,GENROU_1,1,GENROU_5,8,1.5101494453627518,2.015822386554174,GENROU_5,8,GENROU_2,2,0.9998002375128934,1,0.999801206072357,2,0.9998007528394229,3,0.9998010387915547,6,0.9998013127088133,8
1492,2,8.421,0.033,0.03,NEXT_STEP,0,0.05477503389877433,0.06139756955187397,0.9948392292581536,-0.9181182653924557,Fault_Interface,14,0.0,0.0,0.3,0.9948392292581536,-0.9181182653924557,,,,,,,,,,,,,,-31.71171833812041,20.976125138476885,52.687843476597294,GENROU_4,6,GENROU_1,1,0.9998007137153379,0.9998018091467853,0.00019928628466214793,GENROU_1,1,GENROU_5,8,1.5100866767264614,2.0157325537411976,GENROU_5,8,GENROU_2,2,0.9998007137153379,1,0.9998016567166647,2,0.9998012358218504,3,0.9998015552597872,6,0.9998018091467853,8
1494,2,8.424,0.033,0.03,NEXT_STEP,1,0.05473738476325253,0.06134315837583173,0.9948633621258821,-0.9183342526129443,Fault_Interface,14,0.0,0.0,0.3,0.9948633621258821,-0.9183342526129443,,,,,,,,,,,,,,-31.724576051681,20.96321280805699,52.68778885973799,GENROU_4,6,GENROU_1,1,0.9998007575679987,0.9998018543481926,0.00019924243200131198,GENROU_1,1,GENROU_5,8,1.5100869861603414,2.0157244991796115,GENROU_5,8,GENROU_2,2,0.9998007575679987,1,0.9998016983335045,2,0.99980127965628,3,0.9998016017290835,6,0.9998018543481926,8
1496,2,8.457,0.033,0.03,NEXT_STEP,0,0.05473133737610965,0.061332899219443515,0.9948656869982465,-0.9208000833047382,Fault_Interface,14,0.0,0.0,0.3,0.9948656869982465,-0.9208000833047382,,,,,,,,,,,,,,-31.865813004445485,20.821366985811704,52.68717999025719,GENROU_4,6,GENROU_1,1,0.9998012460355497,0.9998023525195602,0.00019875396445034887,GENROU_1,1,GENROU_5,8,1.510024600721445,2.0156370791225107,GENROU_5,8,GENROU_2,2,0.9998012460355497,1,0.9998021635652126,2,0.9998017617006056,3,0.9998021079059274,6,0.9998023525195602,8
1498,2,8.46,0.033,0.03,NEXT_STEP,1,0.054693853259626904,0.061278706462789344,0.9948897044867201,-0.921015517470996,Fault_Interface,14,0.0,0.0,0.3,0.9948897044867201,-0.921015517470996,,,,,,,,,,,,,,-31.87863493656397,20.80848918395189,52.68712412051586,GENROU_4,6,GENROU_1,1,0.9998012909440858,0.9998023978374144,0.00019870905591423682,GENROU_1,1,GENROU_5,8,1.5100249193177642,2.015629266735991,GENROU_5,8,GENROU_2,2,0.9998012909440858,1,0.9998022065035672,2,0.9998018054592365,3,0.9998021534484404,6,0.9998023978374144,8
1500,2,8.493,0.033,0.03,NEXT_STEP,0,0.05468788751669414,0.06126857561388939,0.9948918003008345,-0.9234748485158869,Fault_Interface,14,0.0,0.0,0.3,0.9948918003008345,-0.9234748485158869,,,,,,,,,,,,,,-32.019482151549845,20.667027401673543,52.68650955322339,GENROU_4,6,GENROU_1,1,0.9998017901486054,0.9998028968589519,0.0001982098513946262,GENROU_1,1,GENROU_5,8,1.5099630353993263,2.0155449741364713,GENROU_5,8,GENROU_2,2,0.9998017901486054,1,0.9998026859517312,2,0.9998022867947643,3,0.9998026497637199,6,0.9998028968589519,8
1502,2,8.496,0.033,0.03,NEXT_STEP,1,0.05465032505789991,0.06121431813041446,0.9949158340921658,-0.9236896692387528,Fault_Interface,14,0.0,0.0,0.3,0.9949158340921658,-0.9236896692387528,,,,,,,,,,,,,,-32.03226899863451,20.6541848875234,52.686453886157906,GENROU_4,6,GENROU_1,1,0.9998018359578718,0.9998029422220026,0.000198164042128246,GENROU_1,1,GENROU_5,8,1.509963415656581,2.0155374950540392,GENROU_5,8,GENROU_2,2,0.9998018359578718,1,0.9998027301550378,2,0.9998023305113313,3,0.999802694462062,6,0.9998029422220026,8
1504,2,8.529,0.033,0.03,NEXT_STEP,0,0.05464431754640024,0.06120412670098311,0.994917785238332,-0.9261424414284338,Fault_Interface,14,0.0,0.0,0.3,0.994917785238332,-0.9261424414284338,,,,,,,,,,,,,,-32.1727336000435,20.513114825344896,52.6858484253884,GENROU_4,6,GENROU_1,1,0.9998023441665906,0.9998034414965707,0.00019765583340936033,GENROU_1,1,GENROU_5,8,1.5099020826211569,2.015457161089085,GENROU_5,8,GENROU_2,2,0.9998023441665906,1,0.9998032230329044,2,0.9998028117030279,3,0.9998031823640002,6,0.9998034414965707,8
1506,2,8.532,0.033,0.03,NEXT_STEP,1,0.0546068107298676,0.06114996519024683,0.9949417600699499,-0.9263566783267959,Fault_Interface,14,0.0,0.0,0.3,0.9949417600699499,-0.9263566783267959,,,,,,,,,,,,,,-32.185485957066,20.500308235270943,52.68579419233694,GENROU_4,6,GENROU_1,1,0.9998023907076701,0.9998034868585102,0.00019760929232992552,GENROU_1,1,GENROU_5,8,1.509902497731137,2.015450058431005,GENROU_5,8,GENROU_2,2,0.9998023907076701,1,0.9998032684067627,2,0.9998028554368515,3,0.9998032263698732,6,0.9998034868585102,8
1508,2,8.565,0.033,0.03,NEXT_STEP,0,0.05460082566209357,0.06113981144072484,0.9949435128013565,-0.9288028842893759,Fault_Interface,14,0.0,0.0,0.3,0.9949435128013565,-0.9288028842893759,,,,,,,,,,,,,,-32.32557382668455,20.359636129215826,52.685209955900376,GENROU_4,6,GENROU_1,1,0.9998029059397142,0.9998039859092527,0.00019709406028578513,GENROU_1,1,GENROU_5,8,1.509841725122132,2.015373939827733,GENROU_5,8,GENROU_2,2,0.9998029059397142,1,0.9998037734148404,2,0.999803337138817,3,0.9998037075780651,6,0.9998039859092527,8
1510,2,8.568,0.033,0.03,NEXT_STEP,1,0.05456336181585286,0.0610857262718324,0.994967436440052,-0.9290165324887504,Fault_Interface,14,0.0,0.0,0.3,0.994967436440052,-0.9290165324887504,,,,,,,,,,,,,,-32.33829216673222,20.34686595971901,52.68515812645123,GENROU_4,6,GENROU_1,1,0.9998029530264335,0.9998040312331861,0.0001970469735664837,GENROU_1,1,GENROU_5,8,1.5098421856962583,2.0153672308865263,GENROU_5,8,GENROU_2,2,0.9998029530264335,1,0.9998038198213797,2,0.9998033809523559,3,0.9998037510624388,6,0.9998040312331861,8
1512,2,8.601,0.033,0.03,NEXT_STEP,0,0.05455728675601583,0.06107548318346786,0.9949690509593342,-0.9314561148381378,Fault_Interface,14,0.0,0.0,0.3,0.9949690509593342,-0.9314561148381378,,,,,,,,,,,,,,-32.47800770737415,20.206596493211062,52.68460420058521,GENROU_4,6,GENROU_1,1,0.9998034732890867,0.9998045297749385,0.00019652671091330287,GENROU_1,1,GENROU_5,8,1.5097820222733664,2.0152955729708606,GENROU_5,8,GENROU_2,2,0.9998034732890867,1,0.9998043353088777,2,0.9998038639051929,3,0.9998042276684067,6,0.9998045297749385,8
1514,2,8.604,0.033,0.03,NEXT_STEP,1,0.05451982492963098,0.06102141220470807,0.9949929517466093,-0.9316691617476563,Fault_Interface,14,0.0,0.0,0.3,0.9949929517466093,-0.9316691617476563,,,,,,,,,,,,,,-32.49069235570717,20.193863099955685,52.68455545566285,GENROU_4,6,GENROU_1,1,0.9998035207462409,0.9998045750460602,0.00019647925375909647,GENROU_1,1,GENROU_5,8,1.509782533496027,2.015289278064076,GENROU_5,8,GENROU_2,2,0.9998035207462409,1,0.9998043825868311,2,0.9998039078700989,3,0.9998042708398333,6,0.9998045750460602,8
1516,2,8.637,0.033,0.03,NEXT_STEP,0,0.05451387378192046,0.061011316491541456,0.9949943164216075,-0.9341021429273766,Fault_Interface,14,0.0,0.0,0.3,0.9949943164216075,-0.9341021429273766,,,,,,,,,,,,,,-32.630038287891196,20.053999442431994,52.68403773032319,GENROU_4,6,GENROU_1,1,0.9998040441312863,0.999805072944551,0.00019595586871368198,GENROU_1,1,GENROU_5,8,1.5097229622443995,2.0152221579125738,GENROU_5,8,GENROU_2,2,0.9998040441312863,1,0.9998049066235154,2,0.9998043928016863,3,0.9998047450297536,6,0.999805072944551,8
1518,2,8.64,0.033,0.03,NEXT_STEP,1,0.0544763892467903,0.06095726558063511,0.9950181954872311,-0.9343145785762274,Fault_Interface,14,0.0,0.0,0.3,0.9950181954872311,-0.9343145785762274,,,,,,,,,,,,,,-32.642689415205545,20.041303046237555,52.6839924614431,GENROU_4,6,GENROU_1,1,0.9998040917886384,0.9998051181537537,0.0001959082113616173,GENROU_1,1,GENROU_5,8,1.5097235284577748,2.015216275379559,GENROU_5,8,GENROU_2,2,0.9998040917886384,1,0.9998049545843557,2,0.9998044369780723,3,0.9998047880778284,6,0.9998051181537537,8
1520,2,8.673,0.033,0.03,NEXT_STEP,0,0.05447040507965744,0.060947123011637835,0.9950194068549525,-0.9367408867436687,Fault_Interface,14,0.0,0.0,0.3,0.9950194068549525,-0.9367408867436687,,,,,,,,,,,,,,-32.781666769491615,19.901846958617142,52.68351372810876,GENROU_4,6,GENROU_1,1,0.9998046166050818,0.9998056154305409,0.00019538339491820267,GENROU_1,1,GENROU_5,8,1.5096645790456145,2.015153687540415,GENROU_5,8,GENROU_2,2,0.9998046166050818,1,0.9998054850837201,2,0.9998049245565679,3,0.9998052620453007,6,0.9998056154305409,8
1522,2,8.676,0.033,0.03,NEXT_STEP,1,0.054432974524201524,0.060893165087751534,0.9950432288459558,-0.936952727100561,Fault_Interface,14,0.0,0.0,0.3,0.9950432288459558,-0.936952727100561,,,,,,,,,,,,,,-32.79428439173712,19.88918766066897,52.68347205240609,GENROU_4,6,GENROU_1,1,0.9998046643224439,0.9998056605876002,0.000195335677556141,GENROU_1,1,GENROU_5,8,1.5096651890583408,2.015148214071771,GENROU_5,8,GENROU_2,2,0.9998046643224439,1,0.9998055335347049,2,0.9998049690021866,3,0.9998053051693441,6,0.9998056605876002,8
1524,2,8.709,0.033,0.03,NEXT_STEP,0,0.05442701207479465,0.06088305899284128,0.9950442567701122,-0.9393723416273911,Fault_Interface,14,0.0,0.0,0.3,0.9950442567701122,-0.9393723416273911,,,,,,,,,,,,,,-32.93289255664297,19.750139693522396,52.68303225016537,GENROU_4,6,GENROU_1,1,0.9998051891426852,0.9998061573727149,0.00019481085731476444,GENROU_1,1,GENROU_5,8,1.5096068547713821,2.01509003711106,GENROU_5,8,GENROU_2,2,0.9998051891426852,1,0.9998060683405099,2,0.9998054598696571,3,0.9998057809124821,6,0.9998061573727149,8
1526,2,8.712,0.033,0.03,NEXT_STEP,1,0.05438962490102091,0.06082917787769877,0.9950680294775626,-0.9395835813159383,Fault_Interface,14,0.0,0.0,0.3,0.9950680294775626,-0.9395835813159383,,,,,,,,,,,,,,-32.94547654832281,19.73751749417703,52.68299404249984,GENROU_4,6,GENROU_1,1,0.9998052368034455,0.9998062024935479,0.0001947631965545371,GENROU_1,1,GENROU_5,8,1.5096075125035602,2.015084957161248,GENROU_5,8,GENROU_2,2,0.9998052368034455,1,0.999806117085135,2,0.9998055046258157,3,0.9998058242825846,6,0.9998062024935479,8
1528,2,8.745,0.033,0.03,NEXT_STEP,0,0.05438368202917369,0.060819104984249604,0.9950688850219971,-0.9419964675063314,Fault_Interface,14,0.0,0.0,0.3,0.9950688850219971,-0.9419964675063314,,,,,,,,,,,,,,-33.08371345814041,19.598877210644297,52.682590668784705,GENROU_4,6,GENROU_1,1,0.9998057605204489,0.9998066990099874,0.000194239479551106,GENROU_1,1,GENROU_5,8,1.509549799598958,2.0150310197449395,GENROU_5,8,GENROU_2,2,0.9998057605204489,1,0.9998066540839473,2,0.9998059990583928,3,0.9998063035433219,6,0.9998066990099874,8
1530,2,8.748,0.033,0.03,NEXT_STEP,1,0.05434615856486317,0.06076527173682109,0.9950926464497647,-0.9422070500676566,Fault_Interface,14,0.0,0.0,0.3,0.9950926464497647,-0.9422070500676566,,,,,,,,,,,,,,-33.096263570305425,19.586292032159857,52.682555602465285,GENROU_4,6,GENROU_1,1,0.9998058080448462,0.9998067441238547,0.0001941919551537996,GENROU_1,1,GENROU_5,8,1.5095505133932894,2.015026316169048,GENROU_5,8,GENROU_2,2,0.9998058080448462,1,0.9998067029386365,2,0.9998060441548977,3,0.9998063473157826,6,0.9998067441238547,8
1532,2,8.781,0.033,0.03,NEXT_STEP,0,0.054340206815226194,0.06075522196772384,0.995093356215276,-0.9446131526839743,Fault_Interface,14,0.0,0.0,0.3,0.995093356215276,-0.9446131526839743,,,,,,,,,,,,,,-33.23412583434318,19.448058317271,52.68218415161418,GENROU_4,6,GENROU_1,1,0.9998063300233404,0.9998072407938096,0.00019366997665959396,GENROU_1,1,GENROU_5,8,1.5094933755367828,2.0149762799189004,GENROU_5,8,GENROU_2,2,0.9998063300233404,1,0.999807240250576,2,0.999806542453253,3,0.9998068317539932,6,0.9998072407938096,8
1534,2,8.784,0.033,0.03,NEXT_STEP,1,0.0543025437904883,0.060701334064506555,0.9951171442217595,-0.9448230780940238,Fault_Interface,14,0.0,0.0,0.3,0.9951171442217595,-0.9448230780940238,,,,,,,,,,,,,,-33.2466417010505,19.43551003680331,52.682151737853815,GENROU_4,6,GENROU_1,1,0.9998063773696322,0.9998072890539399,0.0001936226303678179,GENROU_1,1,GENROU_2,2,1.5094941477607775,2.014971906817203,GENROU_5,8,GENROU_2,2,0.9998063773696322,1,0.9998072890539399,2,0.9998065879113064,3,0.9998068760636821,6,0.9998072859423308,8
1536,2,8.817,0.033,0.03,NEXT_STEP,0,0.05429655196309137,0.060691226513434116,0.9951177691597227,-0.9472223439271854,Fault_Interface,14,0.0,0.0,0.3,0.9951177691597227,-0.9472223439271854,,,,,,,,,,,,,,-33.38412477377226,19.29768141127362,52.68180618504587,GENROU_4,6,GENROU_1,1,0.9998068973039966,0.9998078250410581,0.0001931026960033666,GENROU_1,1,GENROU_2,2,1.5094374927300236,2.0149250785703403,GENROU_5,8,GENROU_2,2,0.9998068973039966,1,0.9998078250410581,2,0.9998070902406531,3,0.9998073669900019,6,0.999807783245389,8
1538,2,8.82,0.033,0.03,NEXT_STEP,1,0.05425905435743275,0.06063755573530139,0.9951414463032036,-0.9474316871907027,Fault_Interface,14,0.0,0.0,0.3,0.9951414463032036,-0.9474316871907027,,,,,,,,,,,,,,-33.39660593714094,19.285169884118265,52.68177582125921,GENROU_4,6,GENROU_1,1,0.9998069444504677,0.9998078736502966,0.00019305554953230608,GENROU_1,1,GENROU_2,2,1.509438279780836,2.0149209565831607,GENROU_5,8,GENROU_2,2,0.9998069444504677,1,0.9998078736502966,2,0.9998071360619231,3,0.999807411918372,6,0.9998078284668306,8
1540,2,8.853,0.033,0.03,NEXT_STEP,0,0.054253033869301186,0.06062745261567618,0.9951419647226843,-0.9498240933936216,Fault_Interface,14,0.0,0.0,0.3,0.9951419647226843,-0.9498240933936216,,,,,,,,,,,,,,-33.533704573107755,19.14774467312919,52.681449246236944,GENROU_4,6,GENROU_1,1,0.9998074621385747,0.9998084068147031,0.00019253786142525708,GENROU_1,1,GENROU_2,2,1.5093821251624322,2.014876740280524,GENROU_5,8,GENROU_2,2,0.9998074621385747,1,0.9998084068147031,2,0.9998076422654333,3,0.9998079098235806,6,0.9998083267306277,8
1542,2,8.856,0.033,0.03,NEXT_STEP,1,0.05421552720539121,0.060573777855523696,0.9951656342003755,-0.9500328100664727,Fault_Interface,14,0.0,0.0,0.3,0.9951656342003755,-0.9500328100664727,,,,,,,,,,,,,,-33.546150539503905,19.135269740683494,52.681420280187396,GENROU_4,6,GENROU_1,1,0.9998075090822371,0.9998084551108324,0.00019249091776285532,GENROU_1,1,GENROU_2,2,1.5093829603479698,2.0148728484751808,GENROU_5,8,GENROU_2,2,0.9998075090822371,1,0.9998084551108324,2,0.9998076884306603,3,0.9998079554111062,6,0.9998083720575183,8
1544,2,8.889,0.033,0.03,NEXT_STEP,0,0.05420962767529802,0.06056381711185094,0.995165992586746,-0.9524183615602264,Fault_Interface,14,0.0,0.0,0.3,0.995165992586746,-0.9524183615602264,,,,,,,,,,,,,,-33.68285919493892,18.998246226707042,52.68110542164597,GENROU_4,6,GENROU_1,1,0.9998080246082841,0.9998089843115459,0.00019197539171589284,GENROU_1,1,GENROU_2,2,1.509327285326951,2.014831049370545,GENROU_5,8,GENROU_2,2,0.9998080246082841,1,0.9998089843115459,2,0.9998081982266591,3,0.9998084605495153,6,0.999808871629456,8
1546,2,8.892,0.033,0.03,NEXT_STEP,1,0.05417210025494488,0.06051016374889099,0.9951896481993686,-0.9526264444463391,Fault_Interface,14,0.0,0.0,0.3,0.9951896481993686,-0.9526264444463391,,,,,,,,,,,,,,-33.6952694530528,18.985807736202556,52.68107718925536,GENROU_4,6,GENROU_1,1,0.9998080713637997,0.9998090322032579,0.00019192863620032252,GENROU_1,1,GENROU_2,2,1.5093281619345167,2.014827363917648,GENROU_5,8,GENROU_2,2,0.9998080713637997,1,0.9998090322032579,2,0.999808244700765,3,0.999808506792649,6,0.9998089170893697,8
1548,2,8.925,0.033,0.03,NEXT_STEP,0,0.05416616748905793,0.06050015625184551,0.9951899514628373,-0.955005071907699,Fault_Interface,14,0.0,0.0,0.3,0.9951899514628373,-0.955005071907699,,,,,,,,,,,,,,-33.83158253501123,18.849184344741133,52.68076687975236,GENROU_4,6,GENROU_1,1,0.9998085850197506,0.999809556649599,0.00019141498024943804,GENROU_1,1,GENROU_2,2,1.5092729290650766,2.01478759051886,GENROU_5,8,GENROU_2,2,0.9998085850197506,1,0.999809556649599,2,0.9998087575881218,3,0.9998090190752531,6,0.9998094182972603,8
1550,2,8.928,0.033,0.03,NEXT_STEP,1,0.05412869465598511,0.060446595570253434,0.9952135593339219,-0.95521253710688,Fault_Interface,14,0.0,0.0,0.3,0.9952135593339219,-0.95521253710688,,,,,,,,,,,,,,-33.843956580071584,18.83678216393333,52.68073874400491,GENROU_4,6,GENROU_1,1,0.9998086316219839,0.9998096040820253,0.00019136837801614348,GENROU_1,1,GENROU_2,2,1.5092738324396449,2.0147840653231945,GENROU_5,8,GENROU_2,2,0.9998086316219839,1,0.9998096040820253,2,0.999808804331113,3,0.9998090659537482,6,0.9998094639192803,8
1552,2,8.961,0.033,0.03,NEXT_STEP,0,0.05412278342145954,0.06043662384262171,0.9952137828752857,-0.9575842277913872,Fault_Interface,14,0.0,0.0,0.3,0.9952137828752857,-0.9575842277913872,,,,,,,,,,,,,,-33.97986870793969,18.700557590572206,52.68042629851189,GENROU_4,6,GENROU_1,1,0.9998091437964407,0.9998101233067554,0.00019085620355929755,GENROU_1,1,GENROU_2,2,1.5092190008596549,2.014745818749697,GENROU_5,8,GENROU_2,2,0.9998091437964407,1,0.9998101233067554,2,0.999809319899317,3,0.9998095849038641,6,0.9998099670133024,8
1554,2,8.964,0.033,0.03,NEXT_STEP,1,0.05408535500046744,0.060383139880334044,0.9952373508618099,-0.9577910710330572,Fault_Interface,14,0.0,0.0,0.3,0.9952373508618099,-0.9577910710330572,,,,,,,,,,,,,,-33.99220606864198,18.688191614754533,52.68039768339651,GENROU_4,6,GENROU_1,1,0.9998091902832609,0.9998101702517055,0.0001908097167391265,GENROU_1,1,GENROU_2,2,1.5092199323249307,2.0147424130551483,GENROU_5,8,GENROU_2,2,0.9998091902832609,1,0.9998101702517055,2,0.9998093668597646,3,0.9998096323584107,6,0.9998100128159157,8
1556,2,8.997,0.033,0.03,NEXT_STEP,0,0.05407935439205412,0.06037307952455993,0.9952375691600028,-0.9601557722682997,Fault_Interface,14,0.0,0.0,0.3,0.9952375691600028,-0.9601557722682997,,,,,,,,,,,,,,-34.12771232216922,18.552364888330086,52.680077210499306,GENROU_4,6,GENROU_1,1,0.9998097014490063,0.9998106841332816,0.00019029855099372828,GENROU_1,1,GENROU_2,2,1.5091654750420491,2.0147052850031884,GENROU_5,8,GENROU_2,2,0.9998097014490063,1,0.9998106841332816,2,0.9998098845474561,3,0.9998101572913296,6,0.9998105179940805,8
1558,2,9.0,0.033,0.03,NEXT_STEP,1,0.05404203788417866,0.060319731568688306,0.9952610682771832,-0.960362008690954,Fault_Interface,14,0.0,0.0,0.3,0.9952610682771832,-0.960362008690954,,,,,,,,,,,,,,-34.140012575819576,18.54003504612334,52.68004762194292,GENROU_4,6,GENROU_1,1,0.9998097478656003,0.9998107305945537,0.00019025213439971544,GENROU_1,1,GENROU_2,2,1.5091664211221363,2.014701961457141,GENROU_5,8,GENROU_2,2,0.9998097478656003,1,0.9998107305945537,2,0.999809931672883,3,0.9998102052503259,6,0.9998105639924729,8
1560,2,9.033,0.033,0.03,NEXT_STEP,0,0.05403610981319251,0.06030978443130556,0.9952611905694919,-0.9627197472095858,Fault_Interface,14,0.0,0.0,0.3,0.9952611905694919,-0.9627197472095858,,,,,,,,,,,,,,-34.275108699730964,18.40460554831343,52.67971424804439,GENROU_4,6,GENROU_1,1,0.9998102584409845,0.9998112392558389,0.0001897415590155216,GENROU_1,1,GENROU_2,2,1.5091123159066169,2.014665614568025,GENROU_5,8,GENROU_2,2,0.9998102584409845,1,0.9998112392558389,2,0.9998104508241369,3,0.9998107351154081,6,0.9998110713095152,8
1562,2,9.036,0.033,0.03,NEXT_STEP,1,0.05399871934437513,0.06025637717145743,0.9952847160420749,-0.962925329524092,Fault_Interface,14,0.0,0.0,0.3,0.9952847160420749,-0.962925329524092,,,,,,,,,,,,,,-34.287371497256196,18.392311798136657,52.67968329539285,GENROU_4,6,GENROU_1,1,0.9998103048251645,0.9998112852576314,0.00018969517483546916,GENROU_1,1,GENROU_2,2,1.5091133039204174,2.0146623549588587,GENROU_5,8,GENROU_2,2,0.9998103048251645,1,0.9998112852576314,2,0.9998104980544624,3,0.9998107834794923,6,0.9998111175050048,8
1564,2,9.069,0.033,0.03,NEXT_STEP,0,0.05399285922468642,0.06024649200641263,0.9952847752298994,-0.9652760881347529,Fault_Interface,14,0.0,0.0,0.3,0.9952847752298994,-0.9652760881347529,,,,,,,,,,,,,,-34.42205404864138,18.257279244213866,52.67933329285525,GENROU_4,6,GENROU_1,1,0.999810815255031,0.9998117891252734,0.0001891847449689843,GENROU_1,1,GENROU_2,2,1.5090595158228755,2.0146265769887304,GENROU_5,8,GENROU_2,2,0.999810815255031,1,0.9998117891252734,2,0.9998110180628238,3,0.9998113172575329,6,0.9998116269799089,8
1566,2,9.072,0.033,0.03,NEXT_STEP,1,0.05395556690019781,0.060193242788446,0.995308227077235,-0.9654810565417478,Fault_Interface,14,0.0,0.0,0.3,0.995308227077235,-0.9654810565417478,,,,,,,,,,,,,,-34.434279113805935,18.245021575634944,52.67930068944088,GENROU_4,6,GENROU_1,1,0.999810861640681,0.9998118347128859,0.00018913835931899659,GENROU_1,1,GENROU_2,2,1.5090605134764838,2.0146233538285543,GENROU_5,8,GENROU_2,2,0.999810861640681,1,0.9998118347128859,2,0.9998110653401476,3,0.9998113659164004,6,0.9998116733664104,8
1568,2,9.105,0.033,0.03,NEXT_STEP,0,0.053949625224467536,0.06018328158023061,0.995308293780654,-0.9678247923925549,Fault_Interface,14,0.0,0.0,0.3,0.995308293780654,-0.9678247923925549,,,,,,,,,,,,,,-34.5685455373705,18.110385979278945,52.67893151664944,GENROU_4,6,GENROU_1,1,0.9998113722514289,0.9998123343696512,0.00018862774857109077,GENROU_1,1,GENROU_2,2,1.5090070448680892,2.0145878957804775,GENROU_5,8,GENROU_2,2,0.9998113722514289,1,0.9998123343696512,2,0.9998115855775667,3,0.9998119023699975,6,0.9998121848819331,8
1570,2,9.108,0.033,0.03,NEXT_STEP,1,0.053912334556312856,0.06013004429066259,0.9953317378613784,-0.9680291239664985,Fault_Interface,14,0.0,0.0,0.3,0.9953317378613784,-0.9680291239664985,,,,,,,,,,,,,,-34.58073268085527,18.098164405122557,52.67889708597782,GENROU_4,6,GENROU_1,1,0.9998114186696703,0.9998123796085815,0.000188581330329729,GENROU_1,1,GENROU_2,2,1.5090080695601857,2.014584696215211,GENROU_5,8,GENROU_2,2,0.9998114186696703,1,0.9998123796085815,2,0.9998116328517233,3,0.9998119512261516,6,0.9998122314496287,8
1572,2,9.141,0.033,0.03,NEXT_STEP,0,0.053906514709592776,0.0601202269090396,0.9953317136462908,-0.9703658817250584,Fault_Interface,14,0.0,0.0,0.3,0.9953317136462908,-0.9703658817250584,,,,,,,,,,,,,,-34.714581339232105,17.96392601206291,52.67850735129501,GENROU_4,6,GENROU_1,1,0.999811929715243,0.9998128758054019,0.0001880702847569804,GENROU_1,1,GENROU_2,2,1.5089548788564615,2.014549398496239,GENROU_5,8,GENROU_2,2,0.999811929715243,1,0.9998128758054019,2,0.9998121527662835,3,0.9998124891914507,6,0.9998127448215658,8
1574,2,9.144,0.033,0.03,NEXT_STEP,1,0.05386931168997619,0.06006713162226257,0.9953550916287391,-0.9705695966206368,Fault_Interface,14,0.0,0.0,0.3,0.9953550916287391,-0.9705695966206368,,,,,,,,,,,,,,-34.726730454303976,17.951740562996445,52.678471017300424,GENROU_4,6,GENROU_1,1,0.9998119761777673,0.9998129207630072,0.00018802382223270797,GENROU_1,1,GENROU_2,2,1.5089559148511307,2.014546204999924,GENROU_5,8,GENROU_2,2,0.9998119761777673,1,0.9998129207630072,2,0.999812199983953,3,0.999812538121146,6,0.9998127915436588,8
1576,2,9.177,0.033,0.03,NEXT_STEP,0,0.05386340863160739,0.06005723529579114,0.9953550808590125,-0.9728993302582596,Fault_Interface,14,0.0,0.0,0.3,0.9953550808590125,-0.9728993302582596,,,,,,,,,,,,,,-34.86016065743199,17.81789975563447,52.67806041306646,GENROU_4,6,GENROU_1,1,0.9998124877735799,0.9998134143000131,0.00018751222642010568,GENROU_1,1,GENROU_2,2,1.5089030365003273,2.0145110123374423,GENROU_5,8,GENROU_2,2,0.9998124877735799,1,0.9998134143000131,2,0.9998127190531679,3,0.9998130763797536,6,0.999813306472173,8
1578,2,9.18,0.033,0.03,NEXT_STEP,1,0.05382620776649497,0.060004152593242974,0.99537845109067,-0.9731024087309836,Fault_Interface,14,0.0,0.0,0.3,0.99537845109067,-0.9731024087309836,,,,,,,,,,,,,,-34.87227172317908,17.805750470583334,52.678022193762416,GENROU_4,6,GENROU_1,1,0.9998125342927431,0.9998134590570101,0.00018746570725691747,GENROU_1,1,GENROU_2,2,1.5089040982448947,2.0145078319449152,GENROU_5,8,GENROU_2,2,0.9998125342927431,1,0.9998134590570101,2,0.9998127661764192,3,0.999813125294719,6,0.9998133533239938,8
1580,2,9.213,0.033,0.03,NEXT_STEP,0,0.05382031833216688,0.05999427930495346,0.9953784148937943,-0.9754251402984557,Fault_Interface,14,0.0,0.0,0.3,0.9953784148937943,-0.9754251402984557,,,,,,,,,,,,,,-35.00528360797925,17.672307710607942,52.67759131858719,GENROU_4,6,GENROU_1,1,0.9998130465142214,0.999813950821234,0.00018695348577857374,GENROU_1,1,GENROU_2,2,1.5088514745259018,2.0144726589630473,GENROU_5,8,GENROU_2,2,0.9998130465142214,1,0.999813950821234,2,0.9998132840277241,3,0.9998136629024247,6,0.9998138695037113,8
1582,2,9.216,0.033,0.03,NEXT_STEP,1,0.05378316352399621,0.059941276042136324,0.9954017479170181,-0.9756275928293106,Fault_Interface,14,0.0,0.0,0.3,0.9954017479170181,-0.9756275928293106,,,,,,,,,,,,,,-35.01735667047833,17.660194633745114,52.67755130422344,GENROU_4,6,GENROU_1,1,0.9998130930887777,0.9998139954553575,0.000186906911222251,GENROU_1,1,GENROU_2,2,1.5088525491871134,2.014469467098784,GENROU_5,8,GENROU_2,2,0.9998130930887777,1,0.9998139954553575,2,0.9998133310243084,3,0.9998137117118012,6,0.9998139164520603,8
1584,2,9.249,0.033,0.03,NEXT_STEP,0,0.05377740169986386,0.0599315560490356,0.9954016162153326,-0.977943365443834,Fault_Interface,14,0.0,0.0,0.3,0.9954016162153326,-0.977943365443834,,,,,,,,,,,,,,-35.14995114665046,17.527150369363138,52.67710151601359,GENROU_4,6,GENROU_1,1,0.9998136058249968,0.999814486237539,0.00018639417500321276,GENROU_1,1,GENROU_2,2,1.5088001893299046,2.014434188040188,GENROU_5,8,GENROU_2,2,0.9998136058249968,1,0.999814486237539,2,0.9998138472980069,3,0.999814247628877,6,0.9998144334454231,8
1586,2,9.252,0.033,0.03,NEXT_STEP,1,0.05374033331765206,0.05987869215738314,0.9954248841364038,-0.9781452031340132,Fault_Interface,14,0.0,0.0,0.3,0.9954248841364038,-0.9781452031340132,,,,,,,,,,,,,,-35.16198632541346,17.51507353705088,52.67705986246434,GENROU_4,6,GENROU_1,1,0.9998136524369705,0.9998145308149394,0.00018634756302948752,GENROU_1,1,GENROU_2,2,1.5088012776660766,2.014430993747187,GENROU_5,8,GENROU_2,2,0.9998136524369705,1,0.9998145308149394,2,0.9998138941356042,3,0.9998142962364626,6,0.9998144804445606,8
1588,2,9.285,0.033,0.03,NEXT_STEP,0,0.053734488208474394,0.059868892620220285,0.995424764111369,-0.9804539794656016,Fault_Interface,14,0.0,0.0,0.3,0.995424764111369,-0.9804539794656016,,,,,,,,,,,,,,-35.294165045191136,17.382428098031415,52.67659314322255,GENROU_4,6,GENROU_1,1,0.9998141655113028,0.9998150213399734,0.00018583448869724517,GENROU_1,1,GENROU_2,2,1.5087492418624533,2.0143958641007025,GENROU_5,8,GENROU_2,2,0.9998141655113028,1,0.9998150213399734,2,0.9998144086646865,3,0.9998148296312515,6,0.9998149977809305,8
1590,2,9.288,0.033,0.03,NEXT_STEP,1,0.05369742166513657,0.05981604137077019,0.9954480241120243,-0.9806551835687468,Fault_Interface,14,0.0,0.0,0.3,0.9954480241120243,-0.9806551835687468,,,,,,,,,,,,,,-35.30616251832878,17.370387534210266,52.67655005253905,GENROU_4,6,GENROU_1,1,0.9998142121485384,0.9998150659280608,0.00018578785146161625,GENROU_1,1,GENROU_2,2,1.5087503561588371,2.014392695972262,GENROU_5,8,GENROU_2,2,0.9998142121485384,1,0.9998150659280608,2,0.9998144553291973,3,0.9998148779879571,6,0.9998150447931161,8
1592,2,9.321,0.033,0.03,NEXT_STEP,0,0.05369158974951236,0.0598062646386536,0.9954478754513708,-0.9829569946315825,Fault_Interface,14,0.0,0.0,0.3,0.9954478754513708,-0.9829569946315825,,,,,,,,,,,,,,-35.43792762952746,17.238141120594946,52.676068750122404,GENROU_4,6,GENROU_1,1,0.9998147253911647,0.9998155620501127,0.00018527460883532854,GENROU_1,1,GENROU_5,8,1.5086985799109696,2.0143577329380093,GENROU_5,8,GENROU_2,2,0.9998147253911647,1,0.9998155568749214,2,0.9998149679065582,3,0.999815408379954,6,0.9998155620501127,8
1594,2,9.324,0.033,0.03,NEXT_STEP,1,0.05365456980652805,0.05975349270150947,0.9954710978908611,-0.9831575767015042,Fault_Interface,14,0.0,0.0,0.3,0.9954710978908611,-0.9831575767015042,,,,,,,,,,,,,,-35.44988760936564,17.22613683711816,52.676024446483794,GENROU_4,6,GENROU_1,1,0.9998147720323912,0.9998156090339274,0.0001852279676087809,GENROU_1,1,GENROU_5,8,1.5086997075967155,2.0143545669704066,GENROU_5,8,GENROU_2,2,0.9998147720323912,1,0.9998156015270656,2,0.9998150143889065,3,0.9998154564398553,6,0.9998156090339274,8
1596,2,9.357,0.033,0.03,NEXT_STEP,0,0.05364875734075292,0.059743748462521395,0.9954709122298796,-0.9854524427333992,Fault_Interface,14,0.0,0.0,0.3,0.9954709122298796,-0.9854524427333992,,,,,,,,,,,,,,-35.5812416264866,17.09428947595318,52.67553110243978,GENROU_4,6,GENROU_1,1,0.9998152851728349,0.9998161257430077,0.0001847148271650889,GENROU_1,1,GENROU_5,8,1.5086481902353661,2.014319601174667,GENROU_5,8,GENROU_2,2,0.9998152851728349,1,0.999816093397288,2,0.999815524938056,3,0.9998159833798704,6,0.9998161257430077,8
1598,2,9.36,0.033,0.03,NEXT_STEP,1,0.05361178214053978,0.05969105350259201,0.9954940978575834,-0.9856524040792085,Fault_Interface,14,0.0,0.0,0.3,0.9954940978575834,-0.9856524040792085,,,,,,,,,,,,,,-35.59316435699848,17.08232146559902,52.675485822597494,GENROU_4,6,GENROU_1,1,0.9998153317915428,0.9998161726558313,0.0001846682084571949,GENROU_1,1,GENROU_5,8,1.5086493347309307,2.014316435970595,GENROU_5,8,GENROU_2,2,0.9998153317915428,1,0.9998161381522096,2,0.99981557123445,3,0.9998160311105038,6,0.9998161726558313,8
1600,2,9.393,0.033,0.03,NEXT_STEP,0,0.05360598860519734,0.05968134107497174,0.9954938723160699,-0.9879403447092175,Fault_Interface,14,0.0,0.0,0.3,0.9954938723160699,-0.9879403447092175,,,,,,,,,,,,,,-35.724110073840166,16.950872962324425,52.67498303616459,GENROU_4,6,GENROU_1,1,0.9998158445329262,0.999816688358297,0.00018415546707384323,GENROU_1,1,GENROU_5,8,1.50859809621271,2.01428156654786,GENROU_5,8,GENROU_2,2,0.9998158445329262,1,0.9998166312926386,2,0.9998160797447521,3,0.9998165543285362,6,0.999816688358297,8
1602,2,9.396,0.033,0.03,NEXT_STEP,1,0.05356905840165433,0.05962872317307969,0.995517020819885,-0.9881396872482913,Fault_Interface,14,0.0,0.0,0.3,0.995517020819885,-0.9881396872482913,,,,,,,,,,,,,,-35.73599581809424,16.938941196887352,52.674937014981595,GENROU_4,6,GENROU_1,1,0.9998158911017322,0.9998167351594159,0.00018410889826780963,GENROU_1,1,GENROU_5,8,1.5085992582785808,2.0142784176620334,GENROU_5,8,GENROU_2,2,0.9998158911017322,1,0.9998166761746073,2,0.9998161258569037,3,0.9998166017130048,6,0.9998167351594159,8
1604,2,9.429,0.033,0.03,NEXT_STEP,0,0.053563283756549625,0.05961904249633681,0.9955167529493203,-0.9904207232873,Fault_Interface,14,0.0,0.0,0.3,0.9955167529493203,-0.9904207232873,,,,,,,,,,,,,,-35.866536175430845,16.807891125052617,52.67442730048346,GENROU_4,6,GENROU_1,1,0.999816403145697,0.9998172494246383,0.0001835968543030253,GENROU_1,1,GENROU_5,8,1.5085483065660743,2.01424378415983,GENROU_5,8,GENROU_2,2,0.999816403145697,1,0.9998171707714189,2,0.9998166323713625,3,0.9998171210997764,6,0.9998172494246383,8
1606,2,9.432,0.033,0.03,NEXT_STEP,1,0.0535263985373838,0.05956650155937429,0.9955398641774985,-0.990619448951936,Fault_Interface,14,0.0,0.0,0.3,0.9955398641774985,-0.990619448951936,,,,,,,,,,,,,,-35.878385204224585,16.795995555239593,52.67438075946418,GENROU_4,6,GENROU_1,1,0.9998164496378517,0.9998172960765694,0.00018355036214834364,GENROU_1,1,GENROU_5,8,1.5085494868088982,2.0142406614613795,GENROU_5,8,GENROU_2,2,0.9998164496378517,1,0.9998172157900513,2,0.9998166783052852,3,0.9998171681349848,6,0.9998172960765694,8
1608,2,9.465,0.033,0.03,NEXT_STEP,0,0.053520642961287265,0.059556852560686505,0.9955395521577484,-0.9928936020914987,Fault_Interface,14,0.0,0.0,0.3,0.9955395521577484,-0.9928936020914987,,,,,,,,,,,,,,-36.00852317227148,16.665343261558338,52.673866433829815,GENROU_4,6,GENROU_1,1,0.9998169607003268,0.9998178085158526,0.00018303929967322663,GENROU_1,1,GENROU_5,8,1.5084988278340181,2.014206354496215,GENROU_5,8,GENROU_2,2,0.9998169607003268,1,0.9998177118712636,2,0.9998171829070717,3,0.9998176837225351,6,0.9998178085158526,8
1610,2,9.468,0.033,0.03,NEXT_STEP,1,0.053483802753049585,0.059504388574402094,0.995562625983615,-0.9930917128861166,Fault_Interface,14,0.0,0.0,0.3,0.995562625983615,-0.9930917128861166,,,,,,,,,,,,,,-36.02033575414304,16.653483817997504,52.673819572140545,GENROU_4,6,GENROU_1,1,0.9998170070910055,0.9998178549854793,0.00018299290899448373,GENROU_1,1,GENROU_5,8,1.5085000266975308,2.014203264836583,GENROU_5,8,GENROU_2,2,0.9998170070910055,1,0.9998177570221322,2,0.9998172286717685,3,0.9998177304172317,6,0.9998178549854793,8
1612,2,9.501,0.033,0.03,NEXT_STEP,0,0.05347806564615024,0.05949477101688335,0.9955622688069734,-0.9953590051497957,Fault_Interface,14,0.0,0.0,0.3,0.9955622688069734,-0.9953590051497957,,,,,,,,,,,,,,-36.15007423158619,16.52322843831219,52.673302669898376,GENROU_4,6,GENROU_1,1,0.9998175169144381,0.9998183652632273,0.00018248308556190196,GENROU_1,1,GENROU_5,8,1.5084496644990766,2.0141693506658656,GENROU_5,8,GENROU_2,2,0.9998175169144381,1,0.9998182544688585,2,0.9998177314697702,3,0.9998182423558034,6,0.9998183652632273,8
1614,2,9.504,0.033,0.03,NEXT_STEP,1,0.05344116315657816,0.059442264461939634,0.9955853626533021,-0.9955564764138984,Fault_Interface,14,0.0,0.0,0.3,0.9955853626533021,-0.9955564764138984,,,,,,,,,,,,,,-36.16185062422025,16.511405033512116,52.67325565773237,GENROU_4,6,GENROU_1,1,0.9998175631843249,0.9998184115251963,0.00018243681567509107,GENROU_1,1,GENROU_5,8,1.508450895919256,2.0141662990668108,GENROU_5,8,GENROU_2,2,0.9998175631843249,1,0.9998182997372187,2,0.9998177770783742,3,0.9998182887357379,6,0.9998184115251963,8
1616,2,9.537,0.033,0.03,NEXT_STEP,0,0.05343538755532983,0.05943259072319964,0.9955850110814299,-0.997816906746979,Fault_Interface,14,0.0,0.0,0.3,0.9955850110814299,-0.997816906746979,,,,,,,,,,,,,,-36.29119228458552,16.38154554509654,52.67273782968206,GENROU_4,6,GENROU_1,1,0.9998180716214939,0.9998189194437213,0.0001819283785060577,GENROU_1,1,GENROU_5,8,1.5084007784491578,2.0141326618551854,GENROU_5,8,GENROU_2,2,0.9998180716214939,1,0.9998187983694705,2,0.9998182782707945,3,0.999818797456182,6,0.9998189194437213,8
1618,2,9.54,0.033,0.03,NEXT_STEP,1,0.05339864839789754,0.05938029762715616,0.9956080035677156,-0.9980137954174734,Fault_Interface,14,0.0,0.0,0.3,0.9956080035677156,-0.9980137954174734,,,,,,,,,,,,,,-36.3029327159833,16.369758080882058,52.67269079686536,GENROU_4,6,GENROU_1,1,0.999818117754602,0.999818965479529,0.00018188224539794628,GENROU_1,1,GENROU_5,8,1.5084020046650242,2.014129619441228,GENROU_5,8,GENROU_2,2,0.999818117754602,1,0.9998188437301586,2,0.9998183237383693,3,0.9998188435500591,6,0.999818965479529,8
1620,2,9.573,0.033,0.03,NEXT_STEP,0,0.05339295086304778,0.05937074613198361,0.9956075618952956,-1.0002674252434456,Fault_Interface,14,0.0,0.0,0.3,0.9956075618952956,-1.0002674252434456,,,,,,,,,,,,,,-36.43188001912811,16.240293306729132,52.672173325857244,GENROU_4,6,GENROU_1,1,0.9998186245475921,0.9998194707696415,0.00018137545240792807,GENROU_1,1,GENROU_5,8,1.5083521758877876,2.0140961860424675,GENROU_5,8,GENROU_2,2,0.9998186245475921,1,0.9998193431382815,2,0.9998188233877611,3,0.9998193491558277,6,0.9998194707696415,8
1622,2,9.576,0.033,0.03,NEXT_STEP,1,0.053356245503256496,0.05931851213098505,0.9956305241861001,-1.0004637029399446,Fault_Interface,14,0.0,0.0,0.3,0.9956305241861001,-1.0004637029399446,,,,,,,,,,,,,,-36.44358470913731,16.22854166700236,52.67212637613967,GENROU_4,6,GENROU_1,1,0.9998186705225692,0.9998195165574438,0.00018132947743076944,GENROU_1,1,GENROU_5,8,1.5083534283893034,2.0140931794025123,GENROU_5,8,GENROU_2,2,0.9998186705225692,1,0.9998193885501832,2,0.9998188687189182,3,0.9998193949796905,6,0.9998195165574438,8
1624,2,9.609,0.033,0.03,NEXT_STEP,0,0.053350564445943854,0.05930898840049002,0.9956300348240702,-1.0027105405446093,Fault_Interface,14,0.0,0.0,0.3,0.9956300348240702,-1.0027105405446093,,,,,,,,,,,,,,-36.57213995114507,16.099470267445266,52.67161021859033,GENROU_4,6,GENROU_1,1,0.9998191755208184,0.999820019063109,0.00018082447918155165,GENROU_1,1,GENROU_5,8,1.508303932696542,2.014060317018536,GENROU_5,8,GENROU_2,2,0.9998191755208184,1,0.9998198882923937,2,0.9998193669164915,3,0.9998198978016929,6,0.999820019063109,8
1626,2,9.612,0.033,0.03,NEXT_STEP,1,0.0533137972550874,0.0592567128351487,0.9956530165086358,-1.0029061850389345,Fault_Interface,14,0.0,0.0,0.3,0.9956530165086358,-1.0029061850389345,,,,,,,,,,,,,,-36.58380909633641,16.08775432542303,52.671563421759444,GENROU_4,6,GENROU_1,1,0.9998192213303472,0.999820064595489,0.00018077866965282574,GENROU_1,1,GENROU_5,8,1.5083052189385238,2.0140573727707376,GENROU_5,8,GENROU_2,2,0.9998192213303472,1,0.9998199337156047,2,0.9998194121222647,3,0.9998199433961051,6,0.999820064595489,8
1628,2,9.645,0.033,0.03,NEXT_STEP,0,0.05330807763098864,0.059247133038737285,0.9956525314558947,-1.0051462291692903,Fault_Interface,14,0.0,0.0,0.3,0.9956525314558947,-1.0051462291692903,,,,,,,,,,,,,,-36.71197423249737,15.959074895089342,52.67104912758671,GENROU_4,6,GENROU_1,1,0.9998197245134872,0.9998205643141621,0.00018027548651278202,GENROU_1,1,GENROU_5,8,1.5082559777257214,2.014024986979861,GENROU_5,8,GENROU_2,2,0.9998197245134872,1,0.9998204333725889,2,0.9998199090263502,3,0.9998204439762247,6,0.9998205643141621,8
1630,2,9.648,0.033,0.03,NEXT_STEP,1,0.05327147361656829,0.05919507027060146,0.9956754120477674,-1.0053412972464002,Fault_Interface,14,0.0,0.0,0.3,0.9956754120477674,-1.0053412972464002,,,,,,,,,,,,,,-36.723607991875795,15.94739452227776,52.67100251415356,GENROU_4,6,GENROU_1,1,0.9998197701528219,0.9998206095903414,0.00018022984717813717,GENROU_1,1,GENROU_5,8,1.5082572593706365,2.014022063740467,GENROU_5,8,GENROU_2,2,0.9998197701528219,1,0.9998204787638871,2,0.9998199541169758,3,0.9998204893762931,6,0.9998206095903414,8
1632,2,9.681000000000001,0.033,0.03,NEXT_STEP,0,0.053265724888554265,0.05918549316115372,0.9956749000434084,-1.0075745781205525,Fault_Interface,14,0.0,0.0,0.3,0.9956749000434084,-1.0075745781205525,,,,,,,,,,,,,,-36.85138468118854,15.819105607541502,52.67049028873004,GENROU_4,6,GENROU_1,1,0.999820271413308,0.9998211064768748,0.0001797285866920184,GENROU_1,1,GENROU_5,8,1.508208296178708,2.013989904639128,GENROU_5,8,GENROU_2,2,0.999820271413308,1,0.9998209777973177,2,0.9998204497584093,3,0.9998209879323591,6,0.9998211064768748,8
1634,2,9.684,0.033,0.03,NEXT_STEP,1,0.05322911336567861,0.05913342772180695,0.9956977790252621,-1.0077690311875378,Fault_Interface,14,0.0,0.0,0.3,0.9956977790252621,-1.0077690311875378,,,,,,,,,,,,,,-36.86298319747372,15.807460668165708,52.67044386563943,GENROU_4,6,GENROU_1,1,0.9998203168775623,0.9998211514984353,0.00017968312243765716,GENROU_1,1,GENROU_5,8,1.5082096064437995,2.0139870079128297,GENROU_5,8,GENROU_2,2,0.9998203168775623,1,0.9998210231107508,2,0.9998204947382248,3,0.9998210331699502,6,0.9998211514984353,8
1636,2,9.717,0.033,0.03,NEXT_STEP,0,0.05322348296189281,0.05912398864675831,0.9956971756136157,-1.0099956067543903,Fault_Interface,14,0.0,0.0,0.3,0.9956971756136157,-1.0099956067543903,,,,,,,,,,,,,,-36.99037287576248,15.679560761908373,52.66993363767085,GENROU_4,6,GENROU_1,1,0.9998208161800471,0.9998216455978604,0.00017918381995285504,GENROU_1,1,GENROU_5,8,1.5081609179497724,2.0139551919558043,GENROU_5,8,GENROU_2,2,0.9998208161800471,1,0.9998215210241883,2,0.9998209891540113,3,0.9998215300350652,6,0.9998216455978604,8
1638,2,9.72,0.033,0.03,NEXT_STEP,1,0.05318685235266471,0.05907194563384318,0.9957200457544406,-1.010189442456141,Fault_Interface,14,0.0,0.0,0.3,0.9957200457544406,-1.010189442456141,,,,,,,,,,,,,,-37.00193626842981,15.667951117591185,52.669887386020996,GENROU_4,6,GENROU_1,1,0.9998208614644841,0.9998216903685142,0.000179138535515877,GENROU_1,1,GENROU_5,8,1.5081622522809104,2.013952328661997,GENROU_5,8,GENROU_2,2,0.9998208614644841,1,0.9998215662127201,2,0.9998210340221572,3,0.9998215751295236,6,0.9998216903685142,8
1640,2,9.753,0.033,0.03,NEXT_STEP,0,0.05318118886026673,0.059062459460927676,0.9957194416787163,-1.0124092955280821,Fault_Interface,14,0.0,0.0,0.3,0.9957194416787163,-1.0124092955280821,,,,,,,,,,,,,,-37.12894013401205,15.540438697163053,52.6693788311751,GENROU_4,6,GENROU_1,1,0.9998213588164206,0.999822181790152,0.00017864118357935332,GENROU_1,1,GENROU_5,8,1.5081138265297416,2.0139208239230557,GENROU_5,8,GENROU_2,2,0.9998213588164206,1,0.9998220625478395,2,0.9998215272306988,3,0.9998220706165131,6,0.999822181790152,8
1642,2,9.756,0.033,0.03,NEXT_STEP,1,0.05314461298110392,0.05901050804913743,0.9957422690117876,-1.0126025341252076,Fault_Interface,14,0.0,0.0,0.3,0.9957422690117876,-1.0126025341252076,,,,,,,,,,,,,,-37.14046850067663,15.52886420995428,52.66933271063091,GENROU_4,6,GENROU_1,1,0.9998214039240493,0.9998222263232402,0.00017859607595072102,GENROU_1,1,GENROU_5,8,1.50811517288998,2.013917982125522,GENROU_5,8,GENROU_2,2,0.9998214039240493,1,0.9998221075729701,2,0.9998215719891237,3,0.999822115597543,6,0.9998222263232402,8
1644,2,9.789,0.033,0.03,NEXT_STEP,0,0.053138969382252474,0.05900105522117921,0.9957416294060996,-1.014815699495436,Fault_Interface,14,0.0,0.0,0.3,0.9957416294060996,-1.014815699495436,,,,,,,,,,,,,,-37.26708754358372,15.401737758931628,52.668825302515344,GENROU_4,6,GENROU_1,1,0.999821899324269,0.9998227151945105,0.00017810067573098554,GENROU_1,1,GENROU_5,8,1.5080669955022292,2.0138866588891404,GENROU_5,8,GENROU_2,2,0.999821899324269,1,0.9998226019024276,2,0.9998220639634708,3,0.9998226099063077,6,0.9998227151945105,8
1646,2,9.792,0.033,0.03,NEXT_STEP,1,0.053102545226106905,0.058949298431645605,0.9957643635500562,-1.015008367598031,Fault_Interface,14,0.0,0.0,0.3,0.9957643635500562,-1.015008367598031,,,,,,,,,,,,,,-37.27858096775693,15.39019829079005,52.66877925854698,GENROU_4,6,GENROU_1,1,0.9998219442516082,0.999822759499427,0.00017805574839180327,GENROU_1,1,GENROU_5,8,1.5080683438255644,2.013883830658119,GENROU_5,8,GENROU_2,2,0.9998219442516082,1,0.9998226467247169,2,0.999822108604898,3,0.9998226547797043,6,0.999822759499427,8
1648,2,9.825,0.033,0.03,NEXT_STEP,0,0.05309687032083909,0.058939844699148126,0.9957637002022816,-1.0172148613085434,Fault_Interface,14,0.0,0.0,0.3,0.9957637002022816,-1.0172148613085434,,,,,,,,,,,,,,-37.40481610037626,15.263456272886103,52.66827237326236,GENROU_4,6,GENROU_1,1,0.9998224376550578,0.9998232459185334,0.0001775623449421504,GENROU_1,1,GENROU_5,8,1.5080204668467894,2.0138527845902057,GENROU_5,8,GENROU_2,2,0.9998224376550578,1,0.9998231386355767,2,0.9998225992334404,3,0.9998231479236408,6,0.9998232459185334,8
1650,2,9.828,0.033,0.03,NEXT_STEP,1,0.053060439572294116,0.058888086080451964,0.9957864326151656,-1.017406922968494,Fault_Interface,14,0.0,0.0,0.3,0.9957864326151656,-1.017406922968494,,,,,,,,,,,,,,-37.41627466407677,15.251951682780552,52.66822634685732,GENROU_4,6,GENROU_1,1,0.9998224824034129,0.9998232900093631,0.00017751759658712896,GENROU_1,1,GENROU_5,8,1.5080218437481567,2.013849994176542,GENROU_5,8,GENROU_2,2,0.9998224824034129,1,0.9998231832247776,2,0.9998226437505875,3,0.9998231927028867,6,0.9998232900093631,8
1652,2,9.861,0.033,0.03,NEXT_STEP,0,0.05305477607964373,0.05887865155899823,0.9957857437318364,-1.0196067726341962,Fault_Interface,14,0.0,0.0,0.3,0.9957857437318364,-1.0196067726341962,,,,,,,,,,,,,,-37.54212671567084,15.125592563985952,52.667719279656794,GENROU_4,6,GENROU_1,1,0.9998229738565969,0.9998237741683875,0.00017702614340309175,GENROU_1,1,GENROU_5,8,1.50797422486465,2.013819290299049,GENROU_5,8,GENROU_2,2,0.9998229738565969,1,0.9998236724494888,2,0.9998231329778373,3,0.9998236848667185,6,0.9998237741683875,8
1654,2,9.864,0.033,0.03,NEXT_STEP,1,0.05301839190210574,0.058826972153590285,0.9958084390751568,-1.019798241736249,Fault_Interface,14,0.0,0.0,0.3,0.9958084390751568,-1.019798241736249,,,,,,,,,,,,,,-37.553550488316034,15.114122714007745,52.66767320232378,GENROU_4,6,GENROU_1,1,0.9998230184280263,0.999823818061334,0.0001769815719736556,GENROU_1,1,GENROU_5,8,1.5079756140779097,2.013816520076396,GENROU_5,8,GENROU_2,2,0.9998230184280263,1,0.9998237167828493,2,0.9998231773632005,3,0.9998237295578125,6,0.999823818061334,8
1656,2,9.897,0.033,0.03,NEXT_STEP,0,0.05301274700983397,0.05881756882499846,0.9958077194965544,-1.0219914735981217,Fault_Interface,14,0.0,0.0,0.3,0.9958077194965544,-1.0219914735981217,,,,,,,,,,,,,,-37.67902022153262,14.988144978022204,52.66716519955482,GENROU_4,6,GENROU_1,1,0.9998235079301061,0.9998243001213546,0.00017649206989389654,GENROU_1,1,GENROU_5,8,1.5079282347285068,2.0137859495277337,GENROU_5,8,GENROU_2,2,0.9998235079301061,1,0.9998242030959579,2,0.999823665081348,3,0.9998242207359999,6,0.9998243001213546,8
1658,2,9.9,0.033,0.03,NEXT_STEP,1,0.0529764077359985,0.05876596579827057,0.9958303790232801,-1.0221823520153734,Fault_Interface,14,0.0,0.0,0.3,0.9958303790232801,-1.0221823520153734,,,,,,,,,,,,,,-37.69040927280086,14.976709730248752,52.66711900304961,GENROU_4,6,GENROU_1,1,0.9998235523237997,0.9998243438306244,0.00017644767620028645,GENROU_1,1,GENROU_5,8,1.5079296387284846,2.0137831863435034,GENROU_5,8,GENROU_2,2,0.9998235523237997,1,0.9998242471564339,2,0.9998237093241548,3,0.9998242653359678,6,0.9998243438306244,8
1660,2,9.933,0.033,0.03,NEXT_STEP,0,0.05297078124374503,0.058756592895931686,0.9958296296999,-1.0243689906867193,Fault_Interface,14,0.0,0.0,0.3,0.9958296296999,-1.0243689906867193,,,,,,,,,,,,,,-37.81549747493751,14.851111855674304,52.66660933061181,GENROU_4,6,GENROU_1,1,0.9998240398634326,0.9998248239423594,0.00017596013656739906,GENROU_1,1,GENROU_5,8,1.5078825081074154,2.013752713338881,GENROU_5,8,GENROU_2,2,0.9998240398634326,1,0.9998247303100546,2,0.9998241954089302,3,0.9998247554710588,6,0.9998248239423594,8
1662,2,9.936,0.033,0.03,NEXT_STEP,1,0.05293448725205608,0.05870506634247215,0.9958522534069479,-1.0245592807984658,Fault_Interface,14,0.0,0.0,0.3,0.9958522534069479,-1.0245592807984658,,,,,,,,,,,,,,-37.82685187857256,14.839711071377842,52.6665629499504,GENROU_4,6,GENROU_1,1,0.9998240840780347,0.9998248674810434,0.00017591592196530836,GENROU_1,1,GENROU_5,8,1.5078839267608668,2.0137499606622504,GENROU_5,8,GENROU_2,2,0.9998240840780347,1,0.9998247740876676,2,0.9998242394973449,3,0.9998247999723037,6,0.9998248674810434,8
1664,2,9.969,0.033,0.03,NEXT_STEP,0,0.05292887871970799,0.05869572379437545,0.9958514753993347,-1.0267393514287344,Fault_Interface,14,0.0,0.0,0.3,0.9958514753993347,-1.0267393514287344,,,,,,,,,,,,,,-37.951559401008936,14.71449152458069,52.66605092558963,GENROU_4,6,GENROU_1,1,0.9998245696347822,0.999825345778305,0.0001754303652178324,GENROU_1,1,GENROU_5,8,1.5078370432166626,2.013719605459538,GENROU_5,8,GENROU_2,2,0.9998245696347822,1,0.9998252541130999,2,0.999824723814947,3,0.9998252889573923,6,0.999825345778305,8
1666,2,9.972,0.033,0.03,NEXT_STEP,1,0.05289252394760374,0.058644155920710775,0.9958741200559661,-1.0269290291539475,Fault_Interface,14,0.0,0.0,0.3,0.9958741200559661,-1.0269290291539475,,,,,,,,,,,,,,-37.962879238072084,14.70312506367535,52.666004301747435,GENROU_4,6,GENROU_1,1,0.9998246136706085,0.9998253891600927,0.00017538632939151366,GENROU_1,1,GENROU_5,8,1.5078384898151433,2.0137168632587255,GENROU_5,8,GENROU_2,2,0.9998246136706085,1,0.9998252976072873,2,0.999824767738973,3,0.9998253333554735,6,0.9998253891600927,8
1668,2,10.0,0.033,0.03,NEXT_STEP,0,0.052886982913086994,0.05863487494927442,0.9958743146138626,-1.0287732369215041,Fault_Interface,14,0.0,0.0,0.3,0.9958743146138626,-1.0287732369215041,,,,,,,,,,,,,,-38.06839141445306,14.59717588650764,52.6655673009607,GENROU_4,6,GENROU_1,1,0.999825025293784,0.9998257947551629,0.000174974706215969,GENROU_1,1,GENROU_5,8,1.5077979857443333,2.0136902321194587,GENROU_5,8,GENROU_2,2,0.999825025293784,1,0.9998257035598253,2,0.9998251784086072,3,0.9998257507173407,6,0.9998257947551629,8
