t_granted,feeder,iter,state,vupdate,source_v_pu,source_ang_deg,dist_bus,vavg_pu,va_pu,vb_pu,vc_pu,vpos_pu,alert_signal,alert_bus,alert_v_pu,alert_vpos_pu,alert_vavg_pu,fidvr_stage,tx_v_pu,motor_p_scale,motor_q_scale,caps_on,cap_fraction,tap_pu,restore_frac,motor_slip_avg,motor_slip_max,motor_pf_avg,motor_running_groups,motor_stalled_groups,motor_tripped_groups,motor_restoring_groups,dynamics_enabled,tap_reg1,tap_reg2,tap_reg3
0.005,1,2,ITERATING,True,1.03,-1.871418,650,1.029844,1.029818,1.029876,1.029838,1.029844,dist_bus,650,1.029844,1.029844,1.029844,DISABLED,1.03,1.0,1.0,True,1.0,1.05,1.0,,,,0,0,0,0,False,1.05625,1.0375,1.05625
0.01,1,4,ITERATING,True,1.03,-1.871417,650,1.029844,1.029818,1.029876,1.029838,1.029844,dist_bus,650,1.029844,1.029844,1.029844,DISABLED,1.03,1.0,1.0,True,1.0,1.05,1.0,,,,0,0,0,0,False,1.05625,1.0375,1.05625
0.015,1,6,ITERATING,True,1.03,-1.871417,650,1.029844,1.029818,1.029876,1.029838,1.029844,dist_bus,650,1.029844,1.029844,1.029844,DISABLED,1.03,1.0,1.0,True,1.0,1.05,1.0,,,,0,0,0,0,False,1.05625,1.0375,1.05625
0.02,1,8,ITERATING,True,1.03,-1.871417,650,1.029844,1.029818,1.029876,1.029838,1.029844,dist_bus,650,1.029844,1.029844,1.029844,DISABLED,1.03,1.0,1.0,True,1.0,1.05,1.0,,,,0,0,0,0,False,1.05625,1.0375,1.05625
0.025,1,10,ITERATING,True,1.03,-1.871417,650,1.029844,1.029818,1.029876,1.029838,1.029844,dist_bus,650,1.029844,1.029844,1.029844,DISABLED,1.03,1.0,1.0,True,1.0,1.05,1.0,,,,0,0,0,0,False,1.05625,1.0375,1.05625
0.03,1,12,ITERATING,True,1.03,-1.871417,650,1.029844,1.029818,1.029876,1.029838,1.029844,dist_bus,650,1.029844,1.029844,1.029844,DISABLED,1.03,1.0,1.0,True,1.0,1.05,1.0,,,,0,0,0,0,False,1.05625,1.0375,1.05625
0.035,1,14,ITERATING,True,1.03,-1.871417,650,1.029844,1.029818,1.029876,1.029838,1.029844,dist_bus,650,1.029844,1.029844,1.029844,DISABLED,1.03,1.0,1.0,True,1.0,1.05,1.0,,,,0,0,0,0,False,1.05625,1.0375,1.05625
0.04,1,16,ITERATING,True,1.03,-1.871417,650,1.029844,1.029818,1.029876,1.029838,1.029844,dist_bus,650,1.029844,1.029844,1.029844,DISABLED,1.03,1.0,1.0,True,1.0,1.05,1.0,,,,0,0,0,0,False,1.05625,1.0375,1.05625
0.045,1,18,ITERATING,True,1.03,-1.871417,650,1.029844,1.029818,1.029876,1.029838,1.029844,dist_bus,650,1.029844,1.029844,1.029844,DISABLED,1.03,1.0,1.0,True,1.0,1.05,1.0,,,,0,0,0,0,False,1.05625,1.0375,1.05625
0.05,1,20,ITERATING,True,1.03,-1.871417,650,1.029844,1.029818,1.029876,1.029838,1.029844,dist_bus,650,1.029844,1.029844,1.029844,DISABLED,1.03,1.0,1.0,True,1.0,1.05,1.0,,,,0,0,0,0,False,1.05625,1.0375,1.05625
0.055,1,22,ITERATING,True,1.03,-1.871417,650,1.029844,1.029818,1.029876,1.029838,1.029844,dist_bus,650,1.029844,1.029844,1.029844,DISABLED,1.03,1.0,1.0,True,1.0,1.05,1.0,,,,0,0,0,0,False,1.05625,1.0375,1.05625
0.06,1,24,ITERATING,True,1.03,-1.871417,650,1.029844,1.029818,1.029876,1.029838,1.029844,dist_bus,650,1.029844,1.029844,1.029844,DISABLED,1.03,1.0,1.0,True,1.0,1.05,1.0,,,,0,0,0,0,False,1.05625,1.0375,1.05625
0.065,1,26,ITERATING,True,1.03,-1.871417,650,1.029844,1.029818,1.029876,1.029838,1.029844,dist_bus,650,1.029844,1.029844,1.029844,DISABLED,1.03,1.0,1.0,True,1.0,1.05,1.0,,,,0,0,0,0,False,1.05625,1.0375,1.05625
0.07,1,28,ITERATING,True,1.03,-1.871417,650,1.029844,1.029818,1.029876,1.029838,1.029844,dist_bus,650,1.029844,1.029844,1.029844,DISABLED,1.03,1.0,1.0,True,1.0,1.05,1.0,,,,0,0,0,0,False,1.05625,1.0375,1.05625
0.075,1,30,ITERATING,True,1.03,-1.871417,650,1.029844,1.029818,1.029876,1.029838,1.029844,dist_bus,650,1.029844,1.029844,1.029844,DISABLED,1.03,1.0,1.0,True,1.0,1.05,1.0,,,,0,0,0,0,False,1.05625,1.0375,1.05625
0.08,1,32,ITERATING,True,1.03,-1.871417,650,1.029844,1.029818,1.029876,1.029838,1.029844,dist_bus,650,1.029844,1.029844,1.029844,DISABLED,1.03,1.0,1.0,True,1.0,1.05,1.0,,,,0,0,0,0,False,1.05625,1.0375,1.05625
0.085,1,34,ITERATING,True,1.03,-1.871417,650,1.029844,1.029818,1.029876,1.029838,1.029844,dist_bus,650,1.029844,1.029844,1.029844,DISABLED,1.03,1.0,1.0,True,1.0,1.05,1.0,,,,0,0,0,0,False,1.05625,1.0375,1.05625
0.09,1,36,ITERATING,True,1.03,-1.871417,650,1.029844,1.029818,1.029876,1.029838,1.029844,dist_bus,650,1.029844,1.029844,1.029844,DISABLED,1.03,1.0,1.0,True,1.0,1.05,1.0,,,,0,0,0,0,False,1.05625,1.0375,1.05625
0.095,1,38,ITERATING,True,1.03,-1.871417,650,1.029844,1.029818,1.029876,1.029838,1.029844,dist_bus,650,1.029844,1.029844,1.029844,DISABLED,1.03,1.0,1.0,True,1.0,1.05,1.0,,,,0,0,0,0,False,1.05625,1.0375,1.05625
0.1,1,40,ITERATING,True,1.03,-1.871417,650,1.029844,1.029818,1.029876,1.029838,1.029844,dist_bus,650,1.029844,1.029844,1.029844,DISABLED,1.03,1.0,1.0,True,1.0,1.05,1.0,,,,0,0,0,0,False,1.05625,1.0375,1.05625
0.105,1,42,ITERATING,True,1.03,-1.871417,650,1.029844,1.029818,1.029876,1.029838,1.029844,dist_bus,650,1.029844,1.029844,1.029844,DISABLED,1.03,1.0,1.0,True,1.0,1.05,1.0,,,,0,0,0,0,False,1.05625,1.0375,1.05625
0.11,1,43,NEXT_STEP,False,1.03,-1.871417,650,1.029844,1.029818,1.029876,1.029838,1.029844,dist_bus,650,1.029844,1.029844,1.029844,DISABLED,1.03,1.0,1.0,True,1.0,1.05,1.0,,,,0,0,0,0,False,1.05625,1.0375,1.05625
0.115,1,45,ITERATING,True,1.03,-1.871417,650,1.029844,1.029818,1.029876,1.029838,1.029844,dist_bus,650,1.029844,1.029844,1.029844,DISABLED,1.03,1.0,1.0,True,1.0,1.05,1.0,,,,0,0,0,0,False,1.05625,1.0375,1.05625
0.12,1,46,NEXT_STEP,False,1.03,-1.871417,650,1.029844,1.029818,1.029876,1.029838,1.029844,dist_bus,650,1.029844,1.029844,1.029844,DISABLED,1.03,1.0,1.0,True,1.0,1.05,1.0,,,,0,0,0,0,False,1.05625,1.0375,1.05625
0.125,1,48,ITERATING,True,1.03,-1.871417,650,1.029844,1.029818,1.029876,1.029838,1.029844,dist_bus,650,1.029844,1.029844,1.029844,DISABLED,1.03,1.0,1.0,True,1.0,1.05,1.0,,,,0,0,0,0,False,1.05625,1.0375,1.05625
0.13,1,49,NEXT_STEP,False,1.03,-1.871417,650,1.029844,1.029818,1.029876,1.029838,1.029844,dist_bus,650,1.029844,1.029844,1.029844,DISABLED,1.03,1.0,1.0,True,1.0,1.05,1.0,,,,0,0,0,0,False,1.05625,1.0375,1.05625
0.135,1,51,ITERATING,True,1.03,-1.871417,650,1.029844,1.029818,1.029876,1.029838,1.029844,dist_bus,650,1.029844,1.029844,1.029844,DISABLED,1.03,1.0,1.0,True,1.0,1.05,1.0,,,,0,0,0,0,False,1.05625,1.0375,1.05625
0.14,1,52,NEXT_STEP,False,1.03,-1.871417,650,1.029844,1.029818,1.029876,1.029838,1.029844,dist_bus,650,1.029844,1.029844,1.029844,DISABLED,1.03,1.0,1.0,True,1.0,1.05,1.0,,,,0,0,0,0,False,1.05625,1.0375,1.05625
0.145,1,54,ITERATING,True,1.03,-1.871417,650,1.029844,1.029818,1.029876,1.029838,1.029844,dist_bus,650,1.029844,1.029844,1.029844,DISABLED,1.03,1.0,1.0,True,1.0,1.05,1.0,,,,0,0,0,0,False,1.05625,1.0375,1.05625
0.15,1,56,ITERATING,True,1.03,-1.871417,650,1.029844,1.029818,1.029876,1.029838,1.029844,dist_bus,650,1.029844,1.029844,1.029844,DISABLED,1.03,1.0,1.0,True,1.0,1.05,1.0,,,,0,0,0,0,False,1.05625,1.0375,1.05625
0.155,1,58,ITERATING,True,1.03,-1.871417,650,1.029844,1.029818,1.029876,1.029838,1.029844,dist_bus,650,1.029844,1.029844,1.029844,DISABLED,1.03,1.0,1.0,True,1.0,1.05,1.0,,,,0,0,0,0,False,1.05625,1.0375,1.05625
0.16,1,59,NEXT_STEP,False,1.03,-1.871417,650,1.029844,1.029818,1.029876,1.029838,1.029844,dist_bus,650,1.029844,1.029844,1.029844,DISABLED,1.03,1.0,1.0,True,1.0,1.05,1.0,,,,0,0,0,0,False,1.05625,1.0375,1.05625
0.165,1,61,ITERATING,True,1.03,-1.871417,650,1.029844,1.029818,1.029876,1.029838,1.029844,dist_bus,650,1.029844,1.029844,1.029844,DISABLED,1.03,1.0,1.0,True,1.0,1.05,1.0,,,,0,0,0,0,False,1.05625,1.0375,1.05625
0.17,1,62,NEXT_STEP,False,1.03,-1.871417,650,1.029844,1.029818,1.029876,1.029838,1.029844,dist_bus,650,1.029844,1.029844,1.029844,DISABLED,1.03,1.0,1.0,True,1.0,1.05,1.0,,,,0,0,0,0,False,1.05625,1.0375,1.05625
0.175,1,64,ITERATING,True,1.03,-1.871417,650,1.029844,1.029818,1.029876,1.029838,1.029844,dist_bus,650,1.029844,1.029844,1.029844,DISABLED,1.03,1.0,1.0,True,1.0,1.05,1.0,,,,0,0,0,0,False,1.05625,1.0375,1.05625
0.18,1,66,ITERATING,True,1.03,-1.871417,650,1.029844,1.029818,1.029876,1.029838,1.029844,dist_bus,650,1.029844,1.029844,1.029844,DISABLED,1.03,1.0,1.0,True,1.0,1.05,1.0,,,,0,0,0,0,False,1.05625,1.0375,1.05625
0.185,1,68,ITERATING,True,1.03,-1.871417,650,1.029844,1.029818,1.029876,1.029838,1.029844,dist_bus,650,1.029844,1.029844,1.029844,DISABLED,1.03,1.0,1.0,True,1.0,1.05,1.0,,,,0,0,0,0,False,1.05625,1.0375,1.05625
0.19,1,69,NEXT_STEP,False,1.03,-1.871417,650,1.029844,1.029818,1.029876,1.029838,1.029844,dist_bus,650,1.029844,1.029844,1.029844,DISABLED,1.03,1.0,1.0,True,1.0,1.05,1.0,,,,0,0,0,0,False,1.05625,1.0375,1.05625
0.195,1,71,ITERATING,True,1.03,-1.871417,650,1.029844,1.029818,1.029876,1.029838,1.029844,dist_bus,650,1.029844,1.029844,1.029844,DISABLED,1.03,1.0,1.0,True,1.0,1.05,1.0,,,,0,0,0,0,False,1.05625,1.0375,1.05625
0.2,1,72,NEXT_STEP,False,1.03,-1.871417,650,1.029844,1.029818,1.029876,1.029838,1.029844,dist_bus,650,1.029844,1.029844,1.029844,DISABLED,1.03,1.0,1.0,True,1.0,1.05,1.0,,,,0,0,0,0,False,1.05625,1.0375,1.05625
0.205,1,74,ITERATING,True,1.03,-1.871417,650,1.029844,1.029818,1.029876,1.029838,1.029844,dist_bus,650,1.029844,1.029844,1.029844,DISABLED,1.03,1.0,1.0,True,1.0,1.05,1.0,,,,0,0,0,0,False,1.05625,1.0375,1.05625
0.21,1,75,NEXT_STEP,False,1.03,-1.871417,650,1.029844,1.029818,1.029876,1.029838,1.029844,dist_bus,650,1.029844,1.029844,1.029844,DISABLED,1.03,1.0,1.0,True,1.0,1.05,1.0,,,,0,0,0,0,False,1.05625,1.0375,1.05625
0.215,1,77,ITERATING,True,1.03,-1.871417,650,1.029844,1.029818,1.029876,1.029838,1.029844,dist_bus,650,1.029844,1.029844,1.029844,DISABLED,1.03,1.0,1.0,True,1.0,1.05,1.0,,,,0,0,0,0,False,1.05625,1.0375,1.05625
0.22,1,78,NEXT_STEP,False,1.03,-1.871417,650,1.029844,1.029818,1.029876,1.029838,1.029844,dist_bus,650,1.029844,1.029844,1.029844,DISABLED,1.03,1.0,1.0,True,1.0,1.05,1.0,,,,0,0,0,0,False,1.05625,1.0375,1.05625
0.225,1,80,ITERATING,True,1.03,-1.871417,650,1.029844,1.029818,1.029876,1.029838,1.029844,dist_bus,650,1.029844,1.029844,1.029844,DISABLED,1.03,1.0,1.0,True,1.0,1.05,1.0,,,,0,0,0,0,False,1.05625,1.0375,1.05625
0.23,1,81,NEXT_STEP,False,1.03,-1.871417,650,1.029844,1.029818,1.029876,1.029838,1.029844,dist_bus,650,1.029844,1.029844,1.029844,DISABLED,1.03,1.0,1.0,True,1.0,1.05,1.0,,,,0,0,0,0,False,1.05625,1.0375,1.05625
0.235,1,83,ITERATING,True,1.03,-1.871417,650,1.029844,1.029818,1.029876,1.029838,1.029844,dist_bus,650,1.029844,1.029844,1.029844,DISABLED,1.03,1.0,1.0,True,1.0,1.05,1.0,,,,0,0,0,0,False,1.05625,1.0375,1.05625
0.24,1,85,ITERATING,True,1.03,-1.871417,650,1.029844,1.029818,1.029876,1.029838,1.029844,dist_bus,650,1.029844,1.029844,1.029844,DISABLED,1.03,1.0,1.0,True,1.0,1.05,1.0,,,,0,0,0,0,False,1.05625,1.0375,1.05625
0.245,1,87,ITERATING,True,1.03,-1.871417,650,1.029844,1.029818,1.029876,1.029838,1.029844,dist_bus,650,1.029844,1.029844,1.029844,DISABLED,1.03,1.0,1.0,True,1.0,1.05,1.0,,,,0,0,0,0,False,1.05625,1.0375,1.05625
0.25,1,88,NEXT_STEP,False,1.03,-1.871417,650,1.029844,1.029818,1.029876,1.029838,1.029844,dist_bus,650,1.029844,1.029844,1.029844,DISABLED,1.03,1.0,1.0,True,1.0,1.05,1.0,,,,0,0,0,0,False,1.05625,1.0375,1.05625
0.255,1,90,ITERATING,True,1.03,-1.871417,650,1.029844,1.029818,1.029876,1.029838,1.029844,dist_bus,650,1.029844,1.029844,1.029844,DISABLED,1.03,1.0,1.0,True,1.0,1.05,1.0,,,,0,0,0,0,False,1.05625,1.0375,1.05625
0.26,1,91,NEXT_STEP,False,1.03,-1.871417,650,1.029844,1.029818,1.029876,1.029838,1.029844,dist_bus,650,1.029844,1.029844,1.029844,DISABLED,1.03,1.0,1.0,True,1.0,1.05,1.0,,,,0,0,0,0,False,1.05625,1.0375,1.05625
0.265,1,93,ITERATING,True,1.03,-1.871417,650,1.029844,1.029818,1.029876,1.029838,1.029844,dist_bus,650,1.029844,1.029844,1.029844,DISABLED,1.03,1.0,1.0,True,1.0,1.05,1.0,,,,0,0,0,0,False,1.05625,1.0375,1.05625
0.27,1,95,ITERATING,True,1.03,-1.871417,650,1.029844,1.029818,1.029876,1.029838,1.029844,dist_bus,650,1.029844,1.029844,1.029844,DISABLED,1.03,1.0,1.0,True,1.0,1.05,1.0,,,,0,0,0,0,False,1.05625,1.0375,1.05625
0.275,1,97,ITERATING,True,1.03,-1.871417,650,1.029844,1.029818,1.029876,1.029838,1.029844,dist_bus,650,1.029844,1.029844,1.029844,DISABLED,1.03,1.0,1.0,True,1.0,1.05,1.0,,,,0,0,0,0,False,1.05625,1.0375,1.05625
0.28,1,99,ITERATING,True,1.03,-1.871417,650,1.029844,1.029818,1.029876,1.029838,1.029844,dist_bus,650,1.029844,1.029844,1.029844,DISABLED,1.03,1.0,1.0,True,1.0,1.05,1.0,,,,0,0,0,0,False,1.05625,1.0375,1.05625
0.285,1,101,ITERATING,True,1.03,-1.871417,650,1.029844,1.029818,1.029876,1.029838,1.029844,dist_bus,650,1.029844,1.029844,1.029844,DISABLED,1.03,1.0,1.0,True,1.0,1.05,1.0,,,,0,0,0,0,False,1.05625,1.0375,1.05625
0.29,1,103,ITERATING,True,1.03,-1.871417,650,1.029844,1.029818,1.029876,1.029838,1.029844,dist_bus,650,1.029844,1.029844,1.029844,DISABLED,1.03,1.0,1.0,True,1.0,1.05,1.0,,,,0,0,0,0,False,1.05625,1.0375,1.05625
0.295,1,105,ITERATING,True,1.03,-1.871417,650,1.029844,1.029818,1.029876,1.029838,1.029844,dist_bus,650,1.029844,1.029844,1.029844,DISABLED,1.03,1.0,1.0,True,1.0,1.05,1.0,,,,0,0,0,0,False,1.05625,1.0375,1.05625
0.3,1,107,ITERATING,True,1.03,-1.871417,650,1.029844,1.029818,1.029876,1.029838,1.029844,dist_bus,650,1.029844,1.029844,1.029844,DISABLED,1.03,1.0,1.0,True,1.0,1.05,1.0,,,,0,0,0,0,False,1.05625,1.0375,1.05625
0.305,1,109,ITERATING,True,1.03,-1.871417,650,1.029844,1.029818,1.029876,1.029838,1.029844,dist_bus,650,1.029844,1.029844,1.029844,DISABLED,1.03,1.0,1.0,True,1.0,1.05,1.0,,,,0,0,0,0,False,1.05625,1.0375,1.05625
0.31,1,111,ITERATING,True,1.03,-1.871417,650,1.029844,1.029818,1.029876,1.029838,1.029844,dist_bus,650,1.029844,1.029844,1.029844,DISABLED,1.03,1.0,1.0,True,1.0,1.05,1.0,,,,0,0,0,0,False,1.05625,1.0375,1.05625
0.315,1,113,ITERATING,True,1.03,-1.871417,650,1.029844,1.029818,1.029876,1.029838,1.029844,dist_bus,650,1.029844,1.029844,1.029844,DISABLED,1.03,1.0,1.0,True,1.0,1.05,1.0,,,,0,0,0,0,False,1.05625,1.0375,1.05625
0.32,1,115,ITERATING,True,1.03,-1.871417,650,1.029844,1.029818,1.029876,1.029838,1.029844,dist_bus,650,1.029844,1.029844,1.029844,DISABLED,1.03,1.0,1.0,True,1.0,1.05,1.0,,,,0,0,0,0,False,1.05625,1.0375,1.05625
0.325,1,117,ITERATING,True,1.03,-1.871417,650,1.029844,1.029818,1.029876,1.029838,1.029844,dist_bus,650,1.029844,1.029844,1.029844,DISABLED,1.03,1.0,1.0,True,1.0,1.05,1.0,,,,0,0,0,0,False,1.05625,1.0375,1.05625
0.33,1,118,NEXT_STEP,False,1.03,-1.871417,650,1.029844,1.029818,1.029876,1.029838,1.029844,dist_bus,650,1.029844,1.029844,1.029844,DISABLED,1.03,1.0,1.0,True,1.0,1.05,1.0,,,,0,0,0,0,False,1.05625,1.0375,1.05625
0.335,1,120,ITERATING,True,1.03,-1.871417,650,1.029844,1.029818,1.029876,1.029838,1.029844,dist_bus,650,1.029844,1.029844,1.029844,DISABLED,1.03,1.0,1.0,True,1.0,1.05,1.0,,,,0,0,0,0,False,1.05625,1.0375,1.05625
0.34,1,122,ITERATING,True,1.03,-1.871417,650,1.029844,1.029818,1.029876,1.029838,1.029844,dist_bus,650,1.029844,1.029844,1.029844,DISABLED,1.03,1.0,1.0,True,1.0,1.05,1.0,,,,0,0,0,0,False,1.05625,1.0375,1.05625
0.345,1,124,ITERATING,True,1.03,-1.871417,650,1.029844,1.029818,1.029876,1.029838,1.029844,dist_bus,650,1.029844,1.029844,1.029844,DISABLED,1.03,1.0,1.0,True,1.0,1.05,1.0,,,,0,0,0,0,False,1.05625,1.0375,1.05625
0.35,1,126,ITERATING,True,1.03,-1.871417,650,1.029844,1.029818,1.029876,1.029838,1.029844,dist_bus,650,1.029844,1.029844,1.029844,DISABLED,1.03,1.0,1.0,True,1.0,1.05,1.0,,,,0,0,0,0,False,1.05625,1.0375,1.05625
0.355,1,128,ITERATING,True,1.03,-1.871417,650,1.029844,1.029818,1.029876,1.029838,1.029844,dist_bus,650,1.029844,1.029844,1.029844,DISABLED,1.03,1.0,1.0,True,1.0,1.05,1.0,,,,0,0,0,0,False,1.05625,1.0375,1.05625
0.36,1,129,NEXT_STEP,False,1.03,-1.871417,650,1.029844,1.029818,1.029876,1.029838,1.029844,dist_bus,650,1.029844,1.029844,1.029844,DISABLED,1.03,1.0,1.0,True,1.0,1.05,1.0,,,,0,0,0,0,False,1.05625,1.0375,1.05625
0.365,1,131,ITERATING,True,1.03,-1.871417,650,1.029844,1.029818,1.029876,1.029838,1.029844,dist_bus,650,1.029844,1.029844,1.029844,DISABLED,1.03,1.0,1.0,True,1.0,1.05,1.0,,,,0,0,0,0,False,1.05625,1.0375,1.05625
0.37,1,133,ITERATING,True,1.03,-1.871417,650,1.029844,1.029818,1.029876,1.029838,1.029844,dist_bus,650,1.029844,1.029844,1.029844,DISABLED,1.03,1.0,1.0,True,1.0,1.05,1.0,,,,0,0,0,0,False,1.05625,1.0375,1.05625
0.375,1,135,ITERATING,True,1.03,-1.871417,650,1.029844,1.029818,1.029876,1.029838,1.029844,dist_bus,650,1.029844,1.029844,1.029844,DISABLED,1.03,1.0,1.0,True,1.0,1.05,1.0,,,,0,0,0,0,False,1.05625,1.0375,1.05625
0.38,1,137,ITERATING,True,1.03,-1.871417,650,1.029844,1.029818,1.029876,1.029838,1.029844,dist_bus,650,1.029844,1.029844,1.029844,DISABLED,1.03,1.0,1.0,True,1.0,1.05,1.0,,,,0,0,0,0,False,1.05625,1.0375,1.05625
0.385,1,139,ITERATING,True,1.03,-1.871417,650,1.029844,1.029818,1.029876,1.029838,1.029844,dist_bus,650,1.029844,1.029844,1.029844,DISABLED,1.03,1.0,1.0,True,1.0,1.05,1.0,,,,0,0,0,0,False,1.05625,1.0375,1.05625
0.39,1,141,ITERATING,True,1.03,-1.871417,650,1.029844,1.029818,1.029876,1.029838,1.029844,dist_bus,650,1.029844,1.029844,1.029844,DISABLED,1.03,1.0,1.0,True,1.0,1.05,1.0,,,,0,0,0,0,False,1.05625,1.0375,1.05625
0.395,1,142,NEXT_STEP,False,1.03,-1.871417,650,1.029844,1.029818,1.029876,1.029838,1.029844,dist_bus,650,1.029844,1.029844,1.029844,DISABLED,1.03,1.0,1.0,True,1.0,1.05,1.0,,,,0,0,0,0,False,1.05625,1.0375,1.05625
0.4,1,144,ITERATING,True,1.03,-1.871417,650,1.029844,1.029818,1.029876,1.029838,1.029844,dist_bus,650,1.029844,1.029844,1.029844,DISABLED,1.03,1.0,1.0,True,1.0,1.05,1.0,,,,0,0,0,0,False,1.05625,1.0375,1.05625
0.405,1,146,ITERATING,True,1.03,-1.871417,650,1.029844,1.029818,1.029876,1.029838,1.029844,dist_bus,650,1.029844,1.029844,1.029844,DISABLED,1.03,1.0,1.0,True,1.0,1.05,1.0,,,,0,0,0,0,False,1.05625,1.0375,1.05625
0.41,1,147,NEXT_STEP,False,1.03,-1.871417,650,1.029844,1.029818,1.029876,1.029838,1.029844,dist_bus,650,1.029844,1.029844,1.029844,DISABLED,1.03,1.0,1.0,True,1.0,1.05,1.0,,,,0,0,0,0,False,1.05625,1.0375,1.05625
0.415,1,148,NEXT_STEP,False,1.03,-1.871417,650,1.029844,1.029818,1.029876,1.029838,1.029844,dist_bus,650,1.029844,1.029844,1.029844,DISABLED,1.03,1.0,1.0,True,1.0,1.05,1.0,,,,0,0,0,0,False,1.05625,1.0375,1.05625
0.42,1,149,NEXT_STEP,False,1.03,-1.871417,650,1.029844,1.029818,1.029876,1.029838,1.029844,dist_bus,650,1.029844,1.029844,1.029844,DISABLED,1.03,1.0,1.0,True,1.0,1.05,1.0,,,,0,0,0,0,False,1.05625,1.0375,1.05625
0.425,1,150,NEXT_STEP,False,1.03,-1.871417,650,1.029844,1.029818,1.029876,1.029838,1.029844,dist_bus,650,1.029844,1.029844,1.029844,DISABLED,1.03,1.0,1.0,True,1.0,1.05,1.0,,,,0,0,0,0,False,1.05625,1.0375,1.05625
0.43,1,151,NEXT_STEP,False,1.03,-1.871417,650,1.029844,1.029818,1.029876,1.029838,1.029844,dist_bus,650,1.029844,1.029844,1.029844,DISABLED,1.03,1.0,1.0,True,1.0,1.05,1.0,,,,0,0,0,0,False,1.05625,1.0375,1.05625
0.435,1,152,NEXT_STEP,False,1.03,-1.871417,650,1.029844,1.029818,1.029876,1.029838,1.029844,dist_bus,650,1.029844,1.029844,1.029844,DISABLED,1.03,1.0,1.0,True,1.0,1.05,1.0,,,,0,0,0,0,False,1.05625,1.0375,1.05625
0.44,1,153,NEXT_STEP,False,1.03,-1.871417,650,1.029844,1.029818,1.029876,1.029838,1.029844,dist_bus,650,1.029844,1.029844,1.029844,DISABLED,1.03,1.0,1.0,True,1.0,1.05,1.0,,,,0,0,0,0,False,1.05625,1.0375,1.05625
0.445,1,154,NEXT_STEP,False,1.03,-1.871417,650,1.029844,1.029818,1.029876,1.029838,1.029844,dist_bus,650,1.029844,1.029844,1.029844,DISABLED,1.03,1.0,1.0,True,1.0,1.05,1.0,,,,0,0,0,0,False,1.05625,1.0375,1.05625
0.45,1,155,NEXT_STEP,False,1.03,-1.871417,650,1.029844,1.029818,1.029876,1.029838,1.029844,dist_bus,650,1.029844,1.029844,1.029844,DISABLED,1.03,1.0,1.0,True,1.0,1.05,1.0,,,,0,0,0,0,False,1.05625,1.0375,1.05625
0.455,1,156,NEXT_STEP,False,1.03,-1.871417,650,1.029844,1.029818,1.029876,1.029838,1.029844,dist_bus,650,1.029844,1.029844,1.029844,DISABLED,1.03,1.0,1.0,True,1.0,1.05,1.0,,,,0,0,0,0,False,1.05625,1.0375,1.05625
0.46,1,157,NEXT_STEP,False,1.03,-1.871417,650,1.029844,1.029818,1.029876,1.029838,1.029844,dist_bus,650,1.029844,1.029844,1.029844,DISABLED,1.03,1.0,1.0,True,1.0,1.05,1.0,,,,0,0,0,0,False,1.05625,1.0375,1.05625
0.465,1,158,NEXT_STEP,False,1.03,-1.871417,650,1.029844,1.029818,1.029876,1.029838,1.029844,dist_bus,650,1.029844,1.029844,1.029844,DISABLED,1.03,1.0,1.0,True,1.0,1.05,1.0,,,,0,0,0,0,False,1.05625,1.0375,1.05625
0.47,1,159,NEXT_STEP,False,1.03,-1.871417,650,1.029844,1.029818,1.029876,1.029838,1.029844,dist_bus,650,1.029844,1.029844,1.029844,DISABLED,1.03,1.0,1.0,True,1.0,1.05,1.0,,,,0,0,0,0,False,1.05625,1.0375,1.05625
0.475,1,160,NEXT_STEP,False,1.03,-1.871417,650,1.029844,1.029818,1.029876,1.029838,1.029844,dist_bus,650,1.029844,1.029844,1.029844,DISABLED,1.03,1.0,1.0,True,1.0,1.05,1.0,,,,0,0,0,0,False,1.05625,1.0375,1.05625
0.48,1,161,NEXT_STEP,False,1.03,-1.871417,650,1.029844,1.029818,1.029876,1.029838,1.029844,dist_bus,650,1.029844,1.029844,1.029844,DISABLED,1.03,1.0,1.0,True,1.0,1.05,1.0,,,,0,0,0,0,False,1.05625,1.0375,1.05625
0.485,1,162,NEXT_STEP,False,1.03,-1.871417,650,1.029844,1.029818,1.029876,1.029838,1.029844,dist_bus,650,1.029844,1.029844,1.029844,DISABLED,1.03,1.0,1.0,True,1.0,1.05,1.0,,,,0,0,0,0,False,1.05625,1.0375,1.05625
0.49,1,163,NEXT_STEP,False,1.03,-1.871417,650,1.029844,1.029818,1.029876,1.029838,1.029844,dist_bus,650,1.029844,1.029844,1.029844,DISABLED,1.03,1.0,1.0,True,1.0,1.05,1.0,,,,0,0,0,0,False,1.05625,1.0375,1.05625
0.495,1,164,NEXT_STEP,False,1.03,-1.871417,650,1.029844,1.029818,1.029876,1.029838,1.029844,dist_bus,650,1.029844,1.029844,1.029844,DISABLED,1.03,1.0,1.0,True,1.0,1.05,1.0,,,,0,0,0,0,False,1.05625,1.0375,1.05625
0.5,1,166,ITERATING,True,1.03,-1.871417,650,1.029844,1.029818,1.029876,1.029838,1.029844,dist_bus,650,1.029844,1.029844,1.029844,DISABLED,1.03,1.0,1.0,True,1.0,1.05,1.0,,,,0,0,0,0,False,1.05625,1.0375,1.05625
0.505,1,167,NEXT_STEP,False,1.03,-1.871417,650,1.029844,1.029818,1.029876,1.029838,1.029844,dist_bus,650,1.029844,1.029844,1.029844,DISABLED,1.03,1.0,1.0,True,1.0,1.05,1.0,,,,0,0,0,0,False,1.05625,1.0375,1.05625
0.51,1,169,ITERATING,True,1.03,-1.871417,650,1.029844,1.029818,1.029876,1.029838,1.029844,dist_bus,650,1.029844,1.029844,1.029844,DISABLED,1.03,1.0,1.0,True,1.0,1.05,1.0,,,,0,0,0,0,False,1.05625,1.0375,1.05625
0.515,1,170,NEXT_STEP,False,1.03,-1.871417,650,1.029844,1.029818,1.029876,1.029838,1.029844,dist_bus,650,1.029844,1.029844,1.029844,DISABLED,1.03,1.0,1.0,True,1.0,1.05,1.0,,,,0,0,0,0,False,1.05625,1.0375,1.05625
0.52,1,171,NEXT_STEP,False,1.03,-1.871417,650,1.029844,1.029818,1.029876,1.029838,1.029844,dist_bus,650,1.029844,1.029844,1.029844,DISABLED,1.03,1.0,1.0,True,1.0,1.05,1.0,,,,0,0,0,0,False,1.05625,1.0375,1.05625
0.525,1,172,NEXT_STEP,False,1.03,-1.871417,650,1.029844,1.029818,1.029876,1.029838,1.029844,dist_bus,650,1.029844,1.029844,1.029844,DISABLED,1.03,1.0,1.0,True,1.0,1.05,1.0,,,,0,0,0,0,False,1.05625,1.0375,1.05625
0.53,1,173,NEXT_STEP,False,1.03,-1.871417,650,1.029844,1.029818,1.029876,1.029838,1.029844,dist_bus,650,1.029844,1.029844,1.029844,DISABLED,1.03,1.0,1.0,True,1.0,1.05,1.0,,,,0,0,0,0,False,1.05625,1.0375,1.05625
0.535,1,174,NEXT_STEP,False,1.03,-1.871417,650,1.029844,1.029818,1.029876,1.029838,1.029844,dist_bus,650,1.029844,1.029844,1.029844,DISABLED,1.03,1.0,1.0,True,1.0,1.05,1.0,,,,0,0,0,0,False,1.05625,1.0375,1.05625
0.54,1,175,NEXT_STEP,False,1.03,-1.871417,650,1.029844,1.029818,1.029876,1.029838,1.029844,dist_bus,650,1.029844,1.029844,1.029844,DISABLED,1.03,1.0,1.0,True,1.0,1.05,1.0,,,,0,0,0,0,False,1.05625,1.0375,1.05625
0.545,1,176,NEXT_STEP,False,1.03,-1.871417,650,1.029844,1.029818,1.029876,1.029838,1.029844,dist_bus,650,1.029844,1.029844,1.029844,DISABLED,1.03,1.0,1.0,True,1.0,1.05,1.0,,,,0,0,0,0,False,1.05625,1.0375,1.05625
0.55,1,177,NEXT_STEP,False,1.03,-1.871417,650,1.029844,1.029818,1.029876,1.029838,1.029844,dist_bus,650,1.029844,1.029844,1.029844,DISABLED,1.03,1.0,1.0,True,1.0,1.05,1.0,,,,0,0,0,0,False,1.05625,1.0375,1.05625
0.555,1,178,NEXT_STEP,False,1.03,-1.871417,650,1.029844,1.029818,1.029876,1.029838,1.029844,dist_bus,650,1.029844,1.029844,1.029844,DISABLED,1.03,1.0,1.0,True,1.0,1.05,1.0,,,,0,0,0,0,False,1.05625,1.0375,1.05625
0.56,1,180,ITERATING,True,1.03,-1.871417,650,1.029844,1.029818,1.029876,1.029838,1.029844,dist_bus,650,1.029844,1.029844,1.029844,DISABLED,1.03,1.0,1.0,True,1.0,1.05,1.0,,,,0,0,0,0,False,1.05625,1.0375,1.05625
0.565,1,182,ITERATING,True,1.03,-1.871417,650,1.029844,1.029818,1.029876,1.029838,1.029844,dist_bus,650,1.029844,1.029844,1.029844,DISABLED,1.03,1.0,1.0,True,1.0,1.05,1.0,,,,0,0,0,0,False,1.05625,1.0375,1.05625
0.57,1,183,NEXT_STEP,False,1.03,-1.871417,650,1.029844,1.029818,1.029876,1.029838,1.029844,dist_bus,650,1.029844,1.029844,1.029844,DISABLED,1.03,1.0,1.0,True,1.0,1.05,1.0,,,,0,0,0,0,False,1.05625,1.0375,1.05625
0.575,1,185,ITERATING,True,1.03,-1.871417,650,1.029844,1.029818,1.029876,1.029838,1.029844,dist_bus,650,1.029844,1.029844,1.029844,DISABLED,1.03,1.0,1.0,True,1.0,1.05,1.0,,,,0,0,0,0,False,1.05625,1.0375,1.05625
0.58,1,186,NEXT_STEP,False,1.03,-1.871417,650,1.029844,1.029818,1.029876,1.029838,1.029844,dist_bus,650,1.029844,1.029844,1.029844,DISABLED,1.03,1.0,1.0,True,1.0,1.05,1.0,,,,0,0,0,0,False,1.05625,1.0375,1.05625
0.585,1,187,NEXT_STEP,False,1.03,-1.871417,650,1.029844,1.029818,1.029876,1.029838,1.029844,dist_bus,650,1.029844,1.029844,1.029844,DISABLED,1.03,1.0,1.0,True,1.0,1.05,1.0,,,,0,0,0,0,False,1.05625,1.0375,1.05625
0.59,1,188,NEXT_STEP,False,1.03,-1.871417,650,1.029844,1.029818,1.029876,1.029838,1.029844,dist_bus,650,1.029844,1.029844,1.029844,DISABLED,1.03,1.0,1.0,True,1.0,1.05,1.0,,,,0,0,0,0,False,1.05625,1.0375,1.05625
0.595,1,189,NEXT_STEP,False,1.03,-1.871417,650,1.029844,1.029818,1.029876,1.029838,1.029844,dist_bus,650,1.029844,1.029844,1.029844,DISABLED,1.03,1.0,1.0,True,1.0,1.05,1.0,,,,0,0,0,0,False,1.05625,1.0375,1.05625
0.6,1,190,NEXT_STEP,False,1.03,-1.871417,650,1.029844,1.029818,1.029876,1.029838,1.029844,dist_bus,650,1.029844,1.029844,1.029844,DISABLED,1.03,1.0,1.0,True,1.0,1.05,1.0,,,,0,0,0,0,False,1.05625,1.0375,1.05625
0.605,1,191,NEXT_STEP,False,1.03,-1.871417,650,1.029844,1.029818,1.029876,1.029838,1.029844,dist_bus,650,1.029844,1.029844,1.029844,DISABLED,1.03,1.0,1.0,True,1.0,1.05,1.0,,,,0,0,0,0,False,1.05625,1.0375,1.05625
0.61,1,192,NEXT_STEP,False,1.03,-1.871417,650,1.029844,1.029818,1.029876,1.029838,1.029844,dist_bus,650,1.029844,1.029844,1.029844,DISABLED,1.03,1.0,1.0,True,1.0,1.05,1.0,,,,0,0,0,0,False,1.05625,1.0375,1.05625
0.615,1,193,NEXT_STEP,False,1.03,-1.871417,650,1.029844,1.029818,1.029876,1.029838,1.029844,dist_bus,650,1.029844,1.029844,1.029844,DISABLED,1.03,1.0,1.0,True,1.0,1.05,1.0,,,,0,0,0,0,False,1.05625,1.0375,1.05625
0.62,1,194,NEXT_STEP,False,1.03,-1.871417,650,1.029844,1.029818,1.029876,1.029838,1.029844,dist_bus,650,1.029844,1.029844,1.029844,DISABLED,1.03,1.0,1.0,True,1.0,1.05,1.0,,,,0,0,0,0,False,1.05625,1.0375,1.05625
0.625,1,195,NEXT_STEP,False,1.03,-1.871417,650,1.029844,1.029818,1.029876,1.029838,1.029844,dist_bus,650,1.029844,1.029844,1.029844,DISABLED,1.03,1.0,1.0,True,1.0,1.05,1.0,,,,0,0,0,0,False,1.05625,1.0375,1.05625
0.63,1,196,NEXT_STEP,False,1.03,-1.871417,650,1.029844,1.029818,1.029876,1.029838,1.029844,dist_bus,650,1.029844,1.029844,1.029844,DISABLED,1.03,1.0,1.0,True,1.0,1.05,1.0,,,,0,0,0,0,False,1.05625,1.0375,1.05625
0.635,1,198,ITERATING,True,1.03,-1.871417,650,1.029844,1.029818,1.029876,1.029838,1.029844,dist_bus,650,1.029844,1.029844,1.029844,DISABLED,1.03,1.0,1.0,True,1.0,1.05,1.0,,,,0,0,0,0,False,1.05625,1.0375,1.05625
0.64,1,199,NEXT_STEP,False,1.03,-1.871417,650,1.029844,1.029818,1.029876,1.029838,1.029844,dist_bus,650,1.029844,1.029844,1.029844,DISABLED,1.03,1.0,1.0,True,1.0,1.05,1.0,,,,0,0,0,0,False,1.05625,1.0375,1.05625
0.645,1,201,ITERATING,True,1.03,-1.871417,650,1.029844,1.029818,1.029876,1.029838,1.029844,dist_bus,650,1.029844,1.029844,1.029844,DISABLED,1.03,1.0,1.0,True,1.0,1.05,1.0,,,,0,0,0,0,False,1.05625,1.0375,1.05625
0.65,1,202,NEXT_STEP,False,1.03,-1.871417,650,1.029844,1.029818,1.029876,1.029838,1.029844,dist_bus,650,1.029844,1.029844,1.029844,DISABLED,1.03,1.0,1.0,True,1.0,1.05,1.0,,,,0,0,0,0,False,1.05625,1.0375,1.05625
0.655,1,203,NEXT_STEP,False,1.03,-1.871417,650,1.029844,1.029818,1.029876,1.029838,1.029844,dist_bus,650,1.029844,1.029844,1.029844,DISABLED,1.03,1.0,1.0,True,1.0,1.05,1.0,,,,0,0,0,0,False,1.05625,1.0375,1.05625
0.66,1,204,NEXT_STEP,False,1.03,-1.871417,650,1.029844,1.029818,1.029876,1.029838,1.029844,dist_bus,650,1.029844,1.029844,1.029844,DISABLED,1.03,1.0,1.0,True,1.0,1.05,1.0,,,,0,0,0,0,False,1.05625,1.0375,1.05625
0.665,1,205,NEXT_STEP,False,1.03,-1.871417,650,1.029844,1.029818,1.029876,1.029838,1.029844,dist_bus,650,1.029844,1.029844,1.029844,DISABLED,1.03,1.0,1.0,True,1.0,1.05,1.0,,,,0,0,0,0,False,1.05625,1.0375,1.05625
0.67,1,206,NEXT_STEP,False,1.03,-1.871417,650,1.029844,1.029818,1.029876,1.029838,1.029844,dist_bus,650,1.029844,1.029844,1.029844,DISABLED,1.03,1.0,1.0,True,1.0,1.05,1.0,,,,0,0,0,0,False,1.05625,1.0375,1.05625
0.675,1,207,NEXT_STEP,False,1.03,-1.871417,650,1.029844,1.029818,1.029876,1.029838,1.029844,dist_bus,650,1.029844,1.029844,1.029844,DISABLED,1.03,1.0,1.0,True,1.0,1.05,1.0,,,,0,0,0,0,False,1.05625,1.0375,1.05625
0.68,1,208,NEXT_STEP,False,1.03,-1.871417,650,1.029844,1.029818,1.029876,1.029838,1.029844,dist_bus,650,1.029844,1.029844,1.029844,DISABLED,1.03,1.0,1.0,True,1.0,1.05,1.0,,,,0,0,0,0,False,1.05625,1.0375,1.05625
0.685,1,209,NEXT_STEP,False,1.03,-1.871417,650,1.029844,1.029818,1.029876,1.029838,1.029844,dist_bus,650,1.029844,1.029844,1.029844,DISABLED,1.03,1.0,1.0,True,1.0,1.05,1.0,,,,0,0,0,0,False,1.05625,1.0375,1.05625
0.69,1,210,NEXT_STEP,False,1.03,-1.871417,650,1.029844,1.029818,1.029876,1.029838,1.029844,dist_bus,650,1.029844,1.029844,1.029844,DISABLED,1.03,1.0,1.0,True,1.0,1.05,1.0,,,,0,0,0,0,False,1.05625,1.0375,1.05625
0.695,1,212,ITERATING,True,1.03,-1.871417,650,1.029844,1.029818,1.029876,1.029838,1.029844,dist_bus,650,1.029844,1.029844,1.029844,DISABLED,1.03,1.0,1.0,True,1.0,1.05,1.0,,,,0,0,0,0,False,1.05625,1.0375,1.05625
0.7,1,213,NEXT_STEP,False,1.03,-1.871417,650,1.029844,1.029818,1.029876,1.029838,1.029844,dist_bus,650,1.029844,1.029844,1.029844,DISABLED,1.03,1.0,1.0,True,1.0,1.05,1.0,,,,0,0,0,0,False,1.05625,1.0375,1.05625
0.705,1,214,NEXT_STEP,False,1.03,-1.871417,650,1.029844,1.029818,1.029876,1.029838,1.029844,dist_bus,650,1.029844,1.029844,1.029844,DISABLED,1.03,1.0,1.0,True,1.0,1.05,1.0,,,,0,0,0,0,False,1.05625,1.0375,1.05625
0.71,1,215,NEXT_STEP,False,1.03,-1.871417,650,1.029844,1.029818,1.029876,1.029838,1.029844,dist_bus,650,1.029844,1.029844,1.029844,DISABLED,1.03,1.0,1.0,True,1.0,1.05,1.0,,,,0,0,0,0,False,1.05625,1.0375,1.05625
0.715,1,216,NEXT_STEP,False,1.03,-1.871417,650,1.029844,1.029818,1.029876,1.029838,1.029844,dist_bus,650,1.029844,1.029844,1.029844,DISABLED,1.03,1.0,1.0,True,1.0,1.05,1.0,,,,0,0,0,0,False,1.05625,1.0375,1.05625
0.72,1,217,NEXT_STEP,False,1.03,-1.871417,650,1.029844,1.029818,1.029876,1.029838,1.029844,dist_bus,650,1.029844,1.029844,1.029844,DISABLED,1.03,1.0,1.0,True,1.0,1.05,1.0,,,,0,0,0,0,False,1.05625,1.0375,1.05625
0.725,1,218,NEXT_STEP,False,1.03,-1.871417,650,1.029844,1.029818,1.029876,1.029838,1.029844,dist_bus,650,1.029844,1.029844,1.029844,DISABLED,1.03,1.0,1.0,True,1.0,1.05,1.0,,,,0,0,0,0,False,1.05625,1.0375,1.05625
0.73,1,219,NEXT_STEP,False,1.03,-1.871417,650,1.029844,1.029818,1.029876,1.029838,1.029844,dist_bus,650,1.029844,1.029844,1.029844,DISABLED,1.03,1.0,1.0,True,1.0,1.05,1.0,,,,0,0,0,0,False,1.05625,1.0375,1.05625
0.735,1,220,NEXT_STEP,False,1.03,-1.871417,650,1.029844,1.029818,1.029876,1.029838,1.029844,dist_bus,650,1.029844,1.029844,1.029844,DISABLED,1.03,1.0,1.0,True,1.0,1.05,1.0,,,,0,0,0,0,False,1.05625,1.0375,1.05625
0.74,1,222,ITERATING,True,1.03,-1.871417,650,1.029844,1.029818,1.029876,1.029838,1.029844,dist_bus,650,1.029844,1.029844,1.029844,DISABLED,1.03,1.0,1.0,True,1.0,1.05,1.0,,,,0,0,0,0,False,1.05625,1.0375,1.05625
0.745,1,223,NEXT_STEP,False,1.03,-1.871417,650,1.029844,1.029818,1.029876,1.029838,1.029844,dist_bus,650,1.029844,1.029844,1.029844,DISABLED,1.03,1.0,1.0,True,1.0,1.05,1.0,,,,0,0,0,0,False,1.05625,1.0375,1.05625
0.75,1,224,NEXT_STEP,False,1.03,-1.871417,650,1.029844,1.029818,1.029876,1.029838,1.029844,dist_bus,650,1.029844,1.029844,1.029844,DISABLED,1.03,1.0,1.0,True,1.0,1.05,1.0,,,,0,0,0,0,False,1.05625,1.0375,1.05625
0.755,1,226,ITERATING,True,1.03,-1.871417,650,1.029844,1.029818,1.029876,1.029838,1.029844,dist_bus,650,1.029844,1.029844,1.029844,DISABLED,1.03,1.0,1.0,True,1.0,1.05,1.0,,,,0,0,0,0,False,1.05625,1.0375,1.05625
0.76,1,227,NEXT_STEP,False,1.03,-1.871417,650,1.029844,1.029818,1.029876,1.029838,1.029844,dist_bus,650,1.029844,1.029844,1.029844,DISABLED,1.03,1.0,1.0,True,1.0,1.05,1.0,,,,0,0,0,0,False,1.05625,1.0375,1.05625
0.765,1,228,NEXT_STEP,False,1.03,-1.871417,650,1.029844,1.029818,1.029876,1.029838,1.029844,dist_bus,650,1.029844,1.029844,1.029844,DISABLED,1.03,1.0,1.0,True,1.0,1.05,1.0,,,,0,0,0,0,False,1.05625,1.0375,1.05625
0.77,1,229,NEXT_STEP,False,1.03,-1.871417,650,1.029844,1.029818,1.029876,1.029838,1.029844,dist_bus,650,1.029844,1.029844,1.029844,DISABLED,1.03,1.0,1.0,True,1.0,1.05,1.0,,,,0,0,0,0,False,1.05625,1.0375,1.05625
0.775,1,230,NEXT_STEP,False,1.03,-1.871417,650,1.029844,1.029818,1.029876,1.029838,1.029844,dist_bus,650,1.029844,1.029844,1.029844,DISABLED,1.03,1.0,1.0,True,1.0,1.05,1.0,,,,0,0,0,0,False,1.05625,1.0375,1.05625
0.78,1,231,NEXT_STEP,False,1.03,-1.871417,650,1.029844,1.029818,1.029876,1.029838,1.029844,dist_bus,650,1.029844,1.029844,1.029844,DISABLED,1.03,1.0,1.0,True,1.0,1.05,1.0,,,,0,0,0,0,False,1.05625,1.0375,1.05625
0.785,1,232,NEXT_STEP,False,1.03,-1.871417,650,1.029844,1.029818,1.029876,1.029838,1.029844,dist_bus,650,1.029844,1.029844,1.029844,DISABLED,1.03,1.0,1.0,True,1.0,1.05,1.0,,,,0,0,0,0,False,1.05625,1.0375,1.05625
0.79,1,233,NEXT_STEP,False,1.03,-1.871417,650,1.029844,1.029818,1.029876,1.029838,1.029844,dist_bus,650,1.029844,1.029844,1.029844,DISABLED,1.03,1.0,1.0,True,1.0,1.05,1.0,,,,0,0,0,0,False,1.05625,1.0375,1.05625
0.795,1,234,NEXT_STEP,False,1.03,-1.871417,650,1.029844,1.029818,1.029876,1.029838,1.029844,dist_bus,650,1.029844,1.029844,1.029844,DISABLED,1.03,1.0,1.0,True,1.0,1.05,1.0,,,,0,0,0,0,False,1.05625,1.0375,1.05625
0.8,1,235,NEXT_STEP,False,1.03,-1.871417,650,1.029844,1.029818,1.029876,1.029838,1.029844,dist_bus,650,1.029844,1.029844,1.029844,DISABLED,1.03,1.0,1.0,True,1.0,1.05,1.0,,,,0,0,0,0,False,1.05625,1.0375,1.05625
0.805,1,236,NEXT_STEP,False,1.03,-1.871417,650,1.029844,1.029818,1.029876,1.029838,1.029844,dist_bus,650,1.029844,1.029844,1.029844,DISABLED,1.03,1.0,1.0,True,1.0,1.05,1.0,,,,0,0,0,0,False,1.05625,1.0375,1.05625
0.81,1,237,NEXT_STEP,False,1.03,-1.871417,650,1.029844,1.029818,1.029876,1.029838,1.029844,dist_bus,650,1.029844,1.029844,1.029844,DISABLED,1.03,1.0,1.0,True,1.0,1.05,1.0,,,,0,0,0,0,False,1.05625,1.0375,1.05625
0.815,1,238,NEXT_STEP,False,1.03,-1.871417,650,1.029844,1.029818,1.029876,1.029838,1.029844,dist_bus,650,1.029844,1.029844,1.029844,DISABLED,1.03,1.0,1.0,True,1.0,1.05,1.0,,,,0,0,0,0,False,1.05625,1.0375,1.05625
0.82,1,239,NEXT_STEP,False,1.03,-1.871417,650,1.029844,1.029818,1.029876,1.029838,1.029844,dist_bus,650,1.029844,1.029844,1.029844,DISABLED,1.03,1.0,1.0,True,1.0,1.05,1.0,,,,0,0,0,0,False,1.05625,1.0375,1.05625
0.825,1,240,NEXT_STEP,False,1.03,-1.871417,650,1.029844,1.029818,1.029876,1.029838,1.029844,dist_bus,650,1.029844,1.029844,1.029844,DISABLED,1.03,1.0,1.0,True,1.0,1.05,1.0,,,,0,0,0,0,False,1.05625,1.0375,1.05625
0.83,1,241,NEXT_STEP,False,1.03,-1.871417,650,1.029844,1.029818,1.029876,1.029838,1.029844,dist_bus,650,1.029844,1.029844,1.029844,DISABLED,1.03,1.0,1.0,True,1.0,1.05,1.0,,,,0,0,0,0,False,1.05625,1.0375,1.05625
0.835,1,242,NEXT_STEP,False,1.03,-1.871417,650,1.029844,1.029818,1.029876,1.029838,1.029844,dist_bus,650,1.029844,1.029844,1.029844,DISABLED,1.03,1.0,1.0,True,1.0,1.05,1.0,,,,0,0,0,0,False,1.05625,1.0375,1.05625
0.84,1,244,ITERATING,True,1.03,-1.871417,650,1.029844,1.029818,1.029876,1.029838,1.029844,dist_bus,650,1.029844,1.029844,1.029844,DISABLED,1.03,1.0,1.0,True,1.0,1.05,1.0,,,,0,0,0,0,False,1.05625,1.0375,1.05625
0.845,1,245,NEXT_STEP,False,1.03,-1.871417,650,1.029844,1.029818,1.029876,1.029838,1.029844,dist_bus,650,1.029844,1.029844,1.029844,DISABLED,1.03,1.0,1.0,True,1.0,1.05,1.0,,,,0,0,0,0,False,1.05625,1.0375,1.05625
0.85,1,247,ITERATING,True,1.03,-1.871417,650,1.029844,1.029818,1.029876,1.029838,1.029844,dist_bus,650,1.029844,1.029844,1.029844,DISABLED,1.03,1.0,1.0,True,1.0,1.05,1.0,,,,0,0,0,0,False,1.05625,1.0375,1.05625
0.855,1,248,NEXT_STEP,False,1.03,-1.871417,650,1.029844,1.029818,1.029876,1.029838,1.029844,dist_bus,650,1.029844,1.029844,1.029844,DISABLED,1.03,1.0,1.0,True,1.0,1.05,1.0,,,,0,0,0,0,False,1.05625,1.0375,1.05625
0.86,1,249,NEXT_STEP,False,1.03,-1.871417,650,1.029844,1.029818,1.029876,1.029838,1.029844,dist_bus,650,1.029844,1.029844,1.029844,DISABLED,1.03,1.0,1.0,True,1.0,1.05,1.0,,,,0,0,0,0,False,1.05625,1.0375,1.05625
0.865,1,250,NEXT_STEP,False,1.03,-1.871417,650,1.029844,1.029818,1.029876,1.029838,1.029844,dist_bus,650,1.029844,1.029844,1.029844,DISABLED,1.03,1.0,1.0,True,1.0,1.05,1.0,,,,0,0,0,0,False,1.05625,1.0375,1.05625
0.87,1,251,NEXT_STEP,False,1.03,-1.871417,650,1.029844,1.029818,1.029876,1.029838,1.029844,dist_bus,650,1.029844,1.029844,1.029844,DISABLED,1.03,1.0,1.0,True,1.0,1.05,1.0,,,,0,0,0,0,False,1.05625,1.0375,1.05625
0.875,1,252,NEXT_STEP,False,1.03,-1.871417,650,1.029844,1.029818,1.029876,1.029838,1.029844,dist_bus,650,1.029844,1.029844,1.029844,DISABLED,1.03,1.0,1.0,True,1.0,1.05,1.0,,,,0,0,0,0,False,1.05625,1.0375,1.05625
0.88,1,253,NEXT_STEP,False,1.03,-1.871417,650,1.029844,1.029818,1.029876,1.029838,1.029844,dist_bus,650,1.029844,1.029844,1.029844,DISABLED,1.03,1.0,1.0,True,1.0,1.05,1.0,,,,0,0,0,0,False,1.05625,1.0375,1.05625
0.885,1,254,NEXT_STEP,False,1.03,-1.871417,650,1.029844,1.029818,1.029876,1.029838,1.029844,dist_bus,650,1.029844,1.029844,1.029844,DISABLED,1.03,1.0,1.0,True,1.0,1.05,1.0,,,,0,0,0,0,False,1.05625,1.0375,1.05625
0.89,1,255,NEXT_STEP,False,1.03,-1.871417,650,1.029844,1.029818,1.029876,1.029838,1.029844,dist_bus,650,1.029844,1.029844,1.029844,DISABLED,1.03,1.0,1.0,True,1.0,1.05,1.0,,,,0,0,0,0,False,1.05625,1.0375,1.05625
0.895,1,256,NEXT_STEP,False,1.03,-1.871417,650,1.029844,1.029818,1.029876,1.029838,1.029844,dist_bus,650,1.029844,1.029844,1.029844,DISABLED,1.03,1.0,1.0,True,1.0,1.05,1.0,,,,0,0,0,0,False,1.05625,1.0375,1.05625
0.9,1,257,NEXT_STEP,False,1.03,-1.871417,650,1.029844,1.029818,1.029876,1.029838,1.029844,dist_bus,650,1.029844,1.029844,1.029844,DISABLED,1.03,1.0,1.0,True,1.0,1.05,1.0,,,,0,0,0,0,False,1.05625,1.0375,1.05625
0.905,1,258,NEXT_STEP,False,1.03,-1.871417,650,1.029844,1.029818,1.029876,1.029838,1.029844,dist_bus,650,1.029844,1.029844,1.029844,DISABLED,1.03,1.0,1.0,True,1.0,1.05,1.0,,,,0,0,0,0,False,1.05625,1.0375,1.05625
0.91,1,259,NEXT_STEP,False,1.03,-1.871417,650,1.029844,1.029818,1.029876,1.029838,1.029844,dist_bus,650,1.029844,1.029844,1.029844,DISABLED,1.03,1.0,1.0,True,1.0,1.05,1.0,,,,0,0,0,0,False,1.05625,1.0375,1.05625
0.915,1,260,NEXT_STEP,False,1.03,-1.871417,650,1.029844,1.029818,1.029876,1.029838,1.029844,dist_bus,650,1.029844,1.029844,1.029844,DISABLED,1.03,1.0,1.0,True,1.0,1.05,1.0,,,,0,0,0,0,False,1.05625,1.0375,1.05625
0.92,1,261,NEXT_STEP,False,1.03,-1.871417,650,1.029844,1.029818,1.029876,1.029838,1.029844,dist_bus,650,1.029844,1.029844,1.029844,DISABLED,1.03,1.0,1.0,True,1.0,1.05,1.0,,,,0,0,0,0,False,1.05625,1.0375,1.05625
0.925,1,262,NEXT_STEP,False,1.03,-1.871417,650,1.029844,1.029818,1.029876,1.029838,1.029844,dist_bus,650,1.029844,1.029844,1.029844,DISABLED,1.03,1.0,1.0,True,1.0,1.05,1.0,,,,0,0,0,0,False,1.05625,1.0375,1.05625
0.93,1,263,NEXT_STEP,False,1.03,-1.871417,650,1.029844,1.029818,1.029876,1.029838,1.029844,dist_bus,650,1.029844,1.029844,1.029844,DISABLED,1.03,1.0,1.0,True,1.0,1.05,1.0,,,,0,0,0,0,False,1.05625,1.0375,1.05625
0.935,1,264,NEXT_STEP,False,1.03,-1.871417,650,1.029844,1.029818,1.029876,1.029838,1.029844,dist_bus,650,1.029844,1.029844,1.029844,DISABLED,1.03,1.0,1.0,True,1.0,1.05,1.0,,,,0,0,0,0,False,1.05625,1.0375,1.05625
0.94,1,266,ITERATING,True,1.03,-1.871417,650,1.029844,1.029818,1.029876,1.029838,1.029844,dist_bus,650,1.029844,1.029844,1.029844,DISABLED,1.03,1.0,1.0,True,1.0,1.05,1.0,,,,0,0,0,0,False,1.05625,1.0375,1.05625
0.945,1,268,ITERATING,True,1.03,-1.871417,650,1.029844,1.029818,1.029876,1.029838,1.029844,dist_bus,650,1.029844,1.029844,1.029844,DISABLED,1.03,1.0,1.0,True,1.0,1.05,1.0,,,,0,0,0,0,False,1.05625,1.0375,1.05625
0.95,1,269,NEXT_STEP,False,1.03,-1.871417,650,1.029844,1.029818,1.029876,1.029838,1.029844,dist_bus,650,1.029844,1.029844,1.029844,DISABLED,1.03,1.0,1.0,True,1.0,1.05,1.0,,,,0,0,0,0,False,1.05625,1.0375,1.05625
0.955,1,271,ITERATING,True,1.03,-1.871417,650,1.029844,1.029818,1.029876,1.029838,1.029844,dist_bus,650,1.029844,1.029844,1.029844,DISABLED,1.03,1.0,1.0,True,1.0,1.05,1.0,,,,0,0,0,0,False,1.05625,1.0375,1.05625
0.96,1,272,NEXT_STEP,False,1.03,-1.871417,650,1.029844,1.029818,1.029876,1.029838,1.029844,dist_bus,650,1.029844,1.029844,1.029844,DISABLED,1.03,1.0,1.0,True,1.0,1.05,1.0,,,,0,0,0,0,False,1.05625,1.0375,1.05625
0.965,1,273,NEXT_STEP,False,1.03,-1.871417,650,1.029844,1.029818,1.029876,1.029838,1.029844,dist_bus,650,1.029844,1.029844,1.029844,DISABLED,1.03,1.0,1.0,True,1.0,1.05,1.0,,,,0,0,0,0,False,1.05625,1.0375,1.05625
0.97,1,274,NEXT_STEP,False,1.03,-1.871417,650,1.029844,1.029818,1.029876,1.029838,1.029844,dist_bus,650,1.029844,1.029844,1.029844,DISABLED,1.03,1.0,1.0,True,1.0,1.05,1.0,,,,0,0,0,0,False,1.05625,1.0375,1.05625
0.975,1,275,NEXT_STEP,False,1.03,-1.871417,650,1.029844,1.029818,1.029876,1.029838,1.029844,dist_bus,650,1.029844,1.029844,1.029844,DISABLED,1.03,1.0,1.0,True,1.0,1.05,1.0,,,,0,0,0,0,False,1.05625,1.0375,1.05625
0.98,1,276,NEXT_STEP,False,1.03,-1.871417,650,1.029844,1.029818,1.029876,1.029838,1.029844,dist_bus,650,1.029844,1.029844,1.029844,DISABLED,1.03,1.0,1.0,True,1.0,1.05,1.0,,,,0,0,0,0,False,1.05625,1.0375,1.05625
0.985,1,277,NEXT_STEP,False,1.03,-1.871417,650,1.029844,1.029818,1.029876,1.029838,1.029844,dist_bus,650,1.029844,1.029844,1.029844,DISABLED,1.03,1.0,1.0,True,1.0,1.05,1.0,,,,0,0,0,0,False,1.05625,1.0375,1.05625
0.99,1,278,NEXT_STEP,False,1.03,-1.871417,650,1.029844,1.029818,1.029876,1.029838,1.029844,dist_bus,650,1.029844,1.029844,1.029844,DISABLED,1.03,1.0,1.0,True,1.0,1.05,1.0,,,,0,0,0,0,False,1.05625,1.0375,1.05625
0.995,1,279,NEXT_STEP,False,1.03,-1.871417,650,1.029844,1.029818,1.029876,1.029838,1.029844,dist_bus,650,1.029844,1.029844,1.029844,DISABLED,1.03,1.0,1.0,True,1.0,1.05,1.0,,,,0,0,0,0,False,1.05625,1.0375,1.05625
1.0,1,280,NEXT_STEP,False,1.03,-1.871417,650,1.029844,1.029818,1.029876,1.029838,1.029844,dist_bus,650,1.029844,1.029844,1.029844,DISABLED,1.03,1.0,1.0,True,1.0,1.05,1.0,,,,0,0,0,0,False,1.05625,1.0375,1.05625
1.005,1,282,ITERATING,True,1.031669,-1.42166,650,1.031514,1.031488,1.031546,1.031507,1.031514,dist_bus,650,1.031514,1.031514,1.031514,DISABLED,1.031669,1.0,1.0,True,1.0,1.05,1.0,,,,0,0,0,0,False,1.05625,1.0375,1.05625
1.01,1,284,ITERATING,True,1.031505,-1.404187,650,1.031349,1.031324,1.031382,1.031343,1.031349,dist_bus,650,1.031349,1.031349,1.031349,DISABLED,1.031505,1.0,1.0,True,1.0,1.05,1.0,,,,0,0,0,0,False,1.05625,1.0375,1.05625
1.015,1,286,ITERATING,True,1.031347,-1.389368,650,1.031191,1.031166,1.031224,1.031185,1.031191,dist_bus,650,1.031191,1.031191,1.031191,DISABLED,1.031347,1.0,1.0,True,1.0,1.05,1.0,,,,0,0,0,0,False,1.05625,1.0375,1.05625
1.02,1,288,ITERATING,True,1.031193,-1.376871,650,1.031037,1.031011,1.03107,1.031031,1.031037,dist_bus,650,1.031037,1.031037,1.031037,DISABLED,1.031193,1.0,1.0,True,1.0,1.05,1.0,,,,0,0,0,0,False,1.05625,1.0375,1.05625
1.025,1,290,ITERATING,True,1.031044,-1.366261,650,1.030888,1.030862,1.030921,1.030882,1.030888,dist_bus,650,1.030888,1.030888,1.030888,DISABLED,1.031044,1.0,1.0,True,1.0,1.05,1.0,,,,0,0,0,0,False,1.05625,1.0375,1.05625
1.03,1,292,ITERATING,True,1.030898,-1.357197,650,1.030742,1.030716,1.030775,1.030736,1.030742,dist_bus,650,1.030742,1.030742,1.030742,DISABLED,1.030898,1.0,1.0,True,1.0,1.05,1.0,,,,0,0,0,0,False,1.05625,1.0375,1.05625
1.035,1,294,ITERATING,True,1.030756,-1.3494,650,1.0306,1.030574,1.030633,1.030594,1.0306,dist_bus,650,1.0306,1.0306,1.0306,DISABLED,1.030756,1.0,1.0,True,1.0,1.05,1.0,,,,0,0,0,0,False,1.05625,1.0375,1.05625
1.04,1,296,ITERATING,True,1.030617,-1.342642,650,1.030461,1.030435,1.030494,1.030455,1.030461,dist_bus,650,1.030461,1.030461,1.030461,DISABLED,1.030617,1.0,1.0,True,1.0,1.05,1.0,,,,0,0,0,0,False,1.05625,1.0375,1.05625
1.045,1,298,ITERATING,True,1.030481,-1.336736,650,1.030325,1.030299,1.030358,1.030319,1.030325,dist_bus,650,1.030325,1.030325,1.030325,DISABLED,1.030481,1.0,1.0,True,1.0,1.05,1.0,,,,0,0,0,0,False,1.05625,1.0375,1.05625
1.05,1,300,ITERATING,True,1.030348,-1.33153,650,1.030192,1.030166,1.030225,1.030186,1.030192,dist_bus,650,1.030192,1.030192,1.030192,DISABLED,1.030348,1.0,1.0,True,1.0,1.05,1.0,,,,0,0,0,0,False,1.05625,1.0375,1.05625
1.055,1,302,ITERATING,True,1.030219,-1.326898,650,1.030063,1.030037,1.030096,1.030057,1.030063,dist_bus,650,1.030063,1.030063,1.030063,DISABLED,1.030219,1.0,1.0,True,1.0,1.05,1.0,,,,0,0,0,0,False,1.05625,1.0375,1.05625
1.06,1,304,ITERATING,True,1.030092,-1.322737,650,1.029936,1.02991,1.029969,1.02993,1.029936,dist_bus,650,1.029936,1.029936,1.029936,DISABLED,1.030092,1.0,1.0,True,1.0,1.05,1.0,,,,0,0,0,0,False,1.05625,1.0375,1.05625
1.065,1,306,ITERATING,True,1.029969,-1.318963,650,1.029813,1.029787,1.029845,1.029807,1.029813,dist_bus,650,1.029813,1.029813,1.029813,DISABLED,1.029969,1.0,1.0,True,1.0,1.05,1.0,,,,0,0,0,0,False,1.05625,1.0375,1.05625
1.07,1,308,ITERATING,True,1.02985,-1.315507,650,1.029694,1.029668,1.029726,1.029688,1.029694,dist_bus,650,1.029694,1.029694,1.029694,DISABLED,1.02985,1.0,1.0,True,1.0,1.05,1.0,,,,0,0,0,0,False,1.05625,1.0375,1.05625
1.075,1,310,ITERATING,True,1.029733,-1.312312,650,1.029577,1.029551,1.029609,1.029571,1.029577,dist_bus,650,1.029577,1.029577,1.029577,DISABLED,1.029733,1.0,1.0,True,1.0,1.05,1.0,,,,0,0,0,0,False,1.05625,1.0375,1.05625
1.08,1,312,ITERATING,True,1.029621,-1.309331,650,1.029465,1.029439,1.029497,1.029459,1.029465,dist_bus,650,1.029465,1.029465,1.029465,DISABLED,1.029621,1.0,1.0,True,1.0,1.05,1.0,,,,0,0,0,0,False,1.05625,1.0375,1.05625
1.085,1,314,ITERATING,True,1.029512,-1.306526,650,1.029356,1.02933,1.029388,1.02935,1.029356,dist_bus,650,1.029356,1.029356,1.029356,DISABLED,1.029512,1.0,1.0,True,1.0,1.05,1.0,,,,0,0,0,0,False,1.05625,1.0375,1.05625
1.09,1,316,ITERATING,True,1.029407,-1.303867,650,1.029251,1.029225,1.029283,1.029245,1.029251,dist_bus,650,1.029251,1.029251,1.029251,DISABLED,1.029407,1.0,1.0,True,1.0,1.05,1.0,,,,0,0,0,0,False,1.05625,1.0375,1.05625
1.095,1,318,ITERATING,True,1.029305,-1.301328,650,1.029149,1.029123,1.029181,1.029143,1.029149,dist_bus,650,1.029149,1.029149,1.029149,DISABLED,1.029305,1.0,1.0,True,1.0,1.05,1.0,,,,0,0,0,0,False,1.05625,1.0375,1.05625
1.1,1,320,ITERATING,True,1.029208,-1.298889,650,1.029052,1.029026,1.029084,1.029046,1.029052,dist_bus,650,1.029052,1.029052,1.029052,DISABLED,1.029208,1.0,1.0,True,1.0,1.05,1.0,,,,0,0,0,0,False,1.05625,1.0375,1.05625
1.105,1,322,ITERATING,True,1.029114,-1.296535,650,1.028958,1.028932,1.02899,1.028952,1.028958,dist_bus,650,1.028958,1.028958,1.028958,DISABLED,1.029114,1.0,1.0,True,1.0,1.05,1.0,,,,0,0,0,0,False,1.05625,1.0375,1.05625
1.11,1,324,ITERATING,True,1.029024,-1.294252,650,1.028868,1.028842,1.0289,1.028862,1.028868,dist_bus,650,1.028868,1.028868,1.028868,DISABLED,1.029024,1.0,1.0,True,1.0,1.05,1.0,,,,0,0,0,0,False,1.05625,1.0375,1.05625
1.115,1,326,ITERATING,True,1.028937,-1.29203,650,1.028781,1.028755,1.028813,1.028775,1.028781,dist_bus,650,1.028781,1.028781,1.028781,DISABLED,1.028937,1.0,1.0,True,1.0,1.05,1.0,,,,0,0,0,0,False,1.05625,1.0375,1.05625
1.12,1,328,ITERATING,True,1.028854,-1.289862,650,1.028698,1.028672,1.02873,1.028692,1.028698,dist_bus,650,1.028698,1.028698,1.028698,DISABLED,1.028854,1.0,1.0,True,1.0,1.05,1.0,,,,0,0,0,0,False,1.05625,1.0375,1.05625
1.125,1,330,ITERATING,True,1.028775,-1.287743,650,1.028619,1.028593,1.028651,1.028613,1.028619,dist_bus,650,1.028619,1.028619,1.028619,DISABLED,1.028775,1.0,1.0,True,1.0,1.05,1.0,,,,0,0,0,0,False,1.05625,1.0375,1.05625
1.13,1,332,ITERATING,True,1.028699,-1.285668,650,1.028543,1.028517,1.028575,1.028537,1.028543,dist_bus,650,1.028543,1.028543,1.028543,DISABLED,1.028699,1.0,1.0,True,1.0,1.05,1.0,,,,0,0,0,0,False,1.05625,1.0375,1.05625
1.135,1,334,ITERATING,True,1.028627,-1.283635,650,1.028471,1.028445,1.028503,1.028465,1.028471,dist_bus,650,1.028471,1.028471,1.028471,DISABLED,1.028627,1.0,1.0,True,1.0,1.05,1.0,,,,0,0,0,0,False,1.05625,1.0375,1.05625
1.14,1,336,ITERATING,True,1.028558,-1.281643,650,1.028402,1.028376,1.028434,1.028396,1.028402,dist_bus,650,1.028402,1.028402,1.028402,DISABLED,1.028558,1.0,1.0,True,1.0,1.05,1.0,,,,0,0,0,0,False,1.05625,1.0375,1.05625
1.145,1,338,ITERATING,True,1.028492,-1.27969,650,1.028336,1.02831,1.028368,1.02833,1.028336,dist_bus,650,1.028336,1.028336,1.028336,DISABLED,1.028492,1.0,1.0,True,1.0,1.05,1.0,,,,0,0,0,0,False,1.05625,1.0375,1.05625
1.15,1,340,ITERATING,True,1.02843,-1.277777,650,1.028274,1.028248,1.028306,1.028268,1.028274,dist_bus,650,1.028274,1.028274,1.028274,DISABLED,1.02843,1.0,1.0,True,1.0,1.05,1.0,,,,0,0,0,0,False,1.05625,1.0375,1.05625
1.155,1,342,ITERATING,True,1.028371,-1.275906,650,1.028215,1.028189,1.028247,1.028209,1.028215,dist_bus,650,1.028215,1.028215,1.028215,DISABLED,1.028371,1.0,1.0,True,1.0,1.05,1.0,,,,0,0,0,0,False,1.05625,1.0375,1.05625
1.16,1,344,ITERATING,True,1.028315,-1.274077,650,1.028159,1.028133,1.028191,1.028153,1.028159,dist_bus,650,1.028159,1.028159,1.028159,DISABLED,1.028315,1.0,1.0,True,1.0,1.05,1.0,,,,0,0,0,0,False,1.05625,1.0375,1.05625
1.165,1,346,ITERATING,True,1.028262,-1.272292,650,1.028106,1.02808,1.028138,1.0281,1.028106,dist_bus,650,1.028106,1.028106,1.028106,DISABLED,1.028262,1.0,1.0,True,1.0,1.05,1.0,,,,0,0,0,0,False,1.05625,1.0375,1.05625
1.17,1,348,ITERATING,True,1.028212,-1.270554,650,1.028056,1.02803,1.028088,1.02805,1.028056,dist_bus,650,1.028056,1.028056,1.028056,DISABLED,1.028212,1.0,1.0,True,1.0,1.05,1.0,,,,0,0,0,0,False,1.05625,1.0375,1.05625
1.175,1,350,ITERATING,True,1.028165,-1.268864,650,1.028009,1.027983,1.028041,1.028003,1.028009,dist_bus,650,1.028009,1.028009,1.028009,DISABLED,1.028165,1.0,1.0,True,1.0,1.05,1.0,,,,0,0,0,0,False,1.05625,1.0375,1.05625
1.18,1,352,ITERATING,True,1.02812,-1.267226,650,1.027964,1.027938,1.027996,1.027958,1.027964,dist_bus,650,1.027964,1.027964,1.027964,DISABLED,1.02812,1.0,1.0,True,1.0,1.05,1.0,,,,0,0,0,0,False,1.05625,1.0375,1.05625
1.185,1,354,ITERATING,True,1.028078,-1.265642,650,1.027922,1.027896,1.027954,1.027916,1.027922,dist_bus,650,1.027922,1.027922,1.027922,DISABLED,1.028078,1.0,1.0,True,1.0,1.05,1.0,,,,0,0,0,0,False,1.05625,1.0375,1.05625
1.19,1,356,ITERATING,True,1.028039,-1.264115,650,1.027883,1.027857,1.027915,1.027877,1.027883,dist_bus,650,1.027883,1.027883,1.027883,DISABLED,1.028039,1.0,1.0,True,1.0,1.05,1.0,,,,0,0,0,0,False,1.05625,1.0375,1.05625
1.195,1,358,ITERATING,True,1.028003,-1.262649,650,1.027847,1.027821,1.027879,1.027841,1.027847,dist_bus,650,1.027847,1.027847,1.027847,DISABLED,1.028003,1.0,1.0,True,1.0,1.05,1.0,,,,0,0,0,0,False,1.05625,1.0375,1.05625
1.2,1,360,ITERATING,True,1.027969,-1.261247,650,1.027813,1.027787,1.027845,1.027807,1.027813,dist_bus,650,1.027813,1.027813,1.027813,DISABLED,1.027969,1.0,1.0,True,1.0,1.05,1.0,,,,0,0,0,0,False,1.05625,1.0375,1.05625
1.205,1,362,ITERATING,True,1.025506,-1.807331,650,1.025349,1.025323,1.025382,1.025343,1.025349,dist_bus,650,1.025349,1.025349,1.025349,DISABLED,1.025506,1.0,1.0,True,1.0,1.05,1.0,,,,0,0,0,0,False,1.05625,1.0375,1.05625
1.21,1,364,ITERATING,True,1.025693,-1.82112,650,1.025536,1.02551,1.025569,1.02553,1.025536,dist_bus,650,1.025536,1.025536,1.025536,DISABLED,1.025693,1.0,1.0,True,1.0,1.05,1.0,,,,0,0,0,0,False,1.05625,1.0375,1.05625
1.215,1,366,ITERATING,True,1.025877,-1.83254,650,1.02572,1.025694,1.025753,1.025714,1.02572,dist_bus,650,1.02572,1.02572,1.02572,DISABLED,1.025877,1.0,1.0,True,1.0,1.05,1.0,,,,0,0,0,0,False,1.05625,1.0375,1.05625
1.22,1,368,ITERATING,True,1.026056,-1.841888,650,1.025899,1.025873,1.025932,1.025893,1.025899,dist_bus,650,1.025899,1.025899,1.025899,DISABLED,1.026056,1.0,1.0,True,1.0,1.05,1.0,,,,0,0,0,0,False,1.05625,1.0375,1.05625
1.225,1,370,ITERATING,True,1.02623,-1.849577,650,1.026073,1.026047,1.026106,1.026067,1.026073,dist_bus,650,1.026073,1.026073,1.026073,DISABLED,1.02623,1.0,1.0,True,1.0,1.05,1.0,,,,0,0,0,0,False,1.05625,1.0375,1.05625
1.23,1,372,ITERATING,True,1.026401,-1.855928,650,1.026244,1.026218,1.026277,1.026238,1.026244,dist_bus,650,1.026244,1.026244,1.026244,DISABLED,1.026401,1.0,1.0,True,1.0,1.05,1.0,,,,0,0,0,0,False,1.05625,1.0375,1.05625
1.235,1,374,ITERATING,True,1.026568,-1.861198,650,1.026412,1.026385,1.026444,1.026405,1.026412,dist_bus,650,1.026412,1.026412,1.026412,DISABLED,1.026568,1.0,1.0,True,1.0,1.05,1.0,,,,0,0,0,0,False,1.05625,1.0375,1.05625
1.24,1,376,ITERATING,True,1.026731,-1.865594,650,1.026575,1.026548,1.026607,1.026568,1.026575,dist_bus,650,1.026575,1.026575,1.026575,DISABLED,1.026731,1.0,1.0,True,1.0,1.05,1.0,,,,0,0,0,0,False,1.05625,1.0375,1.05625
1.245,1,378,ITERATING,True,1.026891,-1.869285,650,1.026735,1.026708,1.026767,1.026728,1.026735,dist_bus,650,1.026735,1.026735,1.026735,DISABLED,1.026891,1.0,1.0,True,1.0,1.05,1.0,,,,0,0,0,0,False,1.05625,1.0375,1.05625
1.25,1,380,ITERATING,True,1.027048,-1.87241,650,1.026892,1.026865,1.026924,1.026885,1.026892,dist_bus,650,1.026892,1.026892,1.026892,DISABLED,1.027048,1.0,1.0,True,1.0,1.05,1.0,,,,0,0,0,0,False,1.05625,1.0375,1.05625
1.255,1,382,ITERATING,True,1.027202,-1.875081,650,1.027046,1.02702,1.027078,1.027039,1.027046,dist_bus,650,1.027046,1.027046,1.027046,DISABLED,1.027202,1.0,1.0,True,1.0,1.05,1.0,,,,0,0,0,0,False,1.05625,1.0375,1.05625
1.26,1,384,ITERATING,True,1.027352,-1.87739,650,1.027196,1.02717,1.027228,1.027189,1.027196,dist_bus,650,1.027196,1.027196,1.027196,DISABLED,1.027352,1.0,1.0,True,1.0,1.05,1.0,,,,0,0,0,0,False,1.05625,1.0375,1.05625
1.265,1,386,ITERATING,True,1.027499,-1.879412,650,1.027343,1.027317,1.027375,1.027336,1.027343,dist_bus,650,1.027343,1.027343,1.027343,DISABLED,1.027499,1.0,1.0,True,1.0,1.05,1.0,,,,0,0,0,0,False,1.05625,1.0375,1.05625
1.27,1,388,ITERATING,True,1.027643,-1.881211,650,1.027487,1.027461,1.027519,1.02748,1.027487,dist_bus,650,1.027487,1.027487,1.027487,DISABLED,1.027643,1.0,1.0,True,1.0,1.05,1.0,,,,0,0,0,0,False,1.05625,1.0375,1.05625
1.275,1,390,ITERATING,True,1.027783,-1.882837,650,1.027627,1.027601,1.027659,1.02762,1.027627,dist_bus,650,1.027627,1.027627,1.027627,DISABLED,1.027783,1.0,1.0,True,1.0,1.05,1.0,,,,0,0,0,0,False,1.05625,1.0375,1.05625
1.28,1,392,ITERATING,True,1.02792,-1.884333,650,1.027764,1.027738,1.027796,1.027758,1.027764,dist_bus,650,1.027764,1.027764,1.027764,DISABLED,1.02792,1.0,1.0,True,1.0,1.05,1.0,,,,0,0,0,0,False,1.05625,1.0375,1.05625
1.285,1,394,ITERATING,True,1.028054,-1.885734,650,1.027898,1.027872,1.02793,1.027892,1.027898,dist_bus,650,1.027898,1.027898,1.027898,DISABLED,1.028054,1.0,1.0,True,1.0,1.05,1.0,,,,0,0,0,0,False,1.05625,1.0375,1.05625
1.29,1,396,ITERATING,True,1.028184,-1.887069,650,1.028028,1.028002,1.02806,1.028022,1.028028,dist_bus,650,1.028028,1.028028,1.028028,DISABLED,1.028184,1.0,1.0,True,1.0,1.05,1.0,,,,0,0,0,0,False,1.05625,1.0375,1.05625
1.295,1,398,ITERATING,True,1.028311,-1.888363,650,1.028155,1.028129,1.028187,1.028149,1.028155,dist_bus,650,1.028155,1.028155,1.028155,DISABLED,1.028311,1.0,1.0,True,1.0,1.05,1.0,,,,0,0,0,0,False,1.05625,1.0375,1.05625
1.3,1,400,ITERATING,True,1.028434,-1.889636,650,1.028278,1.028252,1.02831,1.028272,1.028278,dist_bus,650,1.028278,1.028278,1.028278,DISABLED,1.028434,1.0,1.0,True,1.0,1.05,1.0,,,,0,0,0,0,False,1.05625,1.0375,1.05625
1.305,1,402,ITERATING,True,1.028555,-1.890901,650,1.028399,1.028373,1.028431,1.028393,1.028399,dist_bus,650,1.028399,1.028399,1.028399,DISABLED,1.028555,1.0,1.0,True,1.0,1.05,1.0,,,,0,0,0,0,False,1.05625,1.0375,1.05625
1.31,1,404,ITERATING,True,1.028672,-1.892173,650,1.028516,1.02849,1.028548,1.02851,1.028516,dist_bus,650,1.028516,1.028516,1.028516,DISABLED,1.028672,1.0,1.0,True,1.0,1.05,1.0,,,,0,0,0,0,False,1.05625,1.0375,1.05625
1.315,1,406,ITERATING,True,1.028786,-1.893461,650,1.02863,1.028604,1.028662,1.028624,1.02863,dist_bus,650,1.02863,1.02863,1.02863,DISABLED,1.028786,1.0,1.0,True,1.0,1.05,1.0,,,,0,0,0,0,False,1.05625,1.0375,1.05625
1.32,1,408,ITERATING,True,1.028897,-1.894775,650,1.028741,1.028715,1.028773,1.028735,1.028741,dist_bus,650,1.028741,1.028741,1.028741,DISABLED,1.028897,1.0,1.0,True,1.0,1.05,1.0,,,,0,0,0,0,False,1.05625,1.0375,1.05625
1.325,1,410,ITERATING,True,1.029005,-1.89612,650,1.028849,1.028823,1.028881,1.028843,1.028849,dist_bus,650,1.028849,1.028849,1.028849,DISABLED,1.029005,1.0,1.0,True,1.0,1.05,1.0,,,,0,0,0,0,False,1.05625,1.0375,1.05625
1.33,1,412,ITERATING,True,1.02911,-1.897502,650,1.028954,1.028928,1.028986,1.028948,1.028954,dist_bus,650,1.028954,1.028954,1.028954,DISABLED,1.02911,1.0,1.0,True,1.0,1.05,1.0,,,,0,0,0,0,False,1.05625,1.0375,1.05625
1.335,1,414,ITERATING,True,1.029212,-1.898924,650,1.029056,1.02903,1.029088,1.02905,1.029056,dist_bus,650,1.029056,1.029056,1.029056,DISABLED,1.029212,1.0,1.0,True,1.0,1.05,1.0,,,,0,0,0,0,False,1.05625,1.0375,1.05625
1.34,1,416,ITERATING,True,1.029312,-1.900389,650,1.029156,1.02913,1.029188,1.02915,1.029156,dist_bus,650,1.029156,1.029156,1.029156,DISABLED,1.029312,1.0,1.0,True,1.0,1.05,1.0,,,,0,0,0,0,False,1.05625,1.0375,1.05625
1.345,1,418,ITERATING,True,1.029408,-1.901899,650,1.029252,1.029226,1.029284,1.029246,1.029252,dist_bus,650,1.029252,1.029252,1.029252,DISABLED,1.029408,1.0,1.0,True,1.0,1.05,1.0,,,,0,0,0,0,False,1.05625,1.0375,1.05625
1.35,1,420,ITERATING,True,1.029503,-1.903455,650,1.029347,1.029321,1.029379,1.029341,1.029347,dist_bus,650,1.029347,1.029347,1.029347,DISABLED,1.029503,1.0,1.0,True,1.0,1.05,1.0,,,,0,0,0,0,False,1.05625,1.0375,1.05625
1.355,1,422,ITERATING,True,1.029594,-1.905057,650,1.029438,1.029412,1.02947,1.029432,1.029438,dist_bus,650,1.029438,1.029438,1.029438,DISABLED,1.029594,1.0,1.0,True,1.0,1.05,1.0,,,,0,0,0,0,False,1.05625,1.0375,1.05625
1.36,1,424,ITERATING,True,1.029684,-1.906705,650,1.029528,1.029502,1.02956,1.029522,1.029528,dist_bus,650,1.029528,1.029528,1.029528,DISABLED,1.029684,1.0,1.0,True,1.0,1.05,1.0,,,,0,0,0,0,False,1.05625,1.0375,1.05625
1.365,1,426,ITERATING,True,1.029771,-1.908398,650,1.029615,1.029589,1.029647,1.029609,1.029615,dist_bus,650,1.029615,1.029615,1.029615,DISABLED,1.029771,1.0,1.0,True,1.0,1.05,1.0,,,,0,0,0,0,False,1.05625,1.0375,1.05625
1.37,1,428,ITERATING,True,1.029855,-1.910135,650,1.029699,1.029673,1.029731,1.029693,1.029699,dist_bus,650,1.029699,1.029699,1.029699,DISABLED,1.029855,1.0,1.0,True,1.0,1.05,1.0,,,,0,0,0,0,False,1.05625,1.0375,1.05625
1.375,1,430,ITERATING,True,1.029938,-1.911915,650,1.029782,1.029756,1.029814,1.029776,1.029782,dist_bus,650,1.029782,1.029782,1.029782,DISABLED,1.029938,1.0,1.0,True,1.0,1.05,1.0,,,,0,0,0,0,False,1.05625,1.0375,1.05625
1.38,1,432,ITERATING,True,1.030018,-1.913735,650,1.029862,1.029836,1.029894,1.029856,1.029862,dist_bus,650,1.029862,1.029862,1.029862,DISABLED,1.030018,1.0,1.0,True,1.0,1.05,1.0,,,,0,0,0,0,False,1.05625,1.0375,1.05625
1.385,1,434,ITERATING,True,1.030096,-1.915595,650,1.02994,1.029914,1.029973,1.029934,1.02994,dist_bus,650,1.02994,1.02994,1.02994,DISABLED,1.030096,1.0,1.0,True,1.0,1.05,1.0,,,,0,0,0,0,False,1.05625,1.0375,1.05625
1.39,1,436,ITERATING,True,1.030172,-1.917491,650,1.030016,1.02999,1.030049,1.03001,1.030016,dist_bus,650,1.030016,1.030016,1.030016,DISABLED,1.030172,1.0,1.0,True,1.0,1.05,1.0,,,,0,0,0,0,False,1.05625,1.0375,1.05625
1.395,1,438,ITERATING,True,1.030246,-1.919422,650,1.03009,1.030064,1.030123,1.030084,1.03009,dist_bus,650,1.03009,1.03009,1.03009,DISABLED,1.030246,1.0,1.0,True,1.0,1.05,1.0,,,,0,0,0,0,False,1.05625,1.0375,1.05625
1.4,1,440,ITERATING,True,1.030318,-1.921385,650,1.030162,1.030136,1.030195,1.030156,1.030162,dist_bus,650,1.030162,1.030162,1.030162,DISABLED,1.030318,1.0,1.0,True,1.0,1.05,1.0,,,,0,0,0,0,False,1.05625,1.0375,1.05625
1.405,1,442,ITERATING,True,1.030388,-1.923377,650,1.030232,1.030206,1.030265,1.030226,1.030232,dist_bus,650,1.030232,1.030232,1.030232,DISABLED,1.030388,1.0,1.0,True,1.0,1.05,1.0,,,,0,0,0,0,False,1.05625,1.0375,1.05625
1.41,1,444,ITERATING,True,1.030457,-1.925397,650,1.030301,1.030275,1.030334,1.030295,1.030301,dist_bus,650,1.030301,1.030301,1.030301,DISABLED,1.030457,1.0,1.0,True,1.0,1.05,1.0,,,,0,0,0,0,False,1.05625,1.0375,1.05625
1.415,1,446,ITERATING,True,1.030523,-1.927441,650,1.030367,1.030341,1.0304,1.030361,1.030367,dist_bus,650,1.030367,1.030367,1.030367,DISABLED,1.030523,1.0,1.0,True,1.0,1.05,1.0,,,,0,0,0,0,False,1.05625,1.0375,1.05625
1.42,1,448,ITERATING,True,1.030588,-1.929507,650,1.030432,1.030406,1.030465,1.030426,1.030432,dist_bus,650,1.030432,1.030432,1.030432,DISABLED,1.030588,1.0,1.0,True,1.0,1.05,1.0,,,,0,0,0,0,False,1.05625,1.0375,1.05625
1.425,1,450,ITERATING,True,1.030651,-1.931592,650,1.030495,1.030469,1.030528,1.030489,1.030495,dist_bus,650,1.030495,1.030495,1.030495,DISABLED,1.030651,1.0,1.0,True,1.0,1.05,1.0,,,,0,0,0,0,False,1.05625,1.0375,1.05625
1.43,1,452,ITERATING,True,1.030712,-1.933693,650,1.030556,1.03053,1.030589,1.03055,1.030556,dist_bus,650,1.030556,1.030556,1.030556,DISABLED,1.030712,1.0,1.0,True,1.0,1.05,1.0,,,,0,0,0,0,False,1.05625,1.0375,1.05625
1.435,1,454,ITERATING,True,1.030771,-1.935809,650,1.030615,1.030589,1.030648,1.030609,1.030615,dist_bus,650,1.030615,1.030615,1.030615,DISABLED,1.030771,1.0,1.0,True,1.0,1.05,1.0,,,,0,0,0,0,False,1.05625,1.0375,1.05625
1.44,1,456,ITERATING,True,1.030829,-1.937935,650,1.030673,1.030647,1.030706,1.030667,1.030673,dist_bus,650,1.030673,1.030673,1.030673,DISABLED,1.030829,1.0,1.0,True,1.0,1.05,1.0,,,,0,0,0,0,False,1.05625,1.0375,1.05625
1.445,1,458,ITERATING,True,1.030885,-1.94007,650,1.030729,1.030703,1.030762,1.030723,1.030729,dist_bus,650,1.030729,1.030729,1.030729,DISABLED,1.030885,1.0,1.0,True,1.0,1.05,1.0,,,,0,0,0,0,False,1.05625,1.0375,1.05625
1.45,1,460,ITERATING,True,1.03094,-1.942212,650,1.030784,1.030758,1.030817,1.030778,1.030784,dist_bus,650,1.030784,1.030784,1.030784,DISABLED,1.03094,1.0,1.0,True,1.0,1.05,1.0,,,,0,0,0,0,False,1.05625,1.0375,1.05625
1.455,1,462,ITERATING,True,1.030992,-1.944357,650,1.030836,1.03081,1.030869,1.03083,1.030836,dist_bus,650,1.030836,1.030836,1.030836,DISABLED,1.030992,1.0,1.0,True,1.0,1.05,1.0,,,,0,0,0,0,False,1.05625,1.0375,1.05625
1.46,1,464,ITERATING,True,1.031044,-1.946503,650,1.030888,1.030862,1.030921,1.030882,1.030888,dist_bus,650,1.030888,1.030888,1.030888,DISABLED,1.031044,1.0,1.0,True,1.0,1.05,1.0,,,,0,0,0,0,False,1.05625,1.0375,1.05625
1.465,1,466,ITERATING,True,1.031093,-1.948649,650,1.030937,1.030911,1.03097,1.030931,1.030937,dist_bus,650,1.030937,1.030937,1.030937,DISABLED,1.031093,1.0,1.0,True,1.0,1.05,1.0,,,,0,0,0,0,False,1.05625,1.0375,1.05625
1.47,1,468,ITERATING,True,1.031141,-1.95079,650,1.030985,1.030959,1.031018,1.030979,1.030985,dist_bus,650,1.030985,1.030985,1.030985,DISABLED,1.031141,1.0,1.0,True,1.0,1.05,1.0,,,,0,0,0,0,False,1.05625,1.0375,1.05625
1.475,1,470,ITERATING,True,1.031187,-1.952927,650,1.031031,1.031005,1.031064,1.031025,1.031031,dist_bus,650,1.031031,1.031031,1.031031,DISABLED,1.031187,1.0,1.0,True,1.0,1.05,1.0,,,,0,0,0,0,False,1.05625,1.0375,1.05625
1.48,1,472,ITERATING,True,1.031232,-1.955055,650,1.031076,1.03105,1.031109,1.03107,1.031076,dist_bus,650,1.031076,1.031076,1.031076,DISABLED,1.031232,1.0,1.0,True,1.0,1.05,1.0,,,,0,0,0,0,False,1.05625,1.0375,1.05625
1.485,1,474,ITERATING,True,1.031275,-1.957174,650,1.031119,1.031094,1.031152,1.031113,1.031119,dist_bus,650,1.031119,1.031119,1.031119,DISABLED,1.031275,1.0,1.0,True,1.0,1.05,1.0,,,,0,0,0,0,False,1.05625,1.0375,1.05625
1.49,1,476,ITERATING,True,1.031317,-1.959282,650,1.031161,1.031136,1.031194,1.031155,1.031161,dist_bus,650,1.031161,1.031161,1.031161,DISABLED,1.031317,1.0,1.0,True,1.0,1.05,1.0,,,,0,0,0,0,False,1.05625,1.0375,1.05625
1.495,1,478,ITERATING,True,1.031357,-1.961375,650,1.031201,1.031176,1.031234,1.031195,1.031201,dist_bus,650,1.031201,1.031201,1.031201,DISABLED,1.031357,1.0,1.0,True,1.0,1.05,1.0,,,,0,0,0,0,False,1.05625,1.0375,1.05625
1.5,1,480,ITERATING,True,1.031396,-1.963454,650,1.03124,1.031215,1.031273,1.031234,1.03124,dist_bus,650,1.03124,1.03124,1.03124,DISABLED,1.031396,1.0,1.0,True,1.0,1.05,1.0,,,,0,0,0,0,False,1.05625,1.0375,1.05625
1.505,1,482,ITERATING,True,1.031433,-1.965515,650,1.031277,1.031252,1.03131,1.031271,1.031277,dist_bus,650,1.031277,1.031277,1.031277,DISABLED,1.031433,1.0,1.0,True,1.0,1.05,1.0,,,,0,0,0,0,False,1.05625,1.0375,1.05625
1.51,1,484,ITERATING,True,1.031468,-1.967557,650,1.031312,1.031287,1.031345,1.031306,1.031312,dist_bus,650,1.031312,1.031312,1.031312,DISABLED,1.031468,1.0,1.0,True,1.0,1.05,1.0,,,,0,0,0,0,False,1.05625,1.0375,1.05625
1.515,1,486,ITERATING,True,1.031503,-1.969579,650,1.031347,1.031322,1.03138,1.031341,1.031347,dist_bus,650,1.031347,1.031347,1.031347,DISABLED,1.031503,1.0,1.0,True,1.0,1.05,1.0,,,,0,0,0,0,False,1.05625,1.0375,1.05625
1.52,1,488,ITERATING,True,1.031535,-1.97158,650,1.031379,1.031354,1.031412,1.031373,1.031379,dist_bus,650,1.031379,1.031379,1.031379,DISABLED,1.031535,1.0,1.0,True,1.0,1.05,1.0,,,,0,0,0,0,False,1.05625,1.0375,1.05625
1.525,1,490,ITERATING,True,1.031566,-1.973558,650,1.03141,1.031385,1.031443,1.031404,1.03141,dist_bus,650,1.03141,1.03141,1.03141,DISABLED,1.031566,1.0,1.0,True,1.0,1.05,1.0,,,,0,0,0,0,False,1.05625,1.0375,1.05625
1.53,1,492,ITERATING,True,1.031596,-1.975511,650,1.031441,1.031415,1.031473,1.031434,1.031441,dist_bus,650,1.031441,1.031441,1.031441,DISABLED,1.031596,1.0,1.0,True,1.0,1.05,1.0,,,,0,0,0,0,False,1.05625,1.0375,1.05625
1.535,1,494,ITERATING,True,1.031624,-1.977439,650,1.031469,1.031443,1.031501,1.031462,1.031469,dist_bus,650,1.031469,1.031469,1.031469,DISABLED,1.031624,1.0,1.0,True,1.0,1.05,1.0,,,,0,0,0,0,False,1.05625,1.0375,1.05625
1.54,1,496,ITERATING,True,1.03165,-1.979341,650,1.031495,1.031469,1.031527,1.031488,1.031495,dist_bus,650,1.031495,1.031495,1.031495,DISABLED,1.03165,1.0,1.0,True,1.0,1.05,1.0,,,,0,0,0,0,False,1.05625,1.0375,1.05625
1.545,1,498,ITERATING,True,1.031675,-1.981215,650,1.03152,1.031494,1.031552,1.031513,1.03152,dist_bus,650,1.03152,1.03152,1.03152,DISABLED,1.031675,1.0,1.0,True,1.0,1.05,1.0,,,,0,0,0,0,False,1.05625,1.0375,1.05625
1.55,1,500,ITERATING,True,1.031699,-1.983061,650,1.031544,1.031518,1.031576,1.031537,1.031544,dist_bus,650,1.031544,1.031544,1.031544,DISABLED,1.031699,1.0,1.0,True,1.0,1.05,1.0,,,,0,0,0,0,False,1.05625,1.0375,1.05625
1.555,1,502,ITERATING,True,1.031721,-1.984877,650,1.031566,1.03154,1.031598,1.031559,1.031566,dist_bus,650,1.031566,1.031566,1.031566,DISABLED,1.031721,1.0,1.0,True,1.0,1.05,1.0,,,,0,0,0,0,False,1.05625,1.0375,1.05625
1.56,1,504,ITERATING,True,1.031742,-1.986664,650,1.031587,1.031561,1.031619,1.03158,1.031587,dist_bus,650,1.031587,1.031587,1.031587,DISABLED,1.031742,1.0,1.0,True,1.0,1.05,1.0,,,,0,0,0,0,False,1.05625,1.0375,1.05625
1.565,1,506,ITERATING,True,1.031762,-1.98842,650,1.031607,1.031581,1.031639,1.0316,1.031607,dist_bus,650,1.031607,1.031607,1.031607,DISABLED,1.031762,1.0,1.0,True,1.0,1.05,1.0,,,,0,0,0,0,False,1.05625,1.0375,1.05625
1.57,1,508,ITERATING,True,1.031779,-1.990145,650,1.031624,1.031598,1.031656,1.031617,1.031624,dist_bus,650,1.031624,1.031624,1.031624,DISABLED,1.031779,1.0,1.0,True,1.0,1.05,1.0,,,,0,0,0,0,False,1.05625,1.0375,1.05625
1.575,1,510,ITERATING,True,1.031796,-1.991839,650,1.031641,1.031615,1.031673,1.031634,1.031641,dist_bus,650,1.031641,1.031641,1.031641,DISABLED,1.031796,1.0,1.0,True,1.0,1.05,1.0,,,,0,0,0,0,False,1.05625,1.0375,1.05625
1.58,1,512,ITERATING,True,1.031811,-1.993501,650,1.031656,1.03163,1.031688,1.031649,1.031656,dist_bus,650,1.031656,1.031656,1.031656,DISABLED,1.031811,1.0,1.0,True,1.0,1.05,1.0,,,,0,0,0,0,False,1.05625,1.0375,1.05625
1.585,1,513,NEXT_STEP,True,1.031825,-1.99513,650,1.03167,1.031644,1.031702,1.031663,1.03167,dist_bus,650,1.03167,1.03167,1.03167,DISABLED,1.031825,1.0,1.0,True,1.0,1.05,1.0,,,,0,0,0,0,False,1.05625,1.0375,1.05625
1.605,1,515,ITERATING,True,1.031866,-2.00132,650,1.031711,1.031685,1.031743,1.031704,1.031711,dist_bus,650,1.031711,1.031711,1.031711,DISABLED,1.031866,1.0,1.0,True,1.0,1.05,1.0,,,,0,0,0,0,False,1.05625,1.0375,1.05625
1.61,1,516,NEXT_STEP,True,1.031874,-2.00279,650,1.031719,1.031693,1.031751,1.031712,1.031719,dist_bus,650,1.031719,1.031719,1.031719,DISABLED,1.031874,1.0,1.0,True,1.0,1.05,1.0,,,,0,0,0,0,False,1.05625,1.0375,1.05625
1.63,1,518,ITERATING,True,1.031889,-2.008329,650,1.031734,1.031708,1.031766,1.031727,1.031734,dist_bus,650,1.031734,1.031734,1.031734,DISABLED,1.031889,1.0,1.0,True,1.0,1.05,1.0,,,,0,0,0,0,False,1.05625,1.0375,1.05625
1.635,1,519,NEXT_STEP,True,1.03189,-2.009636,650,1.031735,1.031709,1.031767,1.031728,1.031735,dist_bus,650,1.031735,1.031735,1.031735,DISABLED,1.03189,1.0,1.0,True,1.0,1.05,1.0,,,,0,0,0,0,False,1.05625,1.0375,1.05625
1.655,1,521,ITERATING,True,1.031882,-2.014563,650,1.031727,1.031701,1.031759,1.03172,1.031727,dist_bus,650,1.031727,1.031727,1.031727,DISABLED,1.031882,1.0,1.0,True,1.0,1.05,1.0,,,,0,0,0,0,False,1.05625,1.0375,1.05625
1.66,1,522,NEXT_STEP,True,1.031878,-2.01572,650,1.031723,1.031697,1.031755,1.031716,1.031723,dist_bus,650,1.031723,1.031723,1.031723,DISABLED,1.031878,1.0,1.0,True,1.0,1.05,1.0,,,,0,0,0,0,False,1.05625,1.0375,1.05625
1.68,1,524,ITERATING,True,1.031848,-2.020071,650,1.031693,1.031667,1.031725,1.031686,1.031693,dist_bus,650,1.031693,1.031693,1.031693,DISABLED,1.031848,1.0,1.0,True,1.0,1.05,1.0,,,,0,0,0,0,False,1.05625,1.0375,1.05625
1.685,1,525,NEXT_STEP,True,1.031838,-2.021089,650,1.031683,1.031657,1.031715,1.031676,1.031683,dist_bus,650,1.031683,1.031683,1.031683,DISABLED,1.031838,1.0,1.0,True,1.0,1.05,1.0,,,,0,0,0,0,False,1.05625,1.0375,1.05625
1.705,1,527,ITERATING,True,1.031789,-2.024932,650,1.031634,1.031608,1.031666,1.031627,1.031634,dist_bus,650,1.031634,1.031634,1.031634,DISABLED,1.031789,1.0,1.0,True,1.0,1.05,1.0,,,,0,0,0,0,False,1.05625,1.0375,1.05625
1.71,1,528,NEXT_STEP,True,1.031775,-2.025831,650,1.03162,1.031594,1.031652,1.031613,1.03162,dist_bus,650,1.03162,1.03162,1.03162,DISABLED,1.031775,1.0,1.0,True,1.0,1.05,1.0,,,,0,0,0,0,False,1.05625,1.0375,1.05625
1.73,1,530,ITERATING,True,1.031709,-2.029247,650,1.031554,1.031528,1.031586,1.031547,1.031554,dist_bus,650,1.031554,1.031554,1.031554,DISABLED,1.031709,1.0,1.0,True,1.0,1.05,1.0,,,,0,0,0,0,False,1.05625,1.0375,1.05625
1.735,1,531,NEXT_STEP,True,1.031691,-2.030048,650,1.031536,1.03151,1.031568,1.031529,1.031536,dist_bus,650,1.031536,1.031536,1.031536,DISABLED,1.031691,1.0,1.0,True,1.0,1.05,1.0,,,,0,0,0,0,False,1.05625,1.0375,1.05625
1.755,1,533,ITERATING,True,1.031611,-2.033124,650,1.031456,1.03143,1.031488,1.031449,1.031456,dist_bus,650,1.031456,1.031456,1.031456,DISABLED,1.031611,1.0,1.0,True,1.0,1.05,1.0,,,,0,0,0,0,False,1.05625,1.0375,1.05625
1.76,1,534,NEXT_STEP,True,1.03159,-2.03385,650,1.031435,1.031409,1.031467,1.031428,1.031435,dist_bus,650,1.031435,1.031435,1.031435,DISABLED,1.03159,1.0,1.0,True,1.0,1.05,1.0,,,,0,0,0,0,False,1.05625,1.0375,1.05625
1.78,1,536,ITERATING,True,1.0315,-2.036677,650,1.031344,1.031319,1.031377,1.031338,1.031344,dist_bus,650,1.031344,1.031344,1.031344,DISABLED,1.0315,1.0,1.0,True,1.0,1.05,1.0,,,,0,0,0,0,False,1.05625,1.0375,1.05625
1.785,1,537,NEXT_STEP,True,1.031477,-2.037349,650,1.031321,1.031296,1.031354,1.031315,1.031321,dist_bus,650,1.031321,1.031321,1.031321,DISABLED,1.031477,1.0,1.0,True,1.0,1.05,1.0,,,,0,0,0,0,False,1.05625,1.0375,1.05625
1.805,1,539,ITERATING,True,1.031379,-2.040009,650,1.031223,1.031198,1.031256,1.031217,1.031223,dist_bus,650,1.031223,1.031223,1.031223,DISABLED,1.031379,1.0,1.0,True,1.0,1.05,1.0,,,,0,0,0,0,False,1.05625,1.0375,1.05625
1.81,1,540,NEXT_STEP,True,1.031354,-2.04065,650,1.031198,1.031173,1.031231,1.031192,1.031198,dist_bus,650,1.031198,1.031198,1.031198,DISABLED,1.031354,1.0,1.0,True,1.0,1.05,1.0,,,,0,0,0,0,False,1.05625,1.0375,1.05625
1.83,1,542,ITERATING,True,1.031251,-2.043226,650,1.031095,1.03107,1.031128,1.031089,1.031095,dist_bus,650,1.031095,1.031095,1.031095,DISABLED,1.031251,1.0,1.0,True,1.0,1.05,1.0,,,,0,0,0,0,False,1.05625,1.0375,1.05625
1.835,1,543,NEXT_STEP,True,1.031225,-2.043855,650,1.031069,1.031043,1.031102,1.031063,1.031069,dist_bus,650,1.031069,1.031069,1.031069,DISABLED,1.031225,1.0,1.0,True,1.0,1.05,1.0,,,,0,0,0,0,False,1.05625,1.0375,1.05625
1.855,1,545,ITERATING,True,1.031121,-2.046414,650,1.030965,1.030939,1.030998,1.030959,1.030965,dist_bus,650,1.030965,1.030965,1.030965,DISABLED,1.031121,1.0,1.0,True,1.0,1.05,1.0,,,,0,0,0,0,False,1.05625,1.0375,1.05625
1.86,1,546,NEXT_STEP,True,1.031095,-2.047046,650,1.030939,1.030913,1.030972,1.030933,1.030939,dist_bus,650,1.030939,1.030939,1.030939,DISABLED,1.031095,1.0,1.0,True,1.0,1.05,1.0,,,,0,0,0,0,False,1.05625,1.0375,1.05625
1.88,1,548,ITERATING,True,1.030992,-2.049645,650,1.030836,1.03081,1.030869,1.03083,1.030836,dist_bus,650,1.030836,1.030836,1.030836,DISABLED,1.030992,1.0,1.0,True,1.0,1.05,1.0,,,,0,0,0,0,False,1.05625,1.0375,1.05625
1.885,1,549,NEXT_STEP,True,1.030966,-2.050292,650,1.03081,1.030784,1.030843,1.030804,1.03081,dist_bus,650,1.03081,1.03081,1.03081,DISABLED,1.030966,1.0,1.0,True,1.0,1.05,1.0,,,,0,0,0,0,False,1.05625,1.0375,1.05625
1.905,1,551,ITERATING,True,1.030866,-2.052972,650,1.03071,1.030684,1.030743,1.030704,1.03071,dist_bus,650,1.03071,1.03071,1.03071,DISABLED,1.030866,1.0,1.0,True,1.0,1.05,1.0,,,,0,0,0,0,False,1.05625,1.0375,1.05625
1.91,1,552,NEXT_STEP,True,1.030841,-2.053645,650,1.030685,1.030659,1.030718,1.030679,1.030685,dist_bus,650,1.030685,1.030685,1.030685,DISABLED,1.030841,1.0,1.0,True,1.0,1.05,1.0,,,,0,0,0,0,False,1.05625,1.0375,1.05625
1.93,1,554,ITERATING,True,1.030746,-2.056435,650,1.03059,1.030564,1.030623,1.030584,1.03059,dist_bus,650,1.03059,1.03059,1.03059,DISABLED,1.030746,1.0,1.0,True,1.0,1.05,1.0,,,,0,0,0,0,False,1.05625,1.0375,1.05625
1.935,1,555,NEXT_STEP,True,1.030723,-2.057138,650,1.030567,1.030541,1.0306,1.030561,1.030567,dist_bus,650,1.030567,1.030567,1.030567,DISABLED,1.030723,1.0,1.0,True,1.0,1.05,1.0,,,,0,0,0,0,False,1.05625,1.0375,1.05625
1.955,1,557,ITERATING,True,1.030635,-2.060055,650,1.030479,1.030453,1.030512,1.030473,1.030479,dist_bus,650,1.030479,1.030479,1.030479,DISABLED,1.030635,1.0,1.0,True,1.0,1.05,1.0,,,,0,0,0,0,False,1.05625,1.0375,1.05625
1.96,1,558,NEXT_STEP,True,1.030614,-2.060791,650,1.030458,1.030432,1.030491,1.030452,1.030458,dist_bus,650,1.030458,1.030458,1.030458,DISABLED,1.030614,1.0,1.0,True,1.0,1.05,1.0,,,,0,0,0,0,False,1.05625,1.0375,1.05625
1.98,1,560,ITERATING,True,1.030534,-2.063838,650,1.030378,1.030352,1.030411,1.030372,1.030378,dist_bus,650,1.030378,1.030378,1.030378,DISABLED,1.030534,1.0,1.0,True,1.0,1.05,1.0,,,,0,0,0,0,False,1.05625,1.0375,1.05625
1.985,1,561,NEXT_STEP,True,1.030515,-2.064608,650,1.030359,1.030333,1.030392,1.030353,1.030359,dist_bus,650,1.030359,1.030359,1.030359,DISABLED,1.030515,1.0,1.0,True,1.0,1.05,1.0,,,,0,0,0,0,False,1.05625,1.0375,1.05625
2.005,1,563,ITERATING,True,1.030444,-2.067778,650,1.030288,1.030262,1.030321,1.030282,1.030288,dist_bus,650,1.030288,1.030288,1.030288,DISABLED,1.030444,1.0,1.0,True,1.0,1.05,1.0,,,,0,0,0,0,False,1.05625,1.0375,1.05625
2.01,1,564,NEXT_STEP,True,1.030427,-2.068577,650,1.030271,1.030245,1.030304,1.030265,1.030271,dist_bus,650,1.030271,1.030271,1.030271,DISABLED,1.030427,1.0,1.0,True,1.0,1.05,1.0,,,,0,0,0,0,False,1.05625,1.0375,1.05625
2.03,1,566,ITERATING,True,1.030366,-2.071855,650,1.03021,1.030184,1.030243,1.030204,1.03021,dist_bus,650,1.03021,1.03021,1.03021,DISABLED,1.030366,1.0,1.0,True,1.0,1.05,1.0,,,,0,0,0,0,False,1.05625,1.0375,1.05625
2.035,1,567,NEXT_STEP,True,1.030352,-2.072679,650,1.030196,1.03017,1.030229,1.03019,1.030196,dist_bus,650,1.030196,1.030196,1.030196,DISABLED,1.030352,1.0,1.0,True,1.0,1.05,1.0,,,,0,0,0,0,False,1.05625,1.0375,1.05625
2.055,1,569,ITERATING,True,1.030301,-2.07604,650,1.030145,1.030119,1.030178,1.030139,1.030145,dist_bus,650,1.030145,1.030145,1.030145,DISABLED,1.030301,1.0,1.0,True,1.0,1.05,1.0,,,,0,0,0,0,False,1.05625,1.0375,1.05625
2.06,1,570,NEXT_STEP,True,1.030289,-2.076883,650,1.030133,1.030107,1.030166,1.030127,1.030133,dist_bus,650,1.030133,1.030133,1.030133,DISABLED,1.030289,1.0,1.0,True,1.0,1.05,1.0,,,,0,0,0,0,False,1.05625,1.0375,1.05625
2.08,1,572,ITERATING,True,1.030247,-2.080296,650,1.030091,1.030065,1.030124,1.030085,1.030091,dist_bus,650,1.030091,1.030091,1.030091,DISABLED,1.030247,1.0,1.0,True,1.0,1.05,1.0,,,,0,0,0,0,False,1.05625,1.0375,1.05625
2.085,1,573,NEXT_STEP,True,1.030238,-2.081149,650,1.030082,1.030056,1.030115,1.030076,1.030082,dist_bus,650,1.030082,1.030082,1.030082,DISABLED,1.030238,1.0,1.0,True,1.0,1.05,1.0,,,,0,0,0,0,False,1.05625,1.0375,1.05625
2.105,1,575,ITERATING,True,1.030206,-2.084585,650,1.03005,1.030024,1.030083,1.030044,1.03005,dist_bus,650,1.03005,1.03005,1.03005,DISABLED,1.030206,1.0,1.0,True,1.0,1.05,1.0,,,,0,0,0,0,False,1.05625,1.0375,1.05625
2.11,1,576,NEXT_STEP,True,1.030199,-2.08544,650,1.030043,1.030017,1.030076,1.030037,1.030043,dist_bus,650,1.030043,1.030043,1.030043,DISABLED,1.030199,1.0,1.0,True,1.0,1.05,1.0,,,,0,0,0,0,False,1.05625,1.0375,1.05625
2.13,1,578,ITERATING,True,1.030176,-2.088862,650,1.03002,1.029994,1.030053,1.030014,1.03002,dist_bus,650,1.03002,1.03002,1.03002,DISABLED,1.030176,1.0,1.0,True,1.0,1.05,1.0,,,,0,0,0,0,False,1.05625,1.0375,1.05625
2.135,1,579,NEXT_STEP,True,1.030171,-2.089711,650,1.030015,1.029989,1.030048,1.030009,1.030015,dist_bus,650,1.030015,1.030015,1.030015,DISABLED,1.030171,1.0,1.0,True,1.0,1.05,1.0,,,,0,0,0,0,False,1.05625,1.0375,1.05625
2.155,1,581,ITERATING,True,1.030155,-2.093084,650,1.029999,1.029973,1.030032,1.029993,1.029999,dist_bus,650,1.029999,1.029999,1.029999,DISABLED,1.030155,1.0,1.0,True,1.0,1.05,1.0,,,,0,0,0,0,False,1.05625,1.0375,1.05625
2.16,1,582,NEXT_STEP,True,1.030152,-2.093916,650,1.029996,1.02997,1.030029,1.02999,1.029996,dist_bus,650,1.029996,1.029996,1.029996,DISABLED,1.030152,1.0,1.0,True,1.0,1.05,1.0,,,,0,0,0,0,False,1.05625,1.0375,1.05625
2.18,1,584,ITERATING,True,1.030144,-2.097204,650,1.029988,1.029962,1.030021,1.029982,1.029988,dist_bus,650,1.029988,1.029988,1.029988,DISABLED,1.030144,1.0,1.0,True,1.0,1.05,1.0,,,,0,0,0,0,False,1.05625,1.0375,1.05625
2.185,1,585,NEXT_STEP,True,1.030143,-2.098012,650,1.029987,1.029961,1.03002,1.029981,1.029987,dist_bus,650,1.029987,1.029987,1.029987,DISABLED,1.030143,1.0,1.0,True,1.0,1.05,1.0,,,,0,0,0,0,False,1.05625,1.0375,1.05625
2.205,1,587,ITERATING,True,1.03014,-2.101183,650,1.029984,1.029958,1.030017,1.029978,1.029984,dist_bus,650,1.029984,1.029984,1.029984,DISABLED,1.03014,1.0,1.0,True,1.0,1.05,1.0,,,,0,0,0,0,False,1.05625,1.0375,1.05625
2.21,1,588,NEXT_STEP,True,1.03014,-2.101958,650,1.029984,1.029958,1.030017,1.029978,1.029984,dist_bus,650,1.029984,1.029984,1.029984,DISABLED,1.03014,1.0,1.0,True,1.0,1.05,1.0,,,,0,0,0,0,False,1.05625,1.0375,1.05625
2.23,1,590,ITERATING,True,1.030142,-2.104981,650,1.029986,1.02996,1.030019,1.02998,1.029986,dist_bus,650,1.029986,1.029986,1.029986,DISABLED,1.030142,1.0,1.0,True,1.0,1.05,1.0,,,,0,0,0,0,False,1.05625,1.0375,1.05625
2.235,1,591,NEXT_STEP,True,1.030143,-2.105716,650,1.029987,1.029961,1.03002,1.029981,1.029987,dist_bus,650,1.029987,1.029987,1.029987,DISABLED,1.030143,1.0,1.0,True,1.0,1.05,1.0,,,,0,0,0,0,False,1.05625,1.0375,1.05625
2.255,1,593,ITERATING,True,1.030149,-2.108566,650,1.029993,1.029967,1.030026,1.029987,1.029993,dist_bus,650,1.029993,1.029993,1.029993,DISABLED,1.030149,1.0,1.0,True,1.0,1.05,1.0,,,,0,0,0,0,False,1.05625,1.0375,1.05625
2.26,1,594,NEXT_STEP,True,1.03015,-2.109256,650,1.029994,1.029968,1.030027,1.029988,1.029994,dist_bus,650,1.029994,1.029994,1.029994,DISABLED,1.03015,1.0,1.0,True,1.0,1.05,1.0,,,,0,0,0,0,False,1.05625,1.0375,1.05625
2.28,1,596,ITERATING,True,1.030159,-2.111911,650,1.030003,1.029977,1.030036,1.029997,1.030003,dist_bus,650,1.030003,1.030003,1.030003,DISABLED,1.030159,1.0,1.0,True,1.0,1.05,1.0,,,,0,0,0,0,False,1.05625,1.0375,1.05625
2.285,1,597,NEXT_STEP,True,1.030161,-2.11255,650,1.030005,1.029979,1.030038,1.029999,1.030005,dist_bus,650,1.030005,1.030005,1.030005,DISABLED,1.030161,1.0,1.0,True,1.0,1.05,1.0,,,,0,0,0,0,False,1.05625,1.0375,1.05625
2.305,1,599,ITERATING,True,1.03017,-2.114996,650,1.030014,1.029988,1.030047,1.030008,1.030014,dist_bus,650,1.030014,1.030014,1.030014,DISABLED,1.03017,1.0,1.0,True,1.0,1.05,1.0,,,,0,0,0,0,False,1.05625,1.0375,1.05625
2.31,1,600,NEXT_STEP,True,1.030173,-2.115581,650,1.030017,1.029991,1.03005,1.030011,1.030017,dist_bus,650,1.030017,1.030017,1.030017,DISABLED,1.030173,1.0,1.0,True,1.0,1.05,1.0,,,,0,0,0,0,False,1.05625,1.0375,1.05625
2.33,1,602,ITERATING,True,1.030183,-2.117806,650,1.030027,1.030001,1.03006,1.030021,1.030027,dist_bus,650,1.030027,1.030027,1.030027,DISABLED,1.030183,1.0,1.0,True,1.0,1.05,1.0,,,,0,0,0,0,False,1.05625,1.0375,1.05625
2.335,1,603,NEXT_STEP,True,1.030186,-2.118335,650,1.03003,1.030004,1.030063,1.030024,1.03003,dist_bus,650,1.03003,1.03003,1.03003,DISABLED,1.030186,1.0,1.0,True,1.0,1.05,1.0,,,,0,0,0,0,False,1.05625,1.0375,1.05625
2.355,1,605,ITERATING,True,1.030196,-2.120335,650,1.03004,1.030014,1.030073,1.030034,1.03004,dist_bus,650,1.03004,1.03004,1.03004,DISABLED,1.030196,1.0,1.0,True,1.0,1.05,1.0,,,,0,0,0,0,False,1.05625,1.0375,1.05625
2.36,1,606,NEXT_STEP,True,1.030198,-2.120807,650,1.030042,1.030016,1.030075,1.030036,1.030042,dist_bus,650,1.030042,1.030042,1.030042,DISABLED,1.030198,1.0,1.0,True,1.0,1.05,1.0,,,,0,0,0,0,False,1.05625,1.0375,1.05625
2.38,1,608,ITERATING,True,1.030207,-2.122581,650,1.030051,1.030025,1.030084,1.030045,1.030051,dist_bus,650,1.030051,1.030051,1.030051,DISABLED,1.030207,1.0,1.0,True,1.0,1.05,1.0,,,,0,0,0,0,False,1.05625,1.0375,1.05625
2.385,1,609,NEXT_STEP,True,1.030209,-2.122998,650,1.030053,1.030027,1.030086,1.030047,1.030053,dist_bus,650,1.030053,1.030053,1.030053,DISABLED,1.030209,1.0,1.0,True,1.0,1.05,1.0,,,,0,0,0,0,False,1.05625,1.0375,1.05625
2.405,1,611,ITERATING,True,1.030217,-2.12455,650,1.030061,1.030035,1.030094,1.030055,1.030061,dist_bus,650,1.030061,1.030061,1.030061,DISABLED,1.030217,1.0,1.0,True,1.0,1.05,1.0,,,,0,0,0,0,False,1.05625,1.0375,1.05625
2.41,1,612,NEXT_STEP,True,1.030218,-2.124912,650,1.030062,1.030036,1.030095,1.030056,1.030062,dist_bus,650,1.030062,1.030062,1.030062,DISABLED,1.030218,1.0,1.0,True,1.0,1.05,1.0,,,,0,0,0,0,False,1.05625,1.0375,1.05625
2.43,1,614,ITERATING,True,1.030224,-2.126253,650,1.030068,1.030042,1.030101,1.030062,1.030068,dist_bus,650,1.030068,1.030068,1.030068,DISABLED,1.030224,1.0,1.0,True,1.0,1.05,1.0,,,,0,0,0,0,False,1.05625,1.0375,1.05625
2.435,1,615,NEXT_STEP,True,1.030225,-2.126563,650,1.030069,1.030043,1.030102,1.030063,1.030069,dist_bus,650,1.030069,1.030069,1.030069,DISABLED,1.030225,1.0,1.0,True,1.0,1.05,1.0,,,,0,0,0,0,False,1.05625,1.0375,1.05625
2.455,1,617,ITERATING,True,1.030229,-2.127705,650,1.030073,1.030047,1.030106,1.030067,1.030073,dist_bus,650,1.030073,1.030073,1.030073,DISABLED,1.030229,1.0,1.0,True,1.0,1.05,1.0,,,,0,0,0,0,False,1.05625,1.0375,1.05625
2.46,1,618,NEXT_STEP,True,1.03023,-2.127967,650,1.030074,1.030048,1.030107,1.030068,1.030074,dist_bus,650,1.030074,1.030074,1.030074,DISABLED,1.03023,1.0,1.0,True,1.0,1.05,1.0,,,,0,0,0,0,False,1.05625,1.0375,1.05625
2.48,1,620,ITERATING,True,1.030232,-2.128925,650,1.030076,1.03005,1.030109,1.03007,1.030076,dist_bus,650,1.030076,1.030076,1.030076,DISABLED,1.030232,1.0,1.0,True,1.0,1.05,1.0,,,,0,0,0,0,False,1.05625,1.0375,1.05625
2.485,1,621,NEXT_STEP,True,1.030232,-2.129144,650,1.030076,1.03005,1.030109,1.03007,1.030076,dist_bus,650,1.030076,1.030076,1.030076,DISABLED,1.030232,1.0,1.0,True,1.0,1.05,1.0,,,,0,0,0,0,False,1.05625,1.0375,1.05625
2.505,1,623,ITERATING,True,1.030231,-2.129936,650,1.030075,1.030049,1.030108,1.030069,1.030075,dist_bus,650,1.030075,1.030075,1.030075,DISABLED,1.030231,1.0,1.0,True,1.0,1.05,1.0,,,,0,0,0,0,False,1.05625,1.0375,1.05625
2.51,1,624,NEXT_STEP,True,1.030231,-2.130115,650,1.030075,1.030049,1.030108,1.030069,1.030075,dist_bus,650,1.030075,1.030075,1.030075,DISABLED,1.030231,1.0,1.0,True,1.0,1.05,1.0,,,,0,0,0,0,False,1.05625,1.0375,1.05625
2.53,1,626,ITERATING,True,1.030229,-2.130761,650,1.030073,1.030047,1.030106,1.030067,1.030073,dist_bus,650,1.030073,1.030073,1.030073,DISABLED,1.030229,1.0,1.0,True,1.0,1.05,1.0,,,,0,0,0,0,False,1.05625,1.0375,1.05625
2.535,1,627,NEXT_STEP,True,1.030228,-2.130905,650,1.030072,1.030046,1.030105,1.030066,1.030072,dist_bus,650,1.030072,1.030072,1.030072,DISABLED,1.030228,1.0,1.0,True,1.0,1.05,1.0,,,,0,0,0,0,False,1.05625,1.0375,1.05625
2.555,1,629,ITERATING,True,1.030224,-2.131424,650,1.030068,1.030042,1.030101,1.030062,1.030068,dist_bus,650,1.030068,1.030068,1.030068,DISABLED,1.030224,1.0,1.0,True,1.0,1.05,1.0,,,,0,0,0,0,False,1.05625,1.0375,1.05625
2.56,1,630,NEXT_STEP,True,1.030222,-2.131539,650,1.030066,1.03004,1.030099,1.03006,1.030066,dist_bus,650,1.030066,1.030066,1.030066,DISABLED,1.030222,1.0,1.0,True,1.0,1.05,1.0,,,,0,0,0,0,False,1.05625,1.0375,1.05625
2.58,1,632,ITERATING,True,1.030217,-2.131951,650,1.030061,1.030035,1.030094,1.030055,1.030061,dist_bus,650,1.030061,1.030061,1.030061,DISABLED,1.030217,1.0,1.0,True,1.0,1.05,1.0,,,,0,0,0,0,False,1.05625,1.0375,1.05625
2.585,1,633,NEXT_STEP,True,1.030215,-2.132042,650,1.030059,1.030033,1.030092,1.030053,1.030059,dist_bus,650,1.030059,1.030059,1.030059,DISABLED,1.030215,1.0,1.0,True,1.0,1.05,1.0,,,,0,0,0,0,False,1.05625,1.0375,1.05625
2.605,1,635,ITERATING,True,1.030208,-2.132365,650,1.030052,1.030026,1.030085,1.030046,1.030052,dist_bus,650,1.030052,1.030052,1.030052,DISABLED,1.030208,1.0,1.0,True,1.0,1.05,1.0,,,,0,0,0,0,False,1.05625,1.0375,1.05625
2.61,1,636,NEXT_STEP,True,1.030206,-2.132435,650,1.03005,1.030024,1.030083,1.030044,1.03005,dist_bus,650,1.03005,1.03005,1.03005,DISABLED,1.030206,1.0,1.0,True,1.0,1.05,1.0,,,,0,0,0,0,False,1.05625,1.0375,1.05625
2.63,1,638,ITERATING,True,1.030198,-2.132686,650,1.030042,1.030016,1.030075,1.030036,1.030042,dist_bus,650,1.030042,1.030042,1.030042,DISABLED,1.030198,1.0,1.0,True,1.0,1.05,1.0,,,,0,0,0,0,False,1.05625,1.0375,1.05625
2.635,1,639,NEXT_STEP,True,1.030196,-2.13274,650,1.03004,1.030014,1.030073,1.030034,1.03004,dist_bus,650,1.03004,1.03004,1.03004,DISABLED,1.030196,1.0,1.0,True,1.0,1.05,1.0,,,,0,0,0,0,False,1.05625,1.0375,1.05625
2.655,1,641,ITERATING,True,1.030187,-2.132933,650,1.030031,1.030005,1.030064,1.030025,1.030031,dist_bus,650,1.030031,1.030031,1.030031,DISABLED,1.030187,1.0,1.0,True,1.0,1.05,1.0,,,,0,0,0,0,False,1.05625,1.0375,1.05625
2.66,1,642,NEXT_STEP,True,1.030184,-2.132974,650,1.030028,1.030002,1.030061,1.030022,1.030028,dist_bus,650,1.030028,1.030028,1.030028,DISABLED,1.030184,1.0,1.0,True,1.0,1.05,1.0,,,,0,0,0,0,False,1.05625,1.0375,1.05625
2.68,1,644,ITERATING,True,1.030175,-2.133121,650,1.030019,1.029993,1.030052,1.030013,1.030019,dist_bus,650,1.030019,1.030019,1.030019,DISABLED,1.030175,1.0,1.0,True,1.0,1.05,1.0,,,,0,0,0,0,False,1.05625,1.0375,1.05625
2.685,1,645,NEXT_STEP,True,1.030173,-2.133153,650,1.030017,1.029991,1.03005,1.030011,1.030017,dist_bus,650,1.030017,1.030017,1.030017,DISABLED,1.030173,1.0,1.0,True,1.0,1.05,1.0,,,,0,0,0,0,False,1.05625,1.0375,1.05625
2.705,1,647,ITERATING,True,1.030163,-2.133266,650,1.030007,1.029981,1.03004,1.030001,1.030007,dist_bus,650,1.030007,1.030007,1.030007,DISABLED,1.030163,1.0,1.0,True,1.0,1.05,1.0,,,,0,0,0,0,False,1.05625,1.0375,1.05625
2.71,1,648,NEXT_STEP,True,1.030161,-2.133289,650,1.030005,1.029979,1.030038,1.029999,1.030005,dist_bus,650,1.030005,1.030005,1.030005,DISABLED,1.030161,1.0,1.0,True,1.0,1.05,1.0,,,,0,0,0,0,False,1.05625,1.0375,1.05625
2.73,1,650,ITERATING,True,1.030151,-2.133375,650,1.029995,1.029969,1.030028,1.029989,1.029995,dist_bus,650,1.029995,1.029995,1.029995,DISABLED,1.030151,1.0,1.0,True,1.0,1.05,1.0,,,,0,0,0,0,False,1.05625,1.0375,1.05625
2.735,1,651,NEXT_STEP,True,1.030149,-2.133393,650,1.029993,1.029967,1.030026,1.029987,1.029993,dist_bus,650,1.029993,1.029993,1.029993,DISABLED,1.030149,1.0,1.0,True,1.0,1.05,1.0,,,,0,0,0,0,False,1.05625,1.0375,1.05625
2.755,1,653,ITERATING,True,1.03014,-2.133459,650,1.029984,1.029958,1.030017,1.029978,1.029984,dist_bus,650,1.029984,1.029984,1.029984,DISABLED,1.03014,1.0,1.0,True,1.0,1.05,1.0,,,,0,0,0,0,False,1.05625,1.0375,1.05625
2.76,1,654,NEXT_STEP,True,1.030138,-2.133472,650,1.029982,1.029956,1.030015,1.029976,1.029982,dist_bus,650,1.029982,1.029982,1.029982,DISABLED,1.030138,1.0,1.0,True,1.0,1.05,1.0,,,,0,0,0,0,False,1.05625,1.0375,1.05625
2.78,1,656,ITERATING,True,1.030129,-2.13352,650,1.029973,1.029947,1.030006,1.029967,1.029973,dist_bus,650,1.029973,1.029973,1.029973,DISABLED,1.030129,1.0,1.0,True,1.0,1.05,1.0,,,,0,0,0,0,False,1.05625,1.0375,1.05625
2.785,1,657,NEXT_STEP,True,1.030127,-2.133529,650,1.029971,1.029945,1.030004,1.029965,1.029971,dist_bus,650,1.029971,1.029971,1.029971,DISABLED,1.030127,1.0,1.0,True,1.0,1.05,1.0,,,,0,0,0,0,False,1.05625,1.0375,1.05625
2.805,1,659,ITERATING,True,1.030119,-2.13356,650,1.029963,1.029937,1.029996,1.029957,1.029963,dist_bus,650,1.029963,1.029963,1.029963,DISABLED,1.030119,1.0,1.0,True,1.0,1.05,1.0,,,,0,0,0,0,False,1.05625,1.0375,1.05625
2.81,1,660,NEXT_STEP,True,1.030117,-2.133565,650,1.029961,1.029935,1.029994,1.029955,1.029961,dist_bus,650,1.029961,1.029961,1.029961,DISABLED,1.030117,1.0,1.0,True,1.0,1.05,1.0,,,,0,0,0,0,False,1.05625,1.0375,1.05625
2.83,1,662,ITERATING,True,1.03011,-2.133581,650,1.029954,1.029928,1.029987,1.029948,1.029954,dist_bus,650,1.029954,1.029954,1.029954,DISABLED,1.03011,1.0,1.0,True,1.0,1.05,1.0,,,,0,0,0,0,False,1.05625,1.0375,1.05625
2.835,1,663,NEXT_STEP,True,1.030108,-2.133581,650,1.029952,1.029926,1.029985,1.029946,1.029952,dist_bus,650,1.029952,1.029952,1.029952,DISABLED,1.030108,1.0,1.0,True,1.0,1.05,1.0,,,,0,0,0,0,False,1.05625,1.0375,1.05625
2.855,1,665,ITERATING,True,1.030101,-2.133578,650,1.029945,1.029919,1.029978,1.029939,1.029945,dist_bus,650,1.029945,1.029945,1.029945,DISABLED,1.030101,1.0,1.0,True,1.0,1.05,1.0,,,,0,0,0,0,False,1.05625,1.0375,1.05625
2.86,1,666,NEXT_STEP,True,1.0301,-2.133574,650,1.029944,1.029918,1.029977,1.029938,1.029944,dist_bus,650,1.029944,1.029944,1.029944,DISABLED,1.0301,1.0,1.0,True,1.0,1.05,1.0,,,,0,0,0,0,False,1.05625,1.0375,1.05625
2.88,1,668,ITERATING,True,1.030094,-2.133549,650,1.029938,1.029912,1.029971,1.029932,1.029938,dist_bus,650,1.029938,1.029938,1.029938,DISABLED,1.030094,1.0,1.0,True,1.0,1.05,1.0,,,,0,0,0,0,False,1.05625,1.0375,1.05625
2.885,1,669,NEXT_STEP,True,1.030093,-2.133539,650,1.029937,1.029911,1.02997,1.029931,1.029937,dist_bus,650,1.029937,1.029937,1.029937,DISABLED,1.030093,1.0,1.0,True,1.0,1.05,1.0,,,,0,0,0,0,False,1.05625,1.0375,1.05625
2.905,1,671,ITERATING,True,1.030088,-2.133488,650,1.029932,1.029906,1.029965,1.029926,1.029932,dist_bus,650,1.029932,1.029932,1.029932,DISABLED,1.030088,1.0,1.0,True,1.0,1.05,1.0,,,,0,0,0,0,False,1.05625,1.0375,1.05625
2.91,1,672,NEXT_STEP,True,1.030086,-2.133471,650,1.02993,1.029904,1.029963,1.029924,1.02993,dist_bus,650,1.02993,1.02993,1.02993,DISABLED,1.030086,1.0,1.0,True,1.0,1.05,1.0,,,,0,0,0,0,False,1.05625,1.0375,1.05625
2.93,1,674,ITERATING,True,1.030082,-2.133389,650,1.029926,1.0299,1.029959,1.02992,1.029926,dist_bus,650,1.029926,1.029926,1.029926,DISABLED,1.030082,1.0,1.0,True,1.0,1.05,1.0,,,,0,0,0,0,False,1.05625,1.0375,1.05625
2.935,1,675,NEXT_STEP,True,1.030081,-2.133364,650,1.029925,1.029899,1.029958,1.029919,1.029925,dist_bus,650,1.029925,1.029925,1.029925,DISABLED,1.030081,1.0,1.0,True,1.0,1.05,1.0,,,,0,0,0,0,False,1.05625,1.0375,1.05625
2.955,1,677,ITERATING,True,1.030077,-2.133247,650,1.029921,1.029895,1.029954,1.029915,1.029921,dist_bus,650,1.029921,1.029921,1.029921,DISABLED,1.030077,1.0,1.0,True,1.0,1.05,1.0,,,,0,0,0,0,False,1.05625,1.0375,1.05625
2.96,1,678,NEXT_STEP,True,1.030077,-2.133213,650,1.029921,1.029895,1.029954,1.029915,1.029921,dist_bus,650,1.029921,1.029921,1.029921,DISABLED,1.030077,1.0,1.0,True,1.0,1.05,1.0,,,,0,0,0,0,False,1.05625,1.0375,1.05625
2.98,1,680,ITERATING,True,1.030073,-2.133056,650,1.029917,1.029891,1.02995,1.029911,1.029917,dist_bus,650,1.029917,1.029917,1.029917,DISABLED,1.030073,1.0,1.0,True,1.0,1.05,1.0,,,,0,0,0,0,False,1.05625,1.0375,1.05625
2.985,1,681,NEXT_STEP,True,1.030073,-2.133011,650,1.029917,1.029891,1.02995,1.029911,1.029917,dist_bus,650,1.029917,1.029917,1.029917,DISABLED,1.030073,1.0,1.0,True,1.0,1.05,1.0,,,,0,0,0,0,False,1.05625,1.0375,1.05625
3.005,1,683,ITERATING,True,1.03007,-2.13281,650,1.029914,1.029888,1.029947,1.029908,1.029914,dist_bus,650,1.029914,1.029914,1.029914,DISABLED,1.03007,1.0,1.0,True,1.0,1.05,1.0,,,,0,0,0,0,False,1.05625,1.0375,1.05625
3.01,1,684,NEXT_STEP,True,1.030069,-2.132754,650,1.029913,1.029887,1.029946,1.029907,1.029913,dist_bus,650,1.029913,1.029913,1.029913,DISABLED,1.030069,1.0,1.0,True,1.0,1.05,1.0,,,,0,0,0,0,False,1.05625,1.0375,1.05625
3.03,1,686,ITERATING,True,1.030067,-2.132505,650,1.029911,1.029885,1.029944,1.029905,1.029911,dist_bus,650,1.029911,1.029911,1.029911,DISABLED,1.030067,1.0,1.0,True,1.0,1.05,1.0,,,,0,0,0,0,False,1.05625,1.0375,1.05625
3.035,1,687,NEXT_STEP,True,1.030067,-2.132436,650,1.029911,1.029885,1.029944,1.029905,1.029911,dist_bus,650,1.029911,1.029911,1.029911,DISABLED,1.030067,1.0,1.0,True,1.0,1.05,1.0,,,,0,0,0,0,False,1.05625,1.0375,1.05625
3.055,1,689,ITERATING,True,1.030065,-2.132136,650,1.029909,1.029883,1.029942,1.029903,1.029909,dist_bus,650,1.029909,1.029909,1.029909,DISABLED,1.030065,1.0,1.0,True,1.0,1.05,1.0,,,,0,0,0,0,False,1.05625,1.0375,1.05625
3.06,1,690,NEXT_STEP,True,1.030064,-2.132054,650,1.029908,1.029882,1.029941,1.029902,1.029908,dist_bus,650,1.029908,1.029908,1.029908,DISABLED,1.030064,1.0,1.0,True,1.0,1.05,1.0,,,,0,0,0,0,False,1.05625,1.0375,1.05625
3.08,1,692,ITERATING,True,1.030063,-2.1317,650,1.029907,1.029881,1.02994,1.029901,1.029907,dist_bus,650,1.029907,1.029907,1.029907,DISABLED,1.030063,1.0,1.0,True,1.0,1.05,1.0,,,,0,0,0,0,False,1.05625,1.0375,1.05625
3.085,1,693,NEXT_STEP,True,1.030062,-2.131605,650,1.029906,1.02988,1.029939,1.0299,1.029906,dist_bus,650,1.029906,1.029906,1.029906,DISABLED,1.030062,1.0,1.0,True,1.0,1.05,1.0,,,,0,0,0,0,False,1.05625,1.0375,1.05625
3.105,1,695,ITERATING,True,1.030061,-2.131196,650,1.029905,1.029879,1.029938,1.029899,1.029905,dist_bus,650,1.029905,1.029905,1.029905,DISABLED,1.030061,1.0,1.0,True,1.0,1.05,1.0,,,,0,0,0,0,False,1.05625,1.0375,1.05625
3.11,1,696,NEXT_STEP,True,1.030061,-2.131087,650,1.029905,1.029879,1.029938,1.029899,1.029905,dist_bus,650,1.029905,1.029905,1.029905,DISABLED,1.030061,1.0,1.0,True,1.0,1.05,1.0,,,,0,0,0,0,False,1.05625,1.0375,1.05625
3.13,1,698,ITERATING,True,1.030059,-2.130623,650,1.029903,1.029877,1.029936,1.029897,1.029903,dist_bus,650,1.029903,1.029903,1.029903,DISABLED,1.030059,1.0,1.0,True,1.0,1.05,1.0,,,,0,0,0,0,False,1.05625,1.0375,1.05625
3.135,1,699,NEXT_STEP,True,1.030059,-2.1305,650,1.029903,1.029877,1.029936,1.029897,1.029903,dist_bus,650,1.029903,1.029903,1.029903,DISABLED,1.030059,1.0,1.0,True,1.0,1.05,1.0,,,,0,0,0,0,False,1.05625,1.0375,1.05625
3.155,1,701,ITERATING,True,1.030058,-2.129981,650,1.029902,1.029876,1.029935,1.029896,1.029902,dist_bus,650,1.029902,1.029902,1.029902,DISABLED,1.030058,1.0,1.0,True,1.0,1.05,1.0,,,,0,0,0,0,False,1.05625,1.0375,1.05625
3.16,1,702,NEXT_STEP,True,1.030057,-2.129845,650,1.029901,1.029875,1.029934,1.029895,1.029901,dist_bus,650,1.029901,1.029901,1.029901,DISABLED,1.030057,1.0,1.0,True,1.0,1.05,1.0,,,,0,0,0,0,False,1.05625,1.0375,1.05625
3.18,1,704,ITERATING,True,1.030056,-2.129272,650,1.0299,1.029874,1.029933,1.029894,1.0299,dist_bus,650,1.0299,1.0299,1.0299,DISABLED,1.030056,1.0,1.0,True,1.0,1.05,1.0,,,,0,0,0,0,False,1.05625,1.0375,1.05625
3.185,1,705,NEXT_STEP,True,1.030056,-2.129122,650,1.0299,1.029874,1.029933,1.029894,1.0299,dist_bus,650,1.0299,1.0299,1.0299,DISABLED,1.030056,1.0,1.0,True,1.0,1.05,1.0,,,,0,0,0,0,False,1.05625,1.0375,1.05625
3.205,1,707,ITERATING,True,1.030054,-2.128499,650,1.029898,1.029872,1.02993,1.029892,1.029898,dist_bus,650,1.029898,1.029898,1.029898,DISABLED,1.030054,1.0,1.0,True,1.0,1.05,1.0,,,,0,0,0,0,False,1.05625,1.0375,1.05625
3.21,1,708,NEXT_STEP,True,1.030054,-2.128336,650,1.029898,1.029872,1.02993,1.029892,1.029898,dist_bus,650,1.029898,1.029898,1.029898,DISABLED,1.030054,1.0,1.0,True,1.0,1.05,1.0,,,,0,0,0,0,False,1.05625,1.0375,1.05625
3.23,1,710,ITERATING,True,1.030053,-2.127665,650,1.029897,1.029871,1.029929,1.029891,1.029897,dist_bus,650,1.029897,1.029897,1.029897,DISABLED,1.030053,1.0,1.0,True,1.0,1.05,1.0,,,,0,0,0,0,False,1.05625,1.0375,1.05625
3.235,1,711,NEXT_STEP,True,1.030052,-2.127491,650,1.029896,1.02987,1.029928,1.02989,1.029896,dist_bus,650,1.029896,1.029896,1.029896,DISABLED,1.030052,1.0,1.0,True,1.0,1.05,1.0,,,,0,0,0,0,False,1.05625,1.0375,1.05625
3.255,1,713,ITERATING,True,1.030051,-2.126776,650,1.029895,1.029869,1.029927,1.029889,1.029895,dist_bus,650,1.029895,1.029895,1.029895,DISABLED,1.030051,1.0,1.0,True,1.0,1.05,1.0,,,,0,0,0,0,False,1.05625,1.0375,1.05625
3.26,1,714,NEXT_STEP,True,1.03005,-2.126592,650,1.029894,1.029868,1.029926,1.029888,1.029894,dist_bus,650,1.029894,1.029894,1.029894,DISABLED,1.03005,1.0,1.0,True,1.0,1.05,1.0,,,,0,0,0,0,False,1.05625,1.0375,1.05625
3.28,1,716,ITERATING,True,1.030049,-2.125837,650,1.029893,1.029867,1.029925,1.029887,1.029893,dist_bus,650,1.029893,1.029893,1.029893,DISABLED,1.030049,1.0,1.0,True,1.0,1.05,1.0,,,,0,0,0,0,False,1.05625,1.0375,1.05625
3.285,1,717,NEXT_STEP,True,1.030049,-2.125643,650,1.029893,1.029867,1.029925,1.029887,1.029893,dist_bus,650,1.029893,1.029893,1.029893,DISABLED,1.030049,1.0,1.0,True,1.0,1.05,1.0,,,,0,0,0,0,False,1.05625,1.0375,1.05625
3.305,1,719,ITERATING,True,1.030047,-2.124854,650,1.029891,1.029865,1.029923,1.029885,1.029891,dist_bus,650,1.029891,1.029891,1.029891,DISABLED,1.030047,1.0,1.0,True,1.0,1.05,1.0,,,,0,0,0,0,False,1.05625,1.0375,1.05625
3.31,1,720,NEXT_STEP,True,1.030047,-2.124652,650,1.029891,1.029865,1.029923,1.029885,1.029891,dist_bus,650,1.029891,1.029891,1.029891,DISABLED,1.030047,1.0,1.0,True,1.0,1.05,1.0,,,,0,0,0,0,False,1.05625,1.0375,1.05625
3.33,1,722,ITERATING,True,1.030045,-2.123833,650,1.029889,1.029863,1.029921,1.029883,1.029889,dist_bus,650,1.029889,1.029889,1.029889,DISABLED,1.030045,1.0,1.0,True,1.0,1.05,1.0,,,,0,0,0,0,False,1.05625,1.0375,1.05625
3.335,1,723,NEXT_STEP,True,1.030045,-2.123625,650,1.029889,1.029863,1.029921,1.029883,1.029889,dist_bus,650,1.029889,1.029889,1.029889,DISABLED,1.030045,1.0,1.0,True,1.0,1.05,1.0,,,,0,0,0,0,False,1.05625,1.0375,1.05625
3.355,1,725,ITERATING,True,1.030044,-2.122782,650,1.029888,1.029862,1.02992,1.029882,1.029888,dist_bus,650,1.029888,1.029888,1.029888,DISABLED,1.030044,1.0,1.0,True,1.0,1.05,1.0,,,,0,0,0,0,False,1.05625,1.0375,1.05625
3.36,1,726,NEXT_STEP,True,1.030043,-2.122568,650,1.029887,1.029861,1.029919,1.029881,1.029887,dist_bus,650,1.029887,1.029887,1.029887,DISABLED,1.030043,1.0,1.0,True,1.0,1.05,1.0,,,,0,0,0,0,False,1.05625,1.0375,1.05625
3.38,1,728,ITERATING,True,1.030042,-2.121705,650,1.029886,1.02986,1.029918,1.02988,1.029886,dist_bus,650,1.029886,1.029886,1.029886,DISABLED,1.030042,1.0,1.0,True,1.0,1.05,1.0,,,,0,0,0,0,False,1.05625,1.0375,1.05625
3.385,1,729,NEXT_STEP,True,1.030042,-2.121488,650,1.029886,1.02986,1.029918,1.02988,1.029886,dist_bus,650,1.029886,1.029886,1.029886,DISABLED,1.030042,1.0,1.0,True,1.0,1.05,1.0,,,,0,0,0,0,False,1.05625,1.0375,1.05625
3.405,1,731,ITERATING,True,1.03004,-2.12061,650,1.029884,1.029858,1.029916,1.029878,1.029884,dist_bus,650,1.029884,1.029884,1.029884,DISABLED,1.03004,1.0,1.0,True,1.0,1.05,1.0,,,,0,0,0,0,False,1.05625,1.0375,1.05625
3.41,1,732,NEXT_STEP,True,1.03004,-2.120389,650,1.029884,1.029858,1.029916,1.029878,1.029884,dist_bus,650,1.029884,1.029884,1.029884,DISABLED,1.03004,1.0,1.0,True,1.0,1.05,1.0,,,,0,0,0,0,False,1.05625,1.0375,1.05625
3.43,1,734,ITERATING,True,1.030039,-2.1195,650,1.029883,1.029857,1.029915,1.029877,1.029883,dist_bus,650,1.029883,1.029883,1.029883,DISABLED,1.030039,1.0,1.0,True,1.0,1.05,1.0,,,,0,0,0,0,False,1.05625,1.0375,1.05625
3.435,1,735,NEXT_STEP,True,1.030039,-2.119277,650,1.029883,1.029857,1.029915,1.029877,1.029883,dist_bus,650,1.029883,1.029883,1.029883,DISABLED,1.030039,1.0,1.0,True,1.0,1.05,1.0,,,,0,0,0,0,False,1.05625,1.0375,1.05625
3.455,1,737,ITERATING,True,1.030038,-2.11838,650,1.029882,1.029856,1.029914,1.029876,1.029882,dist_bus,650,1.029882,1.029882,1.029882,DISABLED,1.030038,1.0,1.0,True,1.0,1.05,1.0,,,,0,0,0,0,False,1.05625,1.0375,1.05625
3.46,1,738,NEXT_STEP,True,1.030038,-2.118155,650,1.029882,1.029856,1.029914,1.029876,1.029882,dist_bus,650,1.029882,1.029882,1.029882,DISABLED,1.030038,1.0,1.0,True,1.0,1.05,1.0,,,,0,0,0,0,False,1.05625,1.0375,1.05625
3.48,1,740,ITERATING,True,1.030037,-2.117253,650,1.029881,1.029855,1.029913,1.029875,1.029881,dist_bus,650,1.029881,1.029881,1.029881,DISABLED,1.030037,1.0,1.0,True,1.0,1.05,1.0,,,,0,0,0,0,False,1.05625,1.0375,1.05625
3.485,1,741,NEXT_STEP,True,1.030036,-2.117027,650,1.02988,1.029854,1.029912,1.029874,1.02988,dist_bus,650,1.02988,1.02988,1.02988,DISABLED,1.030036,1.0,1.0,True,1.0,1.05,1.0,,,,0,0,0,0,False,1.05625,1.0375,1.05625
3.505,1,743,ITERATING,True,1.030036,-2.116122,650,1.02988,1.029854,1.029912,1.029874,1.02988,dist_bus,650,1.02988,1.02988,1.02988,DISABLED,1.030036,1.0,1.0,True,1.0,1.05,1.0,,,,0,0,0,0,False,1.05625,1.0375,1.05625
3.51,1,744,NEXT_STEP,True,1.030036,-2.115895,650,1.02988,1.029854,1.029912,1.029874,1.02988,dist_bus,650,1.02988,1.02988,1.02988,DISABLED,1.030036,1.0,1.0,True,1.0,1.05,1.0,,,,0,0,0,0,False,1.05625,1.0375,1.05625
3.53,1,746,ITERATING,True,1.030035,-2.114989,650,1.029879,1.029853,1.029911,1.029873,1.029879,dist_bus,650,1.029879,1.029879,1.029879,DISABLED,1.030035,1.0,1.0,True,1.0,1.05,1.0,,,,0,0,0,0,False,1.05625,1.0375,1.05625
3.535,1,747,NEXT_STEP,True,1.030035,-2.114762,650,1.029879,1.029853,1.029911,1.029873,1.029879,dist_bus,650,1.029879,1.029879,1.029879,DISABLED,1.030035,1.0,1.0,True,1.0,1.05,1.0,,,,0,0,0,0,False,1.05625,1.0375,1.05625
3.555,1,749,ITERATING,True,1.030035,-2.113856,650,1.029879,1.029853,1.029911,1.029873,1.029879,dist_bus,650,1.029879,1.029879,1.029879,DISABLED,1.030035,1.0,1.0,True,1.0,1.05,1.0,,,,0,0,0,0,False,1.05625,1.0375,1.05625
3.56,1,750,NEXT_STEP,True,1.030034,-2.113629,650,1.029878,1.029852,1.02991,1.029872,1.029878,dist_bus,650,1.029878,1.029878,1.029878,DISABLED,1.030034,1.0,1.0,True,1.0,1.05,1.0,,,,0,0,0,0,False,1.05625,1.0375,1.05625
3.58,1,752,ITERATING,True,1.030034,-2.112723,650,1.029878,1.029852,1.02991,1.029872,1.029878,dist_bus,650,1.029878,1.029878,1.029878,DISABLED,1.030034,1.0,1.0,True,1.0,1.05,1.0,,,,0,0,0,0,False,1.05625,1.0375,1.05625
3.585,1,753,NEXT_STEP,True,1.030034,-2.112496,650,1.029878,1.029852,1.02991,1.029872,1.029878,dist_bus,650,1.029878,1.029878,1.029878,DISABLED,1.030034,1.0,1.0,True,1.0,1.05,1.0,,,,0,0,0,0,False,1.05625,1.0375,1.05625
3.605,1,755,ITERATING,True,1.030034,-2.11159,650,1.029878,1.029852,1.02991,1.029872,1.029878,dist_bus,650,1.029878,1.029878,1.029878,DISABLED,1.030034,1.0,1.0,True,1.0,1.05,1.0,,,,0,0,0,0,False,1.05625,1.0375,1.05625
3.61,1,756,NEXT_STEP,True,1.030034,-2.111363,650,1.029878,1.029852,1.02991,1.029872,1.029878,dist_bus,650,1.029878,1.029878,1.029878,DISABLED,1.030034,1.0,1.0,True,1.0,1.05,1.0,,,,0,0,0,0,False,1.05625,1.0375,1.05625
3.63,1,758,ITERATING,True,1.030034,-2.110456,650,1.029878,1.029852,1.02991,1.029872,1.029878,dist_bus,650,1.029878,1.029878,1.029878,DISABLED,1.030034,1.0,1.0,True,1.0,1.05,1.0,,,,0,0,0,0,False,1.05625,1.0375,1.05625
3.635,1,759,NEXT_STEP,True,1.030034,-2.110229,650,1.029878,1.029852,1.02991,1.029872,1.029878,dist_bus,650,1.029878,1.029878,1.029878,DISABLED,1.030034,1.0,1.0,True,1.0,1.05,1.0,,,,0,0,0,0,False,1.05625,1.0375,1.05625
3.655,1,761,ITERATING,True,1.030034,-2.109321,650,1.029878,1.029852,1.02991,1.029872,1.029878,dist_bus,650,1.029878,1.029878,1.029878,DISABLED,1.030034,1.0,1.0,True,1.0,1.05,1.0,,,,0,0,0,0,False,1.05625,1.0375,1.05625
3.66,1,762,NEXT_STEP,True,1.030034,-2.109094,650,1.029878,1.029852,1.02991,1.029872,1.029878,dist_bus,650,1.029878,1.029878,1.029878,DISABLED,1.030034,1.0,1.0,True,1.0,1.05,1.0,,,,0,0,0,0,False,1.05625,1.0375,1.05625
3.68,1,764,ITERATING,True,1.030034,-2.108184,650,1.029878,1.029852,1.02991,1.029872,1.029878,dist_bus,650,1.029878,1.029878,1.029878,DISABLED,1.030034,1.0,1.0,True,1.0,1.05,1.0,,,,0,0,0,0,False,1.05625,1.0375,1.05625
3.685,1,765,NEXT_STEP,True,1.030034,-2.107956,650,1.029878,1.029852,1.02991,1.029872,1.029878,dist_bus,650,1.029878,1.029878,1.029878,DISABLED,1.030034,1.0,1.0,True,1.0,1.05,1.0,,,,0,0,0,0,False,1.05625,1.0375,1.05625
3.705,1,767,ITERATING,True,1.030035,-2.107041,650,1.029879,1.029853,1.029911,1.029873,1.029879,dist_bus,650,1.029879,1.029879,1.029879,DISABLED,1.030035,1.0,1.0,True,1.0,1.05,1.0,,,,0,0,0,0,False,1.05625,1.0375,1.05625
3.71,1,768,NEXT_STEP,True,1.030035,-2.106812,650,1.029879,1.029853,1.029911,1.029873,1.029879,dist_bus,650,1.029879,1.029879,1.029879,DISABLED,1.030035,1.0,1.0,True,1.0,1.05,1.0,,,,0,0,0,0,False,1.05625,1.0375,1.05625
3.73,1,770,ITERATING,True,1.030035,-2.105893,650,1.029879,1.029853,1.029911,1.029873,1.029879,dist_bus,650,1.029879,1.029879,1.029879,DISABLED,1.030035,1.0,1.0,True,1.0,1.05,1.0,,,,0,0,0,0,False,1.05625,1.0375,1.05625
3.735,1,771,NEXT_STEP,True,1.030035,-2.105663,650,1.029879,1.029853,1.029911,1.029873,1.029879,dist_bus,650,1.029879,1.029879,1.029879,DISABLED,1.030035,1.0,1.0,True,1.0,1.05,1.0,,,,0,0,0,0,False,1.05625,1.0375,1.05625
3.755,1,773,ITERATING,True,1.030035,-2.104737,650,1.029879,1.029853,1.029911,1.029873,1.029879,dist_bus,650,1.029879,1.029879,1.029879,DISABLED,1.030035,1.0,1.0,True,1.0,1.05,1.0,,,,0,0,0,0,False,1.05625,1.0375,1.05625
3.76,1,774,NEXT_STEP,True,1.030035,-2.104504,650,1.029879,1.029853,1.029911,1.029873,1.029879,dist_bus,650,1.029879,1.029879,1.029879,DISABLED,1.030035,1.0,1.0,True,1.0,1.05,1.0,,,,0,0,0,0,False,1.05625,1.0375,1.05625
3.78,1,776,ITERATING,True,1.030035,-2.103571,650,1.029879,1.029853,1.029911,1.029873,1.029879,dist_bus,650,1.029879,1.029879,1.029879,DISABLED,1.030035,1.0,1.0,True,1.0,1.05,1.0,,,,0,0,0,0,False,1.05625,1.0375,1.05625
3.785,1,777,NEXT_STEP,True,1.030035,-2.103336,650,1.029879,1.029853,1.029911,1.029873,1.029879,dist_bus,650,1.029879,1.029879,1.029879,DISABLED,1.030035,1.0,1.0,True,1.0,1.05,1.0,,,,0,0,0,0,False,1.05625,1.0375,1.05625
3.805,1,779,ITERATING,True,1.030035,-2.102393,650,1.029879,1.029853,1.029911,1.029873,1.029879,dist_bus,650,1.029879,1.029879,1.029879,DISABLED,1.030035,1.0,1.0,True,1.0,1.05,1.0,,,,0,0,0,0,False,1.05625,1.0375,1.05625
3.81,1,780,NEXT_STEP,True,1.030035,-2.102156,650,1.029879,1.029853,1.029911,1.029873,1.029879,dist_bus,650,1.029879,1.029879,1.029879,DISABLED,1.030035,1.0,1.0,True,1.0,1.05,1.0,,,,0,0,0,0,False,1.05625,1.0375,1.05625
3.83,1,782,ITERATING,True,1.030035,-2.101202,650,1.029879,1.029853,1.029911,1.029873,1.029879,dist_bus,650,1.029879,1.029879,1.029879,DISABLED,1.030035,1.0,1.0,True,1.0,1.05,1.0,,,,0,0,0,0,False,1.05625,1.0375,1.05625
3.835,1,783,NEXT_STEP,True,1.030035,-2.100963,650,1.029879,1.029853,1.029911,1.029873,1.029879,dist_bus,650,1.029879,1.029879,1.029879,DISABLED,1.030035,1.0,1.0,True,1.0,1.05,1.0,,,,0,0,0,0,False,1.05625,1.0375,1.05625
3.855,1,785,ITERATING,True,1.030035,-2.099998,650,1.029879,1.029853,1.029911,1.029873,1.029879,dist_bus,650,1.029879,1.029879,1.029879,DISABLED,1.030035,1.0,1.0,True,1.0,1.05,1.0,,,,0,0,0,0,False,1.05625,1.0375,1.05625
3.86,1,786,NEXT_STEP,True,1.030035,-2.099755,650,1.029879,1.029853,1.029911,1.029873,1.029879,dist_bus,650,1.029879,1.029879,1.029879,DISABLED,1.030035,1.0,1.0,True,1.0,1.05,1.0,,,,0,0,0,0,False,1.05625,1.0375,1.05625
3.88,1,788,ITERATING,True,1.030034,-2.098778,650,1.029878,1.029852,1.02991,1.029872,1.029878,dist_bus,650,1.029878,1.029878,1.029878,DISABLED,1.030034,1.0,1.0,True,1.0,1.05,1.0,,,,0,0,0,0,False,1.05625,1.0375,1.05625
3.885,1,789,NEXT_STEP,True,1.030034,-2.098533,650,1.029878,1.029852,1.02991,1.029872,1.029878,dist_bus,650,1.029878,1.029878,1.029878,DISABLED,1.030034,1.0,1.0,True,1.0,1.05,1.0,,,,0,0,0,0,False,1.05625,1.0375,1.05625
3.905,1,791,ITERATING,True,1.030034,-2.097544,650,1.029878,1.029852,1.02991,1.029872,1.029878,dist_bus,650,1.029878,1.029878,1.029878,DISABLED,1.030034,1.0,1.0,True,1.0,1.05,1.0,,,,0,0,0,0,False,1.05625,1.0375,1.05625
3.91,1,792,NEXT_STEP,True,1.030034,-2.097295,650,1.029878,1.029852,1.02991,1.029872,1.029878,dist_bus,650,1.029878,1.029878,1.029878,DISABLED,1.030034,1.0,1.0,True,1.0,1.05,1.0,,,,0,0,0,0,False,1.05625,1.0375,1.05625
3.93,1,794,ITERATING,True,1.030033,-2.096294,650,1.029877,1.029851,1.029909,1.029871,1.029877,dist_bus,650,1.029877,1.029877,1.029877,DISABLED,1.030033,1.0,1.0,True,1.0,1.05,1.0,,,,0,0,0,0,False,1.05625,1.0375,1.05625
3.935,1,795,NEXT_STEP,True,1.030033,-2.096042,650,1.029877,1.029851,1.029909,1.029871,1.029877,dist_bus,650,1.029877,1.029877,1.029877,DISABLED,1.030033,1.0,1.0,True,1.0,1.05,1.0,,,,0,0,0,0,False,1.05625,1.0375,1.05625
3.955,1,797,ITERATING,True,1.030032,-2.095029,650,1.029876,1.02985,1.029908,1.02987,1.029876,dist_bus,650,1.029876,1.029876,1.029876,DISABLED,1.030032,1.0,1.0,True,1.0,1.05,1.0,,,,0,0,0,0,False,1.05625,1.0375,1.05625
3.96,1,798,NEXT_STEP,True,1.030032,-2.094774,650,1.029876,1.02985,1.029908,1.02987,1.029876,dist_bus,650,1.029876,1.029876,1.029876,DISABLED,1.030032,1.0,1.0,True,1.0,1.05,1.0,,,,0,0,0,0,False,1.05625,1.0375,1.05625
3.98,1,800,ITERATING,True,1.030031,-2.09375,650,1.029875,1.029849,1.029907,1.029869,1.029875,dist_bus,650,1.029875,1.029875,1.029875,DISABLED,1.030031,1.0,1.0,True,1.0,1.05,1.0,,,,0,0,0,0,False,1.05625,1.0375,1.05625
3.985,1,801,NEXT_STEP,True,1.030031,-2.093493,650,1.029875,1.029849,1.029907,1.029869,1.029875,dist_bus,650,1.029875,1.029875,1.029875,DISABLED,1.030031,1.0,1.0,True,1.0,1.05,1.0,,,,0,0,0,0,False,1.05625,1.0375,1.05625
4.0,1,802,NEXT_STEP,False,1.030031,-2.093493,650,1.029875,1.029849,1.029907,1.029869,1.029875,dist_bus,650,1.029875,1.029875,1.029875,DISABLED,1.030031,1.0,1.0,True,1.0,1.05,1.0,,,,0,0,0,0,False,1.05625,1.0375,1.05625
