iter,outer_iter,t_granted,cosim_dt,tx_tds_step,state,updated,P_total,Q_total,Vmag,Vang_rad,fault_idx,fault_bus,fault_active,fault_rf,fault_xf,fault_bus_vmag,fault_bus_vang_rad,event_line_idx,event_bus1,event_bus2,event_line_status,event_bus1_vmag,event_bus1_vang_rad,event_bus2_vmag,event_bus2_vang_rad,event_bus_angle_diff_deg,postfault_line_idx,postfault_bus1,postfault_bus2,postfault_line_status,delta_min_deg,delta_max_deg,delta_spread_deg,delta_min_idx,delta_min_bus,delta_max_idx,delta_max_bus,omega_min_pu,omega_max_pu,omega_max_dev,omega_min_idx,omega_min_bus,omega_max_idx,omega_max_bus,vf_min_pu,vf_max_pu,vf_min_idx,vf_min_bus,vf_max_idx,vf_max_bus
0,0,0.0,0.0,0.001,INITIALIZED,1,0.0360273339883278,0.016981920895916,1.03,-0.0326624075222781,,,,,,,,Line_3,2,3,1.0,1.03,-0.0326624075222781,1.01,-0.0634056691422442,1.7614591392905936,Line_3,2,3,1.0,11.664097904458096,63.50034463342252,51.836246728964426,GENROU_4,6,GENROU_1,1,1.0,1.0,0.0,GENROU_1,1,GENROU_1,1,1.47135509938404,2.033928865595403,GENROU_5,8,GENROU_2,2
1,1,0.005,0.005,0.001,NEXT_STEP,0,0.0360273339883278,0.016981920895916,1.03,-0.0326624075222781,,,,,,,,Line_3,2,3,1.0,1.03,-0.0326624075222781,1.01,-0.0634056691422442,1.7614591392905936,Line_3,2,3,1.0,11.664097904458096,63.50034463342252,51.836246728964426,GENROU_4,6,GENROU_1,1,1.0,1.0,0.0,GENROU_1,1,GENROU_1,1,1.47135509938404,2.033928865595403,GENROU_5,8,GENROU_2,2
3,2,0.01,0.005,0.001,NEXT_STEP,1,0.0360271933825834,0.0169817966353493,1.03000001406883,-0.032662394854486,,,,,,,,Line_3,2,3,1.0,1.03000001406883,-0.032662394854486,1.0100000096398265,-0.0634056589565609,1.7614592815049548,Line_3,2,3,1.0,11.664097904458096,63.50034463342252,51.836246728964426,GENROU_4,6,GENROU_1,1,1.0,1.0,0.0,GENROU_1,1,GENROU_1,1,1.4713551036421664,2.033928865483952,GENROU_5,8,GENROU_2,2
5,2,0.015,0.005,0.001,NEXT_STEP,1,0.0360271933806459,0.0169817966335518,1.0300000152454991,-0.0326623937513669,,,,,,,,Line_3,2,3,1.0,1.0300000152454991,-0.0326623937513669,1.0100000106571838,-0.0634056578568526,1.761459281700354,Line_3,2,3,1.0,11.664097904458096,63.50034463342252,51.836246728964426,GENROU_4,6,GENROU_1,1,1.0,1.0,0.0,GENROU_1,1,GENROU_1,1,1.4713551012042765,2.0339288618915767,GENROU_5,8,GENROU_2,2
7,2,0.02,0.005,0.001,NEXT_STEP,1,0.0360271933819342,0.0169817966346775,1.0300000163313436,-0.032662392747792,,,,,,,,Line_3,2,3,1.0,1.0300000163313436,-0.032662392747792,1.0100000116086187,-0.0634056568508294,1.761459281560093,Line_3,2,3,1.0,11.664097904458096,63.50034463342252,51.836246728964426,GENROU_4,6,GENROU_1,1,1.0,1.0,0.0,GENROU_1,1,GENROU_1,1,1.471355098043324,2.033928847966952,GENROU_5,8,GENROU_2,2
8,1,0.025,0.005,0.001,NEXT_STEP,0,0.0360271933819342,0.0169817966346775,1.0300000173325352,-0.0326623918221621,,,,,,,,Line_3,2,3,1.0,1.0300000173325352,-0.0326623918221621,1.0100000124957051,-0.0634056559189196,1.761459281200274,Line_3,2,3,1.0,11.664097904458096,63.50034463342252,51.836246728964426,GENROU_4,6,GENROU_1,1,1.0,1.0,0.0,GENROU_1,1,GENROU_1,1,1.4713550944465792,2.0339288225446297,GENROU_5,8,GENROU_2,2
9,1,0.03,0.005,0.001,NEXT_STEP,0,0.0360271933819342,0.0169817966346775,1.0300000182589253,-0.032662390969425,,,,,,,,Line_3,2,3,1.0,1.0300000182589253,-0.032662390969425,1.010000013324979,-0.0634056550566987,1.7614592806569078,Line_3,2,3,1.0,11.664097904458096,63.50034463342252,51.836246728964426,GENROU_4,6,GENROU_1,1,1.0,1.0,0.0,GENROU_1,1,GENROU_1,1,1.47135509070114,2.0339287866896867,GENROU_5,8,GENROU_2,2
10,1,0.035,0.005,0.001,NEXT_STEP,0,0.0360271933819342,0.0169817966346775,1.0300000191257186,-0.0326623902012946,,,,,,,,Line_3,2,3,1.0,1.0300000191257186,-0.0326623902012946,1.0100000141124306,-0.0634056542888918,1.7614592806754388,Line_3,2,3,1.0,11.664097904458096,63.50034463342252,51.836246728964426,GENROU_4,6,GENROU_1,1,1.0,1.0,0.0,GENROU_1,1,GENROU_1,1,1.471355087047372,2.033928742509833,GENROU_5,8,GENROU_2,2
11,1,0.04,0.005,0.001,NEXT_STEP,0,0.0360271933819342,0.0169817966346775,1.0300000199433357,-0.0326623895187966,,,,,,,,Line_3,2,3,1.0,1.0300000199433357,-0.0326623895187966,1.0100000148676982,-0.0634056536240131,1.7614592816849497,Line_3,2,3,1.0,11.664097904458096,63.50034463342252,51.836246728964426,GENROU_4,6,GENROU_1,1,1.0,1.0,0.0,GENROU_1,1,GENROU_1,1,1.4713550833818263,2.0339286924669384,GENROU_5,8,GENROU_2,2
12,1,0.045,0.005,0.001,NEXT_STEP,0,0.0360271933819342,0.0169817966346775,1.0300000206342763,-0.0326623888652087,,,,,,,,Line_3,2,3,1.0,1.0300000206342763,-0.0326623888652087,1.0100000155204245,-0.0634056529949573,1.7614592830905167,Line_3,2,3,1.0,11.664097904458096,63.50034463342252,51.836246728964426,GENROU_4,6,GENROU_1,1,1.0,1.0,0.0,GENROU_1,1,GENROU_1,1,1.4713550799970303,2.033928638948547,GENROU_5,8,GENROU_2,2
13,1,0.05,0.005,0.001,NEXT_STEP,0,0.0360271933819342,0.0169817966346775,1.0300000213332683,-0.0326623883712855,,,,,,,,Line_3,2,3,1.0,1.0300000213332683,-0.0326623883712855,1.010000016182652,-0.0634056525987447,1.7614592886889398,Line_3,2,3,1.0,11.664097904458096,63.50034463342252,51.836246728964426,GENROU_4,6,GENROU_1,1,1.0,1.0,0.0,GENROU_1,1,GENROU_1,1,1.4713550767583214,2.0339285840549173,GENROU_5,8,GENROU_2,2
14,1,0.055,0.005,0.001,NEXT_STEP,0,0.0360271933819342,0.0169817966346775,1.0300000220167962,-0.0326623879317607,,,,,,,,Line_3,2,3,1.0,1.0300000220167962,-0.0326623879317607,1.010000016827198,-0.0634056520479632,1.761459282314405,Line_3,2,3,1.0,11.664097904458096,63.50034463342252,51.836246728964426,GENROU_4,6,GENROU_1,1,1.0,1.0,0.0,GENROU_1,1,GENROU_1,1,1.4713550735985232,2.0339285294984446,GENROU_5,8,GENROU_2,2
15,1,0.06,0.005,0.001,NEXT_STEP,0,0.0360271933819342,0.0169817966346775,1.0300000226371957,-0.0326623876030008,,,,,,,,Line_3,2,3,1.0,1.0300000226371957,-0.0326623876030008,1.0100000174186734,-0.0634056517058883,1.7614592815515095,Line_3,2,3,1.0,11.664097904458096,63.50034463342252,51.836246728964426,GENROU_4,6,GENROU_1,1,1.0,1.0,0.0,GENROU_1,1,GENROU_1,1,1.4713550706160594,2.0339284765840504,GENROU_5,8,GENROU_2,2
16,1,0.065,0.005,0.001,NEXT_STEP,0,0.0360271933819342,0.0169817966346775,1.0300000232122533,-0.0326623871309195,,,,,,,,Line_3,2,3,1.0,1.0300000232122533,-0.0326623871309195,1.0100000179679611,-0.0634056512284991,1.7614592812473688,Line_3,2,3,1.0,11.664097904458096,63.50034463342252,51.836246728964426,GENROU_4,6,GENROU_1,1,1.0,1.0,0.0,GENROU_1,1,GENROU_1,1,1.4713550677725566,2.0339284262211623,GENROU_5,8,GENROU_2,2
17,1,0.07,0.005,0.001,NEXT_STEP,0,0.0360271933819342,0.0169817966346775,1.0300000236459057,-0.0326623868660821,,,,,,,,Line_3,2,3,1.0,1.0300000236459057,-0.0326623868660821,1.010000018388416,-0.0634056509639491,1.7614592812638534,Line_3,2,3,1.0,11.664097904458096,63.50034463342252,51.836246728964426,GENROU_4,6,GENROU_1,1,1.0,1.0,0.0,GENROU_1,1,GENROU_1,1,1.4713550651848248,2.0339283789278406,GENROU_5,8,GENROU_2,2
18,1,0.075,0.005,0.001,NEXT_STEP,0,0.0360271933819342,0.0169817966346775,1.0300000242503795,-0.0326623864756821,,,,,,,,Line_3,2,3,1.0,1.0300000242503795,-0.0326623864756821,1.010000018971161,-0.0634056505571835,1.7614592803261644,Line_3,2,3,1.0,11.664097904458096,63.50034463342252,51.836246728964426,GENROU_4,6,GENROU_1,1,1.0,1.0,0.0,GENROU_1,1,GENROU_1,1,1.4713550625484266,2.0339283349757604,GENROU_5,8,GENROU_2,2
19,1,0.08,0.005,0.001,NEXT_STEP,0,0.0360271933819342,0.0169817966346775,1.0300000247070158,-0.0326623862116953,,,,,,,,Line_3,2,3,1.0,1.0300000247070158,-0.0326623862116953,1.0100000194140917,-0.0634056502855356,1.7614592798872195,Line_3,2,3,1.0,11.664097904458096,63.50034463342252,51.836246728964426,GENROU_4,6,GENROU_1,1,1.0,1.0,0.0,GENROU_1,1,GENROU_1,1,1.4713550603004326,2.0339282944318997,GENROU_5,8,GENROU_2,2
20,1,0.085,0.005,0.001,NEXT_STEP,0,0.0360271933819342,0.0169817966346775,1.0300000250529155,-0.0326623858927065,,,,,,,,Line_3,2,3,1.0,1.0300000250529155,-0.0326623858927065,1.0100000197502228,-0.0634056499478556,1.7614592788162895,Line_3,2,3,1.0,11.664097904458096,63.50034463342252,51.836246728964426,GENROU_4,6,GENROU_1,1,1.0,1.0,0.0,GENROU_1,1,GENROU_1,1,1.4713550580380474,2.033928258134439,GENROU_5,8,GENROU_2,2
21,1,0.09,0.005,0.001,NEXT_STEP,0,0.0360271933819342,0.0169817966346775,1.030000025499264,-0.0326623857358909,,,,,,,,Line_3,2,3,1.0,1.030000025499264,-0.0326623857358909,1.0100000201896528,-0.0634056497944019,1.7614592790089034,Line_3,2,3,1.0,11.664097904458096,63.50034463342252,51.836246728964426,GENROU_4,6,GENROU_1,1,1.0,1.0,0.0,GENROU_1,1,GENROU_1,1,1.4713550562214912,2.033928226599117,GENROU_5,8,GENROU_2,2
22,1,0.095,0.005,0.001,NEXT_STEP,0,0.0360271933819342,0.0169817966346775,1.0300000257775557,-0.0326623856313583,,,,,,,,Line_3,2,3,1.0,1.0300000257775557,-0.0326623856313583,1.010000020476398,-0.0634056496919285,1.7614592791269104,Line_3,2,3,1.0,11.664097904458096,63.50034463342252,51.836246728964426,GENROU_4,6,GENROU_1,1,1.0,1.0,0.0,GENROU_1,1,GENROU_1,1,1.4713550546343013,2.0339281989872777,GENROU_5,8,GENROU_2,2
23,1,0.1,0.005,0.001,NEXT_STEP,0,0.0360271933819342,0.0169817966346775,1.030000025912931,-0.0326623855201808,,,,,,,,Line_3,2,3,1.0,1.030000025912931,-0.0326623855201808,1.0100000206210886,-0.0634056495442938,1.7614592770380568,Line_3,2,3,1.0,11.664097904458096,63.50034463342252,51.836246728964426,GENROU_4,6,GENROU_1,1,1.0,1.0,0.0,GENROU_1,1,GENROU_1,1,1.4713550545453278,2.0339281753630365,GENROU_5,8,GENROU_2,2
24,1,0.105,0.005,0.001,NEXT_STEP,0,0.0360271933819342,0.0169817966346775,1.030000026019014,-0.0326623855201808,,,,,,,,Line_3,2,3,1.0,1.030000026019014,-0.0326623855201808,1.0100000207322193,-0.0634056495442938,1.7614592770380568,Line_3,2,3,1.0,11.664097904458096,63.50034463342252,51.836246728964426,GENROU_4,6,GENROU_1,1,1.0,1.0,0.0,GENROU_1,1,GENROU_1,1,1.47135505411789,2.033928156564951,GENROU_5,8,GENROU_2,2
25,1,0.11,0.005,0.001,NEXT_STEP,0,0.0360271933819342,0.0169817966346775,1.030000026019014,-0.0326623855201808,,,,,,,,Line_3,2,3,1.0,1.030000026019014,-0.0326623855201808,1.0100000207322193,-0.0634056495442938,1.7614592770380568,Line_3,2,3,1.0,11.664097904458096,63.50034463342252,51.836246728964426,GENROU_4,6,GENROU_1,1,1.0,1.0,0.0,GENROU_1,1,GENROU_1,1,1.4713550528510386,2.033928142039924,GENROU_5,8,GENROU_2,2
26,1,0.115,0.005,0.001,NEXT_STEP,0,0.0360271933819342,0.0169817966346775,1.0300000259120667,-0.0326623855201808,,,,,,,,Line_3,2,3,1.0,1.0300000259120667,-0.0326623855201808,1.0100000207322193,-0.0634056495442938,1.7614592770380568,Line_3,2,3,1.0,11.664097904458096,63.50034463342252,51.836246728964426,GENROU_4,6,GENROU_1,1,1.0,1.0,0.0,GENROU_1,1,GENROU_1,1,1.4713550528510386,2.0339281308329675,GENROU_5,8,GENROU_2,2
27,1,0.12,0.005,0.001,NEXT_STEP,0,0.0360271933819342,0.0169817966346775,1.0300000259120667,-0.0326623855201808,,,,,,,,Line_3,2,3,1.0,1.0300000259120667,-0.0326623855201808,1.010000020629563,-0.0634056495442938,1.7614592770380568,Line_3,2,3,1.0,11.664097904458096,63.50034463342252,51.836246728964426,GENROU_4,6,GENROU_1,1,1.0,1.0,0.0,GENROU_1,1,GENROU_1,1,1.4713550528510386,2.033928122184488,GENROU_5,8,GENROU_2,2
28,1,0.125,0.005,0.001,NEXT_STEP,0,0.0360271933819342,0.0169817966346775,1.0300000258055078,-0.0326623855201808,,,,,,,,Line_3,2,3,1.0,1.0300000258055078,-0.0326623855201808,1.010000020629563,-0.0634056495442938,1.7614592770380568,Line_3,2,3,1.0,11.664097904458096,63.50034463342252,51.836246728964426,GENROU_4,6,GENROU_1,1,1.0,1.0,0.0,GENROU_1,1,GENROU_1,1,1.4713550528510386,2.033928115503064,GENROU_5,8,GENROU_2,2
29,1,0.13,0.005,0.001,NEXT_STEP,0,0.0360271933819342,0.0169817966346775,1.0300000258055078,-0.0326623855201808,,,,,,,,Line_3,2,3,1.0,1.0300000258055078,-0.0326623855201808,1.010000020523986,-0.0634056495442938,1.7614592770380568,Line_3,2,3,1.0,11.664097904458096,63.50034463342252,51.836246728964426,GENROU_4,6,GENROU_1,1,1.0,1.0,0.0,GENROU_1,1,GENROU_1,1,1.4713550528510386,2.0339281103413107,GENROU_5,8,GENROU_2,2
30,1,0.135,0.005,0.001,NEXT_STEP,0,0.0360271933819342,0.0169817966346775,1.0300000256976616,-0.0326623855201808,,,,,,,,Line_3,2,3,1.0,1.0300000256976616,-0.0326623855201808,1.010000020523986,-0.0634056495442938,1.7614592770380568,Line_3,2,3,1.0,11.664097904458096,63.50034463342252,51.836246728964426,GENROU_4,6,GENROU_1,1,1.0,1.0,0.0,GENROU_1,1,GENROU_1,1,1.4713550528510386,2.033928106361081,GENROU_5,8,GENROU_2,2
31,1,0.14,0.005,0.001,NEXT_STEP,0,0.0360271933819342,0.0169817966346775,1.0300000256976616,-0.0326623855201808,,,,,,,,Line_3,2,3,1.0,1.0300000256976616,-0.0326623855201808,1.010000020523986,-0.0634056495442938,1.7614592770380568,Line_3,2,3,1.0,11.664097904458096,63.50034463342252,51.836246728964426,GENROU_4,6,GENROU_1,1,1.0,1.0,0.0,GENROU_1,1,GENROU_1,1,1.4713550528510386,2.033928103282543,GENROU_5,8,GENROU_2,2
32,1,0.145,0.005,0.001,NEXT_STEP,0,0.0360271933819342,0.0169817966346775,1.0300000255888695,-0.0326623855201808,,,,,,,,Line_3,2,3,1.0,1.0300000255888695,-0.0326623855201808,1.0100000204174795,-0.0634056495442938,1.7614592770380568,Line_3,2,3,1.0,11.664097904458096,63.50034463342252,51.836246728964426,GENROU_4,6,GENROU_1,1,1.0,1.0,0.0,GENROU_1,1,GENROU_1,1,1.471355052840809,2.033928100900358,GENROU_5,8,GENROU_2,2
33,1,0.15,0.005,0.001,NEXT_STEP,0,0.0360271933819342,0.0169817966346775,1.0300000255888695,-0.0326623856208899,,,,,,,,Line_3,2,3,1.0,1.0300000255888695,-0.0326623856208899,1.0100000204174795,-0.0634056495442938,1.761459271267853,Line_3,2,3,1.0,11.664097904458096,63.50034463342252,51.836246728964426,GENROU_4,6,GENROU_1,1,1.0,1.0,0.0,GENROU_1,1,GENROU_1,1,1.471355052840809,2.0339280990560504,GENROU_5,8,GENROU_2,2
34,1,0.155,0.005,0.001,NEXT_STEP,0,0.0360271933819342,0.0169817966346775,1.0300000254801114,-0.0326623856208899,,,,,,,,Line_3,2,3,1.0,1.0300000254801114,-0.0326623856208899,1.0100000204174795,-0.0634056496473726,1.761459277173827,Line_3,2,3,1.0,11.664097904458096,63.50034463342252,51.836246728964426,GENROU_4,6,GENROU_1,1,1.0,1.0,0.0,GENROU_1,1,GENROU_1,1,1.471355052840809,2.033928097627119,GENROU_5,8,GENROU_2,2
35,1,0.16,0.005,0.001,NEXT_STEP,0,0.0360271933819342,0.0169817966346775,1.0300000254801114,-0.0326623856208899,,,,,,,,Line_3,2,3,1.0,1.0300000254801114,-0.0326623856208899,1.010000020310647,-0.0634056496473726,1.761459277173827,Line_3,2,3,1.0,11.664097904458096,63.50034463342252,51.836246728964426,GENROU_4,6,GENROU_1,1,1.0,1.0,0.0,GENROU_1,1,GENROU_1,1,1.471355052840809,2.033928096519064,GENROU_5,8,GENROU_2,2
36,1,0.165,0.005,0.001,NEXT_STEP,0,0.0360271933819342,0.0169817966346775,1.0300000253713104,-0.0326623856208899,,,,,,,,Line_3,2,3,1.0,1.0300000253713104,-0.0326623856208899,1.010000020310647,-0.0634056496473726,1.761459277173827,Line_3,2,3,1.0,11.664097904458096,63.50034463342252,51.836246728964426,GENROU_4,6,GENROU_1,1,1.0,1.0,0.0,GENROU_1,1,GENROU_1,1,1.471355052840809,2.0339280956587933,GENROU_5,8,GENROU_2,2
37,1,0.17,0.005,0.001,NEXT_STEP,0,0.0360271933819342,0.0169817966346775,1.0300000253713104,-0.0326623856208899,,,,,,,,Line_3,2,3,1.0,1.0300000253713104,-0.0326623856208899,1.010000020310647,-0.0634056496473726,1.761459277173827,Line_3,2,3,1.0,11.664097904458096,63.50034463342252,51.836246728964426,GENROU_4,6,GENROU_1,1,1.0,1.0,0.0,GENROU_1,1,GENROU_1,1,1.471355052840809,2.0339280949899683,GENROU_5,8,GENROU_2,2
38,1,0.175,0.005,0.001,NEXT_STEP,0,0.0360271933819342,0.0169817966346775,1.030000025263044,-0.0326623856208899,,,,,,,,Line_3,2,3,1.0,1.030000025263044,-0.0326623856208899,1.0100000202042454,-0.0634056496473726,1.761459277173827,Line_3,2,3,1.0,11.664097904458096,63.50034463342252,51.836246728964426,GENROU_4,6,GENROU_1,1,1.0,1.0,0.0,GENROU_1,1,GENROU_1,1,1.471355052840809,2.0339280945543345,GENROU_5,8,GENROU_2,2
39,1,0.18,0.005,0.001,NEXT_STEP,0,0.0360271933819342,0.0169817966346775,1.030000025263044,-0.0326623857231583,,,,,,,,Line_3,2,3,1.0,1.030000025263044,-0.0326623857231583,1.0100000202042454,-0.0634056496473726,1.761459271314294,Line_3,2,3,1.0,11.664097904458096,63.50034463342252,51.836246728964426,GENROU_4,6,GENROU_1,1,1.0,1.0,0.0,GENROU_1,1,GENROU_1,1,1.471355052840809,2.0339280945543345,GENROU_5,8,GENROU_2,2
40,1,0.185,0.005,0.001,NEXT_STEP,0,0.0360271933819342,0.0169817966346775,1.0300000251550432,-0.0326623857231583,,,,,,,,Line_3,2,3,1.0,1.0300000251550432,-0.0326623857231583,1.0100000202042454,-0.0634056497493695,1.7614592771582809,Line_3,2,3,1.0,11.664097904458096,63.50034463342252,51.836246728964426,GENROU_4,6,GENROU_1,1,1.0,1.0,0.0,GENROU_1,1,GENROU_1,1,1.471355052840809,2.0339280945543345,GENROU_5,8,GENROU_2,2
41,1,0.19,0.005,0.001,NEXT_STEP,0,0.0360271933819342,0.0169817966346775,1.0300000251550432,-0.0326623857231583,,,,,,,,Line_3,2,3,1.0,1.0300000251550432,-0.0326623857231583,1.0100000200983432,-0.0634056497493695,1.7614592771582809,Line_3,2,3,1.0,11.664097904458096,63.50034463342252,51.836246728964426,GENROU_4,6,GENROU_1,1,1.0,1.0,0.0,GENROU_1,1,GENROU_1,1,1.4713550526846897,2.0339280944541973,GENROU_5,8,GENROU_2,2
42,1,0.195,0.005,0.001,NEXT_STEP,0,0.0360271933819342,0.0169817966346775,1.0300000250478267,-0.0326623857231583,,,,,,,,Line_3,2,3,1.0,1.0300000250478267,-0.0326623857231583,1.0100000200983432,-0.0634056497493695,1.7614592771582809,Line_3,2,3,1.0,11.664097904458096,63.50034463342252,51.836246728964426,GENROU_4,6,GENROU_1,1,1.0,1.0,0.0,GENROU_1,1,GENROU_1,1,1.4713550526846897,2.0339280944541973,GENROU_5,8,GENROU_2,2
43,1,0.2,0.005,0.001,NEXT_STEP,0,0.0360271933819342,0.0169817966346775,1.0300000250478267,-0.0326623857231583,,,,,,,,Line_3,2,3,1.0,1.0300000250478267,-0.0326623857231583,1.0100000199934294,-0.0634056497493695,1.7614592771582809,Line_3,2,3,1.0,11.664097904458096,63.50034463342252,51.836246728964426,GENROU_4,6,GENROU_1,1,1.0,1.0,0.0,GENROU_1,1,GENROU_1,1,1.4713550526846897,2.0339280944541973,GENROU_5,8,GENROU_2,2
44,1,0.205,0.005,0.001,NEXT_STEP,0,0.0360271933819342,0.0169817966346775,1.0300000249410175,-0.0326623858241123,,,,,,,,Line_3,2,3,1.0,1.0300000249410175,-0.0326623858241123,1.0100000199934294,-0.0634056497493695,1.7614592713740365,Line_3,2,3,1.0,11.664097904458096,63.50034463342252,51.836246728964426,GENROU_4,6,GENROU_1,1,1.0,1.0,0.0,GENROU_1,1,GENROU_1,1,1.4713550526846897,2.0339280943532385,GENROU_5,8,GENROU_2,2
45,1,0.21,0.005,0.001,NEXT_STEP,0,0.0360271933819342,0.0169817966346775,1.0300000249410175,-0.0326623858241123,,,,,,,,Line_3,2,3,1.0,1.0300000249410175,-0.0326623858241123,1.0100000199934294,-0.0634056498499099,1.761459277134577,Line_3,2,3,1.0,11.664097904458096,63.50034463342252,51.836246728964426,GENROU_4,6,GENROU_1,1,1.0,1.0,0.0,GENROU_1,1,GENROU_1,1,1.4713550526846897,2.0339280943532385,GENROU_5,8,GENROU_2,2
46,1,0.215,0.005,0.001,NEXT_STEP,0,0.0360271933819342,0.0169817966346775,1.0300000248350003,-0.0326623858241123,,,,,,,,Line_3,2,3,1.0,1.0300000248350003,-0.0326623858241123,1.0100000198892711,-0.0634056498499099,1.761459277134577,Line_3,2,3,1.0,11.664097904458096,63.50034463342252,51.836246728964426,GENROU_4,6,GENROU_1,1,1.0,1.0,0.0,GENROU_1,1,GENROU_1,1,1.4713550526846897,2.0339280943532385,GENROU_5,8,GENROU_2,2
47,1,0.22,0.005,0.001,NEXT_STEP,0,0.0360271933819342,0.0169817966346775,1.0300000248350003,-0.0326623858241123,,,,,,,,Line_3,2,3,1.0,1.0300000248350003,-0.0326623858241123,1.0100000198892711,-0.0634056498499099,1.761459277134577,Line_3,2,3,1.0,11.664097904458096,63.50034463342252,51.836246728964426,GENROU_4,6,GENROU_1,1,1.0,1.0,0.0,GENROU_1,1,GENROU_1,1,1.4713550526846897,2.0339280943532385,GENROU_5,8,GENROU_2,2
48,1,0.225,0.005,0.001,NEXT_STEP,0,0.0360271933819342,0.0169817966346775,1.0300000247339254,-0.0326623858241123,,,,,,,,Line_3,2,3,1.0,1.0300000247339254,-0.0326623858241123,1.0100000198892711,-0.0634056498499099,1.761459277134577,Line_3,2,3,1.0,11.664097904458096,63.50034463342252,51.836246728964426,GENROU_4,6,GENROU_1,1,1.0,1.0,0.0,GENROU_1,1,GENROU_1,1,1.4713550526846897,2.0339280942510283,GENROU_5,8,GENROU_2,2
49,1,0.23,0.005,0.001,NEXT_STEP,0,0.0360271933819342,0.0169817966346775,1.0300000247339254,-0.0326623858241123,,,,,,,,Line_3,2,3,1.0,1.0300000247339254,-0.0326623858241123,1.0100000197880792,-0.0634056498499099,1.761459277134577,Line_3,2,3,1.0,11.664097904458096,63.50034463342252,51.836246728964426,GENROU_4,6,GENROU_1,1,1.0,1.0,0.0,GENROU_1,1,GENROU_1,1,1.4713550526846897,2.0339280930830577,GENROU_5,8,GENROU_2,2
50,1,0.235,0.005,0.001,NEXT_STEP,0,0.0360271933819342,0.0169817966346775,1.030000024628916,-0.0326623858241123,,,,,,,,Line_3,2,3,1.0,1.030000024628916,-0.0326623858241123,1.0100000197880792,-0.0634056498499099,1.761459277134577,Line_3,2,3,1.0,11.664097904458096,63.50034463342252,51.836246728964426,GENROU_4,6,GENROU_1,1,1.0,1.0,0.0,GENROU_1,1,GENROU_1,1,1.4713550525394308,2.0339280917837925,GENROU_5,8,GENROU_2,2
51,1,0.24,0.005,0.001,NEXT_STEP,0,0.0360271933819342,0.0169817966346775,1.030000024628916,-0.0326623859242988,,,,,,,,Line_3,2,3,1.0,1.030000024628916,-0.0326623859242988,1.0100000197880792,-0.0634056499502438,1.7614592771430182,Line_3,2,3,1.0,11.664097904458096,63.50034463342252,51.836246728964426,GENROU_4,6,GENROU_1,1,1.0,1.0,0.0,GENROU_1,1,GENROU_1,1,1.4713550525394308,2.0339280907761315,GENROU_5,8,GENROU_2,2
52,1,0.245,0.005,0.001,NEXT_STEP,0,0.0360271933819342,0.0169817966346775,1.0300000245241523,-0.0326623859242988,,,,,,,,Line_3,2,3,1.0,1.0300000245241523,-0.0326623859242988,1.0100000196851342,-0.0634056499502438,1.7614592771430182,Line_3,2,3,1.0,11.664097904458096,63.50034463342252,51.836246728964426,GENROU_4,6,GENROU_1,1,1.0,1.0,0.0,GENROU_1,1,GENROU_1,1,1.4713550525394308,2.0339280899937893,GENROU_5,8,GENROU_2,2
53,1,0.25,0.005,0.001,NEXT_STEP,0,0.0360271933819342,0.0169817966346775,1.0300000245241523,-0.0326623859242988,,,,,,,,Line_3,2,3,1.0,1.0300000245241523,-0.0326623859242988,1.0100000196851342,-0.0634056499502438,1.7614592771430182,Line_3,2,3,1.0,11.664097904458096,63.50034463342252,51.836246728964426,GENROU_4,6,GENROU_1,1,1.0,1.0,0.0,GENROU_1,1,GENROU_1,1,1.4713550525394308,2.033928089371381,GENROU_5,8,GENROU_2,2
54,1,0.255,0.005,0.001,NEXT_STEP,0,0.0360271933819342,0.0169817966346775,1.030000024419662,-0.0326623859242988,,,,,,,,Line_3,2,3,1.0,1.030000024419662,-0.0326623859242988,1.010000019582583,-0.0634056499502438,1.7614592771430182,Line_3,2,3,1.0,11.664097904458096,63.50034463342252,51.836246728964426,GENROU_4,6,GENROU_1,1,1.0,1.0,0.0,GENROU_1,1,GENROU_1,1,1.4713550525394308,2.0339280878864354,GENROU_5,8,GENROU_2,2
55,1,0.26,0.005,0.001,NEXT_STEP,0,0.0360271933819342,0.0169817966346775,1.030000024419662,-0.0326623859242988,,,,,,,,Line_3,2,3,1.0,1.030000024419662,-0.0326623859242988,1.010000019582583,-0.0634056499502438,1.7614592771430182,Line_3,2,3,1.0,11.664097904458096,63.50034463342252,51.836246728964426,GENROU_4,6,GENROU_1,1,1.0,1.0,0.0,GENROU_1,1,GENROU_1,1,1.4713550525394308,2.033928086630671,GENROU_5,8,GENROU_2,2
56,1,0.265,0.005,0.001,NEXT_STEP,0,0.0360271933819342,0.0169817966346775,1.0300000243154952,-0.0326623860344504,,,,,,,,Line_3,2,3,1.0,1.0300000243154952,-0.0326623860344504,1.0100000194770709,-0.0634056500610169,1.7614592771786306,Line_3,2,3,1.0,11.664097904458096,63.50034463342252,51.836246728964426,GENROU_4,6,GENROU_1,1,1.0,1.0,0.0,GENROU_1,1,GENROU_1,1,1.4713550525394308,2.0339280856568203,GENROU_5,8,GENROU_2,2
57,1,0.27,0.005,0.001,NEXT_STEP,0,0.0360271933819342,0.0169817966346775,1.030000024206701,-0.0326623860344504,,,,,,,,Line_3,2,3,1.0,1.030000024206701,-0.0326623860344504,1.0100000194770709,-0.0634056500610169,1.7614592771786306,Line_3,2,3,1.0,11.664097904458096,63.50034463342252,51.836246728964426,GENROU_4,6,GENROU_1,1,1.0,1.0,0.0,GENROU_1,1,GENROU_1,1,1.4713550523677523,2.0339280849008894,GENROU_5,8,GENROU_2,2
58,1,0.275,0.005,0.001,NEXT_STEP,0,0.0360271933819342,0.0169817966346775,1.0300000240977485,-0.0326623860344504,,,,,,,,Line_3,2,3,1.0,1.0300000240977485,-0.0326623860344504,1.0100000193624683,-0.0634056500610169,1.7614592771786306,Line_3,2,3,1.0,11.664097904458096,63.50034463342252,51.836246728964426,GENROU_4,6,GENROU_1,1,1.0,1.0,0.0,GENROU_1,1,GENROU_1,1,1.4713550523677523,2.033928084304379,GENROU_5,8,GENROU_2,2
59,1,0.28,0.005,0.001,NEXT_STEP,0,0.0360271933819342,0.0169817966346775,1.0300000239653622,-0.0326623861375226,,,,,,,,Line_3,2,3,1.0,1.0300000239653622,-0.0326623861375226,1.0100000193624683,-0.0634056501639235,1.7614592771691375,Line_3,2,3,1.0,11.664097904458096,63.50034463342252,51.836246728964426,GENROU_4,6,GENROU_1,1,1.0,1.0,0.0,GENROU_1,1,GENROU_1,1,1.4713550523677523,2.0339280830392577,GENROU_5,8,GENROU_2,2
60,1,0.285,0.005,0.001,NEXT_STEP,0,0.0360271933819342,0.0169817966346775,1.0300000238439926,-0.0326623861375226,,,,,,,,Line_3,2,3,1.0,1.0300000238439926,-0.0326623861375226,1.0100000192555043,-0.0634056501639235,1.7614592771691375,Line_3,2,3,1.0,11.664097904458096,63.50034463342252,51.836246728964426,GENROU_4,6,GENROU_1,1,1.0,1.0,0.0,GENROU_1,1,GENROU_1,1,1.4713550523677523,2.033928081749731,GENROU_5,8,GENROU_2,2
61,1,0.29,0.005,0.001,NEXT_STEP,0,0.0360271933819342,0.0169817966346775,1.0300000237356426,-0.0326623861375226,,,,,,,,Line_3,2,3,1.0,1.0300000237356426,-0.0326623861375226,1.0100000191396097,-0.0634056501639235,1.7614592771691375,Line_3,2,3,1.0,11.664097904458096,63.50034463342252,51.836246728964426,GENROU_4,6,GENROU_1,1,1.0,1.0,0.0,GENROU_1,1,GENROU_1,1,1.4713550523677523,2.0339280807501745,GENROU_5,8,GENROU_2,2
62,1,0.295,0.005,0.001,NEXT_STEP,0,0.0360271933819342,0.0169817966346775,1.0300000237356426,-0.0326623862483744,,,,,,,,Line_3,2,3,1.0,1.0300000237356426,-0.0326623862483744,1.0100000191396097,-0.0634056502664571,1.761459276692534,Line_3,2,3,1.0,11.664097904458096,63.50034463342252,51.836246728964426,GENROU_4,6,GENROU_1,1,1.0,1.0,0.0,GENROU_1,1,GENROU_1,1,1.471355052212859,2.0339280799744768,GENROU_5,8,GENROU_2,2
63,1,0.3,0.005,0.001,NEXT_STEP,0,0.0360271933819342,0.0169817966346775,1.0300000236273443,-0.0326623862483744,,,,,,,,Line_3,2,3,1.0,1.0300000236273443,-0.0326623862483744,1.0100000190253615,-0.0634056502664571,1.761459276692534,Line_3,2,3,1.0,11.664097904458096,63.50034463342252,51.836246728964426,GENROU_4,6,GENROU_1,1,1.0,1.0,0.0,GENROU_1,1,GENROU_1,1,1.471355052212859,2.0339280793716865,GENROU_5,8,GENROU_2,2
64,1,0.305,0.005,0.001,NEXT_STEP,0,0.0360271933819342,0.0169817966346775,1.0300000235271556,-0.0326623862483744,,,,,,,,Line_3,2,3,1.0,1.0300000235271556,-0.0326623862483744,1.0100000189236178,-0.0634056502664571,1.761459276692534,Line_3,2,3,1.0,11.664097904458096,63.50034463342252,51.836246728964426,GENROU_4,6,GENROU_1,1,1.0,1.0,0.0,GENROU_1,1,GENROU_1,1,1.471355052099363,2.0339280791668104,GENROU_5,8,GENROU_2,2
65,1,0.31,0.005,0.001,NEXT_STEP,0,0.0360271933819342,0.0169817966346775,1.0300000233951296,-0.0326623863493405,,,,,,,,Line_3,2,3,1.0,1.0300000233951296,-0.0326623863493405,1.0100000189236178,-0.0634056502664571,1.7614592709076078,Line_3,2,3,1.0,11.664097904458096,63.50034463342252,51.836246728964426,GENROU_4,6,GENROU_1,1,1.0,1.0,0.0,GENROU_1,1,GENROU_1,1,1.471355052099363,2.033928077728487,GENROU_5,8,GENROU_2,2
66,1,0.315,0.005,0.001,NEXT_STEP,0,0.0360271933819342,0.0169817966346775,1.0300000232641615,-0.0326623863493405,,,,,,,,Line_3,2,3,1.0,1.0300000232641615,-0.0326623863493405,1.010000018801082,-0.0634056503675048,1.7614592766972237,Line_3,2,3,1.0,11.664097904458096,63.50034463342252,51.836246728964426,GENROU_4,6,GENROU_1,1,1.0,1.0,0.0,GENROU_1,1,GENROU_1,1,1.471355052099363,2.0339280765071672,GENROU_5,8,GENROU_2,2
67,1,0.32,0.005,0.001,NEXT_STEP,0,0.0360271933819342,0.0169817966346775,1.0300000231562856,-0.0326623863493405,,,,,,,,Line_3,2,3,1.0,1.0300000231562856,-0.0326623863493405,1.010000018801082,-0.0634056503675048,1.7614592766972237,Line_3,2,3,1.0,11.664097904458096,63.50034463342252,51.836246728964426,GENROU_4,6,GENROU_1,1,1.0,1.0,0.0,GENROU_1,1,GENROU_1,1,1.471355052099363,2.033928075560317,GENROU_5,8,GENROU_2,2
68,1,0.325,0.005,0.001,NEXT_STEP,0,0.0360271933819342,0.0169817966346775,1.0300000230484965,-0.032662386451705,,,,,,,,Line_3,2,3,1.0,1.0300000230484965,-0.032662386451705,1.0100000186873683,-0.0634056503675048,1.7614592708321766,Line_3,2,3,1.0,11.664097904458096,63.50034463342252,51.836246728964426,GENROU_4,6,GENROU_1,1,1.0,1.0,0.0,GENROU_1,1,GENROU_1,1,1.471355052099363,2.0339280748254795,GENROU_5,8,GENROU_2,2
69,1,0.33,0.005,0.001,NEXT_STEP,0,0.0360271933819342,0.0169817966346775,1.0300000230484965,-0.032662386451705,,,,,,,,Line_3,2,3,1.0,1.0300000230484965,-0.032662386451705,1.0100000185813354,-0.0634056504697276,1.761459276689095,Line_3,2,3,1.0,11.664097904458096,63.50034463342252,51.836246728964426,GENROU_4,6,GENROU_1,1,1.0,1.0,0.0,GENROU_1,1,GENROU_1,1,1.4713550519416692,2.033928074254338,GENROU_5,8,GENROU_2,2
70,1,0.335,0.005,0.001,NEXT_STEP,0,0.0360271933819342,0.0169817966346775,1.0300000229404185,-0.032662386451705,,,,,,,,Line_3,2,3,1.0,1.0300000229404185,-0.032662386451705,1.0100000185813354,-0.0634056504697276,1.761459276689095,Line_3,2,3,1.0,11.664097904458096,63.50034463342252,51.836246728964426,GENROU_4,6,GENROU_1,1,1.0,1.0,0.0,GENROU_1,1,GENROU_1,1,1.4713550519416692,2.0339280739400074,GENROU_5,8,GENROU_2,2
71,1,0.34,0.005,0.001,NEXT_STEP,0,0.0360271933819342,0.0169817966346775,1.0300000228090311,-0.032662386558606,,,,,,,,Line_3,2,3,1.0,1.0300000228090311,-0.032662386558606,1.0100000184585216,-0.0634056505728918,1.7614592764749943,Line_3,2,3,1.0,11.664097904458096,63.50034463342252,51.836246728964426,GENROU_4,6,GENROU_1,1,1.0,1.0,0.0,GENROU_1,1,GENROU_1,1,1.4713550519416692,2.0339280724468525,GENROU_5,8,GENROU_2,2
72,1,0.345,0.005,0.001,NEXT_STEP,0,0.0360271933819342,0.0169817966346775,1.0300000227018045,-0.032662386558606,,,,,,,,Line_3,2,3,1.0,1.0300000227018045,-0.032662386558606,1.0100000184585216,-0.0634056505728918,1.7614592764749943,Line_3,2,3,1.0,11.664097904458096,63.50034463342252,51.836246728964426,GENROU_4,6,GENROU_1,1,1.0,1.0,0.0,GENROU_1,1,GENROU_1,1,1.4713550519416692,2.033928071287357,GENROU_5,8,GENROU_2,2
73,1,0.35,0.005,0.001,NEXT_STEP,0,0.0360271933819342,0.0169817966346775,1.0300000225706214,-0.032662386558606,,,,,,,,Line_3,2,3,1.0,1.0300000225706214,-0.032662386558606,1.010000018352639,-0.0634056505728918,1.7614592764749943,Line_3,2,3,1.0,11.664097904458096,63.50034463342252,51.836246728964426,GENROU_4,6,GENROU_1,1,1.0,1.0,0.0,GENROU_1,1,GENROU_1,1,1.4713550519416692,2.033928070388283,GENROU_5,8,GENROU_2,2
74,1,0.355,0.005,0.001,NEXT_STEP,0,0.0360271933819342,0.0169817966346775,1.0300000224398578,-0.0326623866641571,,,,,,,,Line_3,2,3,1.0,1.0300000224398578,-0.0326623866641571,1.0100000182465323,-0.0634056506783124,1.7614592764675194,Line_3,2,3,1.0,11.664097904458096,63.50034463342252,51.836246728964426,GENROU_4,6,GENROU_1,1,1.0,1.0,0.0,GENROU_1,1,GENROU_1,1,1.4713550517785552,2.033928069690512,GENROU_5,8,GENROU_2,2
75,1,0.36,0.005,0.001,NEXT_STEP,0,0.0360271933819342,0.0169817966346775,1.0300000224398578,-0.0326623866641571,,,,,,,,Line_3,2,3,1.0,1.0300000224398578,-0.0326623866641571,1.0100000182465323,-0.0634056506783124,1.7614592764675194,Line_3,2,3,1.0,11.664097904458096,63.50034463342252,51.836246728964426,GENROU_4,6,GENROU_1,1,1.0,1.0,0.0,GENROU_1,1,GENROU_1,1,1.4713550517785552,2.0339280692460187,GENROU_5,8,GENROU_2,2
76,1,0.365,0.005,0.001,NEXT_STEP,0,0.0360271933819342,0.0169817966346775,1.0300000223325227,-0.0326623866641571,,,,,,,,Line_3,2,3,1.0,1.0300000223325227,-0.0326623866641571,1.0100000181408944,-0.0634056506783124,1.7614592764675194,Line_3,2,3,1.0,11.664097904458096,63.50034463342252,51.836246728964426,GENROU_4,6,GENROU_1,1,1.0,1.0,0.0,GENROU_1,1,GENROU_1,1,1.4713550517785552,2.033928068378553,GENROU_5,8,GENROU_2,2
77,1,0.37,0.005,0.001,NEXT_STEP,0,0.0360271933819342,0.0169817966346775,1.0300000222119654,-0.0326623866641571,,,,,,,,Line_3,2,3,1.0,1.0300000222119654,-0.0326623866641571,1.010000018035198,-0.0634056506783124,1.7614592764675194,Line_3,2,3,1.0,11.664097904458096,63.50034463342252,51.836246728964426,GENROU_4,6,GENROU_1,1,1.0,1.0,0.0,GENROU_1,1,GENROU_1,1,1.4713550517785552,2.033928067009972,GENROU_5,8,GENROU_2,2
78,1,0.375,0.005,0.001,NEXT_STEP,0,0.0360271933819342,0.0169817966346775,1.0300000221050511,-0.0326623867694209,,,,,,,,Line_3,2,3,1.0,1.0300000221050511,-0.0326623867694209,1.010000018035198,-0.0634056507834664,1.7614592764612382,Line_3,2,3,1.0,11.664097904458096,63.50034463342252,51.836246728964426,GENROU_4,6,GENROU_1,1,1.0,1.0,0.0,GENROU_1,1,GENROU_1,1,1.4713550517785552,2.033928065949492,GENROU_5,8,GENROU_2,2
79,1,0.38,0.005,0.001,NEXT_STEP,0,0.0360271933819342,0.0169817966346775,1.0300000219980725,-0.0326623867694209,,,,,,,,Line_3,2,3,1.0,1.0300000219980725,-0.0326623867694209,1.0100000179203747,-0.0634056507834664,1.7614592764612382,Line_3,2,3,1.0,11.664097904458096,63.50034463342252,51.836246728964426,GENROU_4,6,GENROU_1,1,1.0,1.0,0.0,GENROU_1,1,GENROU_1,1,1.471355051617473,2.033928065126977,GENROU_5,8,GENROU_2,2
80,1,0.385,0.005,0.001,NEXT_STEP,0,0.0360271933819342,0.0169817966346775,1.0300000218912322,-0.0326623867694209,,,,,,,,Line_3,2,3,1.0,1.0300000218912322,-0.0326623867694209,1.0100000179203747,-0.0634056507834664,1.7614592764612382,Line_3,2,3,1.0,11.664097904458096,63.50034463342252,51.836246728964426,GENROU_4,6,GENROU_1,1,1.0,1.0,0.0,GENROU_1,1,GENROU_1,1,1.471355051617473,2.033928064496604,GENROU_5,8,GENROU_2,2
81,1,0.39,0.005,0.001,NEXT_STEP,0,0.0360271933819342,0.0169817966346775,1.0300000217840928,-0.0326623868709551,,,,,,,,Line_3,2,3,1.0,1.0300000217840928,-0.0326623868709551,1.0100000178077744,-0.0634056508848956,1.7614592764552128,Line_3,2,3,1.0,11.664097904458096,63.50034463342252,51.836246728964426,GENROU_4,6,GENROU_1,1,1.0,1.0,0.0,GENROU_1,1,GENROU_1,1,1.471355051617473,2.0339280643896003,GENROU_5,8,GENROU_2,2
82,1,0.395,0.005,0.001,NEXT_STEP,0,0.0360271933819342,0.0169817966346775,1.0300000217840928,-0.0326623868709551,,,,,,,,Line_3,2,3,1.0,1.0300000217840928,-0.0326623868709551,1.0100000177027977,-0.0634056508848956,1.7614592764552128,Line_3,2,3,1.0,11.664097904458096,63.50034463342252,51.836246728964426,GENROU_4,6,GENROU_1,1,1.0,1.0,0.0,GENROU_1,1,GENROU_1,1,1.471355051617473,2.0339280643896003,GENROU_5,8,GENROU_2,2
83,1,0.4,0.005,0.001,NEXT_STEP,0,0.0360271933819342,0.0169817966346775,1.0300000216539362,-0.0326623868709551,,,,,,,,Line_3,2,3,1.0,1.0300000216539362,-0.0326623868709551,1.0100000177027977,-0.0634056508848956,1.7614592764552128,Line_3,2,3,1.0,11.664097904458096,63.50034463342252,51.836246728964426,GENROU_4,6,GENROU_1,1,1.0,1.0,0.0,GENROU_1,1,GENROU_1,1,1.471355051617473,2.0339280643896003,GENROU_5,8,GENROU_2,2
84,1,0.405,0.005,0.001,NEXT_STEP,0,0.0360271933819342,0.0169817966346775,1.0300000215339646,-0.0326623869720187,,,,,,,,Line_3,2,3,1.0,1.0300000215339646,-0.0326623869720187,1.010000017588093,-0.0634056509858904,1.7614592764512622,Line_3,2,3,1.0,11.664097904458096,63.50034463342252,51.836246728964426,GENROU_4,6,GENROU_1,1,1.0,1.0,0.0,GENROU_1,1,GENROU_1,1,1.471355051455863,2.0339280643896003,GENROU_5,8,GENROU_2,2
85,1,0.41,0.005,0.001,NEXT_STEP,0,0.0360271933819342,0.0169817966346775,1.0300000215339646,-0.0326623869720187,,,,,,,,Line_3,2,3,1.0,1.0300000215339646,-0.0326623869720187,1.010000017588093,-0.0634056509858904,1.7614592764512622,Line_3,2,3,1.0,11.664097904458096,63.50034463342252,51.836246728964426,GENROU_4,6,GENROU_1,1,1.0,1.0,0.0,GENROU_1,1,GENROU_1,1,1.471355051455863,2.0339280643896003,GENROU_5,8,GENROU_2,2
86,1,0.415,0.005,0.001,NEXT_STEP,0,0.0360271933819342,0.0169817966346775,1.0300000215339646,-0.0326623869720187,,,,,,,,Line_3,2,3,1.0,1.0300000215339646,-0.0326623869720187,1.010000017588093,-0.0634056509858904,1.7614592764512622,Line_3,2,3,1.0,11.664097904458096,63.50034463342252,51.836246728964426,GENROU_4,6,GENROU_1,1,1.0,1.0,0.0,GENROU_1,1,GENROU_1,1,1.471355051455863,2.0339280643896003,GENROU_5,8,GENROU_2,2
87,1,0.42,0.005,0.001,NEXT_STEP,0,0.0360271933819342,0.0169817966346775,1.0300000215339646,-0.0326623869720187,,,,,,,,Line_3,2,3,1.0,1.0300000215339646,-0.0326623869720187,1.010000017588093,-0.0634056509858904,1.7614592764512622,Line_3,2,3,1.0,11.664097904458096,63.50034463342252,51.836246728964426,GENROU_4,6,GENROU_1,1,1.0,1.0,0.0,GENROU_1,1,GENROU_1,1,1.471355051455863,2.0339280643896003,GENROU_5,8,GENROU_2,2
88,1,0.425,0.005,0.001,NEXT_STEP,0,0.0360271933819342,0.0169817966346775,1.0300000215339646,-0.0326623869720187,,,,,,,,Line_3,2,3,1.0,1.0300000215339646,-0.0326623869720187,1.010000017588093,-0.0634056509858904,1.7614592764512622,Line_3,2,3,1.0,11.664097904458096,63.50034463342252,51.836246728964426,GENROU_4,6,GENROU_1,1,1.0,1.0,0.0,GENROU_1,1,GENROU_1,1,1.471355051455863,2.0339280643896003,GENROU_5,8,GENROU_2,2
89,1,0.43,0.005,0.001,NEXT_STEP,0,0.0360271933819342,0.0169817966346775,1.0300000215339646,-0.0326623869720187,,,,,,,,Line_3,2,3,1.0,1.0300000215339646,-0.0326623869720187,1.010000017588093,-0.0634056509858904,1.7614592764512622,Line_3,2,3,1.0,11.664097904458096,63.50034463342252,51.836246728964426,GENROU_4,6,GENROU_1,1,1.0,1.0,0.0,GENROU_1,1,GENROU_1,1,1.471355051455863,2.0339280643896003,GENROU_5,8,GENROU_2,2
90,1,0.435,0.005,0.001,NEXT_STEP,0,0.0360271933819342,0.0169817966346775,1.0300000215339646,-0.0326623869720187,,,,,,,,Line_3,2,3,1.0,1.0300000215339646,-0.0326623869720187,1.010000017588093,-0.0634056509858904,1.7614592764512622,Line_3,2,3,1.0,11.664097904458096,63.50034463342252,51.836246728964426,GENROU_4,6,GENROU_1,1,1.0,1.0,0.0,GENROU_1,1,GENROU_1,1,1.471355051455863,2.0339280643896003,GENROU_5,8,GENROU_2,2
91,1,0.44,0.005,0.001,NEXT_STEP,0,0.0360271933819342,0.0169817966346775,1.0300000215339646,-0.0326623869720187,,,,,,,,Line_3,2,3,1.0,1.0300000215339646,-0.0326623869720187,1.010000017588093,-0.0634056509858904,1.7614592764512622,Line_3,2,3,1.0,11.664097904458096,63.50034463342252,51.836246728964426,GENROU_4,6,GENROU_1,1,1.0,1.0,0.0,GENROU_1,1,GENROU_1,1,1.471355051455863,2.0339280643896003,GENROU_5,8,GENROU_2,2
92,1,0.445,0.005,0.001,NEXT_STEP,0,0.0360271933819342,0.0169817966346775,1.0300000215339646,-0.0326623869720187,,,,,,,,Line_3,2,3,1.0,1.0300000215339646,-0.0326623869720187,1.010000017588093,-0.0634056509858904,1.7614592764512622,Line_3,2,3,1.0,11.664097904458096,63.50034463342252,51.836246728964426,GENROU_4,6,GENROU_1,1,1.0,1.0,0.0,GENROU_1,1,GENROU_1,1,1.471355051455863,2.0339280643896003,GENROU_5,8,GENROU_2,2
93,1,0.45,0.005,0.001,NEXT_STEP,0,0.0360271933819342,0.0169817966346775,1.0300000215339646,-0.0326623869720187,,,,,,,,Line_3,2,3,1.0,1.0300000215339646,-0.0326623869720187,1.010000017588093,-0.0634056509858904,1.7614592764512622,Line_3,2,3,1.0,11.664097904458096,63.50034463342252,51.836246728964426,GENROU_4,6,GENROU_1,1,1.0,1.0,0.0,GENROU_1,1,GENROU_1,1,1.471355051455863,2.0339280643896003,GENROU_5,8,GENROU_2,2
94,1,0.455,0.005,0.001,NEXT_STEP,0,0.0360271933819342,0.0169817966346775,1.0300000215339646,-0.0326623869720187,,,,,,,,Line_3,2,3,1.0,1.0300000215339646,-0.0326623869720187,1.010000017588093,-0.0634056509858904,1.7614592764512622,Line_3,2,3,1.0,11.664097904458096,63.50034463342252,51.836246728964426,GENROU_4,6,GENROU_1,1,1.0,1.0,0.0,GENROU_1,1,GENROU_1,1,1.471355051455863,2.0339280643896003,GENROU_5,8,GENROU_2,2
95,1,0.46,0.005,0.001,NEXT_STEP,0,0.0360271933819342,0.0169817966346775,1.0300000215339646,-0.0326623869720187,,,,,,,,Line_3,2,3,1.0,1.0300000215339646,-0.0326623869720187,1.010000017588093,-0.0634056509858904,1.7614592764512622,Line_3,2,3,1.0,11.664097904458096,63.50034463342252,51.836246728964426,GENROU_4,6,GENROU_1,1,1.0,1.0,0.0,GENROU_1,1,GENROU_1,1,1.471355051455863,2.0339280643896003,GENROU_5,8,GENROU_2,2
96,1,0.465,0.005,0.001,NEXT_STEP,0,0.0360271933819342,0.0169817966346775,1.0300000215339646,-0.0326623869720187,,,,,,,,Line_3,2,3,1.0,1.0300000215339646,-0.0326623869720187,1.010000017588093,-0.0634056509858904,1.7614592764512622,Line_3,2,3,1.0,11.664097904458096,63.50034463342252,51.836246728964426,GENROU_4,6,GENROU_1,1,1.0,1.0,0.0,GENROU_1,1,GENROU_1,1,1.471355051455863,2.0339280643896003,GENROU_5,8,GENROU_2,2
97,1,0.47,0.005,0.001,NEXT_STEP,0,0.0360271933819342,0.0169817966346775,1.0300000215339646,-0.0326623869720187,,,,,,,,Line_3,2,3,1.0,1.0300000215339646,-0.0326623869720187,1.010000017588093,-0.0634056509858904,1.7614592764512622,Line_3,2,3,1.0,11.664097904458096,63.50034463342252,51.836246728964426,GENROU_4,6,GENROU_1,1,1.0,1.0,0.0,GENROU_1,1,GENROU_1,1,1.471355051455863,2.0339280642895505,GENROU_5,8,GENROU_2,2
98,1,0.475,0.005,0.001,NEXT_STEP,0,0.0360271933819342,0.0169817966346775,1.0300000215339646,-0.0326623869720187,,,,,,,,Line_3,2,3,1.0,1.0300000215339646,-0.0326623869720187,1.010000017588093,-0.0634056509858904,1.7614592764512622,Line_3,2,3,1.0,11.664097904458096,63.50034463342252,51.836246728964426,GENROU_4,6,GENROU_1,1,1.0,1.0,0.0,GENROU_1,1,GENROU_1,1,1.471355051455863,2.0339280642895505,GENROU_5,8,GENROU_2,2
99,1,0.48,0.005,0.001,NEXT_STEP,0,0.0360271933819342,0.0169817966346775,1.0300000215339646,-0.0326623869720187,,,,,,,,Line_3,2,3,1.0,1.0300000215339646,-0.0326623869720187,1.010000017588093,-0.0634056509858904,1.7614592764512622,Line_3,2,3,1.0,11.664097904458096,63.50034463342252,51.836246728964426,GENROU_4,6,GENROU_1,1,1.0,1.0,0.0,GENROU_1,1,GENROU_1,1,1.471355051455863,2.0339280642895505,GENROU_5,8,GENROU_2,2
100,1,0.485,0.005,0.001,NEXT_STEP,0,0.0360271933819342,0.0169817966346775,1.0300000215339646,-0.0326623869720187,,,,,,,,Line_3,2,3,1.0,1.0300000215339646,-0.0326623869720187,1.010000017588093,-0.0634056509858904,1.7614592764512622,Line_3,2,3,1.0,11.664097904458096,63.50034463342252,51.836246728964426,GENROU_4,6,GENROU_1,1,1.0,1.0,0.0,GENROU_1,1,GENROU_1,1,1.471355051455863,2.0339280641894484,GENROU_5,8,GENROU_2,2
101,1,0.49,0.005,0.001,NEXT_STEP,0,0.0360271933819342,0.0169817966346775,1.0300000215339646,-0.0326623869720187,,,,,,,,Line_3,2,3,1.0,1.0300000215339646,-0.0326623869720187,1.010000017588093,-0.0634056509858904,1.7614592764512622,Line_3,2,3,1.0,11.664097904458096,63.50034463342252,51.836246728964426,GENROU_4,6,GENROU_1,1,1.0,1.0,0.0,GENROU_1,1,GENROU_1,1,1.471355051455863,2.0339280630297725,GENROU_5,8,GENROU_2,2
102,1,0.495,0.005,0.001,NEXT_STEP,0,0.0360271933819342,0.0169817966346775,1.0300000215339646,-0.0326623869720187,,,,,,,,Line_3,2,3,1.0,1.0300000215339646,-0.0326623869720187,1.010000017588093,-0.0634056509858904,1.7614592764512622,Line_3,2,3,1.0,11.664097904458096,63.50034463342252,51.836246728964426,GENROU_4,6,GENROU_1,1,1.0,1.0,0.0,GENROU_1,1,GENROU_1,1,1.471355051455863,2.033928061739466,GENROU_5,8,GENROU_2,2
103,1,0.5,0.005,0.001,NEXT_STEP,0,0.0360271933819342,0.0169817966346775,1.030000021428032,-0.0326623869720187,,,,,,,,Line_3,2,3,1.0,1.030000021428032,-0.0326623869720187,1.010000017588093,-0.0634056509858904,1.7614592764512622,Line_3,2,3,1.0,11.664097904458096,63.50034463342252,51.836246728964426,GENROU_4,6,GENROU_1,1,1.0,1.0,0.0,GENROU_1,1,GENROU_1,1,1.471355051455863,2.033928060739553,GENROU_5,8,GENROU_2,2
104,1,0.505,0.005,0.001,NEXT_STEP,0,0.0360271933819342,0.0169817966346775,1.030000021428032,-0.0326623869720187,,,,,,,,Line_3,2,3,1.0,1.030000021428032,-0.0326623869720187,1.010000017469492,-0.0634056509858904,1.7614592764512622,Line_3,2,3,1.0,11.664097904458096,63.50034463342252,51.836246728964426,GENROU_4,6,GENROU_1,1,1.0,1.0,0.0,GENROU_1,1,GENROU_1,1,1.471355051455863,2.033928059963528,GENROU_5,8,GENROU_2,2
105,1,0.51,0.005,0.001,NEXT_STEP,0,0.0360271933819342,0.0169817966346775,1.0300000213218128,-0.0326623869720187,,,,,,,,Line_3,2,3,1.0,1.0300000213218128,-0.0326623869720187,1.010000017469492,-0.0634056509858904,1.7614592764512622,Line_3,2,3,1.0,11.664097904458096,63.50034463342252,51.836246728964426,GENROU_4,6,GENROU_1,1,1.0,1.0,0.0,GENROU_1,1,GENROU_1,1,1.471355051455863,2.033928059360689,GENROU_5,8,GENROU_2,2
106,1,0.515,0.005,0.001,NEXT_STEP,0,0.0360271933819342,0.0169817966346775,1.0300000213218128,-0.0326623869720187,,,,,,,,Line_3,2,3,1.0,1.0300000213218128,-0.0326623869720187,1.010000017469492,-0.0634056509858904,1.7614592764512622,Line_3,2,3,1.0,11.664097904458096,63.50034463342252,51.836246728964426,GENROU_4,6,GENROU_1,1,1.0,1.0,0.0,GENROU_1,1,GENROU_1,1,1.471355051455863,2.0339280592573283,GENROU_5,8,GENROU_2,2
107,1,0.52,0.005,0.001,NEXT_STEP,0,0.0360271933819342,0.0169817966346775,1.0300000213218128,-0.0326623869720187,,,,,,,,Line_3,2,3,1.0,1.0300000213218128,-0.0326623869720187,1.010000017469492,-0.0634056509858904,1.7614592764512622,Line_3,2,3,1.0,11.664097904458096,63.50034463342252,51.836246728964426,GENROU_4,6,GENROU_1,1,1.0,1.0,0.0,GENROU_1,1,GENROU_1,1,1.471355051455863,2.0339280592573283,GENROU_5,8,GENROU_2,2
108,1,0.525,0.005,0.001,NEXT_STEP,0,0.0360271933819342,0.0169817966346775,1.0300000213218128,-0.0326623869720187,,,,,,,,Line_3,2,3,1.0,1.0300000213218128,-0.0326623869720187,1.010000017469492,-0.0634056509858904,1.7614592764512622,Line_3,2,3,1.0,11.664097904458096,63.50034463342252,51.836246728964426,GENROU_4,6,GENROU_1,1,1.0,1.0,0.0,GENROU_1,1,GENROU_1,1,1.471355051455863,2.0339280592573283,GENROU_5,8,GENROU_2,2
109,1,0.53,0.005,0.001,NEXT_STEP,0,0.0360271933819342,0.0169817966346775,1.0300000213218128,-0.0326623869720187,,,,,,,,Line_3,2,3,1.0,1.0300000213218128,-0.0326623869720187,1.010000017469492,-0.0634056509858904,1.7614592764512622,Line_3,2,3,1.0,11.664097904458096,63.50034463342252,51.836246728964426,GENROU_4,6,GENROU_1,1,1.0,1.0,0.0,GENROU_1,1,GENROU_1,1,1.471355051455863,2.0339280592573283,GENROU_5,8,GENROU_2,2
110,1,0.535,0.005,0.001,NEXT_STEP,0,0.0360271933819342,0.0169817966346775,1.0300000213218128,-0.0326623869720187,,,,,,,,Line_3,2,3,1.0,1.0300000213218128,-0.0326623869720187,1.010000017469492,-0.0634056509858904,1.7614592764512622,Line_3,2,3,1.0,11.664097904458096,63.50034463342252,51.836246728964426,GENROU_4,6,GENROU_1,1,1.0,1.0,0.0,GENROU_1,1,GENROU_1,1,1.471355051455863,2.0339280592573283,GENROU_5,8,GENROU_2,2
111,1,0.54,0.005,0.001,NEXT_STEP,0,0.0360271933819342,0.0169817966346775,1.0300000213218128,-0.0326623869720187,,,,,,,,Line_3,2,3,1.0,1.0300000213218128,-0.0326623869720187,1.010000017469492,-0.0634056509858904,1.7614592764512622,Line_3,2,3,1.0,11.664097904458096,63.50034463342252,51.836246728964426,GENROU_4,6,GENROU_1,1,1.0,1.0,0.0,GENROU_1,1,GENROU_1,1,1.471355051455863,2.0339280592573283,GENROU_5,8,GENROU_2,2
112,1,0.545,0.005,0.001,NEXT_STEP,0,0.0360271933819342,0.0169817966346775,1.0300000213218128,-0.0326623869720187,,,,,,,,Line_3,2,3,1.0,1.0300000213218128,-0.0326623869720187,1.010000017469492,-0.0634056509858904,1.7614592764512622,Line_3,2,3,1.0,11.664097904458096,63.50034463342252,51.836246728964426,GENROU_4,6,GENROU_1,1,1.0,1.0,0.0,GENROU_1,1,GENROU_1,1,1.471355051455863,2.0339280592573283,GENROU_5,8,GENROU_2,2
113,1,0.55,0.005,0.001,NEXT_STEP,0,0.0360271933819342,0.0169817966346775,1.0300000213218128,-0.0326623869720187,,,,,,,,Line_3,2,3,1.0,1.0300000213218128,-0.0326623869720187,1.010000017469492,-0.0634056509858904,1.7614592764512622,Line_3,2,3,1.0,11.664097904458096,63.50034463342252,51.836246728964426,GENROU_4,6,GENROU_1,1,1.0,1.0,0.0,GENROU_1,1,GENROU_1,1,1.471355051455863,2.0339280592573283,GENROU_5,8,GENROU_2,2
114,1,0.555,0.005,0.001,NEXT_STEP,0,0.0360271933819342,0.0169817966346775,1.0300000213218128,-0.0326623869720187,,,,,,,,Line_3,2,3,1.0,1.0300000213218128,-0.0326623869720187,1.010000017469492,-0.0634056509858904,1.7614592764512622,Line_3,2,3,1.0,11.664097904458096,63.50034463342252,51.836246728964426,GENROU_4,6,GENROU_1,1,1.0,1.0,0.0,GENROU_1,1,GENROU_1,1,1.471355051455863,2.033928058606327,GENROU_5,8,GENROU_2,2
115,1,0.56,0.005,0.001,NEXT_STEP,0,0.0360271933819342,0.0169817966346775,1.0300000213218128,-0.0326623870727897,,,,,,,,Line_3,2,3,1.0,1.0300000213218128,-0.0326623870727897,1.010000017469492,-0.0634056510865554,1.7614592764452084,Line_3,2,3,1.0,11.664097904458096,63.50034463342252,51.836246728964426,GENROU_4,6,GENROU_1,1,1.0,1.0,0.0,GENROU_1,1,GENROU_1,1,1.471355051455863,2.033928057166543,GENROU_5,8,GENROU_2,2
116,1,0.5650000000000001,0.005,0.001,NEXT_STEP,0,0.0360271933819342,0.0169817966346775,1.030000021192049,-0.0326623870727897,,,,,,,,Line_3,2,3,1.0,1.030000021192049,-0.0326623870727897,1.0100000173483643,-0.0634056510865554,1.7614592764452084,Line_3,2,3,1.0,11.664097904458096,63.50034463342252,51.836246728964426,GENROU_4,6,GENROU_1,1,1.0,1.0,0.0,GENROU_1,1,GENROU_1,1,1.471355051455863,2.033928056062394,GENROU_5,8,GENROU_2,2
117,1,0.5700000000000001,0.005,0.001,NEXT_STEP,0,0.0360271933819342,0.0169817966346775,1.030000021192049,-0.0326623870727897,,,,,,,,Line_3,2,3,1.0,1.030000021192049,-0.0326623870727897,1.0100000173483643,-0.0634056510865554,1.7614592764452084,Line_3,2,3,1.0,11.664097904458096,63.50034463342252,51.836246728964426,GENROU_4,6,GENROU_1,1,1.0,1.0,0.0,GENROU_1,1,GENROU_1,1,1.471355051299167,2.033928055221691,GENROU_5,8,GENROU_2,2
118,1,0.5750000000000001,0.005,0.001,NEXT_STEP,0,0.0360271933819342,0.0169817966346775,1.0300000210861404,-0.0326623870727897,,,,,,,,Line_3,2,3,1.0,1.0300000210861404,-0.0326623870727897,1.0100000173483643,-0.0634056510865554,1.7614592764452084,Line_3,2,3,1.0,11.664097904458096,63.50034463342252,51.836246728964426,GENROU_4,6,GENROU_1,1,1.0,1.0,0.0,GENROU_1,1,GENROU_1,1,1.471355051299167,2.03392805459038,GENROU_5,8,GENROU_2,2
119,1,0.5800000000000001,0.005,0.001,NEXT_STEP,0,0.0360271933819342,0.0169817966346775,1.0300000210861404,-0.0326623870727897,,,,,,,,Line_3,2,3,1.0,1.0300000210861404,-0.0326623870727897,1.0100000172438244,-0.0634056510865554,1.7614592764452084,Line_3,2,3,1.0,11.664097904458096,63.50034463342252,51.836246728964426,GENROU_4,6,GENROU_1,1,1.0,1.0,0.0,GENROU_1,1,GENROU_1,1,1.471355051299167,2.033928054379285,GENROU_5,8,GENROU_2,2
120,1,0.5850000000000001,0.005,0.001,NEXT_STEP,0,0.0360271933819342,0.0169817966346775,1.0300000210861404,-0.0326623870727897,,,,,,,,Line_3,2,3,1.0,1.0300000210861404,-0.0326623870727897,1.0100000172438244,-0.0634056510865554,1.7614592764452084,Line_3,2,3,1.0,11.664097904458096,63.50034463342252,51.836246728964426,GENROU_4,6,GENROU_1,1,1.0,1.0,0.0,GENROU_1,1,GENROU_1,1,1.471355051299167,2.033928054379285,GENROU_5,8,GENROU_2,2
121,1,0.5900000000000001,0.005,0.001,NEXT_STEP,0,0.0360271933819342,0.0169817966346775,1.0300000210861404,-0.0326623870727897,,,,,,,,Line_3,2,3,1.0,1.0300000210861404,-0.0326623870727897,1.0100000172438244,-0.0634056510865554,1.7614592764452084,Line_3,2,3,1.0,11.664097904458096,63.50034463342252,51.836246728964426,GENROU_4,6,GENROU_1,1,1.0,1.0,0.0,GENROU_1,1,GENROU_1,1,1.471355051299167,2.033928054379285,GENROU_5,8,GENROU_2,2
122,1,0.5950000000000001,0.005,0.001,NEXT_STEP,0,0.0360271933819342,0.0169817966346775,1.0300000210861404,-0.0326623870727897,,,,,,,,Line_3,2,3,1.0,1.0300000210861404,-0.0326623870727897,1.0100000172438244,-0.0634056510865554,1.7614592764452084,Line_3,2,3,1.0,11.664097904458096,63.50034463342252,51.836246728964426,GENROU_4,6,GENROU_1,1,1.0,1.0,0.0,GENROU_1,1,GENROU_1,1,1.471355051299167,2.0339280542785123,GENROU_5,8,GENROU_2,2
123,1,0.6000000000000001,0.005,0.001,NEXT_STEP,0,0.0360271933819342,0.0169817966346775,1.0300000210861404,-0.0326623870727897,,,,,,,,Line_3,2,3,1.0,1.0300000210861404,-0.0326623870727897,1.0100000172438244,-0.0634056510865554,1.7614592764452084,Line_3,2,3,1.0,11.664097904458096,63.50034463342252,51.836246728964426,GENROU_4,6,GENROU_1,1,1.0,1.0,0.0,GENROU_1,1,GENROU_1,1,1.471355051299167,2.0339280542785123,GENROU_5,8,GENROU_2,2
124,1,0.605,0.005,0.001,NEXT_STEP,0,0.0360271933819342,0.0169817966346775,1.0300000210861404,-0.0326623870727897,,,,,,,,Line_3,2,3,1.0,1.0300000210861404,-0.0326623870727897,1.0100000172438244,-0.0634056510865554,1.7614592764452084,Line_3,2,3,1.0,11.664097904458096,63.50034463342252,51.836246728964426,GENROU_4,6,GENROU_1,1,1.0,1.0,0.0,GENROU_1,1,GENROU_1,1,1.471355051299167,2.0339280542785123,GENROU_5,8,GENROU_2,2
125,1,0.61,0.005,0.001,NEXT_STEP,0,0.0360271933819342,0.0169817966346775,1.0300000210861404,-0.0326623870727897,,,,,,,,Line_3,2,3,1.0,1.0300000210861404,-0.0326623870727897,1.0100000172438244,-0.0634056510865554,1.7614592764452084,Line_3,2,3,1.0,11.664097904458096,63.50034463342252,51.836246728964426,GENROU_4,6,GENROU_1,1,1.0,1.0,0.0,GENROU_1,1,GENROU_1,1,1.471355051299167,2.0339280542785123,GENROU_5,8,GENROU_2,2
126,1,0.615,0.005,0.001,NEXT_STEP,0,0.0360271933819342,0.0169817966346775,1.0300000210861404,-0.0326623870727897,,,,,,,,Line_3,2,3,1.0,1.0300000210861404,-0.0326623870727897,1.0100000172438244,-0.0634056510865554,1.7614592764452084,Line_3,2,3,1.0,11.664097904458096,63.50034463342252,51.836246728964426,GENROU_4,6,GENROU_1,1,1.0,1.0,0.0,GENROU_1,1,GENROU_1,1,1.471355051299167,2.033928054176696,GENROU_5,8,GENROU_2,2
127,1,0.62,0.005,0.001,NEXT_STEP,0,0.0360271933819342,0.0169817966346775,1.0300000210861404,-0.0326623870727897,,,,,,,,Line_3,2,3,1.0,1.0300000210861404,-0.0326623870727897,1.0100000172438244,-0.0634056510865554,1.7614592764452084,Line_3,2,3,1.0,11.664097904458096,63.50034463342252,51.836246728964426,GENROU_4,6,GENROU_1,1,1.0,1.0,0.0,GENROU_1,1,GENROU_1,1,1.471355051299167,2.033928054176696,GENROU_5,8,GENROU_2,2
128,1,0.625,0.005,0.001,NEXT_STEP,0,0.0360271933819342,0.0169817966346775,1.0300000210861404,-0.0326623870727897,,,,,,,,Line_3,2,3,1.0,1.0300000210861404,-0.0326623870727897,1.0100000172438244,-0.0634056510865554,1.7614592764452084,Line_3,2,3,1.0,11.664097904458096,63.50034463342252,51.836246728964426,GENROU_4,6,GENROU_1,1,1.0,1.0,0.0,GENROU_1,1,GENROU_1,1,1.471355051299167,2.033928054176696,GENROU_5,8,GENROU_2,2
129,1,0.63,0.005,0.001,NEXT_STEP,0,0.0360271933819342,0.0169817966346775,1.0300000210861404,-0.0326623870727897,,,,,,,,Line_3,2,3,1.0,1.0300000210861404,-0.0326623870727897,1.0100000172438244,-0.0634056510865554,1.7614592764452084,Line_3,2,3,1.0,11.664097904458096,63.50034463342252,51.836246728964426,GENROU_4,6,GENROU_1,1,1.0,1.0,0.0,GENROU_1,1,GENROU_1,1,1.471355051299167,2.033928053013352,GENROU_5,8,GENROU_2,2
130,1,0.635,0.005,0.001,NEXT_STEP,0,0.0360271933819342,0.0169817966346775,1.0300000209796798,-0.0326623871736952,,,,,,,,Line_3,2,3,1.0,1.0300000209796798,-0.0326623871736952,1.0100000172438244,-0.0634056511873377,1.7614592764381314,Line_3,2,3,1.0,11.664097904458096,63.50034463342252,51.836246728964426,GENROU_4,6,GENROU_1,1,1.0,1.0,0.0,GENROU_1,1,GENROU_1,1,1.471355051299167,2.033928051729033,GENROU_5,8,GENROU_2,2
131,1,0.64,0.005,0.001,NEXT_STEP,0,0.0360271933819342,0.0169817966346775,1.0300000209796798,-0.0326623871736952,,,,,,,,Line_3,2,3,1.0,1.0300000209796798,-0.0326623871736952,1.0100000171389043,-0.0634056511873377,1.7614592764381314,Line_3,2,3,1.0,11.664097904458096,63.50034463342252,51.836246728964426,GENROU_4,6,GENROU_1,1,1.0,1.0,0.0,GENROU_1,1,GENROU_1,1,1.471355051299167,2.033928050757881,GENROU_5,8,GENROU_2,2
132,1,0.645,0.005,0.001,NEXT_STEP,0,0.0360271933819342,0.0169817966346775,1.0300000208732891,-0.0326623871736952,,,,,,,,Line_3,2,3,1.0,1.0300000208732891,-0.0326623871736952,1.0100000171389043,-0.0634056511873377,1.7614592764381314,Line_3,2,3,1.0,11.664097904458096,63.50034463342252,51.836246728964426,GENROU_4,6,GENROU_1,1,1.0,1.0,0.0,GENROU_1,1,GENROU_1,1,1.471355051299167,2.033928050013793,GENROU_5,8,GENROU_2,2
133,1,0.65,0.005,0.001,NEXT_STEP,0,0.0360271933819342,0.0169817966346775,1.0300000208732891,-0.0326623871736952,,,,,,,,Line_3,2,3,1.0,1.0300000208732891,-0.0326623871736952,1.0100000171389043,-0.0634056511873377,1.7614592764381314,Line_3,2,3,1.0,11.664097904458096,63.50034463342252,51.836246728964426,GENROU_4,6,GENROU_1,1,1.0,1.0,0.0,GENROU_1,1,GENROU_1,1,1.471355051299167,2.033928049443646,GENROU_5,8,GENROU_2,2
134,1,0.655,0.005,0.001,NEXT_STEP,0,0.0360271933819342,0.0169817966346775,1.0300000208732891,-0.0326623871736952,,,,,,,,Line_3,2,3,1.0,1.0300000208732891,-0.0326623871736952,1.0100000171389043,-0.0634056511873377,1.7614592764381314,Line_3,2,3,1.0,11.664097904458096,63.50034463342252,51.836246728964426,GENROU_4,6,GENROU_1,1,1.0,1.0,0.0,GENROU_1,1,GENROU_1,1,1.471355051299167,2.033928049443646,GENROU_5,8,GENROU_2,2
135,1,0.66,0.005,0.001,NEXT_STEP,0,0.0360271933819342,0.0169817966346775,1.0300000208732891,-0.0326623871736952,,,,,,,,Line_3,2,3,1.0,1.0300000208732891,-0.0326623871736952,1.0100000171389043,-0.0634056511873377,1.7614592764381314,Line_3,2,3,1.0,11.664097904458096,63.50034463342252,51.836246728964426,GENROU_4,6,GENROU_1,1,1.0,1.0,0.0,GENROU_1,1,GENROU_1,1,1.471355051299167,2.033928049443646,GENROU_5,8,GENROU_2,2
136,1,0.665,0.005,0.001,NEXT_STEP,0,0.0360271933819342,0.0169817966346775,1.0300000208732891,-0.0326623871736952,,,,,,,,Line_3,2,3,1.0,1.0300000208732891,-0.0326623871736952,1.0100000171389043,-0.0634056511873377,1.7614592764381314,Line_3,2,3,1.0,11.664097904458096,63.50034463342252,51.836246728964426,GENROU_4,6,GENROU_1,1,1.0,1.0,0.0,GENROU_1,1,GENROU_1,1,1.471355051299167,2.033928049443646,GENROU_5,8,GENROU_2,2
137,1,0.67,0.005,0.001,NEXT_STEP,0,0.0360271933819342,0.0169817966346775,1.0300000208732891,-0.0326623871736952,,,,,,,,Line_3,2,3,1.0,1.0300000208732891,-0.0326623871736952,1.0100000171389043,-0.0634056511873377,1.7614592764381314,Line_3,2,3,1.0,11.664097904458096,63.50034463342252,51.836246728964426,GENROU_4,6,GENROU_1,1,1.0,1.0,0.0,GENROU_1,1,GENROU_1,1,1.471355051299167,2.033928049443646,GENROU_5,8,GENROU_2,2
138,1,0.675,0.005,0.001,NEXT_STEP,0,0.0360271933819342,0.0169817966346775,1.0300000208732891,-0.0326623871736952,,,,,,,,Line_3,2,3,1.0,1.0300000208732891,-0.0326623871736952,1.0100000171389043,-0.0634056511873377,1.7614592764381314,Line_3,2,3,1.0,11.664097904458096,63.50034463342252,51.836246728964426,GENROU_4,6,GENROU_1,1,1.0,1.0,0.0,GENROU_1,1,GENROU_1,1,1.471355051299167,2.033928049443646,GENROU_5,8,GENROU_2,2
139,1,0.68,0.005,0.001,NEXT_STEP,0,0.0360271933819342,0.0169817966346775,1.0300000208732891,-0.0326623871736952,,,,,,,,Line_3,2,3,1.0,1.0300000208732891,-0.0326623871736952,1.0100000171389043,-0.0634056511873377,1.7614592764381314,Line_3,2,3,1.0,11.664097904458096,63.50034463342252,51.836246728964426,GENROU_4,6,GENROU_1,1,1.0,1.0,0.0,GENROU_1,1,GENROU_1,1,1.471355051299167,2.033928049443646,GENROU_5,8,GENROU_2,2
140,1,0.685,0.005,0.001,NEXT_STEP,0,0.0360271933819342,0.0169817966346775,1.0300000208732891,-0.0326623871736952,,,,,,,,Line_3,2,3,1.0,1.0300000208732891,-0.0326623871736952,1.0100000171389043,-0.0634056511873377,1.7614592764381314,Line_3,2,3,1.0,11.664097904458096,63.50034463342252,51.836246728964426,GENROU_4,6,GENROU_1,1,1.0,1.0,0.0,GENROU_1,1,GENROU_1,1,1.471355051299167,2.033928049443646,GENROU_5,8,GENROU_2,2
141,1,0.6900000000000001,0.005,0.001,NEXT_STEP,0,0.0360271933819342,0.0169817966346775,1.0300000208732891,-0.0326623871736952,,,,,,,,Line_3,2,3,1.0,1.0300000208732891,-0.0326623871736952,1.0100000171389043,-0.0634056511873377,1.7614592764381314,Line_3,2,3,1.0,11.664097904458096,63.50034463342252,51.836246728964426,GENROU_4,6,GENROU_1,1,1.0,1.0,0.0,GENROU_1,1,GENROU_1,1,1.471355051299167,2.0339280492398832,GENROU_5,8,GENROU_2,2
142,1,0.6950000000000001,0.005,0.001,NEXT_STEP,0,0.0360271933819342,0.0169817966346775,1.030000020763438,-0.0326623871736952,,,,,,,,Line_3,2,3,1.0,1.030000020763438,-0.0326623871736952,1.0100000171389043,-0.0634056511873377,1.7614592764381314,Line_3,2,3,1.0,11.664097904458096,63.50034463342252,51.836246728964426,GENROU_4,6,GENROU_1,1,1.0,1.0,0.0,GENROU_1,1,GENROU_1,1,1.471355051299167,2.0339280492398832,GENROU_5,8,GENROU_2,2
143,1,0.7000000000000001,0.005,0.001,NEXT_STEP,0,0.0360271933819342,0.0169817966346775,1.030000020763438,-0.0326623871736952,,,,,,,,Line_3,2,3,1.0,1.030000020763438,-0.0326623871736952,1.0100000171389043,-0.0634056511873377,1.7614592764381314,Line_3,2,3,1.0,11.664097904458096,63.50034463342252,51.836246728964426,GENROU_4,6,GENROU_1,1,1.0,1.0,0.0,GENROU_1,1,GENROU_1,1,1.471355051299167,2.0339280492398832,GENROU_5,8,GENROU_2,2
144,1,0.7050000000000001,0.005,0.001,NEXT_STEP,0,0.0360271933819342,0.0169817966346775,1.030000020763438,-0.0326623871736952,,,,,,,,Line_3,2,3,1.0,1.030000020763438,-0.0326623871736952,1.0100000171389043,-0.0634056511873377,1.7614592764381314,Line_3,2,3,1.0,11.664097904458096,63.50034463342252,51.836246728964426,GENROU_4,6,GENROU_1,1,1.0,1.0,0.0,GENROU_1,1,GENROU_1,1,1.471355051299167,2.0339280492398832,GENROU_5,8,GENROU_2,2
145,1,0.7100000000000001,0.005,0.001,NEXT_STEP,0,0.0360271933819342,0.0169817966346775,1.030000020763438,-0.0326623871736952,,,,,,,,Line_3,2,3,1.0,1.030000020763438,-0.0326623871736952,1.0100000171389043,-0.0634056511873377,1.7614592764381314,Line_3,2,3,1.0,11.664097904458096,63.50034463342252,51.836246728964426,GENROU_4,6,GENROU_1,1,1.0,1.0,0.0,GENROU_1,1,GENROU_1,1,1.471355051299167,2.0339280492398832,GENROU_5,8,GENROU_2,2
146,1,0.7150000000000001,0.005,0.001,NEXT_STEP,0,0.0360271933819342,0.0169817966346775,1.030000020763438,-0.0326623871736952,,,,,,,,Line_3,2,3,1.0,1.030000020763438,-0.0326623871736952,1.0100000171389043,-0.0634056511873377,1.7614592764381314,Line_3,2,3,1.0,11.664097904458096,63.50034463342252,51.836246728964426,GENROU_4,6,GENROU_1,1,1.0,1.0,0.0,GENROU_1,1,GENROU_1,1,1.471355051299167,2.0339280492398832,GENROU_5,8,GENROU_2,2
147,1,0.7200000000000001,0.005,0.001,NEXT_STEP,0,0.0360271933819342,0.0169817966346775,1.030000020763438,-0.0326623871736952,,,,,,,,Line_3,2,3,1.0,1.030000020763438,-0.0326623871736952,1.0100000171389043,-0.0634056511873377,1.7614592764381314,Line_3,2,3,1.0,11.664097904458096,63.50034463342252,51.836246728964426,GENROU_4,6,GENROU_1,1,1.0,1.0,0.0,GENROU_1,1,GENROU_1,1,1.471355051299167,2.0339280491398206,GENROU_5,8,GENROU_2,2
148,1,0.7250000000000001,0.005,0.001,NEXT_STEP,0,0.0360271933819342,0.0169817966346775,1.030000020763438,-0.0326623871736952,,,,,,,,Line_3,2,3,1.0,1.030000020763438,-0.0326623871736952,1.0100000171389043,-0.0634056511873377,1.7614592764381314,Line_3,2,3,1.0,11.664097904458096,63.50034463342252,51.836246728964426,GENROU_4,6,GENROU_1,1,1.0,1.0,0.0,GENROU_1,1,GENROU_1,1,1.471355051299167,2.0339280491398206,GENROU_5,8,GENROU_2,2
149,1,0.7300000000000001,0.005,0.001,NEXT_STEP,0,0.0360271933819342,0.0169817966346775,1.030000020763438,-0.0326623871736952,,,,,,,,Line_3,2,3,1.0,1.030000020763438,-0.0326623871736952,1.0100000171389043,-0.0634056511873377,1.7614592764381314,Line_3,2,3,1.0,11.664097904458096,63.50034463342252,51.836246728964426,GENROU_4,6,GENROU_1,1,1.0,1.0,0.0,GENROU_1,1,GENROU_1,1,1.471355051299167,2.033928048924014,GENROU_5,8,GENROU_2,2
150,1,0.7350000000000001,0.005,0.001,NEXT_STEP,0,0.0360271933819342,0.0169817966346775,1.030000020763438,-0.0326623871736952,,,,,,,,Line_3,2,3,1.0,1.030000020763438,-0.0326623871736952,1.0100000170342178,-0.0634056511873377,1.7614592764381314,Line_3,2,3,1.0,11.664097904458096,63.50034463342252,51.836246728964426,GENROU_4,6,GENROU_1,1,1.0,1.0,0.0,GENROU_1,1,GENROU_1,1,1.471355051299167,2.0339280474289096,GENROU_5,8,GENROU_2,2
151,1,0.74,0.005,0.001,NEXT_STEP,0,0.0360271933819342,0.0169817966346775,1.0300000206574609,-0.0326623872745308,,,,,,,,Line_3,2,3,1.0,1.0300000206574609,-0.0326623872745308,1.0100000170342178,-0.0634056512880516,1.761459276431168,Line_3,2,3,1.0,11.664097904458096,63.50034463342252,51.836246728964426,GENROU_4,6,GENROU_1,1,1.0,1.0,0.0,GENROU_1,1,GENROU_1,1,1.471355051299167,2.03392804627666,GENROU_5,8,GENROU_2,2
152,1,0.745,0.005,0.001,NEXT_STEP,0,0.0360271933819342,0.0169817966346775,1.0300000206574609,-0.0326623872745308,,,,,,,,Line_3,2,3,1.0,1.0300000206574609,-0.0326623872745308,1.0100000169201515,-0.0634056512880516,1.761459276431168,Line_3,2,3,1.0,11.664097904458096,63.50034463342252,51.836246728964426,GENROU_4,6,GENROU_1,1,1.0,1.0,0.0,GENROU_1,1,GENROU_1,1,1.4713550511518123,2.033928045394453,GENROU_5,8,GENROU_2,2
153,1,0.75,0.005,0.001,NEXT_STEP,0,0.0360271933819342,0.0169817966346775,1.0300000206574609,-0.0326623872745308,,,,,,,,Line_3,2,3,1.0,1.0300000206574609,-0.0326623872745308,1.0100000169201515,-0.0634056512880516,1.761459276431168,Line_3,2,3,1.0,11.664097904458096,63.50034463342252,51.836246728964426,GENROU_4,6,GENROU_1,1,1.0,1.0,0.0,GENROU_1,1,GENROU_1,1,1.4713550511518123,2.0339280447102666,GENROU_5,8,GENROU_2,2
154,1,0.755,0.005,0.001,NEXT_STEP,0,0.0360271933819342,0.0169817966346775,1.0300000205516224,-0.0326623872745308,,,,,,,,Line_3,2,3,1.0,1.0300000205516224,-0.0326623872745308,1.0100000169201515,-0.0634056512880516,1.761459276431168,Line_3,2,3,1.0,11.664097904458096,63.50034463342252,51.836246728964426,GENROU_4,6,GENROU_1,1,1.0,1.0,0.0,GENROU_1,1,GENROU_1,1,1.4713550511518123,2.033928044375651,GENROU_5,8,GENROU_2,2
155,1,0.76,0.005,0.001,NEXT_STEP,0,0.0360271933819342,0.0169817966346775,1.0300000205516224,-0.0326623872745308,,,,,,,,Line_3,2,3,1.0,1.0300000205516224,-0.0326623872745308,1.0100000169201515,-0.0634056512880516,1.761459276431168,Line_3,2,3,1.0,11.664097904458096,63.50034463342252,51.836246728964426,GENROU_4,6,GENROU_1,1,1.0,1.0,0.0,GENROU_1,1,GENROU_1,1,1.4713550511518123,2.033928044375651,GENROU_5,8,GENROU_2,2
156,1,0.765,0.005,0.001,NEXT_STEP,0,0.0360271933819342,0.0169817966346775,1.0300000205516224,-0.0326623872745308,,,,,,,,Line_3,2,3,1.0,1.0300000205516224,-0.0326623872745308,1.0100000169201515,-0.0634056512880516,1.761459276431168,Line_3,2,3,1.0,11.664097904458096,63.50034463342252,51.836246728964426,GENROU_4,6,GENROU_1,1,1.0,1.0,0.0,GENROU_1,1,GENROU_1,1,1.4713550511518123,2.033928044375651,GENROU_5,8,GENROU_2,2
157,1,0.77,0.005,0.001,NEXT_STEP,0,0.0360271933819342,0.0169817966346775,1.0300000205516224,-0.0326623872745308,,,,,,,,Line_3,2,3,1.0,1.0300000205516224,-0.0326623872745308,1.0100000169201515,-0.0634056512880516,1.761459276431168,Line_3,2,3,1.0,11.664097904458096,63.50034463342252,51.836246728964426,GENROU_4,6,GENROU_1,1,1.0,1.0,0.0,GENROU_1,1,GENROU_1,1,1.4713550511518123,2.033928044375651,GENROU_5,8,GENROU_2,2
158,1,0.775,0.005,0.001,NEXT_STEP,0,0.0360271933819342,0.0169817966346775,1.0300000205516224,-0.0326623872745308,,,,,,,,Line_3,2,3,1.0,1.0300000205516224,-0.0326623872745308,1.0100000169201515,-0.0634056512880516,1.761459276431168,Line_3,2,3,1.0,11.664097904458096,63.50034463342252,51.836246728964426,GENROU_4,6,GENROU_1,1,1.0,1.0,0.0,GENROU_1,1,GENROU_1,1,1.4713550511518123,2.033928044375651,GENROU_5,8,GENROU_2,2
159,1,0.78,0.005,0.001,NEXT_STEP,0,0.0360271933819342,0.0169817966346775,1.0300000205516224,-0.0326623872745308,,,,,,,,Line_3,2,3,1.0,1.0300000205516224,-0.0326623872745308,1.0100000169201515,-0.0634056512880516,1.761459276431168,Line_3,2,3,1.0,11.664097904458096,63.50034463342252,51.836246728964426,GENROU_4,6,GENROU_1,1,1.0,1.0,0.0,GENROU_1,1,GENROU_1,1,1.4713550511518123,2.033928044375651,GENROU_5,8,GENROU_2,2
160,1,0.785,0.005,0.001,NEXT_STEP,0,0.0360271933819342,0.0169817966346775,1.0300000205516224,-0.0326623872745308,,,,,,,,Line_3,2,3,1.0,1.0300000205516224,-0.0326623872745308,1.0100000169201515,-0.0634056512880516,1.761459276431168,Line_3,2,3,1.0,11.664097904458096,63.50034463342252,51.836246728964426,GENROU_4,6,GENROU_1,1,1.0,1.0,0.0,GENROU_1,1,GENROU_1,1,1.4713550511518123,2.033928044375651,GENROU_5,8,GENROU_2,2
161,1,0.79,0.005,0.001,NEXT_STEP,0,0.0360271933819342,0.0169817966346775,1.0300000205516224,-0.0326623872745308,,,,,,,,Line_3,2,3,1.0,1.0300000205516224,-0.0326623872745308,1.0100000169201515,-0.0634056512880516,1.761459276431168,Line_3,2,3,1.0,11.664097904458096,63.50034463342252,51.836246728964426,GENROU_4,6,GENROU_1,1,1.0,1.0,0.0,GENROU_1,1,GENROU_1,1,1.4713550511518123,2.033928044375651,GENROU_5,8,GENROU_2,2
162,1,0.795,0.005,0.001,NEXT_STEP,0,0.0360271933819342,0.0169817966346775,1.0300000205516224,-0.0326623872745308,,,,,,,,Line_3,2,3,1.0,1.0300000205516224,-0.0326623872745308,1.0100000169201515,-0.0634056512880516,1.761459276431168,Line_3,2,3,1.0,11.664097904458096,63.50034463342252,51.836246728964426,GENROU_4,6,GENROU_1,1,1.0,1.0,0.0,GENROU_1,1,GENROU_1,1,1.4713550511518123,2.033928044375651,GENROU_5,8,GENROU_2,2
163,1,0.8,0.005,0.001,NEXT_STEP,0,0.0360271933819342,0.0169817966346775,1.0300000205516224,-0.0326623872745308,,,,,,,,Line_3,2,3,1.0,1.0300000205516224,-0.0326623872745308,1.0100000169201515,-0.0634056512880516,1.761459276431168,Line_3,2,3,1.0,11.664097904458096,63.50034463342252,51.836246728964426,GENROU_4,6,GENROU_1,1,1.0,1.0,0.0,GENROU_1,1,GENROU_1,1,1.4713550511518123,2.033928044375651,GENROU_5,8,GENROU_2,2
164,1,0.805,0.005,0.001,NEXT_STEP,0,0.0360271933819342,0.0169817966346775,1.0300000205516224,-0.0326623872745308,,,,,,,,Line_3,2,3,1.0,1.0300000205516224,-0.0326623872745308,1.0100000169201515,-0.0634056512880516,1.761459276431168,Line_3,2,3,1.0,11.664097904458096,63.50034463342252,51.836246728964426,GENROU_4,6,GENROU_1,1,1.0,1.0,0.0,GENROU_1,1,GENROU_1,1,1.4713550511518123,2.03392804427251,GENROU_5,8,GENROU_2,2
165,1,0.81,0.005,0.001,NEXT_STEP,0,0.0360271933819342,0.0169817966346775,1.0300000205516224,-0.0326623872745308,,,,,,,,Line_3,2,3,1.0,1.0300000205516224,-0.0326623872745308,1.0100000169201515,-0.0634056512880516,1.761459276431168,Line_3,2,3,1.0,11.664097904458096,63.50034463342252,51.836246728964426,GENROU_4,6,GENROU_1,1,1.0,1.0,0.0,GENROU_1,1,GENROU_1,1,1.4713550511518123,2.033928044171794,GENROU_5,8,GENROU_2,2
166,1,0.8150000000000001,0.005,0.001,NEXT_STEP,0,0.0360271933819342,0.0169817966346775,1.0300000205516224,-0.0326623872745308,,,,,,,,Line_3,2,3,1.0,1.0300000205516224,-0.0326623872745308,1.0100000169201515,-0.0634056512880516,1.761459276431168,Line_3,2,3,1.0,11.664097904458096,63.50034463342252,51.836246728964426,GENROU_4,6,GENROU_1,1,1.0,1.0,0.0,GENROU_1,1,GENROU_1,1,1.4713550511518123,2.033928044171794,GENROU_5,8,GENROU_2,2
167,1,0.8200000000000001,0.005,0.001,NEXT_STEP,0,0.0360271933819342,0.0169817966346775,1.0300000205516224,-0.0326623872745308,,,,,,,,Line_3,2,3,1.0,1.0300000205516224,-0.0326623872745308,1.0100000169201515,-0.0634056512880516,1.761459276431168,Line_3,2,3,1.0,11.664097904458096,63.50034463342252,51.836246728964426,GENROU_4,6,GENROU_1,1,1.0,1.0,0.0,GENROU_1,1,GENROU_1,1,1.4713550511518123,2.033928044171794,GENROU_5,8,GENROU_2,2
168,1,0.8250000000000001,0.005,0.001,NEXT_STEP,0,0.0360271933819342,0.0169817966346775,1.0300000205516224,-0.0326623872745308,,,,,,,,Line_3,2,3,1.0,1.0300000205516224,-0.0326623872745308,1.0100000169201515,-0.0634056512880516,1.761459276431168,Line_3,2,3,1.0,11.664097904458096,63.50034463342252,51.836246728964426,GENROU_4,6,GENROU_1,1,1.0,1.0,0.0,GENROU_1,1,GENROU_1,1,1.4713550511518123,2.033928044171794,GENROU_5,8,GENROU_2,2
169,1,0.8300000000000001,0.005,0.001,NEXT_STEP,0,0.0360271933819342,0.0169817966346775,1.0300000205516224,-0.0326623872745308,,,,,,,,Line_3,2,3,1.0,1.0300000205516224,-0.0326623872745308,1.0100000169201515,-0.0634056512880516,1.761459276431168,Line_3,2,3,1.0,11.664097904458096,63.50034463342252,51.836246728964426,GENROU_4,6,GENROU_1,1,1.0,1.0,0.0,GENROU_1,1,GENROU_1,1,1.4713550511518123,2.033928044171794,GENROU_5,8,GENROU_2,2
170,1,0.8350000000000001,0.005,0.001,NEXT_STEP,0,0.0360271933819342,0.0169817966346775,1.0300000205516224,-0.0326623872745308,,,,,,,,Line_3,2,3,1.0,1.0300000205516224,-0.0326623872745308,1.0100000169201515,-0.0634056512880516,1.761459276431168,Line_3,2,3,1.0,11.664097904458096,63.50034463342252,51.836246728964426,GENROU_4,6,GENROU_1,1,1.0,1.0,0.0,GENROU_1,1,GENROU_1,1,1.4713550511518123,2.0339280429942885,GENROU_5,8,GENROU_2,2
171,1,0.8400000000000001,0.005,0.001,NEXT_STEP,0,0.0360271933819342,0.0169817966346775,1.03000002042208,-0.0326623873752707,,,,,,,,Line_3,2,3,1.0,1.03000002042208,-0.0326623873752707,1.0100000168086218,-0.0634056513886833,1.761459276424972,Line_3,2,3,1.0,11.664097904458096,63.50034463342252,51.836246728964426,GENROU_4,6,GENROU_1,1,1.0,1.0,0.0,GENROU_1,1,GENROU_1,1,1.4713550511518123,2.033928041686261,GENROU_5,8,GENROU_2,2
172,1,0.8450000000000001,0.005,0.001,NEXT_STEP,0,0.0360271933819342,0.0169817966346775,1.03000002042208,-0.0326623873752707,,,,,,,,Line_3,2,3,1.0,1.03000002042208,-0.0326623873752707,1.0100000168086218,-0.0634056513886833,1.761459276424972,Line_3,2,3,1.0,11.664097904458096,63.50034463342252,51.836246728964426,GENROU_4,6,GENROU_1,1,1.0,1.0,0.0,GENROU_1,1,GENROU_1,1,1.4713550511518123,2.033928040708573,GENROU_5,8,GENROU_2,2
173,1,0.8500000000000001,0.005,0.001,NEXT_STEP,0,0.0360271933819342,0.0169817966346775,1.030000020315722,-0.0326623873752707,,,,,,,,Line_3,2,3,1.0,1.030000020315722,-0.0326623873752707,1.0100000168086218,-0.0634056513886833,1.761459276424972,Line_3,2,3,1.0,11.664097904458096,63.50034463342252,51.836246728964426,GENROU_4,6,GENROU_1,1,1.0,1.0,0.0,GENROU_1,1,GENROU_1,1,1.4713550511518123,2.0339280399676727,GENROU_5,8,GENROU_2,2
174,1,0.8550000000000001,0.005,0.001,NEXT_STEP,0,0.0360271933819342,0.0169817966346775,1.030000020315722,-0.0326623873752707,,,,,,,,Line_3,2,3,1.0,1.030000020315722,-0.0326623873752707,1.0100000167038703,-0.0634056513886833,1.761459276424972,Line_3,2,3,1.0,11.664097904458096,63.50034463342252,51.836246728964426,GENROU_4,6,GENROU_1,1,1.0,1.0,0.0,GENROU_1,1,GENROU_1,1,1.4713550511518123,2.033928039393072,GENROU_5,8,GENROU_2,2
175,1,0.8600000000000001,0.005,0.001,NEXT_STEP,0,0.0360271933819342,0.0169817966346775,1.030000020315722,-0.0326623873752707,,,,,,,,Line_3,2,3,1.0,1.030000020315722,-0.0326623873752707,1.0100000167038703,-0.0634056513886833,1.761459276424972,Line_3,2,3,1.0,11.664097904458096,63.50034463342252,51.836246728964426,GENROU_4,6,GENROU_1,1,1.0,1.0,0.0,GENROU_1,1,GENROU_1,1,1.4713550511518123,2.033928039393072,GENROU_5,8,GENROU_2,2
176,1,0.8650000000000001,0.005,0.001,NEXT_STEP,0,0.0360271933819342,0.0169817966346775,1.030000020315722,-0.0326623873752707,,,,,,,,Line_3,2,3,1.0,1.030000020315722,-0.0326623873752707,1.0100000167038703,-0.0634056513886833,1.761459276424972,Line_3,2,3,1.0,11.664097904458096,63.50034463342252,51.836246728964426,GENROU_4,6,GENROU_1,1,1.0,1.0,0.0,GENROU_1,1,GENROU_1,1,1.4713550511518123,2.033928039393072,GENROU_5,8,GENROU_2,2
177,1,0.8700000000000001,0.005,0.001,NEXT_STEP,0,0.0360271933819342,0.0169817966346775,1.030000020315722,-0.0326623873752707,,,,,,,,Line_3,2,3,1.0,1.030000020315722,-0.0326623873752707,1.0100000167038703,-0.0634056513886833,1.761459276424972,Line_3,2,3,1.0,11.664097904458096,63.50034463342252,51.836246728964426,GENROU_4,6,GENROU_1,1,1.0,1.0,0.0,GENROU_1,1,GENROU_1,1,1.4713550511518123,2.033928039393072,GENROU_5,8,GENROU_2,2
178,1,0.875,0.005,0.001,NEXT_STEP,0,0.0360271933819342,0.0169817966346775,1.030000020315722,-0.0326623873752707,,,,,,,,Line_3,2,3,1.0,1.030000020315722,-0.0326623873752707,1.0100000167038703,-0.0634056513886833,1.761459276424972,Line_3,2,3,1.0,11.664097904458096,63.50034463342252,51.836246728964426,GENROU_4,6,GENROU_1,1,1.0,1.0,0.0,GENROU_1,1,GENROU_1,1,1.4713550511518123,2.033928039393072,GENROU_5,8,GENROU_2,2
179,1,0.88,0.005,0.001,NEXT_STEP,0,0.0360271933819342,0.0169817966346775,1.030000020315722,-0.0326623873752707,,,,,,,,Line_3,2,3,1.0,1.030000020315722,-0.0326623873752707,1.0100000167038703,-0.0634056513886833,1.761459276424972,Line_3,2,3,1.0,11.664097904458096,63.50034463342252,51.836246728964426,GENROU_4,6,GENROU_1,1,1.0,1.0,0.0,GENROU_1,1,GENROU_1,1,1.4713550511518123,2.0339280392918155,GENROU_5,8,GENROU_2,2
180,1,0.885,0.005,0.001,NEXT_STEP,0,0.0360271933819342,0.0169817966346775,1.030000020315722,-0.0326623873752707,,,,,,,,Line_3,2,3,1.0,1.030000020315722,-0.0326623873752707,1.0100000167038703,-0.0634056513886833,1.761459276424972,Line_3,2,3,1.0,11.664097904458096,63.50034463342252,51.836246728964426,GENROU_4,6,GENROU_1,1,1.0,1.0,0.0,GENROU_1,1,GENROU_1,1,1.4713550511518123,2.0339280392918155,GENROU_5,8,GENROU_2,2
181,1,0.89,0.005,0.001,NEXT_STEP,0,0.0360271933819342,0.0169817966346775,1.030000020315722,-0.0326623873752707,,,,,,,,Line_3,2,3,1.0,1.030000020315722,-0.0326623873752707,1.0100000167038703,-0.0634056513886833,1.761459276424972,Line_3,2,3,1.0,11.664097904458096,63.50034463342252,51.836246728964426,GENROU_4,6,GENROU_1,1,1.0,1.0,0.0,GENROU_1,1,GENROU_1,1,1.4713550511518123,2.0339280392918155,GENROU_5,8,GENROU_2,2
182,1,0.895,0.005,0.001,NEXT_STEP,0,0.0360271933819342,0.0169817966346775,1.030000020315722,-0.0326623873752707,,,,,,,,Line_3,2,3,1.0,1.030000020315722,-0.0326623873752707,1.0100000167038703,-0.0634056513886833,1.761459276424972,Line_3,2,3,1.0,11.664097904458096,63.50034463342252,51.836246728964426,GENROU_4,6,GENROU_1,1,1.0,1.0,0.0,GENROU_1,1,GENROU_1,1,1.4713550511518123,2.0339280392918155,GENROU_5,8,GENROU_2,2
183,1,0.9,0.005,0.001,NEXT_STEP,0,0.0360271933819342,0.0169817966346775,1.030000020315722,-0.0326623873752707,,,,,,,,Line_3,2,3,1.0,1.030000020315722,-0.0326623873752707,1.0100000167038703,-0.0634056513886833,1.761459276424972,Line_3,2,3,1.0,11.664097904458096,63.50034463342252,51.836246728964426,GENROU_4,6,GENROU_1,1,1.0,1.0,0.0,GENROU_1,1,GENROU_1,1,1.4713550511518123,2.0339280392918155,GENROU_5,8,GENROU_2,2
184,1,0.905,0.005,0.001,NEXT_STEP,0,0.0360271933819342,0.0169817966346775,1.030000020315722,-0.0326623873752707,,,,,,,,Line_3,2,3,1.0,1.030000020315722,-0.0326623873752707,1.0100000167038703,-0.0634056513886833,1.761459276424972,Line_3,2,3,1.0,11.664097904458096,63.50034463342252,51.836246728964426,GENROU_4,6,GENROU_1,1,1.0,1.0,0.0,GENROU_1,1,GENROU_1,1,1.4713550511518123,2.033928039189531,GENROU_5,8,GENROU_2,2
185,1,0.91,0.005,0.001,NEXT_STEP,0,0.0360271933819342,0.0169817966346775,1.030000020315722,-0.0326623873752707,,,,,,,,Line_3,2,3,1.0,1.030000020315722,-0.0326623873752707,1.0100000167038703,-0.0634056513886833,1.761459276424972,Line_3,2,3,1.0,11.664097904458096,63.50034463342252,51.836246728964426,GENROU_4,6,GENROU_1,1,1.0,1.0,0.0,GENROU_1,1,GENROU_1,1,1.4713550511518123,2.033928039189531,GENROU_5,8,GENROU_2,2
186,1,0.915,0.005,0.001,NEXT_STEP,0,0.0360271933819342,0.0169817966346775,1.030000020315722,-0.0326623873752707,,,,,,,,Line_3,2,3,1.0,1.030000020315722,-0.0326623873752707,1.0100000167038703,-0.0634056513886833,1.761459276424972,Line_3,2,3,1.0,11.664097904458096,63.50034463342252,51.836246728964426,GENROU_4,6,GENROU_1,1,1.0,1.0,0.0,GENROU_1,1,GENROU_1,1,1.4713550511518123,2.033928039189531,GENROU_5,8,GENROU_2,2
187,1,0.92,0.005,0.001,NEXT_STEP,0,0.0360271933819342,0.0169817966346775,1.030000020315722,-0.0326623873752707,,,,,,,,Line_3,2,3,1.0,1.030000020315722,-0.0326623873752707,1.0100000167038703,-0.0634056513886833,1.761459276424972,Line_3,2,3,1.0,11.664097904458096,63.50034463342252,51.836246728964426,GENROU_4,6,GENROU_1,1,1.0,1.0,0.0,GENROU_1,1,GENROU_1,1,1.4713550511518123,2.033928039189531,GENROU_5,8,GENROU_2,2
188,1,0.925,0.005,0.001,NEXT_STEP,0,0.0360271933819342,0.0169817966346775,1.030000020315722,-0.0326623873752707,,,,,,,,Line_3,2,3,1.0,1.030000020315722,-0.0326623873752707,1.0100000167038703,-0.0634056513886833,1.761459276424972,Line_3,2,3,1.0,11.664097904458096,63.50034463342252,51.836246728964426,GENROU_4,6,GENROU_1,1,1.0,1.0,0.0,GENROU_1,1,GENROU_1,1,1.4713550511518123,2.033928039189531,GENROU_5,8,GENROU_2,2
189,1,0.93,0.005,0.001,NEXT_STEP,0,0.0360271933819342,0.0169817966346775,1.030000020315722,-0.0326623873752707,,,,,,,,Line_3,2,3,1.0,1.030000020315722,-0.0326623873752707,1.0100000167038703,-0.0634056513886833,1.761459276424972,Line_3,2,3,1.0,11.664097904458096,63.50034463342252,51.836246728964426,GENROU_4,6,GENROU_1,1,1.0,1.0,0.0,GENROU_1,1,GENROU_1,1,1.4713550511518123,2.0339280390894414,GENROU_5,8,GENROU_2,2
190,1,0.935,0.005,0.001,NEXT_STEP,0,0.0360271933819342,0.0169817966346775,1.030000020315722,-0.0326623873752707,,,,,,,,Line_3,2,3,1.0,1.030000020315722,-0.0326623873752707,1.0100000167038703,-0.0634056513886833,1.761459276424972,Line_3,2,3,1.0,11.664097904458096,63.50034463342252,51.836246728964426,GENROU_4,6,GENROU_1,1,1.0,1.0,0.0,GENROU_1,1,GENROU_1,1,1.4713550511518123,2.0339280379063283,GENROU_5,8,GENROU_2,2
191,1,0.94,0.005,0.001,NEXT_STEP,0,0.0360271933819342,0.0169817966346775,1.030000020209712,-0.0326623873752707,,,,,,,,Line_3,2,3,1.0,1.030000020209712,-0.0326623873752707,1.0100000165990624,-0.0634056513886833,1.761459276424972,Line_3,2,3,1.0,11.664097904458096,63.50034463342252,51.836246728964426,GENROU_4,6,GENROU_1,1,1.0,1.0,0.0,GENROU_1,1,GENROU_1,1,1.471355050994691,2.033928036600415,GENROU_5,8,GENROU_2,2
192,1,0.945,0.005,0.001,NEXT_STEP,0,0.0360271933819342,0.0169817966346775,1.0300000201033277,-0.0326623874760055,,,,,,,,Line_3,2,3,1.0,1.0300000201033277,-0.0326623874760055,1.0100000165990624,-0.0634056514893681,1.7614592764221015,Line_3,2,3,1.0,11.664097904458096,63.50034463342252,51.836246728964426,GENROU_4,6,GENROU_1,1,1.0,1.0,0.0,GENROU_1,1,GENROU_1,1,1.471355050994691,2.033928035629019,GENROU_5,8,GENROU_2,2
193,1,0.95,0.005,0.001,NEXT_STEP,0,0.0360271933819342,0.0169817966346775,1.0300000201033277,-0.0326623874760055,,,,,,,,Line_3,2,3,1.0,1.0300000201033277,-0.0326623874760055,1.0100000165990624,-0.0634056514893681,1.7614592764221015,Line_3,2,3,1.0,11.664097904458096,63.50034463342252,51.836246728964426,GENROU_4,6,GENROU_1,1,1.0,1.0,0.0,GENROU_1,1,GENROU_1,1,1.471355050994691,2.033928034881687,GENROU_5,8,GENROU_2,2
194,1,0.955,0.005,0.001,NEXT_STEP,0,0.0360271933819342,0.0169817966346775,1.030000019993308,-0.0326623874760055,,,,,,,,Line_3,2,3,1.0,1.030000019993308,-0.0326623874760055,1.0100000165990624,-0.0634056514893681,1.7614592764221015,Line_3,2,3,1.0,11.664097904458096,63.50034463342252,51.836246728964426,GENROU_4,6,GENROU_1,1,1.0,1.0,0.0,GENROU_1,1,GENROU_1,1,1.471355050994691,2.0339280343050645,GENROU_5,8,GENROU_2,2
195,1,0.96,0.005,0.001,NEXT_STEP,0,0.0360271933819342,0.0169817966346775,1.030000019993308,-0.0326623874760055,,,,,,,,Line_3,2,3,1.0,1.030000019993308,-0.0326623874760055,1.0100000165990624,-0.0634056514893681,1.7614592764221015,Line_3,2,3,1.0,11.664097904458096,63.50034463342252,51.836246728964426,GENROU_4,6,GENROU_1,1,1.0,1.0,0.0,GENROU_1,1,GENROU_1,1,1.471355050994691,2.0339280343050645,GENROU_5,8,GENROU_2,2
196,1,0.965,0.005,0.001,NEXT_STEP,0,0.0360271933819342,0.0169817966346775,1.030000019993308,-0.0326623874760055,,,,,,,,Line_3,2,3,1.0,1.030000019993308,-0.0326623874760055,1.0100000165990624,-0.0634056514893681,1.7614592764221015,Line_3,2,3,1.0,11.664097904458096,63.50034463342252,51.836246728964426,GENROU_4,6,GENROU_1,1,1.0,1.0,0.0,GENROU_1,1,GENROU_1,1,1.471355050994691,2.0339280343050645,GENROU_5,8,GENROU_2,2
197,1,0.97,0.005,0.001,NEXT_STEP,0,0.0360271933819342,0.0169817966346775,1.030000019993308,-0.0326623874760055,,,,,,,,Line_3,2,3,1.0,1.030000019993308,-0.0326623874760055,1.0100000165990624,-0.0634056514893681,1.7614592764221015,Line_3,2,3,1.0,11.664097904458096,63.50034463342252,51.836246728964426,GENROU_4,6,GENROU_1,1,1.0,1.0,0.0,GENROU_1,1,GENROU_1,1,1.471355050994691,2.0339280343050645,GENROU_5,8,GENROU_2,2
198,1,0.975,0.005,0.001,NEXT_STEP,0,0.0360271933819342,0.0169817966346775,1.030000019993308,-0.0326623874760055,,,,,,,,Line_3,2,3,1.0,1.030000019993308,-0.0326623874760055,1.0100000165990624,-0.0634056514893681,1.7614592764221015,Line_3,2,3,1.0,11.664097904458096,63.50034463342252,51.836246728964426,GENROU_4,6,GENROU_1,1,1.0,1.0,0.0,GENROU_1,1,GENROU_1,1,1.471355050994691,2.0339280343050645,GENROU_5,8,GENROU_2,2
199,1,0.98,0.005,0.001,NEXT_STEP,0,0.0360271933819342,0.0169817966346775,1.030000019993308,-0.0326623874760055,,,,,,,,Line_3,2,3,1.0,1.030000019993308,-0.0326623874760055,1.0100000165990624,-0.0634056514893681,1.7614592764221015,Line_3,2,3,1.0,11.664097904458096,63.50034463342252,51.836246728964426,GENROU_4,6,GENROU_1,1,1.0,1.0,0.0,GENROU_1,1,GENROU_1,1,1.471355050994691,2.0339280343050645,GENROU_5,8,GENROU_2,2
200,1,0.985,0.005,0.001,NEXT_STEP,0,0.0360271933819342,0.0169817966346775,1.030000019993308,-0.0326623874760055,,,,,,,,Line_3,2,3,1.0,1.030000019993308,-0.0326623874760055,1.0100000165990624,-0.0634056514893681,1.7614592764221015,Line_3,2,3,1.0,11.664097904458096,63.50034463342252,51.836246728964426,GENROU_4,6,GENROU_1,1,1.0,1.0,0.0,GENROU_1,1,GENROU_1,1,1.471355050994691,2.0339280343050645,GENROU_5,8,GENROU_2,2
201,1,0.99,0.005,0.001,NEXT_STEP,0,0.0360271933819342,0.0169817966346775,1.030000019993308,-0.0326623874760055,,,,,,,,Line_3,2,3,1.0,1.030000019993308,-0.0326623874760055,1.0100000165990624,-0.0634056514893681,1.7614592764221015,Line_3,2,3,1.0,11.664097904458096,63.50034463342252,51.836246728964426,GENROU_4,6,GENROU_1,1,1.0,1.0,0.0,GENROU_1,1,GENROU_1,1,1.471355050994691,2.0339280343050645,GENROU_5,8,GENROU_2,2
202,1,0.995,0.005,0.001,NEXT_STEP,0,0.0360271933819342,0.0169817966346775,1.030000019993308,-0.0326623874760055,,,,,,,,Line_3,2,3,1.0,1.030000019993308,-0.0326623874760055,1.0100000165990624,-0.0634056514893681,1.7614592764221015,Line_3,2,3,1.0,11.664097904458096,63.50034463342252,51.836246728964426,GENROU_4,6,GENROU_1,1,1.0,1.0,0.0,GENROU_1,1,GENROU_1,1,1.471355050994691,2.0339280343050645,GENROU_5,8,GENROU_2,2
203,1,1.0,0.005,0.001,NEXT_STEP,0,0.0360271933819342,0.0169817966346775,1.030000019993308,-0.0326623874760055,,,,,,,,Line_3,2,3,0.0,1.030000019993308,-0.0326623874760055,1.0100000165990624,-0.0634056514893681,1.7614592764221015,Line_3,2,3,0.0,11.664097904458096,63.50034463342252,51.836246728964426,GENROU_4,6,GENROU_1,1,1.0,1.0,0.0,GENROU_1,1,GENROU_1,1,1.4713550511804183,2.0339280343050645,GENROU_5,8,GENROU_2,2
204,1,1.005,0.005,0.001,NEXT_STEP,0,0.0360271933819342,0.0169817966346775,1.031668668009299,-0.024812644660413,,,,,,,,Line_3,2,3,0.0,1.031668668009299,-0.024812644660413,0.9906027335504688,-0.0836508252307737,3.371179420910323,Line_3,2,3,0.0,11.664086949603975,63.5010542213366,51.83696727173262,GENROU_4,6,GENROU_1,1,0.9999747248937908,1.000013121408497,2.527510620919937e-05,GENROU_3,3,GENROU_1,1,1.4701746604047716,2.0337382057384388,GENROU_5,8,GENROU_2,2
206,2,1.01,0.005,0.001,NEXT_STEP,0,0.0360558748907524,0.0169673034410253,1.031505228494467,-0.0245076795762968,,,,,,,,Line_3,2,3,0.0,1.031505228494467,-0.0245076795762968,0.9899318969653332,-0.0841457767354102,3.417011265408348,Line_3,2,3,0.0,11.664060048940796,63.50314476444294,51.83908471550215,GENROU_4,6,GENROU_1,1,0.9999509568339374,1.0000254489080582,4.904316606257897e-05,GENROU_3,3,GENROU_1,1,1.4712107901377378,2.0326957379878188,GENROU_5,8,GENROU_2,2
208,2,1.015,0.005,0.001,NEXT_STEP,1,0.0360504301161663,0.0169666483610634,1.0313469550315046,-0.0242490445940944,,,,,,,,Line_3,2,3,0.0,1.0313469550315046,-0.0242490445940944,0.989314924950373,-0.0845910104073847,3.45733996862424,Line_3,2,3,0.0,11.664024625239804,63.50651958202139,51.84249495678159,GENROU_4,6,GENROU_1,1,0.9999287565447412,1.0000369149674582,7.124345525866271e-05,GENROU_3,3,GENROU_1,1,1.4724357428255066,2.030568891424948,GENROU_5,8,GENROU_2,2
210,2,1.02,0.005,0.001,NEXT_STEP,1,0.0360479079708893,0.0169681742386772,1.031193393996445,-0.024030929665388,,,,,,,,Line_3,2,3,0.0,1.031193393996445,-0.024030929665388,0.9887476662610016,-0.0849962499168832,3.493055547074107,Line_3,2,3,0.0,11.663985597302444,63.51108905835818,51.84710346105574,GENROU_4,6,GENROU_1,1,0.9999079517578376,1.0000475818277472,9.2048242162468e-05,GENROU_3,3,GENROU_1,1,1.4737374019903746,2.027525371634748,GENROU_5,8,GENROU_2,2
212,2,1.025,0.005,0.001,NEXT_STEP,1,0.0360454372935738,0.0169696518369052,1.03104404643236,-0.0238457565020828,,,,,,,,Line_3,2,3,0.0,1.03104404643236,-0.0238457565020828,0.9882258217160168,-0.085368365632696,3.524985847817163,Line_3,2,3,0.0,11.663945893133242,63.51677005551089,51.85282416237765,GENROU_4,6,GENROU_1,1,0.9998883981036352,1.000057507654704,0.0001116018963649,GENROU_3,3,GENROU_1,1,1.4750483745815777,2.02390945506387,GENROU_5,8,GENROU_2,2
214,2,1.03,0.005,0.001,NEXT_STEP,1,0.0360430548735842,0.016971087630715,1.0308984007099589,-0.0236875619461393,,,,,,,,Line_3,2,3,0.0,1.0308984007099589,-0.0236875619461393,0.9877453081215232,-0.0857131396604462,3.55380382489048,Line_3,2,3,0.0,11.663906965862468,63.5234854825529,51.85957851669043,GENROU_4,6,GENROU_1,1,0.9998699745141908,1.0000667461500212,0.000130025485809,GENROU_3,3,GENROU_1,1,1.4763297518716467,2.020105911945842,GENROU_5,8,GENROU_2,2
216,2,1.035,0.005,0.001,NEXT_STEP,1,0.0360407066610589,0.0169724836726436,1.0307561353464938,-0.0235514745310293,,,,,,,,Line_3,2,3,0.0,1.0307561353464938,-0.0235514745310293,0.987302369013036,-0.0860353224686138,3.580060774560792,Line_3,2,3,0.0,11.66386917518894,63.5311637905024,51.867294615313455,GENROU_4,6,GENROU_1,1,0.999852579349506,1.0000753462199985,0.0001474206504941,GENROU_3,3,GENROU_1,1,1.4775606018639005,2.016463994586962,GENROU_5,8,GENROU_2,2
218,2,1.04,0.005,0.001,NEXT_STEP,1,0.0360384306359085,0.0169738475151299,1.0306170696896708,-0.0234335210400048,,,,,,,,Line_3,2,3,0.0,1.0306170696896708,-0.0234335210400048,0.9868935678823418,-0.086338815892893,3.604207904096512,Line_3,2,3,0.0,11.663832079631582,63.539738450953,51.87590637132141,GENROU_4,6,GENROU_1,1,0.9998361271817922,1.0000833519450358,0.0001638728182078,GENROU_3,3,GENROU_1,1,1.4787310980981268,2.0132612454011345,GENROU_5,8,GENROU_2,2
220,2,1.045,0.005,0.001,NEXT_STEP,1,0.036036196163973,0.0169751773629146,1.0304811295011034,-0.0233304438404351,,,,,,,,Line_3,2,3,0.0,1.0304811295011034,-0.0233304438404351,0.9865157747732444,-0.0866268132377724,3.626614824968442,Line_3,2,3,0.0,11.6637946632711,63.54914744301964,51.885352779748544,GENROU_4,6,GENROU_1,1,0.9998205461233486,1.0000908027558175,0.0001794538766514,GENROU_3,3,GENROU_1,1,1.479838101183215,2.010692405540328,GENROU_5,8,GENROU_2,2
222,2,1.05,0.005,0.001,NEXT_STEP,1,0.0360340105041156,0.0169764788957757,1.030348312666954,-0.0232395765569296,,,,,,,,Line_3,2,3,0.0,1.030348312666954,-0.0232395765569296,0.986166147083271,-0.086901926617644,3.64758397236335,Line_3,2,3,0.0,11.663755508781122,63.55933276539035,51.89557725660923,GENROU_4,6,GENROU_1,1,0.999805775594059,1.0000977337088732,0.0001942244059409,GENROU_3,3,GENROU_1,1,1.4808823432857088,2.008873052234172,GENROU_5,8,GENROU_2,2
224,2,1.055,0.005,0.001,NEXT_STEP,1,0.0360318736888783,0.0169777521481077,1.0302186661650548,-0.0231587314922409,,,,,,,,Line_3,2,3,0.0,1.0302186661650548,-0.0231587314922409,0.9858421096409558,-0.0871662871953883,3.6673627987388784,Line_3,2,3,0.0,11.663712929707582,63.57023998212893,51.90652705242135,GENROU_4,6,GENROU_1,1,0.9997917644593411,1.0001041758316007,0.0002082355406588,GENROU_3,3,GENROU_1,1,1.4818666605518993,2.007850901238004,GENROU_5,8,GENROU_2,2
226,2,1.06,0.005,0.001,NEXT_STEP,1,0.0360298091944169,0.016978993350871,1.0300922659073029,-0.0230861153266306,,,,,,,,Line_3,2,3,0.0,1.0300922659073029,-0.0230861153266306,0.9855413334410426,-0.0874216314420727,3.6861535462107327,Line_3,2,3,0.0,11.663665071339414,63.58181780742553,51.918152736086114,GENROU_4,6,GENROU_1,1,0.9997784694726902,1.000110156492923,0.0002215305273097,GENROU_3,3,GENROU_1,1,1.4827949023781528,2.007620163863119,GENROU_5,8,GENROU_2,2
228,2,1.065,0.005,0.001,NEXT_STEP,1,0.03602776288711,0.0169802044465742,1.0299692021362492,-0.0230202490545582,,,,,,,,Line_3,2,3,0.0,1.0299692021362492,-0.0230202490545582,0.9852617142136594,-0.087669367248033,3.704121621728518,Line_3,2,3,0.0,11.663609987435944,63.59401773166922,51.93040774423328,GENROU_4,6,GENROU_1,1,0.9997658539774458,1.0001156997967369,0.0002341460225542,GENROU_3,3,GENROU_1,1,1.483671276584147,2.0081361195505125,GENROU_5,8,GENROU_2,2
230,2,1.07,0.005,0.001,NEXT_STEP,1,0.0360257961368229,0.0169813891685339,1.029849565906491,-0.0229599286830531,,,,,,,,Line_3,2,3,0.0,1.029849565906491,-0.0229599286830531,0.9850013522401444,-0.0879106403287042,3.721401653667016,Line_3,2,3,0.0,11.663545698109978,63.60679368824289,51.94324799013291,GENROU_4,6,GENROU_1,1,0.9997538868106096,1.000120826936349,0.0002461131893904,GENROU_3,3,GENROU_1,1,1.484499970225103,2.0093283052689523,GENROU_5,8,GENROU_2,2
232,2,1.075,0.005,0.001,NEXT_STEP,1,0.0360238944934808,0.0169825362211468,1.0297334455700105,-0.0229041613144584,,,,,,,,Line_3,2,3,0.0,1.0297334455700105,-0.0229041613144584,0.984758534636537,-0.0881463739315187,3.738103429052728,Line_3,2,3,0.0,11.663470232828768,63.62010175884813,51.956631526019365,GENROU_4,6,GENROU_1,1,0.999742541391806,1.0001255565579217,0.0002574586081941,GENROU_3,3,GENROU_1,1,1.4852849471820269,2.0111115600040974,GENROU_5,8,GENROU_2,2
234,2,1.08,0.005,0.001,NEXT_STEP,1,0.0360220110378154,0.0169836531742942,1.0296209172280475,-0.0228521306928892,,,,,,,,Line_3,2,3,0.0,1.0296209172280475,-0.0228521306928892,0.9845317158841936,-0.0883773104831674,3.754316253818871,Line_3,2,3,0.0,11.6633816624935,63.63389991682292,51.97051825432942,GENROU_4,6,GENROU_1,1,0.9997317949575524,1.000129905096609,0.0002682050424475,GENROU_3,3,GENROU_1,1,1.48602984870749,2.013394699365355,GENROU_5,8,GENROU_2,2
236,2,1.085,0.005,0.001,NEXT_STEP,1,0.0360202305726566,0.016984739976218,1.0295120417727623,-0.0228031816454685,,,,,,,,Line_3,2,3,0.0,1.0295120417727623,-0.0228031816454685,0.9843195031904208,-0.0886040507734521,3.770112089326119,Line_3,2,3,0.0,11.663278122420603,63.64814780387351,51.984869681452906,GENROU_4,6,GENROU_1,1,0.9997216279095316,1.0001338870570844,0.0002783720904684,GENROU_3,3,GENROU_1,1,1.4867379600786668,2.0160869200500486,GENROU_5,8,GENROU_2,2
238,2,1.09,0.005,0.001,NEXT_STEP,1,0.03601848450797,0.0169857872296205,1.0294068671612449,-0.0227567684326869,,,,,,,,Line_3,2,3,0.0,1.0294068671612449,-0.0227567684326869,0.9841206416337456,-0.0888270687307809,3.785549358242719,Line_3,2,3,0.0,11.663157828369238,63.662806537599145,51.99964870922991,GENROU_4,6,GENROU_1,1,0.9997120232794542,1.000137515309725,0.0002879767205458,GENROU_3,3,GENROU_1,1,1.4874122146787827,2.019102207520574,GENROU_5,8,GENROU_2,2
240,2,1.095,0.005,0.001,NEXT_STEP,1,0.0360168107282034,0.0169868024527304,1.0293054215375883,-0.0227124573762701,,,,,,,,Line_3,2,3,0.0,1.0293054215375883,-0.0227124573762701,0.9839339996219972,-0.089046744427297,3.800674685033158,Line_3,2,3,0.0,11.663019087581864,63.67783854790853,52.01481946032666,GENROU_4,6,GENROU_1,1,0.9997029662675688,1.0001408013217812,0.000297033732431,GENROU_3,3,GENROU_1,1,1.4880552144925987,2.0223620932711626,GENROU_5,8,GENROU_2,2
242,2,1.1,0.005,0.001,NEXT_STEP,1,0.0360151785473011,0.016987783767709,1.029207718525893,-0.0226698937812182,,,,,,,,Line_3,2,3,0.0,1.029207718525893,-0.0226698937812182,0.9837585581633904,-0.0892633743922993,3.815525382101214,Line_3,2,3,0.0,11.662860305702102,63.69320744416037,52.03034713845827,GENROU_4,6,GENROU_1,1,0.9996944438628752,1.0001437553838128,0.0003055561371249,GENROU_3,3,GENROU_1,1,1.4886715196717306,2.025797130785583,GENROU_5,8,GENROU_2,2
244,2,1.105,0.005,0.001,NEXT_STEP,1,0.036013642068693,0.016988729254022,1.0291137466082034,-0.022628798980794,,,,,,,,Line_3,2,3,0.0,1.0291137466082034,-0.022628798980794,0.9835933777540083,-0.0894771989869695,3.8301311875561614,Line_3,2,3,0.0,11.662680039532024,63.70887728312359,52.04619724359157,GENROU_4,6,GENROU_1,1,0.9996864433776708,1.0001463874861398,0.0003135566223292,GENROU_3,3,GENROU_1,1,1.4892563825715266,2.0293472169579263,GENROU_5,8,GENROU_2,2
246,2,1.11,0.005,0.001,NEXT_STEP,1,0.0360121399319556,0.0169896351510382,1.0290235066625693,-0.0225889511885899,,,,,,,,Line_3,2,3,0.0,1.0290235066625693,-0.0225889511885899,0.9834376751952892,-0.0896883819435446,3.844514189989212,Line_3,2,3,0.0,11.662476801246465,63.72481494321705,52.062338141970585,GENROU_4,6,GENROU_1,1,0.9996789567302736,1.000148704722028,0.0003210432697262,GENROU_3,3,GENROU_1,1,1.4898184379263142,2.0329621573240617,GENROU_5,8,GENROU_2,2
248,2,1.115,0.005,0.001,NEXT_STEP,1,0.0360107100152262,0.0169905089854478,1.0289369597377052,-0.0225501777705463,,,,,,,,Line_3,2,3,0.0,1.0289369597377052,-0.0225501777705463,0.9832906835183836,-0.0898970651696506,3.858692411311466,Line_3,2,3,0.0,11.662249350023044,63.74098625733596,52.07873690731291,GENROU_4,6,GENROU_1,1,0.9996719733621152,1.0001507156177385,0.0003280266378846,GENROU_3,3,GENROU_1,1,1.4903563000467108,2.0365998609838805,GENROU_5,8,GENROU_2,2
250,2,1.12,0.005,0.001,NEXT_STEP,1,0.0360093216387495,0.0169913488742636,1.0288540659634646,-0.0225123438343017,,,,,,,,Line_3,2,3,0.0,1.0288540659634646,-0.0225123438343017,0.983151733414208,-0.0901033453497315,3.8726791198964743,Line_3,2,3,0.0,11.661996497623662,63.757358538196456,52.0953620405728,GENROU_4,6,GENROU_1,1,0.9996654846301628,1.0001524274575526,0.0003345153698371,GENROU_3,3,GENROU_1,1,1.4908706373617908,2.0402263819842883,GENROU_5,8,GENROU_2,2
252,2,1.125,0.005,0.001,NEXT_STEP,1,0.0360080054565268,0.0169921566885204,1.0287747724707346,-0.0224753557681525,,,,,,,,Line_3,2,3,0.0,1.0287747724707346,-0.0224753557681525,0.9830202181209852,-0.0903072947431168,3.886483819454412,Line_3,2,3,0.0,11.661717152556244,63.77389986125131,52.112182708695066,GENROU_4,6,GENROU_1,1,0.9996594824874028,1.0001538470978055,0.0003405175125971,GENROU_3,3,GENROU_1,1,1.4913650323599308,2.0438146867399625,GENROU_5,8,GENROU_2,2
254,2,1.13,0.005,0.001,NEXT_STEP,1,0.0360067542248796,0.0169929267521689,1.028699021069355,-0.0224391441720259,,,,,,,,Line_3,2,3,0.0,1.028699021069355,-0.0224391441720259,0.9828955949258192,-0.0905089586454962,3.900113081568378,Line_3,2,3,0.0,11.661410315929526,63.79057902389621,52.12916870796669,GENROU_4,6,GENROU_1,1,0.9996539593498182,1.000154981066116,0.0003460406501818,GENROU_3,3,GENROU_1,1,1.4918403806552218,2.047343656242,GENROU_5,8,GENROU_2,2
256,2,1.135,0.005,0.001,NEXT_STEP,1,0.036005544486235,0.0169936628373202,1.028626746241333,-0.0224036617743529,,,,,,,,Line_3,2,3,0.0,1.028626746241333,-0.0224036617743529,0.9827773751260204,-0.0907083624442706,3.913571069290697,Line_3,2,3,0.0,11.661075077063323,63.80736551477053,52.1462904377072,GENROU_4,6,GENROU_1,1,0.9996489079788164,1.0001558356481148,0.0003510920211836,GENROU_3,3,GENROU_1,1,1.4922975579785318,2.050797130601256,GENROU_5,8,GENROU_2,2
258,2,1.14,0.005,0.001,NEXT_STEP,1,0.0360044068965611,0.0169943668223998,1.028557876720034,-0.022368886035045,,,,,,,,Line_3,2,3,0.0,1.028557876720034,-0.022368886035045,0.9826651193915272,-0.0909055181018193,3.926859759467135,Line_3,2,3,0.0,11.660710608644656,63.82422949111013,52.16351888246547,GENROU_4,6,GENROU_1,1,0.9996443213807124,1.0001564169491526,0.0003556786192876,GENROU_3,3,GENROU_1,1,1.4927374063148642,2.0541630348042945,GENROU_5,8,GENROU_2,2
260,2,1.145,0.005,0.001,NEXT_STEP,1,0.0360033107777119,0.0169950368142791,1.0284923385480236,-0.0223348051519782,,,,,,,,Line_3,2,3,0.0,1.0284923385480236,-0.0223348051519782,0.9825584329974208,-0.0911004222894676,3.939979637590625,Line_3,2,3,0.0,11.660316161621424,63.84114176297551,52.18082560135409,GENROU_4,6,GENROU_1,1,0.9996401927276094,1.000156730962817,0.0003598072723905,GENROU_3,3,GENROU_1,1,1.4931607273770269,2.057432605995967,GENROU_5,8,GENROU_2,2
262,2,1.15,0.005,0.001,NEXT_STEP,1,0.0360022633447958,0.0169956784742246,1.0284300536996445,-0.0223014242048717,,,,,,,,Line_3,2,3,0.0,1.0284300536996445,-0.0223014242048717,0.982456961018918,-0.0912930631011818,3.9529297304491706,Line_3,2,3,0.0,11.659891060137248,63.85807378376266,52.198182723625415,GENROU_4,6,GENROU_1,1,0.9996365152870188,1.0001567836158936,0.0003634847129813,GENROU_3,3,GENROU_1,1,1.4935682789575364,2.060599728634481,GENROU_5,8,GENROU_2,2
264,2,1.155,0.005,0.001,NEXT_STEP,1,0.0360012880248899,0.0169962880142492,1.0283709431363142,-0.0222687610108047,,,,,,,,Line_3,2,3,0.0,1.0283709431363142,-0.0222687610108047,0.9823603853205376,-0.0914834210526362,3.965707900829728,Line_3,2,3,0.0,11.65943469622706,63.87499764509246,52.21556294886541,GENROU_4,6,GENROU_1,1,0.9996332823635672,1.0001565808063528,0.0003667176364328,GENROU_3,3,GENROU_1,1,1.4939607753763375,2.063660375628539,GENROU_5,8,GENROU_2,2
266,2,1.16,0.005,0.001,NEXT_STEP,1,0.0360003541411933,0.0169968635365761,1.0283149275069698,-0.0222368374679029,,,,,,,,Line_3,2,3,0.0,1.0283149275069698,-0.0222368374679029,0.9822684203988276,-0.0916714679136928,3.978311276594326,Line_3,2,3,0.0,11.658946524655326,63.89188607601363,52.2329395513583,GENROU_4,6,GENROU_1,1,0.9996304872541618,1.0001561284461522,0.0003695127458381,GENROU_3,3,GENROU_1,1,1.4943388882486992,2.066612147352324,GENROU_5,8,GENROU_2,2
268,2,1.165,0.005,0.001,NEXT_STEP,1,0.0359994689104481,0.0169974107057778,1.0282619260281407,-0.0222056861951699,,,,,,,,Line_3,2,3,0.0,1.0282619260281407,-0.0222056861951699,0.982180809969578,-0.0918571719813326,3.990736172362574,Line_3,2,3,0.0,11.658426057961735,63.90871244585854,52.25028638789681,GENROU_4,6,GENROU_1,1,0.9996281232069948,1.0001554324838684,0.0003718767930052,GENROU_3,3,GENROU_1,1,1.4947032480850486,2.069453897562323,GENROU_5,8,GENROU_2,2
270,2,1.17,0.005,0.001,NEXT_STEP,1,0.0359986323275747,0.0169979295195671,1.0282118590819946,-0.0221753450747764,,,,,,,,Line_3,2,3,0.0,1.0282118590819946,-0.0221753450747764,0.982097324730646,-0.0920404972279515,4.002978353416268,Line_3,2,3,0.0,11.657872861493098,63.92545076942368,52.26757790793058,GENROU_4,6,GENROU_1,1,0.9996261833896128,1.0001544989271791,0.0003738166103871,GENROU_3,3,GENROU_1,1,1.4950544469628924,2.072185434642553,GENROU_5,8,GENROU_2,2
272,2,1.175,0.005,0.001,NEXT_STEP,1,0.0359978443843614,0.016998419972693,1.0281646481007,-0.0221458566390541,,,,,,,,Line_3,2,3,0.0,1.0281646481007,-0.0221458566390541,0.9820177594970416,-0.0922214046423513,4.015033147655345,Line_3,2,3,0.0,11.657286548630264,63.94207571433184,52.28478916570157,GENROU_4,6,GENROU_1,1,0.999624660862924,1.000153333860178,0.0003753391370761,GENROU_3,3,GENROU_1,1,1.4953930406289753,2.0748072859016182,GENROU_5,8,GENROU_2,2
274,2,1.18,0.005,0.001,NEXT_STEP,1,0.0359971050698025,0.0169988820572448,1.028120216003235,-0.0221172670112882,,,,,,,,Line_3,2,3,0.0,1.028120216003235,-0.0221172670112882,0.9819419308455956,-0.0923998530404763,4.026895552737614,Line_3,2,3,0.0,11.656666776196786,63.95856261001809,52.301895833821305,GENROU_4,6,GENROU_1,1,0.9996235485603868,1.000151943456311,0.0003764514396132,GENROU_3,3,GENROU_1,1,1.4957195507342411,2.077320513558372,GENROU_5,8,GENROU_2,2
276,2,1.185,0.005,0.001,NEXT_STEP,1,0.0359963909508023,0.0169993195560213,1.0280784874561752,-0.0220896227492767,,,,,,,,Line_3,2,3,0.0,1.0280784874561752,-0.0220896227492767,0.9818696747394712,-0.0925757987715813,4.038560400094269,Line_3,2,3,0.0,11.656013240134568,63.97488745810214,52.31887421796757,GENROU_4,6,GENROU_1,1,0.9996228392729068,1.0001503339915474,0.0003771607270931,GENROU_3,3,GENROU_1,1,1.496034466934362,2.0797265723921576,GENROU_5,8,GENROU_2,2
278,2,1.19,0.005,0.001,NEXT_STEP,1,0.0359957326805016,0.0169997343579335,1.028039388678626,-0.0220629773283292,,,,,,,,Line_3,2,3,0.0,1.028039388678626,-0.0220629773283292,0.9818008449776624,-0.0927491995160592,4.050022201080935,Line_3,2,3,0.0,11.65532567132031,63.99102694341394,52.33570127209363,GENROU_4,6,GENROU_1,1,0.9996225256337128,1.0001485118419124,0.0003774743662871,GENROU_3,3,GENROU_1,1,1.4963382487608627,2.0820272004819835,GENROU_5,8,GENROU_2,2
280,2,1.195,0.005,0.001,NEXT_STEP,1,0.0359951645100968,0.0170001544372506,1.0280028453262748,-0.0220373861263003,,,,,,,,Line_3,2,3,0.0,1.0280028453262748,-0.0220373861263003,0.9817353098708246,-0.0929200134147055,4.061275384424448,Line_3,2,3,0.0,11.65460383132035,64.00695844491375,52.3523546135934,GENROU_4,6,GENROU_1,1,0.9996226001082368,1.0001477662930502,0.0003773998917631,GENROU_3,3,GENROU_2,2,1.4966313270616325,2.084224336176939,GENROU_5,8,GENROU_2,2
282,2,1.2,0.005,0.001,NEXT_STEP,1,0.035994716748189,0.0170006040234837,1.0279687857390922,-0.0220129051143073,,,,,,,,Line_3,2,3,1.0,1.0279687857390922,-0.0220129051143073,0.981672952136652,-0.0930881986350426,4.072314346391664,Line_3,2,3,1.0,11.653847508349363,64.02266005062849,52.36881254227912,GENROU_4,6,GENROU_1,1,0.9996230549893544,1.0001473302052502,0.0003769450106455,GENROU_3,3,GENROU_2,2,1.4969148183792875,2.0863200556804604,GENROU_5,8,GENROU_2,2
284,2,1.205,0.005,0.001,NEXT_STEP,1,0.0359942923368206,0.0170010269203015,1.025506308755126,-0.031543868812722,,,,,,,,Line_3,2,3,1.0,1.025506308755126,-0.031543868812722,1.0028378865819878,-0.0687381537795489,2.1310755506060843,Line_3,2,3,1.0,11.653056690591644,64.03725323447831,52.384196543886674,GENROU_4,6,GENROU_1,1,0.999655016077998,1.000133471187017,0.0003449839220019,GENROU_3,3,GENROU_2,2,1.4984332803584832,2.0885913635642046,GENROU_5,8,GENROU_2,2
286,2,1.21,0.005,0.001,NEXT_STEP,1,0.0359604136421803,0.017029149111288,1.0256934571175054,-0.0317845477513969,,,,,,,,Line_3,2,3,1.0,1.0256934571175054,-0.0317845477513969,1.0033123734944085,-0.0685591425068572,2.1070290727918177,Line_3,2,3,1.0,11.652225293164337,64.04992116790164,52.39769587473731,GENROU_4,6,GENROU_1,1,0.9996851184158432,1.0001206808246916,0.0003148815841569,GENROU_3,3,GENROU_2,2,1.4976212938681075,2.092004101042752,GENROU_5,8,GENROU_2,2
288,2,1.215,0.005,0.001,NEXT_STEP,1,0.0359665813318614,0.0170298836326208,1.025876864871537,-0.0319838639494164,,,,,,,,Line_3,2,3,1.0,1.025876864871537,-0.0319838639494164,1.003750905531131,-0.0684056863724849,2.086816707016766,Line_3,2,3,1.0,11.65134646907744,64.0607797477071,52.40943327862966,GENROU_4,6,GENROU_1,1,0.999713367349356,1.00010886376339,0.0002866326506438,GENROU_3,3,GENROU_2,2,1.4966139902176148,2.096907541167896,GENROU_5,8,GENROU_2,2
290,2,1.22,0.005,0.001,NEXT_STEP,1,0.0359689289372066,0.0170276352213567,1.0260556742627256,-0.0321470037065268,,,,,,,,Line_3,2,3,1.0,1.0260556742627256,-0.0321470037065268,1.0041557530714262,-0.0682707751440663,2.0697396434662494,Line_3,2,3,1.0,11.65041609046784,64.06993238323292,52.41951629276508,GENROU_4,6,GENROU_1,1,0.9997400370909256,1.000097837268803,0.0002599629090742,GENROU_3,3,GENROU_2,2,1.495525349816698,2.1030743875062368,GENROU_5,8,GENROU_2,2
292,2,1.225,0.005,0.001,NEXT_STEP,1,0.0359711967034421,0.0170254350958343,1.0262301524669146,-0.0322812108420614,,,,,,,,Line_3,2,3,1.0,1.0262301524669146,-0.0322812108420614,1.0045300464988591,-0.0681506689850725,2.0551685650156912,Line_3,2,3,1.0,11.64943218086509,64.07747173165615,52.428039550791055,GENROU_4,6,GENROU_1,1,0.9997653508653236,1.000087458032031,0.0002346491346763,GENROU_3,3,GENROU_2,2,1.4944234512570689,2.1100199077562243,GENROU_5,8,GENROU_2,2
294,2,1.23,0.005,0.001,NEXT_STEP,1,0.0359734008982084,0.0170232962273681,1.0264007202880665,-0.0323920545495696,,,,,,,,Line_3,2,3,1.0,1.0264007202880665,-0.0323920545495696,1.0048768397381354,-0.0680421567552472,2.042600395595344,Line_3,2,3,1.0,11.648394351149516,64.08348102831309,52.43508667716357,GENROU_4,6,GENROU_1,1,0.9997894901609456,1.000077613485144,0.0002105098390543,GENROU_3,3,GENROU_2,2,1.4933470881245876,2.1171976914584576,GENROU_5,8,GENROU_2,2
296,2,1.235,0.005,0.001,NEXT_STEP,1,0.0359755820349156,0.017021205944361,1.02656766590311,-0.0324840261542596,,,,,,,,Line_3,2,3,1.0,1.02656766590311,-0.0324840261542596,1.0051988985444156,-0.0679426644583361,2.0316303221044905,Line_3,2,3,1.0,11.647303382673638,64.08803534807056,52.44073196539692,GENROU_4,6,GENROU_1,1,0.9998126023660604,1.0000682152404528,0.0001873976339397,GENROU_3,3,GENROU_2,2,1.492316674099639,2.12410958561484,GENROU_5,8,GENROU_2,2
298,2,1.24,0.005,0.001,NEXT_STEP,1,0.0359777048868011,0.0170191588200558,1.0267311726412491,-0.0325607536241462,,,,,,,,Line_3,2,3,1.0,1.0267311726412491,-0.0325607536241462,1.0054987098747272,-0.0678501355395194,2.0219326453761823,Line_3,2,3,1.0,11.64616090966591,64.09120275654901,52.4450418468831,GENROU_4,6,GENROU_1,1,0.9998348069763336,1.000059193943616,0.0001651930236664,GENROU_3,3,GENROU_2,2,1.4913413726836473,2.130358503342245,GENROU_5,8,GENROU_2,2
300,2,1.245,0.005,0.001,NEXT_STEP,1,0.035979776790267,0.0170171606141627,1.0268913434724618,-0.0326251858396886,,,,,,,,Line_3,2,3,1.0,1.0268913434724618,-0.0326251858396886,1.0057784991096346,-0.0677629420004949,2.013245129574017,Line_3,2,3,1.0,11.64496917675499,64.09304534479108,52.44807616803609,GENROU_4,6,GENROU_1,1,0.9998562006556092,1.000050495238581,0.0001437993443909,GENROU_3,3,GENROU_2,2,1.4904236661844554,2.1356650620241324,GENROU_5,8,GENROU_2,2
302,2,1.25,0.005,0.001,NEXT_STEP,1,0.0359818180029528,0.0170152049870128,1.0270482262101073,-0.032679726786742,,,,,,,,Line_3,2,3,1.0,1.0270482262101073,-0.032679726786742,1.0060402533958015,-0.0676798026849047,2.005356631602268,Line_3,2,3,1.0,11.643730853251984,64.09362014701567,52.44988929376369,GENROU_4,6,GENROU_1,1,0.9998768613727232,1.0000420766080989,0.0001231386272768,GENROU_3,3,GENROU_2,2,1.489562249916638,2.1398628815386296,GENROU_5,8,GENROU_2,2
304,2,1.255,0.005,0.001,NEXT_STEP,1,0.0359838210605681,0.0170132860808979,1.0272018318146918,-0.0327263394630632,,,,,,,,Line_3,2,3,1.0,1.0272018318146918,-0.0327263394630632,1.0062857438891195,-0.0675997148184196,1.9980972252374445,Line_3,2,3,1.0,11.642448890940518,64.09297994694059,52.45053105600008,GENROU_4,6,GENROU_1,1,0.9998968517893028,1.000033904898879,0.0001031482106973,GENROU_3,3,GENROU_2,2,1.4887538339816104,2.1428826909807173,GENROU_5,8,GENROU_2,2
306,2,1.26,0.005,0.001,NEXT_STEP,1,0.0359857859129949,0.0170114038563779,1.027352148559986,-0.032766633461182,,,,,,,,Line_3,2,3,1.0,1.027352148559986,-0.032766633461182,1.006516547667233,-0.0675219014737671,1.9913301729671675,Line_3,2,3,1.0,11.641126415232062,64.09117398030693,52.45004756507487,GENROU_4,6,GENROU_1,1,0.999916222033145,1.0000259543727008,8.377796685499206e-05,GENROU_3,3,GENROU_2,2,1.4879942419757437,2.144731897162016,GENROU_5,8,GENROU_2,2
308,2,1.265,0.005,0.001,NEXT_STEP,1,0.0359876921949667,0.0170095645761553,1.0274991539953076,-0.0328019296084861,,,,,,,,Line_3,2,3,1.0,1.0274991539953076,-0.0328019296084861,1.006734069026512,-0.0674457651467251,1.9849455624864163,Line_3,2,3,1.0,11.639766641901923,64.08824854217623,52.4484819002743,GENROU_4,6,GENROU_1,1,0.9999350119749584,1.0000182051732995,6.498802504151246e-05,GENROU_3,3,GENROU_2,2,1.4872790595473444,2.14547373374504,GENROU_5,8,GENROU_2,2
310,2,1.27,0.005,0.001,NEXT_STEP,1,0.0359895676003816,0.0170077677243547,1.027642824083733,-0.0328333191421449,,,,,,,,Line_3,2,3,1.0,1.027642824083733,-0.0328333191421449,1.0069395596283106,-0.0673708551318246,1.9788550469898207,Line_3,2,3,1.0,11.638372813473737,64.08424750796456,52.445874694490826,GENROU_4,6,GENROU_1,1,0.99995325309384,1.000010642108649,4.674690615991128e-05,GENROU_3,3,GENROU_2,2,1.4866039986217583,2.1452083277689504,GENROU_5,8,GENROU_2,2
312,2,1.275,0.005,0.001,NEXT_STEP,1,0.0359914046880596,0.0170060074705265,1.0277831403008768,-0.0328616992719567,,,,,,,,Line_3,2,3,1.0,1.0277831403008768,-0.0328616992719567,1.0071341364897368,-0.067296833042174,1.972987832001877,Line_3,2,3,1.0,11.636948150767616,64.07921277725713,52.44226462648951,GENROU_4,6,GENROU_1,1,0.9999487207446331,1.0000032536946892,5.127925536674294e-05,GENROU_1,1,GENROU_2,2,1.4859650854775537,2.1440568115109637,GENROU_5,8,GENROU_2,2
314,2,1.28,0.005,0.001,NEXT_STEP,1,0.0359931830903751,0.0170042900816005,1.0279200917156002,-0.0328878090370581,,,,,,,,Line_3,2,3,1.0,1.0279200917156002,-0.0328878090370581,1.0073187963681456,-0.0672234501364682,1.967287321872135,Line_3,2,3,1.0,11.635495816487484,64.07318464989407,52.43768883340659,GENROU_4,6,GENROU_1,1,0.999939705055258,0.999996031395936,6.0294944742023127e-05,GENROU_1,1,GENROU_2,2,1.4853587401193178,2.1421488260719723,GENROU_5,8,GENROU_2,2
316,2,1.285,0.005,0.001,NEXT_STEP,1,0.03599493051563,0.0170026150431213,1.0280536783947278,-0.0329122620762707,,,,,,,,Line_3,2,3,1.0,1.0280536783947278,-0.0329122620762707,1.0074944306309868,-0.0671505314263069,1.9617083315891928,Line_3,2,3,1.0,11.634018887950909,64.06620214183681,52.4321832538859,GENROU_4,6,GENROU_1,1,0.9999310455222564,1.0000049029000873,6.895447774357688e-05,GENROU_1,1,GENROU_3,3,1.4847817945569275,2.139613290936972,GENROU_5,8,GENROU_2,2
318,2,1.29,0.005,0.001,NEXT_STEP,1,0.0359966395276515,0.0170009765335479,1.0281839134051725,-0.032935561908226,,,,,,,,Line_3,2,3,1.0,1.0281839134051725,-0.032935561908226,1.0076618377563955,-0.0670779553903173,1.9562150489987855,Line_3,2,3,1.0,11.632520336949852,64.05830324827198,52.42578291132213,GENROU_4,6,GENROU_1,1,0.9999227337690124,1.000021144177872,7.726623098758267e-05,GENROU_1,1,GENROU_3,3,1.484231475977151,2.1365720562818784,GENROU_5,8,GENROU_2,2
320,2,1.295,0.005,0.001,NEXT_STEP,1,0.0359986973761992,0.0169997114501606,1.028310782610403,-0.032958158999063,,,,,,,,Line_3,2,3,1.0,1.028310782610403,-0.032958158999063,1.0078217065717352,-0.0670056728068479,1.95077884409946,Line_3,2,3,1.0,11.631003013890814,64.04952515876424,52.41852214487343,GENROU_4,6,GENROU_1,1,0.9999147631901256,1.000036913439769,8.523680987437832e-05,GENROU_1,1,GENROU_3,3,1.4837053621729184,2.133135945524858,GENROU_5,8,GENROU_2,2
322,2,1.3,0.005,0.001,NEXT_STEP,1,0.0360007322363735,0.0169984917495079,1.0284343567528933,-0.0329803632322932,,,,,,,,Line_3,2,3,1.0,1.0284343567528933,-0.0329803632322932,1.007974701730276,-0.066933614656417,1.945378007348836,Line_3,2,3,1.0,11.629469637111924,64.03990443418809,52.41043479707616,GENROU_4,6,GENROU_1,1,0.9999071287067844,1.0000522161569143,9.287129321566834e-05,GENROU_1,1,GENROU_3,3,1.4832013749966293,2.129402678918427,GENROU_5,8,GENROU_2,2
324,2,1.305,0.005,0.001,NEXT_STEP,1,0.0360026954112895,0.0169973044661465,1.0285546842422864,-0.0330024487527521,,,,,,,,Line_3,2,3,1.0,1.0285546842422864,-0.0330024487527521,1.0081214007389907,-0.0668617585642049,1.93999554942215,Line_3,2,3,1.0,11.627922788603913,64.02947715409071,52.4015543654868,GENROU_4,6,GENROU_1,1,0.999899826434647,1.0000670559279248,0.0001001735653529,GENROU_1,1,GENROU_3,3,1.4827176968602878,2.125456174162914,GENROU_5,8,GENROU_2,2
326,2,1.31,0.005,0.001,NEXT_STEP,1,0.0360046409658764,0.0169961476806149,1.0286718206404055,-0.0330246463887977,,,,,,,,Line_3,2,3,1.0,1.0286718206404055,-0.0330246463887977,1.0082623213956885,-0.0667901077641993,1.934618430122498,Line_3,2,3,1.0,11.626364910505169,64.01827903025168,52.39191411974651,GENROU_4,6,GENROU_1,1,0.999892853413147,1.0000814348708122,0.0001071465868529,GENROU_1,1,GENROU_3,3,1.482252746796892,2.1213668204506435,GENROU_5,8,GENROU_2,2
328,2,1.315,0.005,0.001,NEXT_STEP,1,0.0360065075488023,0.0169950176031016,1.0287858301669617,-0.033047133951166,,,,,,,,Line_3,2,3,1.0,1.0287858301669617,-0.033047133951166,1.0083979289302611,-0.066718673891825,1.9292371283059424,Line_3,2,3,1.0,11.6247983034888,64.00634549581294,52.381547192324135,GENROU_4,6,GENROU_1,1,0.999886207401625,1.0000953539726634,0.0001137925983749,GENROU_1,1,GENROU_3,3,1.4818066744624752,2.117192392429854,GENROU_5,8,GENROU_2,2
330,2,1.32,0.005,0.001,NEXT_STEP,1,0.0360083330270848,0.0169939217740805,1.0288967819052692,-0.0330700599264622,,,,,,,,Line_3,2,3,1.0,1.0288967819052692,-0.0330700599264622,1.0085286422006312,-0.0666474843326818,1.923844705395936,Line_3,2,3,1.0,11.623225127206002,63.99371177142951,52.370486644223504,GENROU_4,6,GENROU_1,1,0.9998798866949384,1.0001088133486675,0.0001201133050614,GENROU_1,1,GENROU_3,3,1.4813774656764669,2.112979331947811,GENROU_5,8,GENROU_2,2
332,2,1.325,0.005,0.001,NEXT_STEP,1,0.0360101101542671,0.0169928545098976,1.0290047510930518,-0.0330935372367486,,,,,,,,Line_3,2,3,1.0,1.0290047510930518,-0.0330935372367486,1.0086548390942558,-0.0665765713342982,1.9184365390822224,Line_3,2,3,1.0,11.62164740127329,63.980412916803225,52.35876551552994,GENROU_4,6,GENROU_1,1,0.99987388998311,1.000121812458617,0.0001261100168901,GENROU_1,1,GENROU_3,3,1.4809624841646625,2.1087642030765914,GENROU_5,8,GENROU_2,2
334,2,1.33,0.005,0.001,NEXT_STEP,1,0.0360118389028366,0.0169918157906832,1.0291098149980915,-0.0331176538281066,,,,,,,,Line_3,2,3,1.0,1.0291098149980915,-0.0331176538281066,1.0087768579863083,-0.0665059740175591,1.9130098318870807,Line_3,2,3,1.0,11.620067007847627,63.96648386339527,52.346416855547645,GENROU_4,6,GENROU_1,1,0.9998682161843546,1.0001343503413969,0.0001343503413968,GENROU_1,1,GENROU_3,3,1.480561048084466,2.104575176687742,GENROU_5,8,GENROU_2,2
336,2,1.335,0.005,0.001,NEXT_STEP,1,0.0360135192550493,0.0169908056051645,1.0292120528241444,-0.0331424752412482,,,,,,,,Line_3,2,3,1.0,1.0292120528241444,-0.0331424752412482,1.008895003032173,-0.0664357353734403,1.9075632918057863,Line_3,2,3,1.0,11.61848569492004,63.95195943366832,52.33347373874828,GENROU_4,6,GENROU_1,1,0.9998628643453196,1.0001464257615886,0.0001464257615886,GENROU_1,1,GENROU_3,3,1.4801724857659762,2.100433446328635,GENROU_5,8,GENROU_2,2
338,2,1.34,0.005,0.001,NEXT_STEP,1,0.0360151511892432,0.0169898239383041,1.0293115445586576,-0.0331680480123727,,,,,,,,Line_3,2,3,1.0,1.0293115445586576,-0.0331680480123727,1.0090095474504728,-0.0663659009182742,1.9020968604042707,Line_3,2,3,1.0,11.616905080159173,63.9368743496314,52.31996926947223,GENROU_4,6,GENROU_1,1,0.9998578335452072,1.0001580373436936,0.0001580373436935,GENROU_1,1,GENROU_3,3,1.4797961492852263,2.09635452048222,GENROU_5,8,GENROU_2,2
340,2,1.345,0.005,0.001,NEXT_STEP,1,0.0360167581342612,0.0169888669901156,1.0294083700187069,-0.0331944047110798,,,,,,,,Line_3,2,3,1.0,1.0294083700187069,-0.0331944047110798,1.0091207365955308,-0.0662965191627403,1.8966114510391487,Line_3,2,3,1.0,11.61532665510313,63.92126323177742,52.30593657667429,GENROU_4,6,GENROU_1,1,0.9998531228130304,1.0001691836817357,0.0001691836817356,GENROU_1,1,GENROU_3,3,1.4794314216961018,2.0923493615813658,GENROU_5,8,GENROU_2,2
342,2,1.35,0.005,0.001,NEXT_STEP,1,0.0360182859503807,0.016987936660969,1.0295026083603362,-0.0332215576492403,,,,,,,,Line_3,2,3,1.0,1.0295026083603362,-0.0332215576492403,1.0092287904350754,-0.066227634811692,1.891108919691618,Line_3,2,3,1.0,11.613751789790896,63.90516059054339,52.29140880075249,GENROU_4,6,GENROU_1,1,0.9998487310731552,1.000179863437336,0.000179863437336,GENROU_1,1,GENROU_3,3,1.4790777203257195,2.088425361868901,GENROU_5,8,GENROU_2,2
344,2,1.355,0.005,0.001,NEXT_STEP,1,0.0360198194202449,0.0169870328997773,1.0295943354397956,-0.0332495194677282,,,,,,,,Line_3,2,3,1.0,1.0295943354397956,-0.0332495194677282,1.0093339054150268,-0.066159301327894,1.8855916052837076,Line_3,2,3,1.0,11.612181737530182,63.88860081104872,52.27641907351854,GENROU_4,6,GENROU_1,1,0.999844657070798,1.000190075406188,0.0001900754061878,GENROU_1,1,GENROU_3,3,1.4787344965741631,2.084587159631605,GENROU_5,8,GENROU_2,2
346,2,1.36,0.005,0.001,NEXT_STEP,1,0.0360212665003666,0.0169861500776847,1.0296836274749528,-0.0332782780619418,,,,,,,,Line_3,2,3,1.0,1.0296836274749528,-0.0332782780619418,1.009436258354159,-0.0660915613417177,1.880062643898356,Line_3,2,3,1.0,11.610617639748428,63.87161813237218,52.26100049262375,GENROU_4,6,GENROU_1,1,0.9998408993522876,1.0001998185934629,0.0001998185934628,GENROU_1,1,GENROU_3,3,1.478401236760538,2.0808373079554783,GENROU_5,8,GENROU_2,2
348,2,1.365,0.005,0.001,NEXT_STEP,1,0.0360227192063038,0.0169852937980328,1.0297705545606632,-0.0333078286546056,,,,,,,,Line_3,2,3,1.0,1.0297705545606632,-0.0333078286546056,1.0095360054048987,-0.0660244679671005,1.8745253524577377,Line_3,2,3,1.0,11.609060531124989,63.85424662298352,52.245186091858535,GENROU_4,6,GENROU_1,1,0.9998374562043372,1.0002090922530238,0.0002090922530237,GENROU_1,1,GENROU_3,3,1.4780774585391407,2.077176811721316,GENROU_5,8,GENROU_2,2
350,2,1.37,0.005,0.001,NEXT_STEP,1,0.0360241089455472,0.0169844546543245,1.0298551870574153,-0.0333381460377239,,,,,,,,Line_3,2,3,1.0,1.0298551870574153,-0.0333381460377239,1.0096332876157517,-0.065958064230929,1.8689836405326616,Line_3,2,3,1.0,11.607511344446513,63.8365201520193,52.22900880757278,GENROU_4,6,GENROU_1,1,0.9998343256470444,1.000217895940383,0.0002178959403826,GENROU_1,1,GENROU_3,3,1.4777627117778174,2.0736055519345205,GENROU_5,8,GENROU_2,2
352,2,1.375,0.005,0.001,NEXT_STEP,1,0.0360254501518919,0.0169836439519805,1.029937588934796,-0.0333692060200196,,,,,,,,Line_3,2,3,1.0,1.029937588934796,-0.0333692060200196,1.0097282283783795,-0.0658923972111605,1.8634415915494171,Line_3,2,3,1.0,11.605970915892009,63.818472358912366,52.21250144302036,GENROU_4,6,GENROU_1,1,0.9998315054024434,1.000226229541845,0.0002262295418449,GENROU_1,1,GENROU_3,3,1.4774565743960972,2.0701226148031666,GENROU_5,8,GENROU_2,2
354,2,1.38,0.005,0.001,NEXT_STEP,1,0.036026789727921,0.016982854106749,1.0300178218730078,-0.0334009825098927,,,,,,,,Line_3,2,3,1.0,1.0300178218730078,-0.0334009825098927,1.0098209381491292,-0.0658275149523927,1.8579034531992988,Line_3,2,3,1.0,11.6044399898128,63.80013661988893,52.19569663007613,GENROU_4,6,GENROU_1,1,0.9998289928716704,1.0002340932985934,0.0002340932985933,GENROU_1,1,GENROU_3,3,1.4771586523559448,2.0667265435068938,GENROU_5,8,GENROU_2,2
356,2,1.385,0.005,0.001,NEXT_STEP,1,0.0360280662962961,0.016982081375578,1.0300959452470586,-0.033433436257235,,,,,,,,Line_3,2,3,1.0,1.0300959452470586,-0.033433436257235,1.0099115148704727,-0.0657634582748454,1.852373813174097,Line_3,2,3,1.0,11.60291922364546,63.78154601342175,52.17862678977629,GENROU_4,6,GENROU_1,1,0.999826785139614,1.0002414878362151,0.0002414878362151,GENROU_1,1,GENROU_3,3,1.4768685778261936,2.0634155275052217,GENROU_5,8,GENROU_2,2
358,2,1.39,0.005,0.001,NEXT_STEP,1,0.0360293177546915,0.0169813332729468,1.0301720121538551,-0.0334665330320518,,,,,,,,Line_3,2,3,1.0,1.0301720121538551,-0.0334665330320518,1.010000043592157,-0.0657002727748201,1.8468572451837415,Line_3,2,3,1.0,11.60140919289246,63.76273328508848,52.16132409219602,GENROU_4,6,GENROU_1,1,0.9998248789544988,1.0002484141745265,0.0002484141745262,GENROU_1,1,GENROU_3,3,1.4765860064798446,2.060187542328737,GENROU_5,8,GENROU_2,2
360,2,1.395,0.005,0.001,NEXT_STEP,1,0.0360305368670273,0.016980604136843,1.0302460739161654,-0.0335002322587227,,,,,,,,Line_3,2,3,1.0,1.0302460739161654,-0.0335002322587227,1.010086599948716,-0.06563800034268,1.8413584741809927,Line_3,2,3,1.0,11.599910395706823,63.743730811155416,52.143820415448594,GENROU_4,6,GENROU_1,1,0.9998232707292686,1.0002548737423829,0.0002548737423828,GENROU_1,1,GENROU_3,3,1.476310617691799,2.057040451836552,GENROU_5,8,GENROU_2,2
362,2,1.4,0.005,0.001,NEXT_STEP,1,0.0360317236256523,0.0169798939624177,1.0303181776542734,-0.0335344919813622,,,,,,,,Line_3,2,3,1.0,1.0303181776542734,-0.0335344919813622,1.0101712496468178,-0.0655766822791337,1.8358822704173288,Line_3,2,3,1.0,11.598423257539732,63.72457056233424,52.12614730479452,GENROU_4,6,GENROU_1,1,0.999821956540758,1.0002608683860412,0.0002608683860412,GENROU_1,1,GENROU_3,3,1.4760421123262932,2.0539720808517936,GENROU_5,8,GENROU_2,2
364,2,1.405,0.005,0.001,NEXT_STEP,1,0.0360328780193574,0.0169792027420111,1.0303883669789928,-0.0335692683216909,,,,,,,,Line_3,2,3,1.0,1.0303883669789928,-0.0335692683216909,1.0102540497785943,-0.0655163588303381,1.8304334538679257,Line_3,2,3,1.0,11.59694813562862,63.70528406756312,52.108335931934505,GENROU_4,6,GENROU_1,1,0.9998209321316728,1.000266400374486,0.0002664003744858,GENROU_1,1,GENROU_3,3,1.4757802118036631,2.050980267059232,GENROU_5,8,GENROU_2,2
366,2,1.41,0.005,0.001,NEXT_STEP,1,0.0360340000396281,0.0169785304699577,1.030456682105042,-0.0336045165099502,,,,,,,,Line_3,2,3,1.0,1.030456682105042,-0.0336045165099502,1.010335049647524,-0.0654570691545327,1.825016833252846,Line_3,2,3,1.0,11.595485323352172,63.68590237813897,52.0904170547868,GENROU_4,6,GENROU_1,1,0.9998201929149704,1.0002714724020911,0.0002714724020911,GENROU_1,1,GENROU_3,3,1.4755246570327067,2.048062895934857,GENROU_5,8,GENROU_2,2
368,2,1.415,0.005,0.001,NEXT_STEP,1,0.0360351131448117,0.016977873352637,1.030523160118782,-0.0336401929976347,,,,,,,,Line_3,2,3,1.0,1.030523160118782,-0.0336401929976347,1.010414291759044,-0.065398852901227,1.819637175467193,Line_3,2,3,1.0,11.594035054377963,63.66645603225305,52.07242097787508,GENROU_4,6,GENROU_1,1,0.9998197339765686,1.0002760875870962,0.0002760875870961,GENROU_1,1,GENROU_3,3,1.475275207417308,2.045217924558771,GENROU_5,8,GENROU_2,2
370,2,1.42,0.005,0.001,NEXT_STEP,1,0.036036163171864,0.0169772333148683,1.0305878353843132,-0.0336762470000648,,,,,,,,Line_3,2,3,1.0,1.0305878353843132,-0.0336762470000648,1.010491812222124,-0.065341743911645,1.8142993292180731,Line_3,2,3,1.0,11.592597506801212,63.64697502063567,52.05437751383445,GENROU_4,6,GENROU_1,1,0.9998195500948602,1.0002802494758127,0.0002802494758127,GENROU_1,1,GENROU_3,3,1.4750316399971757,2.04244339692327,GENROU_5,8,GENROU_2,2
372,2,1.425,0.005,0.001,NEXT_STEP,1,0.0360372114907567,0.0169766140666448,1.0306507377667244,-0.0337126373660575,,,,,,,,Line_3,2,3,1.0,1.0306507377667244,-0.0337126373660575,1.0105676408355078,-0.0652857818792273,1.8090079265612644,Line_3,2,3,1.0,11.591172807120104,63.627488753111614,52.03631594599151,GENROU_4,6,GENROU_1,1,0.999819635733999,1.0002839620305428,0.0002839620305428,GENROU_1,1,GENROU_3,3,1.4747937478442712,2.039737453275805,GENROU_5,8,GENROU_2,2
374,2,1.4300000000000002,0.005,0.001,NEXT_STEP,1,0.0360382201853876,0.0169760081025065,1.0307118966790003,-0.0337493146837913,,,,,,,,Line_3,2,3,1.0,1.0307118966790003,-0.0337493146837913,1.010641803577343,-0.0652309996104286,1.8037676782569465,Line_3,2,3,1.0,11.589761033872437,63.608026025773526,52.01826499190109,GENROU_4,6,GENROU_1,1,0.9998199850675488,1.0002872296314014,0.0002872296314013,GENROU_1,1,GENROU_3,3,1.474561340626566,2.037098335641331,GENROU_5,8,GENROU_2,2
376,2,1.435,0.005,0.001,NEXT_STEP,1,0.0360391964675939,0.0169754210609286,1.0307713371799838,-0.033786233516611,,,,,,,,Line_3,2,3,1.0,1.0307713371799838,-0.033786233516611,1.010714320788228,-0.065177431532269,1.798583160156653,Line_3,2,3,1.0,11.588362221416483,63.58861499005786,52.000252768641374,GENROU_4,6,GENROU_1,1,0.999820591985233,1.000290057067165,0.0002900570671646,GENROU_1,1,GENROU_3,3,1.4743342422148291,2.03452438998401,GENROU_5,8,GENROU_2,2
378,2,1.44,0.005,0.001,NEXT_STEP,1,0.0360401403353522,0.016974852941779,1.0308290825532431,-0.0338233483027362,,,,,,,,Line_3,2,3,1.0,1.0308290825532431,-0.0338233483027362,1.0107852091822327,-0.0651251105693211,1.793458869197167,Line_3,2,3,1.0,11.586976363386718,63.56928312274213,51.98230675935541,GENROU_4,6,GENROU_1,1,0.9998214501058168,1.0002924495278254,0.0002924495278253,GENROU_1,1,GENROU_3,3,1.4741122908271662,2.0320140670185323,GENROU_5,8,GENROU_2,2
380,2,1.445,0.005,0.001,NEXT_STEP,1,0.0360410752459477,0.0169742999444797,1.030885153989346,-0.0338606161811839,,,,,,,,Line_3,2,3,1.0,1.030885153989346,-0.0338606161811839,1.0108544820759573,-0.0650740699963182,1.7883991676337132,Line_3,2,3,1.0,11.585603415966434,63.550057197227936,51.964453781261504,GENROU_4,6,GENROU_1,1,0.9998225527869284,1.0002944125941895,0.0002944125941897,GENROU_1,1,GENROU_3,3,1.473895338018125,2.029565920662668,GENROU_5,8,GENROU_2,2
382,2,1.45,0.005,0.001,NEXT_STEP,1,0.0360419705074815,0.0169737602180776,1.030939571174217,-0.0338979904847823,,,,,,,,Line_3,2,3,1.0,1.030939571174217,-0.0338979904847823,1.010922149791032,-0.065024338888558,1.783408395190122,Line_3,2,3,1.0,11.584243301080363,63.53096325645976,51.9467199553794,GENROU_4,6,GENROU_1,1,0.9998238931469664,1.0002959522321968,0.0002959522321968,GENROU_1,1,GENROU_3,3,1.4736832480422388,2.027178606356824,GENROU_5,8,GENROU_2,2
384,2,1.455,0.005,0.001,NEXT_STEP,1,0.0360428568039562,0.0169732356075566,1.0309923508695389,-0.0339354306371197,,,,,,,,Line_3,2,3,1.0,1.0309923508695389,-0.0339354306371197,1.010988219347461,-0.064975948856714,1.7784906878816855,Line_3,2,3,1.0,11.582895909485512,63.51202658749532,51.92913067800981,GENROU_4,6,GENROU_1,1,0.9998254640711608,1.0002970747782862,0.0002970747782862,GENROU_1,1,GENROU_3,3,1.4734758965311527,2.0248508779952576,GENROU_5,8,GENROU_2,2
386,2,1.46,0.005,0.001,NEXT_STEP,1,0.0360436799649861,0.0169727280506028,1.0310435091987302,-0.0339728898449247,,,,,,,,Line_3,2,3,1.0,1.0310435091987302,-0.0339728898449247,1.011052695752495,-0.0649289254355134,1.7736501897975074,Line_3,2,3,1.0,11.581561103710522,63.493271697663886,51.911710593953366,GENROU_4,6,GENROU_1,1,0.9998272582384138,1.0002977869342409,0.0002977869342406,GENROU_1,1,GENROU_3,3,1.473273170598773,2.022581584608766,GENROU_5,8,GENROU_2,2
388,2,1.465,0.005,0.001,NEXT_STEP,1,0.0360445248451761,0.0169722374510821,1.0310930593067604,-0.034010334277415,,,,,,,,Line_3,2,3,1.0,1.0310930593067604,-0.034010334277415,1.0111155814187722,-0.0648833012162084,1.7688907066397803,Line_3,2,3,1.0,11.580238720795847,63.47472229218923,51.89448357139338,GENROU_4,6,GENROU_1,1,0.9998292681165986,1.000298095745581,0.0002980957455809,GENROU_1,1,GENROU_3,3,1.473074967204599,2.020369666605472,GENROU_5,8,GENROU_2,2
390,2,1.47,0.005,0.001,NEXT_STEP,1,0.0360452993629875,0.0169717582651625,1.0311410157342824,-0.0340477163741927,,,,,,,,Line_3,2,3,1.0,1.0311410157342824,-0.0340477163741927,1.011176878243969,-0.0648390973452458,1.7642161750207777,Line_3,2,3,1.0,11.578928574838624,63.45640125333303,51.8774726784944,GENROU_4,6,GENROU_1,1,0.9998314860026613,1.0002980086015958,0.0002980086015957,GENROU_1,1,GENROU_3,3,1.4728811940235085,2.0182141518735994,GENROU_5,8,GENROU_2,2
392,2,1.475,0.005,0.001,NEXT_STEP,1,0.0360460721119222,0.0169712998146008,1.0311873884883795,-0.0340850033312779,,,,,,,,Line_3,2,3,1.0,1.0311873884883795,-0.0340850033312779,1.0112365848373106,-0.0647963432555018,1.7596301608496674,Line_3,2,3,1.0,11.577630459670942,63.43833062186553,51.86070016219459,GENROU_4,6,GENROU_1,1,0.9998339040168436,1.0002975332118105,0.0002975332118104,GENROU_1,1,GENROU_3,3,1.4726917665192598,2.0161141511723746,GENROU_5,8,GENROU_2,2
394,2,1.48,0.005,0.001,NEXT_STEP,1,0.036046805185872,0.0169708546230918,1.031232189475726,-0.0341221547357535,,,,,,,,Line_3,2,3,1.0,1.031232189475726,-0.0341221547357535,1.01129470024479,-0.0647550609899118,1.755136242583177,Line_3,2,3,1.0,11.576344151032576,63.42053157935728,51.8441874283247,GENROU_4,6,GENROU_1,1,0.9998365141317296,1.0002966775996056,0.0002966775996056,GENROU_1,1,GENROU_3,3,1.4725066096920327,2.0140688537945786,GENROU_5,8,GENROU_2,2
396,2,1.485,0.005,0.001,NEXT_STEP,1,0.036047529263628,0.0169704245228255,1.031275428066505,-0.0341591376323081,,,,,,,,Line_3,2,3,1.0,1.031275428066505,-0.0341591376323081,1.0113512215825415,-0.0647152754969397,1.7507377378632896,Line_3,2,3,1.0,11.575069408868949,63.403024432746456,51.82795502387751,GENROU_4,6,GENROU_1,1,0.9998393081794534,1.0002954500843384,0.0002954500843384,GENROU_1,1,GENROU_3,3,1.4723256556816005,2.0120775227531715,GENROU_5,8,GENROU_2,2
398,2,1.49,0.005,0.001,NEXT_STEP,1,0.0360482136541428,0.0169700076738064,1.0313171140228188,-0.0341959150373129,,,,,,,,Line_3,2,3,1.0,1.0313171140228188,-0.0341959150373129,1.011406145744266,-0.0646770069752992,1.7464379229968472,Line_3,2,3,1.0,11.5738059793875,63.38582860037036,51.81202262098286,GENROU_4,6,GENROU_1,1,0.9998395195666584,1.000293859271585,0.000293859271585,GENROU_2,2,GENROU_3,3,1.4721488442473325,2.0101394899045006,GENROU_5,8,GENROU_2,2
400,2,1.495,0.005,0.001,NEXT_STEP,1,0.0360488890453421,0.0169696059139528,1.031357255438675,-0.0342324567412727,,,,,,,,Line_3,2,3,1.0,1.031357255438675,-0.0342324567412727,1.0114594685081602,-0.0646402780346241,1.7422398242970587,Line_3,2,3,1.0,11.57255359706312,63.36896259987121,51.79640900280809,GENROU_4,6,GENROU_1,1,0.9998394848421676,1.0002919140348672,0.0002919140348671,GENROU_2,2,GENROU_3,3,1.471976121359866,2.008254150905832,GENROU_5,8,GENROU_2,2
402,2,1.5,0.005,0.001,NEXT_STEP,1,0.0360495247358119,0.0169692173963789,1.0313958610538996,-0.034268728847545,,,,,,,,Line_3,2,3,1.0,1.0313958610538996,-0.034268728847545,1.0115111858092352,-0.0646051064516579,1.738146402430857,Line_3,2,3,1.0,11.571311986440428,63.35244403762,51.78113205117957,GENROU_4,6,GENROU_1,1,0.9998396133977072,1.0002896235055074,0.0002896235055074,GENROU_2,2,GENROU_3,3,1.471807439480116,2.006420960285564,GENROU_5,8,GENROU_2,2
404,2,1.505,0.005,0.001,NEXT_STEP,1,0.0360501514243641,0.0169688439662805,1.0314329381946017,-0.0343047041184494,,,,,,,,Line_3,2,3,1.0,1.0314329381946017,-0.0343047041184494,1.0115612928347213,-0.0645715124786719,1.7341603783720243,Line_3,2,3,1.0,11.57008086388327,63.33628960000348,51.766208736120205,GENROU_4,6,GENROU_1,1,0.9998399030396558,1.0002869970539312,0.0002869970539312,GENROU_2,2,GENROU_3,3,1.4716427562127603,2.0046394264003564,GENROU_5,8,GENROU_2,2
406,2,1.51,0.005,0.001,NEXT_STEP,1,0.0360507384048396,0.0169684837745577,1.0314684950649302,-0.0343403520254204,,,,,,,,Line_3,2,3,1.0,1.0314684950649302,-0.0343403520254204,1.0116097852558712,-0.064539511482264,1.7302843817197129,Line_3,2,3,1.0,11.568859939163982,63.32051504618704,51.751655107023055,GENROU_4,6,GENROU_1,1,0.999840351443404,1.0002840442791097,0.0002840442791096,GENROU_2,2,GENROU_3,3,1.4714820345647024,2.00290910655802,GENROU_5,8,GENROU_2,2
408,2,1.515,0.005,0.001,NEXT_STEP,1,0.0360512928952096,0.0169681424556206,1.0315025385620902,-0.0343756464120409,,,,,,,,Line_3,2,3,1.0,1.0315025385620902,-0.0343756464120409,1.0116566581103912,-0.0645091197854309,1.7265208463650763,Line_3,2,3,1.0,11.567648917076804,63.30513520288693,51.73748628581013,GENROU_4,6,GENROU_1,1,0.99984095615305,1.0002807749914622,0.0002807749914621,GENROU_2,2,GENROU_3,3,1.4713252419265683,2.0012296020706666,GENROU_5,8,GENROU_2,2
410,2,1.52,0.005,0.001,NEXT_STEP,1,0.0360518618530464,0.0169678124235149,1.0315350763357949,-0.0344105663438794,,,,,,,,Line_3,2,3,1.0,1.0315350763357949,-0.0344105663438794,1.01170190735896,-0.0644803548014507,1.7228719694700203,Line_3,2,3,1.0,11.56644749864386,63.29016396007584,51.72371646143198,GENROU_4,6,GENROU_1,1,0.9998417145797638,1.000277199194653,0.000277199194653,GENROU_2,2,GENROU_3,3,1.4711723493817908,1.999600553521536,GENROU_5,8,GENROU_2,2
412,2,1.525,0.005,0.001,NEXT_STEP,1,0.0360523603975331,0.016967493787308,1.0315661169343395,-0.034445081258507,,,,,,,,Line_3,2,3,1.0,1.0315661169343395,-0.034445081258507,1.0117455293553017,-0.0644532250176177,1.7193399884188807,Line_3,2,3,1.0,11.565255382445326,63.27561426884348,51.71035888639816,GENROU_4,6,GENROU_1,1,0.9998426240196896,1.000273327080331,0.000273327080331,GENROU_2,2,GENROU_3,3,1.471023332510984,1.998021636405323,GENROU_5,8,GENROU_2,2
414,2,1.53,0.005,0.001,NEXT_STEP,1,0.0360528571379904,0.0169671958543404,1.0315956664616044,-0.034479174913909,,,,,,,,Line_3,2,3,1.0,1.0315956664616044,-0.034479174913909,1.011787519658123,-0.064427746427667,1.7159267501840532,Line_3,2,3,1.0,11.564072265949124,63.26149814108209,51.69742587513296,GENROU_4,6,GENROU_1,1,0.9998436816418326,1.0002691690026453,0.0002691690026452,GENROU_2,2,GENROU_3,3,1.470878169559091,1.996492556003393,GENROU_5,8,GENROU_2,2
416,2,1.535,0.005,0.001,NEXT_STEP,1,0.0360533376402239,0.0169669073628438,1.0316237340654986,-0.0345128260056414,,,,,,,,Line_3,2,3,1.0,1.0316237340654986,-0.0345128260056414,1.0118278760275492,-0.0644039290429113,1.712634049026235,Line_3,2,3,1.0,11.562897846304086,63.2478266497338,51.68492880342971,GENROU_4,6,GENROU_1,1,0.9998448844993442,1.000264735468401,0.0002647354684008,GENROU_2,2,GENROU_3,3,1.4707368417383029,1.995013043414901,GENROU_5,8,GENROU_2,2
418,2,1.54,0.005,0.001,NEXT_STEP,1,0.0360537784188361,0.0169666321026471,1.03165032794083,-0.0345460138497964,,,,,,,,Line_3,2,3,1.0,1.03165032794083,-0.0345460138497964,1.0118665959194797,-0.0643817810178701,1.7094635372656055,Line_3,2,3,1.0,11.56173182146192,63.23460993144427,51.67287810998235,GENROU_4,6,GENROU_1,1,0.99984622953533,1.0002600371233532,0.0002600371233532,GENROU_2,2,GENROU_3,3,1.4705993325124669,1.9935828512323663,GENROU_5,8,GENROU_2,2
420,2,1.545,0.005,0.001,NEXT_STEP,1,0.036054186688835,0.0169663757030327,1.031675456042802,-0.0345787218386404,,,,,,,,Line_3,2,3,1.0,1.031675456042802,-0.0345787218386404,1.0119036771663716,-0.0643613109283937,1.7064166578152251,Line_3,2,3,1.0,11.560573891147255,63.2218571905854,51.66128329943815,GENROU_4,6,GENROU_1,1,0.9998477135834922,1.0002550847351304,0.0002550847351303,GENROU_2,2,GENROU_3,3,1.4704656271597254,1.9922017494071431,GENROU_5,8,GENROU_2,2
422,2,1.55,0.005,0.001,NEXT_STEP,1,0.0360545859304175,0.0169661343698856,1.0316991274583651,-0.0346109363331242,,,,,,,,Line_3,2,3,1.0,1.0316991274583651,-0.0346109363331242,1.0119391189470484,-0.0643425269261279,1.7034946591899711,Line_3,2,3,1.0,11.559423757546917,63.20957670426104,51.65015294671412,GENROU_4,6,GENROU_1,1,0.9998493333700064,1.0002498891769538,0.0002498891769537,GENROU_2,2,GENROU_3,3,1.470335713086527,1.9908695216143588,GENROU_5,8,GENROU_2,2
424,2,1.5550000000000002,0.005,0.001,NEXT_STEP,1,0.0360549689255637,0.0169659024729322,1.031721352227554,-0.0346426428673995,,,,,,,,Line_3,2,3,1.0,1.031721352227554,-0.0346426428673995,1.0119729215127828,-0.0643254342171426,1.700698668507698,Line_3,2,3,1.0,11.558281125946875,63.19777582873314,51.639494702786266,GENROU_4,6,GENROU_1,1,0.9998510855210366,1.0002444614151138,0.0002444614151138,GENROU_2,2,GENROU_3,3,1.4702095791616483,1.989585961712061,GENROU_5,8,GENROU_2,2
426,2,1.56,0.005,0.001,NEXT_STEP,1,0.0360553121847052,0.0169656837997592,1.0317421403188411,-0.0346738267949387,,,,,,,,Line_3,2,3,1.0,1.0317421403188411,-0.0346738267949387,1.0120050855078078,-0.0643100355696012,1.69802968355674,Line_3,2,3,1.0,11.557145705457346,63.186461007711486,51.62931530225414,GENROU_4,6,GENROU_1,1,0.9998529665690534,1.0002388124956891,0.0002388124956891,GENROU_2,2,GENROU_3,3,1.4700872150650772,1.988350870124555,GENROU_5,8,GENROU_2,2
428,2,1.565,0.005,0.001,NEXT_STEP,1,0.0360556464118096,0.016965480190289,1.0317615017110982,-0.0347044795865981,,,,,,,,Line_3,2,3,1.0,1.0317615017110982,-0.0347044795865981,1.0120356123285794,-0.0642963355866749,1.695488456763286,Line_3,2,3,1.0,11.556017209565836,63.17563778169363,51.61962057212779,GENROU_4,6,GENROU_1,1,0.9998549729515718,1.0002329535263217,0.0002329535263214,GENROU_2,2,GENROU_3,3,1.4699686110997034,1.9871640505587076,GENROU_5,8,GENROU_2,2
430,2,1.57,0.005,0.001,NEXT_STEP,1,0.0360559643848764,0.0169652860113997,1.0317794481292275,-0.0347345910880011,,,,,,,,Line_3,2,3,1.0,1.0317794481292275,-0.0347345910880011,1.012064505037516,-0.0642843353515016,1.693075631989501,Line_3,2,3,1.0,11.554895356507734,63.16531079824401,51.61041544173627,GENROU_4,6,GENROU_1,1,0.9998571010190324,1.000226895664166,0.000226895664166,GENROU_2,2,GENROU_3,3,1.4698537584869746,1.9860253071171807,GENROU_5,8,GENROU_2,2
432,2,1.5750000000000002,0.005,0.001,NEXT_STEP,1,0.0360562191355544,0.0169651088490234,1.031795991136092,-0.0347641490010547,,,,,,,,Line_3,2,3,1.0,1.031795991136092,-0.0347641490010547,1.0120917669834386,-0.0642740322389324,1.690791763454257,Line_3,2,3,1.0,11.553779869841929,63.15548382424718,51.60170395440525,GENROU_4,6,GENROU_1,1,0.9998593470443032,1.0002206501050603,0.0002206501050603,GENROU_2,2,GENROU_3,3,1.4697426484246614,1.984934441416991,GENROU_5,8,GENROU_2,2
434,2,1.58,0.005,0.001,NEXT_STEP,1,0.0360564955504983,0.0169649485817042,1.0318111420266702,-0.034793153648272,,,,,,,,Line_3,2,3,1.0,1.0318111420266702,-0.034793153648272,1.0121174024103363,-0.0642654299470555,1.688637044563734,Line_3,2,3,1.0,11.5526704787262,63.14615975876394,51.593489280037744,GENROU_4,6,GENROU_1,1,0.9998617072128336,1.000214228059854,0.000214228059854,GENROU_2,2,GENROU_3,3,1.469635271844476,1.9838912500488284,GENROU_5,8,GENROU_2,2
436,2,1.585,0.02,0.001,NEXT_STEP,1,0.0360567250083881,0.0169647959094833,1.0318249155445174,-0.0348215938551469,,,,,,,,Line_3,2,3,1.0,1.0318249155445174,-0.0348215938551469,1.0121414180453343,-0.0642585219045994,1.686611739063892,Line_3,2,3,1.0,11.551566918037215,63.13734064676366,51.58577372872645,GENROU_4,6,GENROU_1,1,0.999864177643074,1.0002076407511875,0.0002076407511875,GENROU_2,2,GENROU_3,3,1.4695316205490605,1.9828955224706892,GENROU_5,8,GENROU_2,2
438,2,1.605,0.02,0.001,NEXT_STEP,0,0.0360569474385243,0.0169646599465539,1.0318664916079248,-0.0349296262390142,,,,,,,,Line_3,2,3,1.0,1.0318664916079248,-0.0349296262390142,1.0122214200724282,-0.064247723662145,1.6798032456987642,Line_3,2,3,1.0,11.54720589427429,63.107125635891805,51.55991974161751,GENROU_4,6,GENROU_1,1,0.9998750820588084,1.0001798630841423,0.0001798630841423,GENROU_2,2,GENROU_3,3,1.4691542140484983,1.9793827188652209,GENROU_5,8,GENROU_2,2
440,2,1.61,0.02,0.001,NEXT_STEP,1,0.0360578137274332,0.0169644296696418,1.0318735950911582,-0.0349552781381128,,,,,,,,Line_3,2,3,1.0,1.0318735950911582,-0.0349552781381128,1.0122374617452885,-0.0642492485424751,1.6784208693511005,Line_3,2,3,1.0,11.546127728513024,63.10083321405206,51.55470548553903,GENROU_4,6,GENROU_1,1,0.9998780432715952,1.000172617071347,0.0001726170713469,GENROU_2,2,GENROU_3,3,1.469068993493447,1.9786207968181868,GENROU_5,8,GENROU_2,2
442,2,1.63,0.02,0.001,NEXT_STEP,0,0.0360577044157536,0.0169641671422534,1.0318893414201875,-0.035051959536314,,,,,,,,Line_3,2,3,1.0,1.0318893414201875,-0.035051959536314,1.012286139778385,-0.0642715638196422,1.674160004477102,Line_3,2,3,1.0,11.541856583452583,63.08062763444058,51.538771050988,GENROU_4,6,GENROU_1,1,0.9998907021315792,1.0001427565453695,0.0001427565453695,GENROU_2,2,GENROU_3,3,1.4687647008150082,1.9760292214529984,GENROU_5,8,GENROU_2,2
444,2,1.635,0.02,0.001,NEXT_STEP,1,0.0360579991389324,0.0169640657103422,1.0318902036601811,-0.0350747683381051,,,,,,,,Line_3,2,3,1.0,1.0318902036601811,-0.0350747683381051,1.0122945121344693,-0.0642811916993639,1.6734047932724252,Line_3,2,3,1.0,11.540798118302945,63.0767948174693,51.535996699166354,GENROU_4,6,GENROU_1,1,0.9998940487508284,1.000135125945934,0.0001351259459341,GENROU_2,2,GENROU_3,3,1.4686976089847328,1.9754936272919996,GENROU_5,8,GENROU_2,2
446,2,1.655,0.02,0.001,NEXT_STEP,0,0.0360579103622514,0.0169639738635193,1.0318823896125375,-0.0351607612943572,,,,,,,,Line_3,2,3,1.0,1.0318823896125375,-0.0351607612943572,1.0123138878014128,-0.0643347794100433,1.671548109467011,Line_3,2,3,1.0,11.53659471391938,63.066001822975686,51.52940710905631,GENROU_4,6,GENROU_1,1,0.9999080154602136,1.0001042581677104,0.0001042581677104,GENROU_2,2,GENROU_3,3,1.468463730510252,1.9737741947704333,GENROU_5,8,GENROU_2,2
448,2,1.66,0.02,0.001,NEXT_STEP,1,0.0360577183200998,0.0169640013962504,1.031877608274418,-0.0351809435277846,,,,,,,,Line_3,2,3,1.0,1.031877608274418,-0.0351809435277846,1.0123151468506233,-0.0643519859130595,1.6713776126734956,Line_3,2,3,1.0,11.535550864224383,63.064444104885176,51.52889324066079,GENROU_4,6,GENROU_1,1,0.9999116363521194,1.0000965004889428,9.650048894283005e-05,GENROU_2,2,GENROU_3,3,1.468413944038326,1.9734519207300327,GENROU_5,8,GENROU_2,2
450,2,1.6800000000000002,0.02,0.001,NEXT_STEP,0,0.0360576757640184,0.0169640560520765,1.031847978645781,-0.0352568920035705,,,,,,,,Line_3,2,3,1.0,1.031847978645781,-0.0352568920035705,1.012306655686424,-0.0644353519481063,1.6718026075134276,Line_3,2,3,1.0,11.531398085596068,63.06247681110072,51.531078725504656,GENROU_4,6,GENROU_1,1,0.9999265014617092,1.0000655970543997,7.349853829075048e-05,GENROU_2,2,GENROU_3,3,1.4682485415898368,1.9725742286504695,GENROU_5,8,GENROU_2,2
452,2,1.685,0.02,0.001,NEXT_STEP,1,0.0360570056366207,0.0169641971845154,1.0318380360878954,-0.0352746569121611,,,,,,,,Line_3,2,3,1.0,1.0318380360878954,-0.0352746569121611,1.012301228409264,-0.0644596953651465,1.6721795282830954,Line_3,2,3,1.0,11.530364790217424,63.06301338983848,51.53264859962105,GENROU_4,6,GENROU_1,1,0.9999302923162866,1.0000579498507065,6.970768371339364e-05,GENROU_2,2,GENROU_3,3,1.4682155780982944,1.9724560053260232,GENROU_5,8,GENROU_2,2
454,2,1.705,0.02,0.001,NEXT_STEP,0,0.0360569787053968,0.0169643965991768,1.0317890469731836,-0.0353417313458611,,,,,,,,Line_3,2,3,1.0,1.0317890469731836,-0.0353417313458611,1.0122673076477622,-0.0645703823556579,1.6746783437221495,Line_3,2,3,1.0,11.526246356929382,63.06889463833179,51.54264828140241,GENROU_4,6,GENROU_1,1,0.9999456209923387,1.000027932464627,5.437900766125381e-05,GENROU_2,2,GENROU_3,3,1.468115632326641,1.97236435189088,GENROU_5,8,GENROU_2,2
456,2,1.71,0.02,0.001,NEXT_STEP,1,0.036055908143706,0.0169646455352144,1.0317746013989897,-0.0353574166351301,,,,,,,,Line_3,2,3,1.0,1.0317746013989897,-0.0353574166351301,1.0122558738639902,-0.0646011717679035,1.6755437462219618,Line_3,2,3,1.0,11.525219730600847,63.07125002961304,51.54603029901219,GENROU_4,6,GENROU_1,1,0.9999494737180408,1.0000235854514383,5.0526281959228925e-05,GENROU_2,2,GENROU_1,1,1.4680985558842623,1.972434529165664,GENROU_5,8,GENROU_2,2
458,2,1.73,0.02,0.001,NEXT_STEP,0,0.0360559225065161,0.0169649655407506,1.0317089960270784,-0.0354170370409561,,,,,,,,Line_3,2,3,1.0,1.0317089960270784,-0.0354170370409561,1.0121994326706,-0.0647361637122941,1.6798622172771047,Line_3,2,3,1.0,11.521120756621636,63.08379305958462,51.56267230296299,GENROU_4,6,GENROU_1,1,0.999964841907518,1.0000346911826312,3.515809248211266e-05,GENROU_2,2,GENROU_1,1,1.46805975201891,1.973061477865723,GENROU_5,8,GENROU_2,2
460,2,1.735,0.02,0.001,NEXT_STEP,1,0.0360544837767723,0.0169653031828163,1.031690757363513,-0.035431017848136,,,,,,,,Line_3,2,3,1.0,1.031690757363513,-0.035431017848136,1.0121827634966885,-0.0647725908652792,1.6811482981572397,Line_3,2,3,1.0,11.520097211689151,63.087652408504496,51.56755519681534,GENROU_4,6,GENROU_1,1,0.9999686531220048,1.000037156518529,3.715651852931323e-05,GENROU_2,2,GENROU_1,1,1.4680573492605042,1.973301950860555,GENROU_5,8,GENROU_2,2
462,2,1.755,0.02,0.001,NEXT_STEP,0,0.0360545251980719,0.0169657327044763,1.031611443186226,-0.0354847142140868,,,,,,,,Line_3,2,3,1.0,1.031611443186226,-0.0354847142140868,1.0121070278192237,-0.0649284544734435,1.6870020499405598,Line_3,2,3,1.0,11.51600369973658,63.10554538204979,51.58954168231321,GENROU_4,6,GENROU_1,1,0.99995957835347,1.0000457546448351,4.575464483513869e-05,GENROU_3,3,GENROU_1,1,1.4680743821913729,1.9745703000441013,GENROU_5,8,GENROU_2,2
464,2,1.76,0.02,0.001,NEXT_STEP,1,0.0360527886346233,0.0169661475392315,1.0315901522735265,-0.0354973851457268,,,,,,,,Line_3,2,3,1.0,1.0315901522735265,-0.0354973851457268,1.0120859615187925,-0.0649696215338988,1.688634757854146,Line_3,2,3,1.0,11.51497980599426,63.11057066297985,51.5955908569856,GENROU_4,6,GENROU_1,1,0.999953452075574,1.0000475819672534,4.758196725340724e-05,GENROU_3,3,GENROU_1,1,1.468085215452014,1.9749606304164835,GENROU_5,8,GENROU_2,2
466,2,1.78,0.02,0.001,NEXT_STEP,0,0.0360528592758966,0.0169666661902442,1.031500134444547,-0.0355467110964218,,,,,,,,Line_3,2,3,1.0,1.031500134444547,-0.0355467110964218,1.011994388558628,-0.0651426101538496,1.6957201068858296,Line_3,2,3,1.0,11.510878211550466,63.13244010721555,51.62156189566508,GENROU_4,6,GENROU_1,1,0.999930490962221,1.0000536168034684,6.950903777902528e-05,GENROU_3,3,GENROU_1,1,1.4681521839925256,1.9767847501366116,GENROU_5,8,GENROU_2,2
468,2,1.785,0.02,0.001,NEXT_STEP,1,0.0360509113364664,0.0169671371765703,1.0314765353347384,-0.0355584513459786,,,,,,,,Line_3,2,3,1.0,1.0314765353347384,-0.0355584513459786,1.0119697797279228,-0.0651876019418246,1.6976252796995084,Line_3,2,3,1.0,11.509850520895494,63.13829546798256,51.62844494708706,GENROU_4,6,GENROU_1,1,0.9999251765294476,1.000054795705987,7.482347055243199e-05,GENROU_3,3,GENROU_1,1,1.4681753041540877,1.9773044864322131,GENROU_5,8,GENROU_2,2
470,2,1.805,0.02,0.001,NEXT_STEP,0,0.0360510062553449,0.0169677190300024,1.0313787968679526,-0.0356048751275022,,,,,,,,Line_3,2,3,1.0,1.0313787968679526,-0.0356048751275022,1.0118658444737345,-0.065373913030453,1.7056402320040718,Line_3,2,3,1.0,11.505726810333671,63.16278832152277,51.6570615111891,GENROU_4,6,GENROU_1,1,0.999905668716596,1.0000582706565393,9.433128340408103e-05,GENROU_3,3,GENROU_1,1,1.4682865439670911,1.9795991207071568,GENROU_5,8,GENROU_2,2
472,2,1.81,0.02,0.001,NEXT_STEP,1,0.0360488862773584,0.0169682325901138,1.031353669035145,-0.0356160696814844,,,,,,,,Line_3,2,3,1.0,1.031353669035145,-0.0356160696814844,1.0118386487396045,-0.0654216415117354,1.7077334718474049,Line_3,2,3,1.0,11.504691981025278,63.16911314474842,51.66442116372315,GENROU_4,6,GENROU_1,1,0.9999012434556872,1.000058836767958,9.875654431279468e-05,GENROU_3,3,GENROU_1,1,1.468319019887636,1.9802219002228565,GENROU_5,8,GENROU_2,2
474,2,1.83,0.02,0.001,NEXT_STEP,0,0.0360489912358065,0.016968866560941,1.031251280527646,-0.0356610247877897,,,,,,,,Line_3,2,3,1.0,1.031251280527646,-0.0356610247877897,1.0117261667366582,-0.0656168952352931,1.7163449482825968,Line_3,2,3,1.0,11.500533214029044,63.19483525693059,51.69430204290154,GENROU_4,6,GENROU_1,1,0.9998854120655944,1.000059945183145,0.0001145879344056,GENROU_3,3,GENROU_1,1,1.4684649713507845,1.9828807705869225,GENROU_5,8,GENROU_2,2
476,2,1.835,0.02,0.001,NEXT_STEP,1,0.0360467695067034,0.0169694111765497,1.0312253483502232,-0.0356719988239805,,,,,,,,Line_3,2,3,1.0,1.0312253483502232,-0.0356719988239805,1.0116972792073304,-0.0656663440801171,1.7185493924348805,Line_3,2,3,1.0,11.499488021293804,63.20131023232629,51.701822211032486,GENROU_4,6,GENROU_1,1,0.9998819291928563,1.0000599446047174,0.0001180708071435,GENROU_3,3,GENROU_1,1,1.4685053156587464,1.9835826497360975,GENROU_5,8,GENROU_2,2
478,2,1.855,0.02,0.001,NEXT_STEP,0,0.0360468866478201,0.0169700768474644,1.0311211258619362,-0.0357166669473035,,,,,,,,Line_3,2,3,1.0,1.0311211258619362,-0.0357166669473035,1.0115797760748162,-0.0658664822074054,1.727457167502962,Line_3,2,3,1.0,11.495281637682368,63.227039966232994,51.73175832855063,GENROU_4,6,GENROU_1,1,0.9998699214749124,1.0000589061488303,0.0001300785250875,GENROU_3,3,GENROU_1,1,1.468679088649263,1.9865102139162605,GENROU_5,8,GENROU_2,2
480,2,1.86,0.02,0.001,NEXT_STEP,1,0.0360446495330635,0.0169706314479526,1.0310950701175157,-0.0357276975155173,,,,,,,,Line_3,2,3,1.0,1.0310950701175157,-0.0357276975155173,1.0115500605923184,-0.0659166524573156,1.7296997060756496,Line_3,2,3,1.0,11.49422305311764,63.233375399866254,51.73915234674861,GENROU_4,6,GENROU_1,1,0.9998674017795748,1.0000584017684702,0.0001325982204253,GENROU_3,3,GENROU_1,1,1.4687254624945705,1.9872673931518103,GENROU_5,8,GENROU_2,2
482,2,1.88,0.02,0.001,NEXT_STEP,0,0.0360447739138923,0.0169713028661182,1.0309916248197348,-0.0357730481750702,,,,,,,,Line_3,2,3,1.0,1.0309916248197348,-0.0357730481750702,1.0114308928268376,-0.0661177331738306,1.7386223810829051,Line_3,2,3,1.0,11.48995757342666,63.25802635448685,51.768068781060194,GENROU_4,6,GENROU_1,1,0.999859239653098,1.0000572675884327,0.0001407603469021,GENROU_3,3,GENROU_2,2,1.4689195933681074,1.9903693580425852,GENROU_5,8,GENROU_2,2
484,2,1.885,0.02,0.001,NEXT_STEP,1,0.0360425606592776,0.0169718538404685,1.0309660675216024,-0.0357843525205384,,,,,,,,Line_3,2,3,1.0,1.0309660675216024,-0.0357843525205384,1.011401160016323,-0.0661676646124152,1.7408355504933295,Line_3,2,3,1.0,11.48888292161048,63.26397009755567,51.77508717594519,GENROU_4,6,GENROU_1,1,0.9998576738409848,1.0000591822910685,0.0001423261590152,GENROU_3,3,GENROU_2,2,1.4689701249305225,1.9911586158265984,GENROU_5,8,GENROU_2,2
486,2,1.905,0.02,0.001,NEXT_STEP,0,0.0360426780394745,0.0169725198908186,1.0308657477913952,-0.0358311240153062,,,,,,,,Line_3,2,3,1.0,1.0308657477913952,-0.0358311240153062,1.0112834321323618,-0.0663659578688443,1.7495171079409315,Line_3,2,3,1.0,11.48454865374111,63.286618243981856,51.80206959024075,GENROU_4,6,GENROU_1,1,0.99985326469402,1.000065907380866,0.0001467353059799,GENROU_3,3,GENROU_2,2,1.4691772236988228,1.994344277899489,GENROU_5,8,GENROU_2,2
488,2,1.91,0.02,0.001,NEXT_STEP,1,0.0360405353459513,0.0169730594692606,1.0308412388224937,-0.0358428618481554,,,,,,,,Line_3,2,3,1.0,1.0308412388224937,-0.0358428618481554,1.0112544203951774,-0.0664147553916821,1.751640471767331,Line_3,2,3,1.0,11.483455805109775,63.29196132885227,51.80850552374249,GENROU_4,6,GENROU_1,1,0.9998526164077006,1.0000673526932995,0.0001473835922993,GENROU_3,3,GENROU_2,2,1.469230096144285,1.9951436072029367,GENROU_5,8,GENROU_2,2
490,2,1.93,0.02,0.001,NEXT_STEP,0,0.0360406549739244,0.0169737052536449,1.03074608507972,-0.0358915613617711,,,,,,,,Line_3,2,3,1.0,1.03074608507972,-0.0358915613617711,1.011140916339414,-0.0666068324098532,1.7598553976554854,Line_3,2,3,1.0,11.479045656289484,63.31186298679255,51.83281733050306,GENROU_4,6,GENROU_1,1,0.9998517662730672,1.0000721810866886,0.0001482337269328,GENROU_3,3,GENROU_2,2,1.4694430978834088,1.998328284732212,GENROU_5,8,GENROU_2,2
492,2,1.935,0.02,0.001,NEXT_STEP,1,0.0360386222890927,0.0169742200111202,1.0307230930883495,-0.0359038335408215,,,,,,,,Line_3,2,3,1.0,1.0307230930883495,-0.0359038335408215,1.0111132767006303,-0.0666536847430561,1.7618366945433197,Line_3,2,3,1.0,11.477933236555566,63.31644299395061,51.838509757395045,GENROU_4,6,GENROU_1,1,0.99985197563339,1.0000731501463442,0.0001480243666101,GENROU_3,3,GENROU_2,2,1.4694966001122554,1.9991174521369384,GENROU_5,8,GENROU_2,2
494,2,1.955,0.02,0.001,NEXT_STEP,0,0.0360387534074005,0.0169748306224494,1.0306348018236955,-0.035954740918525,,,,,,,,Line_3,2,3,1.0,1.0306348018236955,-0.035954740918525,1.011006402717347,-0.0668364888955834,1.7693938230721074,Line_3,2,3,1.0,11.473443552059232,63.33304393227269,51.85960038021346,GENROU_4,6,GENROU_1,1,0.999854404162872,1.0000760810768814,0.000145595837128,GENROU_3,3,GENROU_2,2,1.4697089472531746,2.0022244915561065,GENROU_5,8,GENROU_2,2
496,2,1.96,0.02,0.001,NEXT_STEP,1,0.0360368701563585,0.0169753071233671,1.030613706066356,-0.035967593343275,,,,,,,,Line_3,2,3,1.0,1.030613706066356,-0.035967593343275,1.0109806859862012,-0.0668806858059842,1.7711897298109136,Line_3,2,3,1.0,11.47231114781886,63.3367462042051,51.86443505638624,GENROU_4,6,GENROU_1,1,0.9998553916795758,1.0000765801933682,0.0001446083204241,GENROU_3,3,GENROU_2,2,1.4697615153904389,2.00298548350228,GENROU_5,8,GENROU_2,2
498,2,1.98,0.02,0.001,NEXT_STEP,0,0.0360369985469192,0.0169758714463033,1.0305336064230384,-0.0360207747985281,,,,,,,,Line_3,2,3,1.0,1.0305336064230384,-0.0360207747985281,1.0108824287219411,-0.0670515890822,1.77793469330868,Line_3,2,3,1.0,11.467742497503448,63.3496824769818,51.88193997947835,GENROU_4,6,GENROU_1,1,0.999860748275804,1.0000776637363202,0.000139251724196,GENROU_3,3,GENROU_2,2,1.4699673093025023,2.0059478486661484,GENROU_5,8,GENROU_2,2
500,2,1.985,0.02,0.001,NEXT_STEP,1,0.0360352878847532,0.0169763056717052,1.0305146918589334,-0.0360342016436174,,,,,,,,Line_3,2,3,1.0,1.0305146918589334,-0.0360342016436174,1.010859076458438,-0.0670925327353427,1.779511290275792,Line_3,2,3,1.0,11.466590841013431,63.35243936569573,51.885848524682295,GENROU_4,6,GENROU_1,1,0.99986241897272,1.0000777114070738,0.0001375810272798,GENROU_3,3,GENROU_2,2,1.4700175608753123,2.00666522184068,GENROU_5,8,GENROU_2,2
502,2,2.005,0.02,0.001,NEXT_STEP,0,0.0360354064361739,0.0169768181357941,1.030443734671859,-0.0360895347557674,,,,,,,,Line_3,2,3,1.0,1.030443734671859,-0.0360895347557674,1.010770976860717,-0.0672493787816167,1.7853275529670896,Line_3,2,3,1.0,11.461948690502656,63.36153074416023,51.89958205365757,GENROU_4,6,GENROU_1,1,0.9998702994716024,1.0000770439593931,0.0001297005283976,GENROU_3,3,GENROU_2,2,1.4702116855225644,2.009426711266705,GENROU_5,8,GENROU_2,2
504,2,2.01,0.02,0.001,NEXT_STEP,1,0.0360338916408874,0.0169772061696908,1.0304271917852532,-0.0361034862359736,,,,,,,,Line_3,2,3,1.0,1.0304271917852532,-0.0361034862359736,1.010750317609598,-0.0672865928996518,1.786660403935031,Line_3,2,3,1.0,11.460779807210736,63.36331913206149,51.90253932485075,GENROU_4,6,GENROU_1,1,0.9998725470758006,1.000076669605385,0.0001274529241993,GENROU_3,3,GENROU_2,2,1.470258446823449,2.0100878496166037,GENROU_5,8,GENROU_2,2
506,2,2.03,0.02,0.001,NEXT_STEP,0,0.0360339932463823,0.0169776612067911,1.030365953664728,-0.0361606870579187,,,,,,,,Line_3,2,3,1.0,1.030365953664728,-0.0361606870579187,1.0106734626044958,-0.0674277214194756,1.7914691068077389,Line_3,2,3,1.0,11.456075010683342,63.36855617687789,51.91248116619455,GENROU_4,6,GENROU_1,1,0.999882510425862,1.0000743883636498,0.0001174895741379,GENROU_3,3,GENROU_2,2,1.4704366600172505,2.0126039145193126,GENROU_5,8,GENROU_2,2
508,2,2.035,0.02,0.001,NEXT_STEP,1,0.0360326975934771,0.0169779991321756,1.030351880973979,-0.0361750767715492,,,,,,,,Line_3,2,3,1.0,1.030351880973979,-0.0361750767715492,1.0106557117655268,-0.0674608554063712,1.79254307455588,Line_3,2,3,1.0,11.454892315891382,63.36939355154252,51.91450123565113,GENROU_4,6,GENROU_1,1,0.9998852214928344,1.0000736308427192,0.0001147785071655,GENROU_3,3,GENROU_2,2,1.4704789845158717,2.013199178620253,GENROU_5,8,GENROU_2,2
510,2,2.055,0.02,0.001,NEXT_STEP,0,0.036032798619772,0.0169783873928446,1.0303005806921317,-0.036233733160813,,,,,,,,Line_3,2,3,1.0,1.0303005806921317,-0.036233733160813,1.010590741891695,-0.0675851125762114,1.7963017224156488,Line_3,2,3,1.0,11.45014138409507,63.370919504609766,51.9207781205147,GENROU_4,6,GENROU_1,1,0.9998968059299266,1.0000699074854829,0.0001031940700734,GENROU_3,3,GENROU_2,2,1.4706379740196318,2.0154372974424506,GENROU_5,8,GENROU_2,2
512,2,2.06,0.02,0.001,NEXT_STEP,1,0.0360317146864566,0.0169786694215341,1.0302889907981267,-0.036248443392645,,,,,,,,Line_3,2,3,1.0,1.0302889907981267,-0.036248443392645,1.0105760057233022,-0.0676139398819051,1.7971105711669964,Line_3,2,3,1.0,11.448949718804126,63.37085889289181,51.92190917408769,GENROU_4,6,GENROU_1,1,0.999899863788428,1.0000688134374447,0.0001001362115721,GENROU_3,3,GENROU_2,2,1.470675152083125,2.015960062886545,GENROU_5,8,GENROU_2,2
514,2,2.08,0.02,0.001,NEXT_STEP,0,0.0360317916745325,0.0169789946838449,1.030247373111007,-0.0363080205732409,,,,,,,,Line_3,2,3,1.0,1.030247373111007,-0.0363080205732409,1.0105229532025748,-0.0677209021402433,1.7998255361335396,Line_3,2,3,1.0,11.44417485697539,63.36899147063236,51.92481661365697,GENROU_4,6,GENROU_1,1,0.9999125914127996,1.0000638621145637,8.740858720035494e-05,GENROU_3,3,GENROU_2,2,1.4708121641088132,2.0179039435084287,GENROU_5,8,GENROU_2,2
516,2,2.085,0.02,0.001,NEXT_STEP,1,0.0360309031635298,0.0169792302232213,1.0302381606279332,-0.0363229098714956,,,,,,,,Line_3,2,3,1.0,1.0302381606279332,-0.0363229098714956,1.0105111844753982,-0.0677453866023265,1.8003752985246422,Line_3,2,3,1.0,11.442980361872792,63.3681265563872,51.92514619451441,GENROU_4,6,GENROU_1,1,0.9999158784019953,1.0000624875927586,8.412159800486041e-05,GENROU_3,3,GENROU_2,2,1.470843730851897,2.018351723246854,GENROU_5,8,GENROU_2,2
518,2,2.105,0.02,0.001,NEXT_STEP,0,0.0360309866812104,0.0169794942400024,1.0302059387997349,-0.0363828702920974,,,,,,,,Line_3,2,3,1.0,1.0302059387997349,-0.0363828702920974,1.0104700199136345,-0.0678347232328403,1.802058431370682,Line_3,2,3,1.0,11.438208113445482,63.36320235838049,51.92499424493501,GENROU_4,6,GENROU_1,1,0.999929312173038,1.000056510701442,7.06878269620681e-05,GENROU_3,3,GENROU_2,2,1.4709585035265542,2.0199893037928582,GENROU_5,8,GENROU_2,2
520,2,2.11,0.02,0.001,NEXT_STEP,1,0.0360303099157895,0.0169796739368501,1.0301990168808772,-0.0363977980461915,,,,,,,,Line_3,2,3,1.0,1.0301990168808772,-0.0363977980461915,1.0104611897562394,-0.0678548052792236,1.8023537505652316,Line_3,2,3,1.0,11.437018127394994,63.36162379984233,51.924605672447335,GENROU_4,6,GENROU_1,1,0.9999327208881053,1.000054907094599,6.727911189474689e-05,GENROU_3,3,GENROU_2,2,1.4709843247368743,2.020359946924722,GENROU_5,8,GENROU_2,2
522,2,2.13,0.02,0.001,NEXT_STEP,0,0.0360303694213219,0.0169798749562889,1.030175599760353,-0.0364575274713519,,,,,,,,Line_3,2,3,1.0,1.030175599760353,-0.0364575274713519,1.0104314749863528,-0.0679266653048719,1.803048782776159,Line_3,2,3,1.0,11.432280675271866,63.35408221937104,51.92180154409917,GENROU_4,6,GENROU_1,1,0.9999464271100128,1.0000481309300566,5.357288998719678e-05,GENROU_3,3,GENROU_2,2,1.4710757308096336,2.0216912809260124,GENROU_5,8,GENROU_2,2
524,2,2.135,0.02,0.001,NEXT_STEP,1,0.0360298879782127,0.0169800081058869,1.0301707790502794,-0.0364723346145223,,,,,,,,Line_3,2,3,1.0,1.0301707790502794,-0.0364723346145223,1.0104254173340963,-0.0679424554360345,1.803105103839414,Line_3,2,3,1.0,11.43110384100891,63.3519121116498,51.92080827064089,GENROU_4,6,GENROU_1,1,0.9999498512216496,1.0000463574252312,5.014877835030074e-05,GENROU_3,3,GENROU_2,2,1.471095668444866,2.021986387537729,GENROU_5,8,GENROU_2,2
526,2,2.155,0.02,0.001,NEXT_STEP,0,0.0360299305922935,0.0169801516879644,1.0301553181823395,-0.0365312026968718,,,,,,,,Line_3,2,3,1.0,1.0301553181823395,-0.0365312026968718,1.0104063523713942,-0.0679974791364544,1.802884836980013,Line_3,2,3,1.0,11.426437728077818,63.34226515905367,51.91582743097585,GENROU_4,6,GENROU_1,1,0.9999634214365086,1.000039020807303,3.902080730289192e-05,GENROU_3,3,GENROU_2,2,1.4711637807692748,2.0230221607291186,GENROU_5,8,GENROU_2,2
528,2,2.16,0.02,0.001,NEXT_STEP,1,0.036029597644692,0.0169802459507192,1.0301523657854958,-0.0365457286243523,,,,,,,,Line_3,2,3,1.0,1.0301523657854958,-0.0365457286243523,1.0104028352817371,-0.0680091811759276,1.802723040115381,Line_3,2,3,1.0,11.425283635419238,63.33963618854453,51.9143525531253,GENROU_4,6,GENROU_1,1,0.9999667635481004,1.0000371372880372,3.71372880372256e-05,GENROU_3,3,GENROU_2,2,1.4711779769379565,2.023245451445089,GENROU_5,8,GENROU_2,2
530,2,2.18,0.02,0.001,NEXT_STEP,0,0.0360296375744261,0.0169803431961604,1.030143862214266,-0.0366031211410025,,,,,,,,Line_3,2,3,1.0,1.030143862214266,-0.0366031211410025,1.0103933845712985,-0.0680483629740463,1.8016796428016448,Line_3,2,3,1.0,11.420728706714064,63.3284256419644,51.907696935250335,GENROU_4,6,GENROU_1,1,0.9999728760131854,1.0000294784107784,2.947841077838298e-05,GENROU_1,1,GENROU_2,2,1.471223743046919,2.024004417606228,GENROU_5,8,GENROU_2,2
532,2,2.185,0.02,0.001,NEXT_STEP,1,0.0360294768152475,0.0169803949779512,1.0301425147008132,-0.0366172181740996,,,,,,,,Line_3,2,3,1.0,1.0301425147008132,-0.0366172181740996,1.0103921253539176,-0.0680562664090677,1.8013247757718889,Line_3,2,3,1.0,11.419607636083173,63.32547482977109,51.90586719368792,GENROU_4,6,GENROU_1,1,0.9999724114764774,1.0000275437553647,2.758852352258145e-05,GENROU_1,1,GENROU_2,2,1.4712325224459402,2.02416149503547,GENROU_5,8,GENROU_2,2
534,2,2.205,0.02,0.001,NEXT_STEP,0,0.036029506999284,0.0169804403685773,1.030139875064083,-0.036672558188228,,,,,,,,Line_3,2,3,1.0,1.030139875064083,-0.036672558188228,1.010391080661312,-0.0680808980791048,1.7995653172596349,Line_3,2,3,1.0,11.415205915755385,63.31324811468085,51.89804219892547,GENROU_4,6,GENROU_1,1,0.9999710478935236,1.0000197936250876,2.8952106476354267e-05,GENROU_1,1,GENROU_2,2,1.4712575313950813,2.0246691970804496,GENROU_5,8,GENROU_2,2
536,2,2.21,0.02,0.001,NEXT_STEP,1,0.036029447883952,0.0169804608998119,1.0301398511028563,-0.0366860826098323,,,,,,,,Line_3,2,3,1.0,1.0301398511028563,-0.0366860826098323,1.01039176013329,-0.0680853540791701,1.799045734978591,Line_3,2,3,1.0,11.414128538406109,63.3101110552612,51.895982516855085,GENROU_4,6,GENROU_1,1,0.999970829660232,1.0000178641527022,2.917033976801431e-05,GENROU_1,1,GENROU_2,2,1.4712613599124962,2.024767150817674,GENROU_5,8,GENROU_2,2
538,2,2.23,0.02,0.001,NEXT_STEP,0,0.0360294661658282,0.0169804748754685,1.0301419327890051,-0.0367388483764678,,,,,,,,Line_3,2,3,1.0,1.0301419327890051,-0.0367388483764678,1.010397796530733,-0.0680969645799921,1.7966877119427522,Line_3,2,3,1.0,11.40992297911313,63.29739948701136,51.88747650789823,GENROU_4,6,GENROU_1,1,0.9999704217900406,1.0000102406942843,2.9578209959413293e-05,GENROU_1,1,GENROU_2,2,1.4712676978333734,2.0250542092375405,GENROU_5,8,GENROU_2,2
540,2,2.235,0.02,0.001,NEXT_STEP,1,0.0360295162982072,0.01698047011951,1.0301429450467248,-0.0367516791074168,,,,,,,,Line_3,2,3,1.0,1.0301429450467248,-0.0367516791074168,1.0104000742122758,-0.0680983805882215,1.7960336965065835,Line_3,2,3,1.0,11.40890003364821,63.29420526310235,51.88530522945414,GENROU_4,6,GENROU_1,1,0.9999704334129388,1.0000119439590651,2.9566587061102823e-05,GENROU_1,1,GENROU_3,3,1.4712671491785851,2.025101181184616,GENROU_5,8,GENROU_2,2
542,2,2.255,0.02,0.001,NEXT_STEP,0,0.0360295227089094,0.0169804527073934,1.0301486085330136,-0.0368014216654198,,,,,,,,Line_3,2,3,1.0,1.0301486085330136,-0.0368014216654198,1.0104118118510956,-0.0680986770278348,1.7932006426095484,Line_3,2,3,1.0,11.404933185338336,63.28150522773385,51.87657204239552,GENROU_4,6,GENROU_1,1,0.9999709006230424,1.000021775571036,2.909937695771969e-05,GENROU_1,1,GENROU_3,3,1.4712572675611335,2.025201577971333,GENROU_5,8,GENROU_2,2
544,2,2.26,0.02,0.001,NEXT_STEP,1,0.036029658609446,0.0169804264348374,1.03015037601834,-0.0368134545470713,,,,,,,,Line_3,2,3,1.0,1.03015037601834,-0.0368134545470713,1.0104153403709473,-0.0680974954490684,1.7924435097990852,Line_3,2,3,1.0,11.403975138302757,63.27837211146717,51.87439697316441,GENROU_4,6,GENROU_1,1,0.99997111851862,1.0000240534821383,2.888148138002755e-05,GENROU_1,1,GENROU_3,3,1.4712529899838982,2.025206337035644,GENROU_5,8,GENROU_2,2
546,2,2.28,0.02,0.001,NEXT_STEP,0,0.0360296368066217,0.0169803869892919,1.0301585235832973,-0.0368598056287395,,,,,,,,Line_3,2,3,1.0,1.0301585235832973,-0.0368598056287395,1.0104313953798074,-0.0680883005001271,1.7892609566764577,Line_3,2,3,1.0,11.400287788153864,63.26612959136239,51.865841803208525,GENROU_4,6,GENROU_1,1,0.9999723549355414,1.0000324147755508,3.241477555082639e-05,GENROU_1,1,GENROU_3,3,1.4712295726549296,2.025155748624446,GENROU_5,8,GENROU_2,2
548,2,2.285,0.02,0.001,NEXT_STEP,1,0.0360298423574426,0.0169803487357052,1.0301607799184802,-0.0368709587404334,,,,,,,,Line_3,2,3,1.0,1.0301607799184802,-0.0368709587404334,1.0104358321998823,-0.0680849859307332,1.7884320196107808,Line_3,2,3,1.0,11.399404496175146,63.263161623268026,51.86375712709288,GENROU_4,6,GENROU_1,1,0.9999727500552636,1.0000343100475282,3.431004752818545e-05,GENROU_1,1,GENROU_3,3,1.4712222564530129,2.0251272896852,GENROU_5,8,GENROU_2,2
550,2,2.305,0.02,0.001,NEXT_STEP,0,0.036029822914951,0.0169802890305225,1.0301703913972704,-0.0369136448918879,,,,,,,,Line_3,2,3,1.0,1.0301703913972704,-0.0369136448918879,1.0104548644403792,-0.0680681844098358,1.7850236270519415,Line_3,2,3,1.0,11.396034335612413,63.251760313900895,51.85572597828848,GENROU_4,6,GENROU_1,1,0.9999746312968614,1.0000410976745913,4.109767459126168e-05,GENROU_1,1,GENROU_3,3,1.4711880965200483,2.024961569903652,GENROU_5,8,GENROU_2,2
552,2,2.31,0.02,0.001,NEXT_STEP,1,0.0360300206401359,0.0169802446159222,1.0301728944299262,-0.036923854220649,,,,,,,,Line_3,2,3,1.0,1.0301728944299262,-0.036923854220649,1.0104598837049306,-0.0680632054952561,1.7841534048102972,Line_3,2,3,1.0,11.395234719110237,63.24904479085312,51.853810071742885,GENROU_4,6,GENROU_1,1,0.999975170828424,1.0000425913192366,4.259131923656234e-05,GENROU_1,1,GENROU_3,3,1.4711784447873966,2.024908757286015,GENROU_5,8,GENROU_2,2
554,2,2.33,0.02,0.001,NEXT_STEP,0,0.0360300248472247,0.0169801812902916,1.030183053123749,-0.0369626933761608,,,,,,,,Line_3,2,3,1.0,1.030183053123749,-0.0369626933761608,1.0104806347741089,-0.0680406845679985,1.7806377310370465,Line_3,2,3,1.0,11.392215088050603,63.23879788302759,51.84658279497698,GENROU_4,6,GENROU_1,1,0.9999775608091634,1.0000477555609562,4.775556095615308e-05,GENROU_1,1,GENROU_3,3,1.471136329976365,2.0246625996917835,GENROU_5,8,GENROU_2,2
556,2,2.335,0.02,0.001,NEXT_STEP,1,0.0360302386006446,0.0169801272498388,1.0301855893858294,-0.0369719269599038,,,,,,,,Line_3,2,3,1.0,1.0301855893858294,-0.0369719269599038,1.010485935785096,-0.068034510205091,1.7797549207230077,Line_3,2,3,1.0,11.391506832208076,63.23640376310222,51.84489693089414,GENROU_4,6,GENROU_1,1,0.999976709608412,1.0000488416166666,4.884161666662834e-05,GENROU_2,2,GENROU_3,3,1.4711250313338398,2.024593857456036,GENROU_5,8,GENROU_2,2
558,2,2.355,0.02,0.001,NEXT_STEP,0,0.0360302359186232,0.0169800585623897,1.0301955066001032,-0.0370068265612087,,,,,,,,Line_3,2,3,1.0,1.0301955066001032,-0.0370068265612087,1.01050726393224,-0.0680081078619046,1.7762425780277056,Line_3,2,3,1.0,11.388865587081902,63.22754931393959,51.83868372685769,GENROU_4,6,GENROU_1,1,0.9999722145843096,1.000052383025121,5.2383025120894544e-05,GENROU_2,2,GENROU_3,3,1.4710776447271248,2.0242996604622925,GENROU_5,8,GENROU_2,2
560,2,2.36,0.02,0.001,NEXT_STEP,1,0.0360304493285894,0.016980004224275,1.0301978950831805,-0.0370150720116397,,,,,,,,Line_3,2,3,1.0,1.0301978950831805,-0.0370150720116397,1.0105125772927486,-0.0680011872352982,1.775373625821686,Line_3,2,3,1.0,11.388254877579932,63.22552649312464,51.83727161554471,GENROU_4,6,GENROU_1,1,0.9999712060503074,1.0000530675778565,5.3067577856502623e-05,GENROU_2,2,GENROU_3,3,1.4710653496830712,2.0242227127400247,GENROU_5,8,GENROU_2,2
562,2,2.38,0.02,0.001,NEXT_STEP,0,0.0360304233967029,0.0169799395132604,1.0302069181601023,-0.037046029913987,,,,,,,,Line_3,2,3,1.0,1.0302069181601023,-0.037046029913987,1.0105334777808688,-0.0679726505522749,1.7719648371760854,Line_3,2,3,1.0,11.386013424626045,63.21822618460396,51.83221275997792,GENROU_4,6,GENROU_1,1,0.999967641178692,1.000055032525453,5.5032525452913816e-05,GENROU_2,2,GENROU_3,3,1.4710151853607911,2.0239096595080204,GENROU_5,8,GENROU_2,2
564,2,2.385,0.02,0.001,NEXT_STEP,1,0.0360306203632584,0.0169798944304298,1.030209013089981,-0.0370532964998032,,,,,,,,Line_3,2,3,1.0,1.030209013089981,-0.0370532964998032,1.0105385707878884,-0.0679654048144449,1.771133342280223,Line_3,2,3,1.0,11.385504730129576,63.21660558758487,51.83110085745529,GENROU_4,6,GENROU_1,1,0.9999668702465228,1.0000553324721326,5.533247213262982e-05,GENROU_2,2,GENROU_3,3,1.471002488371122,2.0238313365963414,GENROU_5,8,GENROU_2,2
566,2,2.405,0.02,0.001,NEXT_STEP,0,0.0360306017402001,0.0169798354543972,1.0302166324696094,-0.0370803987281339,,,,,,,,Line_3,2,3,1.0,1.0302166324696094,-0.0370803987281339,1.0105581928007217,-0.0679363541369302,1.7679160177679023,Line_3,2,3,1.0,11.383677255850584,63.21094655670328,51.82726930085269,GENROU_4,6,GENROU_1,1,0.999964266897427,1.000055807781427,5.580778142699749e-05,GENROU_2,2,GENROU_3,3,1.4709517870062288,2.0235247506880536,GENROU_5,8,GENROU_2,2
568,2,2.41,0.02,0.001,NEXT_STEP,1,0.0360307751749206,0.0169797940882901,1.030218325298616,-0.0370867164987166,,,,,,,,Line_3,2,3,1.0,1.030218325298616,-0.0370867164987166,1.010562873483583,-0.0679291681674876,1.7671423104567907,Line_3,2,3,1.0,11.383273162124464,63.20974094498972,51.82646778286525,GENROU_4,6,GENROU_1,1,0.9999637377012488,1.0000557493943452,5.574939434516146e-05,GENROU_2,2,GENROU_3,3,1.4709392126734089,2.0234508567285987,GENROU_5,8,GENROU_2,2
570,2,2.43,0.02,0.001,NEXT_STEP,0,0.0360307403935695,0.016979744630371,1.030224174323721,-0.0371101185748975,,,,,,,,Line_3,2,3,1.0,1.030224174323721,-0.0371101185748975,1.0105805283726992,-0.0679010580306752,1.764190878058912,Line_3,2,3,1.0,11.381866085798976,63.2057402843181,51.82387419851913,GENROU_4,6,GENROU_1,1,0.999962098248171,1.0000548563327352,5.485633273516477e-05,GENROU_2,2,GENROU_3,3,1.4708899120501906,2.023171770597469,GENROU_5,8,GENROU_2,2
572,2,2.435,0.02,0.001,NEXT_STEP,1,0.0360308740743204,0.0169797164343747,1.0302253900959717,-0.0371155339822739,,,,,,,,Line_3,2,3,1.0,1.0302253900959717,-0.0371155339822739,1.0105846446236324,-0.0678942721860784,1.763491797816073,Line_3,2,3,1.0,11.381567189734772,63.20494568059364,51.82337849085887,GENROU_4,6,GENROU_1,1,0.999961807896207,1.000054473696692,5.447369669209223e-05,GENROU_2,2,GENROU_3,3,1.4708779041663445,2.0231070002349094,GENROU_5,8,GENROU_2,2
574,2,2.455,0.02,0.001,NEXT_STEP,0,0.036030853679665,0.0169796782400681,1.0302292370674673,-0.0371354601844043,,,,,,,,Line_3,2,3,1.0,1.0302292370674673,-0.0371354601844043,1.0105998065108346,-0.067868373179846,1.7608662067815717,Line_3,2,3,1.0,11.380578860886912,63.20255716446464,51.82197830357772,GENROU_4,6,GENROU_1,1,0.9999611076717786,1.000052361507441,5.2361507441034405e-05,GENROU_2,2,GENROU_3,3,1.4708316103870478,2.0228719443894043,GENROU_5,8,GENROU_2,2
576,2,2.46,0.02,0.001,NEXT_STEP,1,0.0360309405268834,0.0169796576837741,1.0302299348332231,-0.0371400350119834,,,,,,,,Line_3,2,3,1.0,1.0302299348332231,-0.0371400350119834,1.0106032476124596,-0.0678622788717727,1.760254910337636,Line_3,2,3,1.0,11.3803837253369,63.20215476798142,51.82177104264452,GENROU_4,6,GENROU_1,1,0.9999610468183814,1.0000516948653388,5.169486533884715e-05,GENROU_2,2,GENROU_3,3,1.470820527941719,2.0228198628684915,GENROU_5,8,GENROU_2,2
578,2,2.48,0.02,0.001,NEXT_STEP,0,0.0360309345067245,0.0169796307419109,1.030231673654082,-0.0371567583632696,,,,,,,,Line_3,2,3,1.0,1.030231673654082,-0.0371567583632696,1.0106155497335216,-0.0678396538456513,1.758000414381485,Line_3,2,3,1.0,11.379804368361558,63.20127729500489,51.82147292664334,GENROU_4,6,GENROU_1,1,0.9999612367299824,1.0000485341005554,4.853410055538632e-05,GENROU_2,2,GENROU_3,3,1.470778501321364,2.022640879729142,GENROU_5,8,GENROU_2,2
580,2,2.485,0.02,0.001,NEXT_STEP,1,0.0360309745335225,0.0169796178374061,1.030231841374872,-0.0371605661830438,,,,,,,,Line_3,2,3,1.0,1.030231841374872,-0.0371605661830438,1.0106182432107222,-0.0678344897688409,1.757486362572962,Line_3,2,3,1.0,11.379709540507884,63.20123576537536,51.82152622486748,GENROU_4,6,GENROU_1,1,0.9999613903038728,1.000047628178368,4.7628178368119833e-05,GENROU_2,2,GENROU_3,3,1.470768616049593,2.022603944850053,GENROU_5,8,GENROU_2,2
582,2,2.505,0.02,0.001,NEXT_STEP,0,0.0360309594152362,0.0169796059265695,1.0302314761880318,-0.0371743951827608,,,,,,,,Line_3,2,3,1.0,1.0302314761880318,-0.0371743951827608,1.01062746774439,-0.0678159822612956,1.7556336171826388,Line_3,2,3,1.0,11.37952145372878,63.20172302633501,51.82220157260623,GENROU_4,6,GENROU_1,1,0.9999624000361278,1.000043604021155,4.3604021155108086e-05,GENROU_2,2,GENROU_3,3,1.4707317728107954,2.022488760192973,GENROU_5,8,GENROU_2,2
584,2,2.51,0.02,0.001,NEXT_STEP,1,0.0360309364023595,0.0169796101292381,1.030231126631857,-0.0371775158089762,,,,,,,,Line_3,2,3,1.0,1.030231126631857,-0.0371775158089762,1.0106293762504834,-0.0678119308718208,1.7552226909529909,Line_3,2,3,1.0,11.379521546215363,63.202001010142176,51.82247946392681,GENROU_4,6,GENROU_1,1,0.9999627480842592,1.0000425063756928,4.250637569280791e-05,GENROU_2,2,GENROU_3,3,1.470723271552627,2.022468387850242,GENROU_5,8,GENROU_2,2
586,2,2.53,0.02,0.001,NEXT_STEP,0,0.0360309427222142,0.0169796149871816,1.030228754467244,-0.0371887883793313,,,,,,,,Line_3,2,3,1.0,1.030228754467244,-0.0371887883793313,1.010635440928019,-0.067798165564597,1.7537881262397548,Line_3,2,3,1.0,11.3796995441595,63.20367187529197,51.82397233113247,GENROU_4,6,GENROU_1,1,0.9999644895374524,1.0000378121222095,3.781212220954622e-05,GENROU_2,2,GENROU_3,3,1.470692199658025,2.0224207510876373,GENROU_5,8,GENROU_2,2
588,2,2.535,0.02,0.001,NEXT_STEP,1,0.0360308965216261,0.0169796231963419,1.0302279230573923,-0.0371913110363821,,,,,,,,Line_3,2,3,1.0,1.0302279230573923,-0.0371913110363821,1.0106365604657093,-0.0677953569391537,1.7534826662534613,Line_3,2,3,1.0,11.379787374006137,63.20422064866138,51.82443327465524,GENROU_4,6,GENROU_1,1,0.9999650081348777,1.0000365715437052,3.6571543705177234e-05,GENROU_2,2,GENROU_3,3,1.470685190372209,2.022417417868831,GENROU_5,8,GENROU_2,2
590,2,2.555,0.02,0.001,NEXT_STEP,0,0.0360308866136449,0.0169796375101574,1.0302237189552867,-0.0372003706808867,,,,,,,,Line_3,2,3,1.0,1.0302237189552867,-0.0372003706808867,1.0106395045337109,-0.0677867337388929,1.7524695138786228,Line_3,2,3,1.0,11.380299451046412,63.206869786021166,51.826570334974754,GENROU_4,6,GENROU_1,1,0.999967379277956,1.000031402442629,3.262072204412991e-05,GENROU_2,2,GENROU_3,3,1.4706601727829367,2.022437549401925,GENROU_5,8,GENROU_2,2
592,2,2.56,0.02,0.001,NEXT_STEP,1,0.0360308007376402,0.0169796589594876,1.030222456309558,-0.0372023808256702,,,,,,,,Line_3,2,3,1.0,1.030222456309558,-0.0372023808256702,1.0106398576827942,-0.0677852402512856,1.7522687705296391,Line_3,2,3,1.0,11.38046623261213,63.20763590174421,51.82716966913208,GENROU_4,6,GENROU_1,1,0.99996804151088,1.000030067479138,3.195848912007637e-05,GENROU_2,2,GENROU_3,3,1.4706546901617656,2.0224509064987988,GENROU_5,8,GENROU_2,2
594,2,2.58,0.02,0.001,NEXT_STEP,0,0.0360307816804901,0.0169796882591367,1.0302166504673709,-0.0372095706466188,,,,,,,,Line_3,2,3,1.0,1.0302166504673709,-0.0372095706466188,1.0106398211453511,-0.0677819457173332,1.7516680612428956,Line_3,2,3,1.0,11.381275229006873,63.211044219095086,51.82976899008821,GENROU_4,6,GENROU_1,1,0.9999709303040056,1.0000246150647014,2.906969599436593e-05,GENROU_2,2,GENROU_3,3,1.4706357385196551,2.0225359867252126,GENROU_5,8,GENROU_2,2
596,2,2.585,0.02,0.001,NEXT_STEP,1,0.0360306797424309,0.0169797192861361,1.0302150202111744,-0.0372111532170846,,,,,,,,Line_3,2,3,1.0,1.0302150202111744,-0.0372111532170846,1.0106394545712136,-0.0677817879743069,1.7515683486247724,Line_3,2,3,1.0,11.381511599476582,63.211972059516256,51.83046046003968,GENROU_4,6,GENROU_1,1,0.999971707251352,1.000023232673577,2.8292748648128807e-05,GENROU_2,2,GENROU_3,3,1.4706317547213228,2.02256500022962,GENROU_5,8,GENROU_2,2
598,2,2.605,0.02,0.001,NEXT_STEP,0,0.0360306678852294,0.0169797542232509,1.0302078861809163,-0.0372167906263343,,,,,,,,Line_3,2,3,1.0,1.0302078861809163,-0.0372167906263343,1.0106366641651128,-0.0677837948874628,1.75136033652106,Line_3,2,3,1.0,11.382580793814354,63.215916583679856,51.8333357898655,GENROU_4,6,GENROU_1,1,0.9999749955983108,1.0000176797254368,2.500440168928808e-05,GENROU_2,2,GENROU_3,3,1.4706186472544862,2.022709759722768,GENROU_5,8,GENROU_2,2
600,2,2.61,0.02,0.001,NEXT_STEP,1,0.0360305190817026,0.0169797928692405,1.0302059606795424,-0.0372180181538524,,,,,,,,Line_3,2,3,1.0,1.0302059606795424,-0.0372180181538524,1.0106356436625987,-0.0677849389255079,1.7513555529266398,Line_3,2,3,1.0,11.382877403495966,63.216950734069485,51.83407333057352,GENROU_4,6,GENROU_1,1,0.999975857325764,1.0000162941104525,2.4142674235894116e-05,GENROU_2,2,GENROU_3,3,1.470616080223852,2.022752851274072,GENROU_5,8,GENROU_2,2
602,2,2.63,0.02,0.001,NEXT_STEP,0,0.0360305214955824,0.0169798389675019,1.0301977933899114,-0.037222390807888,,,,,,,,Line_3,2,3,1.0,1.0301977933899114,-0.037222390807888,1.0106303900487208,-0.0677920298149423,1.7515112963426986,Line_3,2,3,1.0,11.384167279202533,63.22121365456426,51.83704637536172,GENROU_4,6,GENROU_1,1,0.9999794249607252,1.000010810342,2.0575039274772777e-05,GENROU_2,2,GENROU_3,3,1.4706083966761303,2.0229501065876656,GENROU_5,8,GENROU_2,2
604,2,2.635,0.02,0.001,NEXT_STEP,1,0.0360303494398356,0.0169798815698331,1.0301956479207155,-0.0372233335377935,,,,,,,,Line_3,2,3,1.0,1.0301956479207155,-0.0372233335377935,1.0106287949522224,-0.0677944012158013,1.751593153158666,Line_3,2,3,1.0,11.384513741210112,63.222301033421154,51.83778729221104,GENROU_4,6,GENROU_1,1,0.999980341444839,1.0000100961929748,1.965855516095072e-05,GENROU_2,2,GENROU_1,1,1.4706071203786424,2.0230052893440904,GENROU_5,8,GENROU_2,2
606,2,2.655,0.02,0.001,NEXT_STEP,0,0.036030359017412,0.016979933274081,1.0301867499101756,-0.0372266979965928,,,,,,,,Line_3,2,3,1.0,1.0301867499101756,-0.0372266979965928,1.010621415493899,-0.0678061954491843,1.752076143664539,Line_3,2,3,1.0,11.385981053543016,63.22667760500357,51.84069655146055,GENROU_4,6,GENROU_1,1,0.9999840694783764,1.000010121955605,1.593052162351949e-05,GENROU_2,2,GENROU_1,1,1.4706042899214344,2.023246510806379,GENROU_5,8,GENROU_2,2
608,2,2.66,0.02,0.001,NEXT_STEP,1,0.0360301635860721,0.0169799797312198,1.0301844594482992,-0.0372274158487919,,,,,,,,Line_3,2,3,1.0,1.0301844594482992,-0.0372274158487919,1.0106193341764609,-0.0678096808204474,1.7522347108266274,Line_3,2,3,1.0,11.386366183280067,63.22776927349933,51.84140309021926,GENROU_4,6,GENROU_1,1,0.9999850114655204,1.0000100863740973,1.4988534479676296e-05,GENROU_2,2,GENROU_1,1,1.4706041463491757,2.023311533142456,GENROU_5,8,GENROU_2,2
610,2,2.68,0.02,0.001,NEXT_STEP,0,0.0360301568540177,0.0169800408191109,1.0301751246566724,-0.0372299906773674,,,,,,,,Line_3,2,3,1.0,1.0301751246566724,-0.0372299906773674,1.0106101934235705,-0.067825658162081,1.7530026182597285,Line_3,2,3,1.0,11.387965068731871,63.23207436867609,51.844109299944215,GENROU_4,6,GENROU_1,1,0.999988785667256,1.0000097916968569,1.1214332743869626e-05,GENROU_2,2,GENROU_1,1,1.4706054928506316,2.0235874099058293,GENROU_5,8,GENROU_2,2
612,2,2.685,0.02,0.001,NEXT_STEP,1,0.0360299687435812,0.0169800930033839,1.0301727600908908,-0.0372305366089833,,,,,,,,Line_3,2,3,1.0,1.0301727600908908,-0.0372305366089833,1.0106077188111433,-0.0678301146043096,1.7532266740135751,Line_3,2,3,1.0,11.38837717683708,63.2331269900984,51.84474981326132,GENROU_4,6,GENROU_1,1,0.9999897254436982,1.000009682002333,1.027455630175922e-05,GENROU_2,2,GENROU_1,1,1.4706063031284546,2.023659893904009,GENROU_5,8,GENROU_2,2
614,2,2.705,0.02,0.001,NEXT_STEP,0,0.0360299855209448,0.0169801503464828,1.0301632642704868,-0.0372325081636778,,,,,,,,Line_3,2,3,1.0,1.0301632642704868,-0.0372325081636778,1.0105971942048724,-0.0678496484373139,1.7542329184393566,Line_3,2,3,1.0,11.3900603630457,63.23720019033058,51.84713982728488,GENROU_4,6,GENROU_1,1,0.9999924087564316,1.0000091165373886,9.11653738855378e-06,GENROU_3,3,GENROU_1,1,1.4706110886511383,2.023960863728229,GENROU_5,8,GENROU_2,2
616,2,2.71,0.02,0.001,NEXT_STEP,1,0.0360297666966724,0.0169802006410044,1.0301608922775474,-0.0372329193943158,,,,,,,,Line_3,2,3,1.0,1.0301608922775474,-0.0372329193943158,1.0105944213691045,-0.0678549047117654,1.7545105190014283,Line_3,2,3,1.0,11.390487564675396,63.23817711138607,51.84768954671067,GENROU_4,6,GENROU_1,1,0.9999913661211234,1.0000089459095365,8.945909536262064e-06,GENROU_3,3,GENROU_1,1,1.4706126637840553,2.0240384278584367,GENROU_5,8,GENROU_2,2
618,2,2.73,0.02,0.001,NEXT_STEP,0,0.0360297905963079,0.0169802635541088,1.0301514813916592,-0.0372344262520514,,,,,,,,Line_3,2,3,1.0,1.0301514813916592,-0.0372344262520514,1.010582886530424,-0.0678772797525298,1.755706177815085,Line_3,2,3,1.0,11.392207629726837,63.24188630388362,51.84967867415678,GENROU_4,6,GENROU_1,1,0.9999874835290616,1.00000816458291,1.2516470938250812e-05,GENROU_3,3,GENROU_1,1,1.47062012468056,2.0243551182673247,GENROU_5,8,GENROU_2,2
620,2,2.7350000000000003,0.02,0.001,NEXT_STEP,1,0.0360295718866601,0.0169803139403838,1.030149158860585,-0.0372347352812408,,,,,,,,Line_3,2,3,1.0,1.030149158860585,-0.0372347352812408,1.010579907283569,-0.0678831510583444,1.756024872790192,Line_3,2,3,1.0,11.392638156833032,63.24275827157072,51.85012011473769,GENROU_4,6,GENROU_1,1,0.9999865890379592,1.0000079471685983,1.341096204088288e-05,GENROU_3,3,GENROU_1,1,1.4706222733959424,2.024435477673185,GENROU_5,8,GENROU_2,2
622,2,2.755,0.02,0.001,NEXT_STEP,0,0.0360295958148605,0.0169803768796157,1.0301400454116036,-0.0372358767210053,,,,,,,,Line_3,2,3,1.0,1.0301400454116036,-0.0372358767210053,1.010567722307416,-0.0679075971896032,1.7573601332556734,Line_3,2,3,1.0,11.39434867818695,63.246001779536826,51.85165310134988,GENROU_4,6,GENROU_1,1,0.9999833280100702,1.0000070074464704,1.6671989929828435e-05,GENROU_3,3,GENROU_1,1,1.4706316564534967,2.024759084578873,GENROU_5,8,GENROU_2,2
624,2,2.76,0.02,0.001,NEXT_STEP,1,0.0360294005472869,0.0169804234599032,1.0301378206229002,-0.0372361055099724,,,,,,,,Line_3,2,3,1.0,1.0301378206229002,-0.0372361055099724,1.0105646239783084,-0.0679138878616977,1.757707453574767,Line_3,2,3,1.0,11.394771164241558,63.24674729012348,51.85197612588192,GENROU_4,6,GENROU_1,1,0.9999825950749498,1.000006757705542,1.7404925050201747e-05,GENROU_3,3,GENROU_1,1,1.4706341938946668,2.0248401376177947,GENROU_5,8,GENROU_2,2
626,2,2.78,0.02,0.001,NEXT_STEP,0,0.0360294174024668,0.0169804808740765,1.0301291785704374,-0.0372369416248236,,,,,,,,Line_3,2,3,1.0,1.0301291785704374,-0.0372369416248236,1.0105521248508411,-0.067939606328148,1.7591331073057574,Line_3,2,3,1.0,11.396428129925829,63.24945458540444,51.853026455478606,GENROU_4,6,GENROU_1,1,0.999979997794336,1.0000058758779415,2.000220566389377e-05,GENROU_3,3,GENROU_2,2,1.470644783201111,2.025162719648424,GENROU_5,8,GENROU_2,2
628,2,2.785,0.02,0.001,NEXT_STEP,1,0.0360292219850993,0.0169805273285582,1.0301270896864558,-0.0372370984872635,,,,,,,,Line_3,2,3,1.0,1.0301270896864558,-0.0372370984872635,1.010548987381166,-0.067946114021365,1.7594969831056917,Line_3,2,3,1.0,11.396831993739395,63.25005989630182,51.85322790256242,GENROU_4,6,GENROU_1,1,0.9999794341037028,1.0000065813955803,2.056589629717553e-05,GENROU_3,3,GENROU_2,2,1.4706475368496572,2.0252426087386977,GENROU_5,8,GENROU_2,2
630,2,2.805,0.02,0.001,NEXT_STEP,0,0.0360292388584879,0.0169805847595841,1.0301190508218565,-0.037237653316799,,,,,,,,Line_3,2,3,1.0,1.0301190508218565,-0.037237653316799,1.0105364769972758,-0.0679723033748554,1.7609657331381356,Line_3,2,3,1.0,11.398394998014949,63.25219103681918,51.85379603880424,GENROU_4,6,GENROU_1,1,0.9999775203621604,1.0000092119392632,2.247963783974516e-05,GENROU_3,3,GENROU_2,2,1.47065867661939,2.025557296882273,GENROU_5,8,GENROU_2,2
632,2,2.81,0.02,0.001,NEXT_STEP,1,0.0360290668849672,0.0169806274102677,1.0301171258795545,-0.0372377419748444,,,,,,,,Line_3,2,3,1.0,1.0301171258795545,-0.0372377419748444,1.0105333718096268,-0.0679788308262985,1.7613346488249988,Line_3,2,3,1.0,11.398770673375434,63.25264987874141,51.85387920536597,GENROU_4,6,GENROU_1,1,0.9999771281585274,1.000009819017388,2.28718414726492e-05,GENROU_3,3,GENROU_2,2,1.4706614916468133,2.025634454750239,GENROU_5,8,GENROU_2,2
634,2,2.83,0.02,0.001,NEXT_STEP,0,0.0360290766826103,0.0169806793134214,1.0301097830386057,-0.037238006876371,,,,,,,,Line_3,2,3,1.0,1.0301097830386057,-0.037238006876371,1.0105211167440376,-0.068004710479616,1.762802265995873,Line_3,2,3,1.0,11.400203860584506,63.25419381359583,51.85398995301133,GENROU_4,6,GENROU_1,1,0.9999758967305926,1.0000120371558645,2.4103269407382832e-05,GENROU_3,3,GENROU_2,2,1.470672603752222,2.025935599525634,GENROU_5,8,GENROU_2,2
636,2,2.835,0.02,0.001,NEXT_STEP,1,0.036028928019854,0.0169807180510108,1.03010804013596,-0.0372380216889956,,,,,,,,Line_3,2,3,1.0,1.03010804013596,-0.0372380216889956,1.0105181053228136,-0.0680110672689862,1.7631656344971702,Line_3,2,3,1.0,11.400543039802493,63.25450683911131,51.853963799308815,GENROU_4,6,GENROU_1,1,0.9999756732210204,1.000012537162294,2.43267789796775e-05,GENROU_3,3,GENROU_2,2,1.4706753461644415,2.0260087727335483,GENROU_5,8,GENROU_2,2
638,2,2.855,0.02,0.001,NEXT_STEP,0,0.0360289307377224,0.0169807644225415,1.030101446871306,-0.0372379616850759,,,,,,,,Line_3,2,3,1.0,1.030101446871306,-0.0372379616850759,1.010506330846805,-0.0680359000828509,1.7645918878964153,Line_3,2,3,1.0,11.401816008105031,63.25547876466704,51.85366275656201,GENROU_4,6,GENROU_1,1,0.9999751037232524,1.0000143157423844,2.4896276747732315e-05,GENROU_3,3,GENROU_2,2,1.4706859407293906,2.026291997668753,GENROU_5,8,GENROU_2,2
640,2,2.8600000000000003,0.02,0.001,NEXT_STEP,1,0.0360287819232568,0.016980803033161,1.0300998946986193,-0.0372378889786836,,,,,,,,Line_3,2,3,1.0,1.0300998946986193,-0.0372378889786836,1.0105034640203672,-0.0680419076667087,1.764940262865963,Line_3,2,3,1.0,11.402111840731958,63.25565278622591,51.85354094549395,GENROU_4,6,GENROU_1,1,0.99997504159478,1.0000147037362277,2.4958405219988045e-05,GENROU_3,3,GENROU_2,2,1.4706884997264982,2.026360253767542,GENROU_5,8,GENROU_2,2
642,2,2.88,0.02,0.001,NEXT_STEP,0,0.0360288081185503,0.0169808456325013,1.030094068427314,-0.0372374506594265,,,,,,,,Line_3,2,3,1.0,1.030094068427314,-0.0372374506594265,1.0104923525255762,-0.0680650202077565,1.7662896277653315,Line_3,2,3,1.0,11.403200342734143,63.2560907571693,51.85289041443516,GENROU_4,6,GENROU_1,1,0.9999750967119536,1.0000160300894732,2.4903288046274064e-05,GENROU_3,3,GENROU_2,2,1.4706981822889875,2.0266224638433963,GENROU_5,8,GENROU_2,2
644,2,2.885,0.02,0.001,NEXT_STEP,1,0.0360286755150099,0.0169808747805326,1.030092708108309,-0.0372372757399832,,,,,,,,Line_3,2,3,1.0,1.030092708108309,-0.0372372757399832,1.0104896711855045,-0.0680705198797797,1.766614757906808,Line_3,2,3,1.0,11.40344759261445,63.25613782342894,51.852690230814495,GENROU_4,6,GENROU_1,1,0.9999751847225868,1.0000163046597277,2.4815277413270387e-05,GENROU_3,3,GENROU_2,2,1.4707004716663774,2.026685187648167,GENROU_5,8,GENROU_2,2
646,2,2.905,0.02,0.001,NEXT_STEP,0,0.0360286946352776,0.0169809118522255,1.030087636619863,-0.0372363851922308,,,,,,,,Line_3,2,3,1.0,1.030087636619863,-0.0372363851922308,1.010479363565172,-0.068091312230379,1.7678570964699816,Line_3,2,3,1.0,11.404334068907012,63.25609881992209,51.85176475101508,GENROU_4,6,GENROU_1,1,0.9999758127218004,1.000017179810878,2.418727819963884e-05,GENROU_3,3,GENROU_2,2,1.4707089441009016,2.0269245179283395,GENROU_5,8,GENROU_2,2
648,2,2.91,0.02,0.001,NEXT_STEP,1,0.0360285853301742,0.0169809370770601,1.030086460840667,-0.0372360894713627,,,,,,,,Line_3,2,3,1.0,1.030086460840667,-0.0372360894713627,1.0104768971964946,-0.0680961657977348,1.7681521289527211,Line_3,2,3,1.0,11.404529217325669,63.256035184172326,51.85150596684666,GENROU_4,6,GENROU_1,1,0.9999760363594729,1.000017342840224,2.3963640527147057e-05,GENROU_3,3,GENROU_2,2,1.4707109009900663,2.0269813878892893,GENROU_5,8,GENROU_2,2
650,2,2.93,0.02,0.001,NEXT_STEP,0,0.0360285739234225,0.0169809724157349,1.0300821049197892,-0.0372346638644748,,,,,,,,Line_3,2,3,1.0,1.0300821049197892,-0.0372346638644748,1.0104674927198454,-0.0681141275735233,1.7692629441558836,Line_3,2,3,1.0,11.405203102796987,63.255590855107776,51.85038775231079,GENROU_4,6,GENROU_1,1,0.999977173784646,1.0000177803787995,2.2826215354099236e-05,GENROU_3,3,GENROU_2,2,1.470717959597722,2.0271970954168808,GENROU_5,8,GENROU_2,2
652,2,2.935,0.02,0.001,NEXT_STEP,1,0.0360284951372655,0.0169809993663283,1.030081100453594,-0.0372342271437183,,,,,,,,Line_3,2,3,1.0,1.030081100453594,-0.0372342271437183,1.0104652608049145,-0.0681182203407869,1.7695224647027883,Line_3,2,3,1.0,11.405344402918317,63.25543588716643,51.85009148424811,GENROU_4,6,GENROU_1,1,0.9999775159549538,1.0000178367237462,2.2484045046233803e-05,GENROU_3,3,GENROU_2,2,1.4707195443522336,2.027248057637129,GENROU_5,8,GENROU_2,2
654,2,2.955,0.02,0.001,NEXT_STEP,0,0.0360285001269053,0.0169810253993419,1.030077400581903,-0.0372321878022159,,,,,,,,Line_3,2,3,1.0,1.030077400581903,-0.0372321878022159,1.0104568209920974,-0.0681329444895099,1.7704829419425892,Line_3,2,3,1.0,11.405802238911496,63.25466815083402,51.84886591192253,GENROU_4,6,GENROU_1,1,0.9999790903889664,1.0000178613525872,2.0909611033625985e-05,GENROU_3,3,GENROU_2,2,1.470725074846567,2.0274404070224192,GENROU_5,8,GENROU_2,2
656,2,2.96,0.02,0.001,NEXT_STEP,1,0.0360284139465563,0.016981046555193,1.030076551632231,-0.0372315861567933,,,,,,,,Line_3,2,3,1.0,1.030076551632231,-0.0372315861567933,1.0104548350413691,-0.0681361844745964,1.770703051157227,Line_3,2,3,1.0,11.405889712371122,63.25444323400199,51.84855352163087,GENROU_4,6,GENROU_1,1,0.9999795321122898,1.0000178184611563,2.0467887710151626e-05,GENROU_3,3,GENROU_2,2,1.4707262696529495,2.027485640767948,GENROU_5,8,GENROU_2,2
658,2,2.98,0.02,0.001,NEXT_STEP,0,0.0360284424241173,0.0169810688254126,1.03007343270637,-0.0372288520417271,,,,,,,,Line_3,2,3,1.0,1.03007343270637,-0.0372288520417271,1.0104473860428709,-0.0681473639350333,1.7715002403114966,Line_3,2,3,1.0,11.406135029752749,63.25343992661527,51.84730489686252,GENROU_4,6,GENROU_1,1,0.999981464996384,1.000017464498016,1.853500361614913e-05,GENROU_3,3,GENROU_2,2,1.47073023639031,2.0276557375321795,GENROU_5,8,GENROU_2,2
660,2,2.9850000000000003,0.02,0.001,NEXT_STEP,1,0.0360283489795894,0.0169810842934748,1.0300727192478982,-0.0372280657455164,,,,,,,,Line_3,2,3,1.0,1.0300727192478982,-0.0372280657455164,1.010445648673775,-0.0681496874268824,1.7716784180424838,Line_3,2,3,1.0,11.406170415778757,63.25316739449576,51.846996978717,GENROU_4,6,GENROU_1,1,0.9999819861017584,1.0000173319883952,1.801389824152011e-05,GENROU_3,3,GENROU_2,2,1.470731041578883,2.027695608752885,GENROU_5,8,GENROU_2,2
662,2,3.005,0.02,0.001,NEXT_STEP,0,0.0360283774908033,0.016981106593691,1.0300700971955,-0.0372245593179715,,,,,,,,Line_3,2,3,1.0,1.0300700971955,-0.0372245593179715,1.0104391862521656,-0.068157117521161,1.772305034585543,Line_3,2,3,1.0,11.406213435917817,63.25201814603388,51.84580471011607,GENROU_4,6,GENROU_1,1,0.9999841954557288,1.000016641500222,1.6641500222069894e-05,GENROU_3,3,GENROU_2,2,1.470733478398793,2.027845220704896,GENROU_5,8,GENROU_2,2
664,2,3.01,0.02,0.001,NEXT_STEP,1,0.0360283074631231,0.0169811182356788,1.0300694969629107,-0.0372235733718201,,,,,,,,Line_3,2,3,1.0,1.0300694969629107,-0.0372235733718201,1.010437692728493,-0.068158488656784,1.7724400854231703,Line_3,2,3,1.0,11.406200092026694,63.25172029078929,51.84552019876259,GENROU_4,6,GENROU_1,1,0.9999847752459574,1.0000164307093204,1.6430709320447434e-05,GENROU_3,3,GENROU_2,2,1.470733910025146,2.0278802397857394,GENROU_5,8,GENROU_2,2
666,2,3.03,0.02,0.001,NEXT_STEP,0,0.0360283054647616,0.0169811388178491,1.0300672842561729,-0.0372192268073972,,,,,,,,Line_3,2,3,1.0,1.0300672842561729,-0.0372192268073972,1.010432187228607,-0.0681620671482579,1.7728941576784791,Line_3,2,3,1.0,11.406057400970807,63.25051274530586,51.84445534433505,GENROU_4,6,GENROU_1,1,0.9999871782419608,1.000015451737697,1.5451737696681178e-05,GENROU_3,3,GENROU_2,2,1.4707349085132717,2.028011627510129,GENROU_5,8,GENROU_2,2
668,2,3.035,0.02,0.001,NEXT_STEP,1,0.0360282659393251,0.0169811521715169,1.030066774560073,-0.0372180268591269,,,,,,,,Line_3,2,3,1.0,1.030066774560073,-0.0372180268591269,1.0104309268481642,-0.0681624736754774,1.7729862019439224,Line_3,2,3,1.0,11.40600030272793,63.25021092372867,51.84421062100074,GENROU_4,6,GENROU_1,1,0.9999877961180316,1.0000151752610278,1.5175261027788878e-05,GENROU_3,3,GENROU_2,2,1.470734995385108,2.028042405746218,GENROU_5,8,GENROU_2,2
670,2,3.055,0.02,0.001,NEXT_STEP,0,0.0360282803517256,0.0169811634606888,1.0300648843808329,-0.037212790925506,,,,,,,,Line_3,2,3,1.0,1.0300648843808329,-0.037212790925506,1.0104263280079342,-0.0681621999772227,1.7732705170873544,Line_3,2,3,1.0,11.405695105540826,63.24902741961734,51.84333231407652,GENROU_4,6,GENROU_1,1,0.9999903114531932,1.000013959933849,1.3959933848894934e-05,GENROU_3,3,GENROU_2,2,1.4707346916555113,2.0281581458894764,GENROU_5,8,GENROU_2,2
672,2,3.06,0.02,0.001,NEXT_STEP,1,0.0360282334181917,0.0169811710072509,1.0300644452067362,-0.0372113617752573,,,,,,,,Line_3,2,3,1.0,1.0300644452067362,-0.0372113617752573,1.0104252866819454,-0.0681616500869303,1.7733208949719312,Line_3,2,3,1.0,11.405600833183373,63.24874129991956,51.84314046673619,GENROU_4,6,GENROU_1,1,0.9999909474804912,1.0000136311636574,1.3631163657379377e-05,GENROU_3,3,GENROU_2,2,1.4707344725329743,2.0281853518189426,GENROU_5,8,GENROU_2,2
674,2,3.08,0.02,0.001,NEXT_STEP,0,0.0360282244176176,0.0169811861256393,1.030062794886246,-0.0372051902080325,,,,,,,,Line_3,2,3,1.0,1.030062794886246,-0.0372051902080325,1.010421527196045,-0.0681576055427543,1.773442764415563,Line_3,2,3,1.0,11.405162040825031,63.24765613871729,51.842494097892256,GENROU_4,6,GENROU_1,1,0.9999934975683876,1.0000122339491613,1.2233949161277737e-05,GENROU_3,3,GENROU_2,2,1.4707330317689105,2.0282881583658554,GENROU_5,8,GENROU_2,2
676,2,3.085,0.02,0.001,NEXT_STEP,1,0.036028208116483,0.016981195491138,1.030062405473843,-0.0372035263670527,,,,,,,,Line_3,2,3,1.0,1.030062405473843,-0.0372035263670527,1.0104206859464837,-0.0681561330844295,1.7734537298339603,Line_3,2,3,1.0,11.405038394831683,63.24740308045144,51.84236468561976,GENROU_4,6,GENROU_1,1,0.9999941329815136,1.0000118666333708,1.1866633370827271e-05,GENROU_3,3,GENROU_2,2,1.470732550469205,2.0283124730752995,GENROU_5,8,GENROU_2,2
678,2,3.105,0.02,0.001,NEXT_STEP,0,0.0360281920764542,0.0169812051126552,1.0300609219956207,-0.0371963949067965,,,,,,,,Line_3,2,3,1.0,1.0300609219956207,-0.0371963949067965,1.0104176883364129,-0.0681484849212928,1.7734241249396518,Line_3,2,3,1.0,11.40449900036545,63.246480348298256,51.84198134793281,GENROU_4,6,GENROU_1,1,0.999996645761418,1.0000103425427391,1.034254273934998e-05,GENROU_3,3,GENROU_2,2,1.4707301571612823,2.028405044611877,GENROU_5,8,GENROU_2,2
680,2,3.11,0.02,0.001,NEXT_STEP,1,0.0360281755879337,0.0169812143203178,1.0300605657412851,-0.0371944893656882,,,,,,,,Line_3,2,3,1.0,1.0300605657412851,-0.0371944893656882,1.010417026867532,-0.0681461389944584,1.7733988926961786,Line_3,2,3,1.0,11.404354606559515,63.24627494180788,51.84192033524837,GENROU_4,6,GENROU_1,1,0.9999972633854024,1.000009950363798,9.95036379802805e-06,GENROU_3,3,GENROU_2,2,1.4707294612324038,2.028427129395511,GENROU_5,8,GENROU_2,2
682,2,3.13,0.02,0.001,NEXT_STEP,0,0.0360281830564628,0.0169812201974322,1.0300591852962535,-0.0371863919007563,,,,,,,,Line_3,2,3,1.0,1.0300591852962535,-0.0371863919007563,1.0104147053834125,-0.0681351269773483,1.773231901157203,Line_3,2,3,1.0,11.403750174636247,63.24556697939218,51.841816804755936,GENROU_4,6,GENROU_1,1,0.9999985606419158,1.000008353365563,8.353365563040782e-06,GENROU_4,6,GENROU_2,2,1.4707263059942473,2.0285120193132755,GENROU_5,8,GENROU_2,2
684,2,3.135,0.02,0.001,NEXT_STEP,1,0.0360281358336499,0.0169812274957519,1.030058848379524,-0.0371842420488584,,,,,,,,Line_3,2,3,1.0,1.030058848379524,-0.0371842420488584,1.0104142019857405,-0.0681319732807561,1.7731743850929431,Line_3,2,3,1.0,11.403594122896497,63.245420740180016,51.84182661728352,GENROU_4,6,GENROU_1,1,0.9999985479165464,1.0000079495557388,7.94955573879541e-06,GENROU_4,6,GENROU_2,2,1.4707254434315151,2.028532484343157,GENROU_5,8,GENROU_2,2
686,2,3.155,0.02,0.001,NEXT_STEP,0,0.0360281504436993,0.0169812389602272,1.030057518682296,-0.0371751849441801,,,,,,,,Line_3,2,3,1.0,1.030057518682296,-0.0371751849441801,1.010412466550118,-0.0681178940837141,1.772886640396166,Line_3,2,3,1.0,11.402961401632398,63.24496722692873,51.84200582529633,GENROU_4,6,GENROU_1,1,0.9999985309107964,1.0000063311438587,6.331143858728794e-06,GENROU_4,6,GENROU_2,2,1.4707217144939304,2.0286119959614783,GENROU_5,8,GENROU_2,2
688,2,3.16,0.02,0.001,NEXT_STEP,1,0.0360281267627672,0.0169812425354419,1.030057189298028,-0.0371727997124764,,,,,,,,Line_3,2,3,1.0,1.030057189298028,-0.0371727997124764,1.010412098535526,-0.068114016886524,1.7728011570706317,Line_3,2,3,1.0,11.402802910545052,63.24488844318003,51.84208553263498,GENROU_4,6,GENROU_1,1,0.9999985351856217,1.00000592814209,5.928142090105837e-06,GENROU_4,6,GENROU_2,2,1.4707207313971622,2.028631379277037,GENROU_5,8,GENROU_2,2
690,2,3.18,0.02,0.001,NEXT_STEP,0,0.0360281108744885,0.0169812522913967,1.0300558727916411,-0.0371628056847339,,,,,,,,Line_3,2,3,1.0,1.0300558727916411,-0.0371628056847339,1.010410859952299,-0.0680972150742875,1.772411099751281,Line_3,2,3,1.0,11.402178549042066,63.24471606138211,51.84253751234005,GENROU_4,6,GENROU_1,1,0.9999985852411828,1.000005093394308,5.093394307875698e-06,GENROU_4,6,GENROU_3,3,1.470716607557515,2.028707496409833,GENROU_5,8,GENROU_2,2
692,2,3.185,0.02,0.001,NEXT_STEP,1,0.0360280942332109,0.0169812613636644,1.0300555421539677,-0.0371601921610925,,,,,,,,Line_3,2,3,1.0,1.0300555421539677,-0.0371601921610925,1.01041060443621,-0.068092705150087,1.7723024440029749,Line_3,2,3,1.0,11.402026671055811,63.244709777376144,51.84268310632033,GENROU_4,6,GENROU_1,1,0.9999986059233004,1.00000557512505,5.575125050061303e-06,GENROU_4,6,GENROU_3,3,1.4707155464484325,2.0287262477555417,GENROU_5,8,GENROU_2,2
694,2,3.205,0.02,0.001,NEXT_STEP,0,0.0360281018546125,0.016981267376347,1.0300542120028489,-0.0371493085846709,,,,,,,,Line_3,2,3,1.0,1.0300542120028489,-0.0371493085846709,1.0104097744941876,-0.0680735673252481,1.7718295104056097,Line_3,2,3,1.0,11.401446089071362,63.24483240696576,51.84338631789439,GENROU_4,6,GENROU_1,1,0.9999987196479728,1.000007375607813,7.375607812942775e-06,GENROU_4,6,GENROU_3,3,1.470711190185599,2.028800581459003,GENROU_5,8,GENROU_2,2
696,2,3.21,0.02,0.001,NEXT_STEP,1,0.0360280544855015,0.0169812745448169,1.0300538762668212,-0.0371464760649978,,,,,,,,Line_3,2,3,1.0,1.0300538762668212,-0.0371464760649978,1.0104096106228098,-0.0680685215795358,1.771702701894469,Line_3,2,3,1.0,11.4013094244152,63.24490053314065,51.84359110872545,GENROU_4,6,GENROU_1,1,0.999998755665418,1.000007792335577,7.792335577017084e-06,GENROU_4,6,GENROU_3,3,1.4707100896943062,2.028819055793964,GENROU_5,8,GENROU_2,2
698,2,3.23,0.02,0.001,NEXT_STEP,0,0.0360280692434246,0.0169812861404085,1.0300525175008044,-0.037134757316344,,,,,,,,Line_3,2,3,1.0,1.0300525175008044,-0.037134757316344,1.0104091048062942,-0.0680474522484955,1.771166952987727,Line_3,2,3,1.0,11.400805743590016,63.24531992608027,51.84451418249026,GENROU_4,6,GENROU_1,1,0.9999989279318888,1.0000093203904046,9.320390404576884e-06,GENROU_4,6,GENROU_3,3,1.4707056419212172,2.0288928265760813,GENROU_5,8,GENROU_2,2
700,2,3.235,0.02,0.001,NEXT_STEP,1,0.036028045423664,0.0169812895925465,1.030052174046682,-0.0371317260815259,,,,,,,,Line_3,2,3,1.0,1.030052174046682,-0.0371317260815259,1.010409012146832,-0.0680419771288013,1.771026928698717,Line_3,2,3,1.0,11.40069220417903,63.24546146463657,51.84476926045754,GENROU_4,6,GENROU_1,1,0.9999989777996192,1.0000096663627365,9.666362736471257e-06,GENROU_4,6,GENROU_3,3,1.4707045343135394,2.028911278344662,GENROU_5,8,GENROU_2,2
702,2,3.255,0.02,0.001,NEXT_STEP,0,0.0360280296770577,0.0169812994740404,1.0300507847884814,-0.0371192375111654,,,,,,,,Line_3,2,3,1.0,1.0300507847884814,-0.0371192375111654,1.0104087532337065,-0.06801939077143,1.770448368120583,Line_3,2,3,1.0,11.40029537037714,63.24616832498221,51.84587295460507,GENROU_4,6,GENROU_1,1,0.9999990208552714,1.000010903846454,1.0903846453969024e-05,GENROU_2,2,GENROU_3,3,1.470700112464285,2.028985305515766,GENROU_5,8,GENROU_2,2
704,2,3.26,0.02,0.001,NEXT_STEP,1,0.0360280129070558,0.0169813084322013,1.0300504334020204,-0.037116024637099,,,,,,,,Line_3,2,3,1.0,1.0300504334020204,-0.037116024637099,1.0104087125649928,-0.068013589834769,1.7703000830567817,Line_3,2,3,1.0,11.400211975184444,63.24637968081403,51.84616770562958,GENROU_4,6,GENROU_1,1,0.9999987207705754,1.0000111757413177,1.1175741317703825e-05,GENROU_2,2,GENROU_3,3,1.4706990235587891,2.029003889268689,GENROU_5,8,GENROU_2,2
706,2,3.28,0.02,0.001,NEXT_STEP,0,0.0360279972051451,0.0169813183532624,1.0300490191693674,-0.0371028472334862,,,,,,,,Line_3,2,3,1.0,1.0300490191693674,-0.0371028472334862,1.0104086289626,-0.0679899041033991,1.7696980002265548,Line_3,2,3,1.0,11.39994801912523,63.24735506005317,51.84740704092793,GENROU_4,6,GENROU_1,1,0.9999976041889486,1.0000121140127471,1.2114012747144187e-05,GENROU_2,2,GENROU_3,3,1.4706947196413016,2.029078607065958,GENROU_5,8,GENROU_2,2
708,2,3.285,0.02,0.001,NEXT_STEP,1,0.0360279803980934,0.0169813272786041,1.030048663047633,-0.0370994726234653,,,,,,,,Line_3,2,3,1.0,1.030048663047633,-0.0370994726234653,1.010408623833329,-0.0679838797161313,1.769546179173659,Line_3,2,3,1.0,11.399900729199684,63.24763042217565,51.84772969297596,GENROU_4,6,GENROU_1,1,0.9999973471290856,1.0000123108197645,1.231081976427184e-05,GENROU_2,2,GENROU_3,3,1.4706936695290749,2.029097387725017,GENROU_5,8,GENROU_2,2
710,2,3.305,0.02,0.001,NEXT_STEP,0,0.0360279881908234,0.0169813334431462,1.0300472379688634,-0.0370856939970696,,,,,,,,Line_3,2,3,1.0,1.0300472379688634,-0.0370856939970696,1.0104086522523654,-0.0679595001979371,1.768938792814538,Line_3,2,3,1.0,11.399791186429416,63.24884734409753,51.84905615766811,GENROU_4,6,GENROU_1,1,0.9999964104764326,1.0000129501730193,1.2950173019277145e-05,GENROU_2,2,GENROU_3,3,1.4706895498945298,2.0291728895455257,GENROU_5,8,GENROU_2,2
712,2,3.31,0.02,0.001,NEXT_STEP,1,0.0360279406709292,0.0169813404777648,1.0300468819715407,-0.037082176973759,,,,,,,,Line_3,2,3,1.0,1.0300468819715407,-0.037082176973759,1.0104086680682358,-0.0679533491476526,1.7687878741858185,Line_3,2,3,1.0,11.399784780866632,63.24917911374148,51.84939433287485,GENROU_4,6,GENROU_1,1,0.9999962000512232,1.0000130730281276,1.3073028127585928e-05,GENROU_2,2,GENROU_3,3,1.4706885521412594,2.029191849748788,GENROU_5,8,GENROU_2,2
714,2,3.33,0.02,0.001,NEXT_STEP,0,0.0360279555865713,0.0169813522132979,1.030045464877554,-0.0370678839606374,,,,,,,,Line_3,2,3,1.0,1.030045464877554,-0.0370678839606374,1.0104087521569098,-0.0679286562847454,1.768192006685524,Line_3,2,3,1.0,11.399846283051824,63.25060435781322,51.8507580747614,GENROU_4,6,GENROU_1,1,0.999995454499344,1.000013421952046,1.3421952046011045e-05,GENROU_2,2,GENROU_3,3,1.4706846581096436,2.029267920269023,GENROU_5,8,GENROU_2,2
716,2,3.335,0.02,0.001,NEXT_STEP,1,0.036027908174824,0.0169813593354206,1.0300451138490625,-0.0370642495563027,,,,,,,,Line_3,2,3,1.0,1.0300451138490625,-0.0370642495563027,1.010408775680413,-0.0679224723109129,1.768045927113718,Line_3,2,3,1.0,11.399884279035469,63.250983608059336,51.85109932902387,GENROU_4,6,GENROU_1,1,0.9999952926820886,1.0000134739253743,1.347392537454084e-05,GENROU_2,2,GENROU_3,3,1.4706837201098473,2.029286973097631,GENROU_5,8,GENROU_2,2
718,2,3.355,0.02,0.001,NEXT_STEP,0,0.0360279231202216,0.0169813710974194,1.0300437285974082,-0.0370495318338232,,,,,,,,Line_3,2,3,1.0,1.0300437285974082,-0.0370495318338232,1.010408868010003,-0.0678978175532295,1.7674765769356782,Line_3,2,3,1.0,11.400128313739003,63.25257955823415,51.85245124449514,GENROU_4,6,GENROU_1,1,0.9999947429993922,1.000013548158695,1.3548158694920431e-05,GENROU_2,2,GENROU_3,3,1.470680071811755,2.029363155104749,GENROU_5,8,GENROU_2,2
720,2,3.36,0.02,0.001,NEXT_STEP,1,0.0360278991437591,0.0169813744104446,1.0300433887284828,-0.0370458045496439,,,,,,,,Line_3,2,3,1.0,1.0300433887284828,-0.0370458045496439,1.0104088884186966,-0.0678916855661098,1.7673387976062145,Line_3,2,3,1.0,11.400212929394115,63.25299649454331,51.8527835651492,GENROU_4,6,GENROU_1,1,0.9999946302101588,1.000013534005863,1.3534005862902989e-05,GENROU_2,2,GENROU_3,3,1.4706791959691528,2.029382161142343,GENROU_5,8,GENROU_2,2
722,2,3.38,0.02,0.001,NEXT_STEP,0,0.0360278835610168,0.0169813844370971,1.0300420611742684,-0.0370307463859293,,,,,,,,Line_3,2,3,1.0,1.0300420611742684,-0.0370307463859293,1.010408949337578,-0.0678673800972697,1.7668089660506323,Line_3,2,3,1.0,11.400646468981272,63.2547229686517,51.85407649967043,GENROU_4,6,GENROU_1,1,0.9999942751956756,1.0000133555065136,1.3355506513601512e-05,GENROU_2,2,GENROU_3,3,1.4706757937818271,2.0294578129768097,GENROU_5,8,GENROU_2,2
724,2,3.385,0.02,0.001,NEXT_STEP,1,0.0360278666579845,0.0169813932772763,1.0300417382655145,-0.0370269451189553,,,,,,,,Line_3,2,3,1.0,1.0300417382655145,-0.0370269451189553,1.0104089570985235,-0.0678613713384217,1.7666824860829422,Line_3,2,3,1.0,11.40077916654332,63.25516738069267,51.85438821414935,GENROU_4,6,GENROU_1,1,0.9999942104335244,1.0000132814040248,1.3281404024789722e-05,GENROU_2,2,GENROU_3,3,1.4706749778321346,2.0294765932267063,GENROU_5,8,GENROU_2,2
726,2,3.405,0.02,0.001,NEXT_STEP,0,0.0360278745561427,0.0169813995353748,1.030040493994132,-0.0370116271599194,,,,,,,,Line_3,2,3,1.0,1.030040493994132,-0.0370116271599194,1.0104089544277697,-0.0678376821575634,1.7662028504031468,Line_3,2,3,1.0,11.401406850174602,63.256983395739056,51.85557654556445,GENROU_4,6,GENROU_1,1,0.999994043479407,1.00001287724029,1.2877240290087856e-05,GENROU_2,2,GENROU_3,3,1.4706718058300037,2.029550949600771,GENROU_5,8,GENROU_2,2
728,2,3.41,0.02,0.001,NEXT_STEP,1,0.0360278269552298,0.0169814064979059,1.0300401956515484,-0.0370077664328872,,,,,,,,Line_3,2,3,1.0,1.0300401956515484,-0.0370077664328872,1.0104089431466572,-0.0678318540264376,1.7660901264520137,Line_3,2,3,1.0,11.401588300550973,63.2574450847592,51.85585678420823,GENROU_4,6,GENROU_1,1,0.999994024477133,1.00001275050154,1.2750501540148562e-05,GENROU_2,2,GENROU_3,3,1.4706710440357416,2.0295693035538207,GENROU_5,8,GENROU_2,2
730,2,3.43,0.02,0.001,NEXT_STEP,0,0.0360278419575863,0.0169814183104795,1.030039058483072,-0.0369922530859991,,,,,,,,Line_3,2,3,1.0,1.030039058483072,-0.0369922530859991,1.01040885103075,-0.0678089938331313,1.7656691831595026,Line_3,2,3,1.0,11.402410428553427,63.25931050801919,51.85690007946576,GENROU_4,6,GENROU_1,1,0.9999940342964422,1.0000121517311795,1.215173117952162e-05,GENROU_2,2,GENROU_3,3,1.470668070746661,2.029641533740614,GENROU_5,8,GENROU_2,2
732,2,3.435,0.02,0.001,NEXT_STEP,1,0.0360278179407715,0.0169814215875877,1.030038789975319,-0.0369883530558139,,,,,,,,Line_3,2,3,1.0,1.030038789975319,-0.0369883530558139,1.010408815017362,-0.0678033968278358,1.7655719536477363,Line_3,2,3,1.0,11.402640110705908,63.25977968195276,51.85713957124685,GENROU_4,6,GENROU_1,1,0.9999940576951584,1.0000119805117056,1.1980511705589336e-05,GENROU_2,2,GENROU_3,3,1.4706673537620896,2.029659249154213,GENROU_5,8,GENROU_2,2
734,2,3.455,0.02,0.001,NEXT_STEP,0,0.0360278258611692,0.0169814278654807,1.030037782545724,-0.0369727015554737,,,,,,,,Line_3,2,3,1.0,1.030037782545724,-0.0369727015554737,1.0104086150908655,-0.0677815299790571,1.7652158404140152,Line_3,2,3,1.0,11.403652300039909,63.26165669233175,51.85800439229184,GENROU_4,6,GENROU_1,1,0.9999942289723536,1.0000112209636842,1.1220963684221983e-05,GENROU_2,2,GENROU_3,3,1.4706645383561645,2.029728504679163,GENROU_5,8,GENROU_2,2
736,2,3.46,0.02,0.001,NEXT_STEP,1,0.0360278017017831,0.016981431024516,1.030037548588611,-0.0369687735421369,,,,,,,,Line_3,2,3,1.0,1.030037548588611,-0.0369687735421369,1.0104085500367188,-0.0677761977323029,1.7651353837657666,Line_3,2,3,1.0,11.403928550080972,63.262124299567056,51.858195749486086,GENROU_4,6,GENROU_1,1,0.9999942905179736,1.00001101396894,1.101396893998796e-05,GENROU_2,2,GENROU_3,3,1.4706638549736477,2.0297453718418192,GENROU_5,8,GENROU_2,2
738,2,3.48,0.02,0.001,NEXT_STEP,0,0.0360278096295515,0.016981437308805,1.0300366864924042,-0.0369530325629153,,,,,,,,Line_3,2,3,1.0,1.0300366864924042,-0.0369530325629153,1.0104082271723545,-0.067755439701317,1.764847927874058,Line_3,2,3,1.0,11.405121998834987,63.26397862090523,51.85885662207024,GENROU_4,6,GENROU_1,1,0.9999946047750984,1.0000101290976435,1.012909764352976e-05,GENROU_2,2,GENROU_3,3,1.470661151452601,2.029810846474473,GENROU_5,8,GENROU_2,2
740,2,3.485,0.02,0.001,NEXT_STEP,1,0.0360277854665946,0.016981440464713,1.0300364904180803,-0.0369490873497195,,,,,,,,Line_3,2,3,1.0,1.0300364904180803,-0.0369490873497195,1.0104081299158765,-0.0677503948176032,1.764784921394522,Line_3,2,3,1.0,11.405442092568414,63.26443662804924,51.858994535480825,GENROU_4,6,GENROU_1,1,0.9999946995146892,1.000009895295529,9.89529552897217e-06,GENROU_2,2,GENROU_3,3,1.4706604901341502,2.02982667636379,GENROU_5,8,GENROU_2,2
742,2,3.505,0.02,0.001,NEXT_STEP,0,0.0360277699420175,0.0169814505428825,1.0300357838527852,-0.0369332922998625,,,,,,,,Line_3,2,3,1.0,1.0300357838527852,-0.0369332922998625,1.0104076730938172,-0.0677308102701123,1.7645677991736193,Line_3,2,3,1.0,11.40680396590684,63.2662384980522,51.85943453214536,GENROU_4,6,GENROU_1,1,0.9999951358837368,1.0000089210709182,8.921070918210816e-06,GENROU_2,2,GENROU_3,3,1.4706578531698,2.029887680731373,GENROU_5,8,GENROU_2,2
744,2,3.51,0.02,0.001,NEXT_STEP,1,0.0360277764599077,0.0169814555613336,1.0300356268794228,-0.0369293406302933,,,,,,,,Line_3,2,3,1.0,1.0300356268794228,-0.0369293406302933,1.0104075410683964,-0.0677260652248007,1.7645223420920215,Line_3,2,3,1.0,11.407164228747554,63.26668010084675,51.8595158720992,GENROU_4,6,GENROU_1,1,0.9999952583677858,1.0000086694229595,8.669422959739492e-06,GENROU_2,2,GENROU_3,3,1.4706572027838942,2.0299023200118573,GENROU_5,8,GENROU_2,2
746,2,3.53,0.02,0.001,NEXT_STEP,0,0.0360277773043234,0.0169814563096846,1.0300350807232266,-0.0369135239423152,,,,,,,,Line_3,2,3,1.0,1.0300350807232266,-0.0369135239423152,1.010406943612019,-0.0677076779789104,1.7643750599726502,Line_3,2,3,1.0,11.408678140664826,63.26840497647547,51.85972683581065,GENROU_4,6,GENROU_1,1,0.9999957943609502,1.000007641265896,7.641265896030092e-06,GENROU_2,2,GENROU_3,3,1.4706545914119695,2.0299583261132264,GENROU_5,8,GENROU_2,2
748,2,3.535,0.02,0.001,NEXT_STEP,1,0.0360277530039551,0.0169814593519037,1.0300349641662117,-0.0369095663826313,,,,,,,,Line_3,2,3,1.0,1.0300349641662117,-0.0369095663826313,1.0104067758716966,-0.0677032288690445,1.7643468962218094,Line_3,2,3,1.0,11.409074077407748,63.26882473741566,51.85975066000792,GENROU_4,6,GENROU_1,1,0.9999959388436208,1.0000073804805427,7.380480542718004e-06,GENROU_2,2,GENROU_3,3,1.4706539426656418,2.0299716649573862,GENROU_5,8,GENROU_2,2
750,2,3.555,0.02,0.001,NEXT_STEP,0,0.0360277609401842,0.0169814656438113,1.0300345742510555,-0.0368937439714169,,,,,,,,Line_3,2,3,1.0,1.0300345742510555,-0.0368937439714169,1.0104060315987484,-0.0676860155530093,1.764267203245879,Line_3,2,3,1.0,11.410720654302528,63.27045373081872,51.85973307651619,GENROU_4,6,GENROU_1,1,0.99999655119881,1.0000063323749793,6.332374979267641e-06,GENROU_2,2,GENROU_3,3,1.470651321455856,2.0300223260186003,GENROU_5,8,GENROU_2,2
752,2,3.56,0.02,0.001,NEXT_STEP,1,0.036027760232336,0.0169814650083103,1.030034496067309,-0.0368897882627862,,,,,,,,Line_3,2,3,1.0,1.030034496067309,-0.0368897882627862,1.0104058269756755,-0.0676818549608524,1.7642554642845312,Line_3,2,3,1.0,11.411147100612014,63.27084766095072,51.85970056033871,GENROU_4,6,GENROU_1,1,0.9999967118228196,1.000006070686684,6.0706866840121165e-06,GENROU_2,2,GENROU_3,3,1.4706506666583778,2.0300343035196446,GENROU_5,8,GENROU_2,2
754,2,3.58,0.02,0.001,NEXT_STEP,0,0.0360277376182538,0.0169814695449352,1.0300342544680083,-0.0368739648974953,,,,,,,,Line_3,2,3,1.0,1.0300342544680083,-0.0368739648974953,1.010404933653082,-0.0676657527997162,1.7642394904592609,Line_3,2,3,1.0,11.412904608923451,63.27236772576384,51.85946311684039,GENROU_4,6,GENROU_1,1,0.9999973771906668,1.0000050343339928,5.034333992792739e-06,GENROU_2,2,GENROU_3,3,1.4706480108768418,2.030079483549565,GENROU_5,8,GENROU_2,2
756,2,3.585,0.02,0.001,NEXT_STEP,1,0.0360277440010852,0.0169814744519668,1.030034210896576,-0.0368700104298813,,,,,,,,Line_3,2,3,1.0,1.030034210896576,-0.0368700104298813,1.0104046910528557,-0.0676618603109546,1.7642430415858996,Line_3,2,3,1.0,11.413355892814767,63.27273329699264,51.85937740417788,GENROU_4,6,GENROU_1,1,0.9999975481711376,1.000004779319835,4.779319835002127e-06,GENROU_2,2,GENROU_3,3,1.4706473446883566,2.0300900921421348,GENROU_5,8,GENROU_2,2
758,2,3.605,0.02,0.001,NEXT_STEP,0,0.0360277448465798,0.0169814752012617,1.0300341017846877,-0.0368541906813717,,,,,,,,Line_3,2,3,1.0,1.0300341017846877,-0.0368541906813717,1.0104036470727678,-0.0676467795756348,1.7642853839226689,Line_3,2,3,1.0,11.415200902064663,63.27413716395807,51.858936261893405,GENROU_4,6,GENROU_1,1,0.9999982437770965,1.000004340561525,4.340561525095765e-06,GENROU_2,2,GENROU_4,6,1.470644639975347,2.03012987082454,GENROU_5,8,GENROU_2,2
760,2,3.61,0.02,0.001,NEXT_STEP,1,0.0360277440036122,0.0169814744542059,1.0300340895813107,-0.0368502351939752,,,,,,,,Line_3,2,3,1.0,1.0300340895813107,-0.0368502351939752,1.0104033671829236,-0.0676431273231642,1.7643027580041348,Line_3,2,3,1.0,11.415671012154013,63.27447326371571,51.8588022515617,GENROU_4,6,GENROU_1,1,0.9999984195496292,1.0000043695184606,4.369518460611843e-06,GENROU_2,2,GENROU_4,6,1.4706439609581512,2.0301391588713384,GENROU_5,8,GENROU_2,2
762,2,3.63,0.02,0.001,NEXT_STEP,0,0.0360277448466571,0.0169814752013368,1.0300340925985887,-0.0368344084109676,,,,,,,,Line_3,2,3,1.0,1.0300340925985887,-0.0368344084109676,1.0104021725644543,-0.0676289454997825,1.7643970072481636,Line_3,2,3,1.0,11.417579076141095,63.275759161567095,51.858180085426,GENROU_4,6,GENROU_1,1,0.9999991238174808,1.0000044624967994,4.462496799417792e-06,GENROU_2,2,GENROU_4,6,1.4706412045575576,2.030173829549589,GENROU_5,8,GENROU_2,2
764,2,3.635,0.02,0.001,NEXT_STEP,1,0.0360277440023344,0.016981474453068,1.0300341054624484,-0.0368304495230758,,,,,,,,Line_3,2,3,1.0,1.0300341054624484,-0.0368304495230758,1.0104018551423617,-0.0676255008104454,1.7644264686551878,Line_3,2,3,1.0,11.418061833959856,63.27606600195562,51.858004167995766,GENROU_4,6,GENROU_1,1,0.9999992991819368,1.000004479962051,4.479962051329167e-06,GENROU_2,2,GENROU_4,6,1.4706405131655984,2.030181894080308,GENROU_5,8,GENROU_2,2
766,2,3.655,0.02,0.001,NEXT_STEP,0,0.0360277448466237,0.0169814752012793,1.0300341958767243,-0.0368146008994426,,,,,,,,Line_3,2,3,1.0,1.0300341958767243,-0.0368146008994426,1.0104005111502292,-0.0676120754716535,1.7645653126491538,Line_3,2,3,1.0,11.42000817523676,63.27723720515549,51.857229029918734,GENROU_4,6,GENROU_1,1,0.9999999922157984,1.0000045271726,4.5271726001328005e-06,GENROU_2,2,GENROU_4,6,1.4706377141065272,2.030211938681889,GENROU_5,8,GENROU_2,2
768,2,3.66,0.02,0.001,NEXT_STEP,1,0.0360277440010841,0.0169814744519258,1.030034227198248,-0.0368106342356736,,,,,,,,Line_3,2,3,1.0,1.030034227198248,-0.0368106342356736,1.0104001566726828,-0.0676088005151807,1.7646049445579024,Line_3,2,3,1.0,11.420497403602516,63.27751618791422,51.857018784311705,GENROU_4,6,GENROU_1,1,1.0000001624478307,1.0000045333061232,4.533306123155612e-06,GENROU_2,2,GENROU_4,6,1.47063701408775,2.0302189234262853,GENROU_5,8,GENROU_2,2
770,2,3.68,0.02,0.001,NEXT_STEP,0,0.0360277448465969,0.0169814752012721,1.030034377249704,-0.0367947440512188,,,,,,,,Line_3,2,3,1.0,1.030034377249704,-0.0367947440512188,1.010398665858395,-0.0675959741192256,1.764780486708247,Line_3,2,3,1.0,11.422457568682054,63.27858040782888,51.85612283914682,GENROU_4,6,GENROU_1,1,1.0000006088562154,1.0000045359433791,4.5359433793468185e-06,GENROU_3,3,GENROU_4,6,1.4706341926204822,2.0302450010703,GENROU_5,8,GENROU_2,2
772,2,3.685,0.02,0.001,NEXT_STEP,1,0.0360277439985329,0.0169814744497084,1.0300344198108056,-0.0367907642118606,,,,,,,,Line_3,2,3,1.0,1.0300344198108056,-0.0367907642118606,1.010398275120184,-0.0675928281713808,1.7648282651725251,Line_3,2,3,1.0,11.42294724285751,63.278833956939565,51.85588671408205,GENROU_4,6,GENROU_1,1,1.0000004383908705,1.0000045310433627,4.531043362732135e-06,GENROU_3,3,GENROU_4,6,1.4706334903342448,2.0302510901737807,GENROU_5,8,GENROU_2,2
774,2,3.705,0.02,0.001,NEXT_STEP,0,0.0360277448452882,0.0169814752001443,1.0300345998790716,-0.0367748096719065,,,,,,,,Line_3,2,3,1.0,1.0300345998790716,-0.0367748096719065,1.0103966412845022,-0.0675804342290219,1.7650322723872875,Line_3,2,3,1.0,11.42489758446693,63.27980262224619,51.85490503777926,GENROU_4,6,GENROU_1,1,0.9999998162159556,1.0000044910603507,4.491060350719778e-06,GENROU_3,3,GENROU_4,6,1.4706306763829973,2.0302740003066155,GENROU_5,8,GENROU_2,2
776,2,3.71,0.02,0.001,NEXT_STEP,1,0.0360277674494222,0.016981470654618,1.0300346462423322,-0.0367708127418787,,,,,,,,Line_3,2,3,1.0,1.0300346462423322,-0.0367708127418787,1.0103962155580255,-0.0675773764637398,1.7650860825634709,Line_3,2,3,1.0,11.425381951468133,63.28003399306367,51.854652041595536,GENROU_4,6,GENROU_1,1,0.9999996761978072,1.0000044760520348,4.476052034796396e-06,GENROU_3,3,GENROU_4,6,1.470629980438,2.030279407587264,GENROU_5,8,GENROU_2,2
778,2,3.73,0.02,0.001,NEXT_STEP,0,0.0360277612080287,0.0169814658647442,1.030034827080126,-0.0367547688736914,,,,,,,,Line_3,2,3,1.0,1.030034827080126,-0.0367547688736914,1.010394444541926,-0.067565245053926,1.7653102499157851,Line_3,2,3,1.0,11.427300412018427,63.28092145106448,51.85362103904605,GENROU_4,6,GENROU_1,1,0.9999991793751118,1.0000043971560422,4.397156042168504e-06,GENROU_3,3,GENROU_4,6,1.47062721175758,2.0303000475453343,GENROU_5,8,GENROU_2,2
780,2,3.735,0.02,0.001,NEXT_STEP,1,0.0360277602159574,0.0169814649937889,1.0300348696579382,-0.0367507444604224,,,,,,,,Line_3,2,3,1.0,1.0300348696579382,-0.0367507444604224,1.0103939850438557,-0.0675622303403641,1.7653681014475922,Line_3,2,3,1.0,11.4277742147617,63.28113452434051,51.85336030957881,GENROU_4,6,GENROU_1,1,0.9999990713868172,1.0000043728607009,4.372860700652126e-06,GENROU_3,3,GENROU_4,6,1.4706265322900858,2.0303050053731946,GENROU_5,8,GENROU_2,2
782,2,3.755,0.02,0.001,NEXT_STEP,0,0.0360277610714334,0.0169814657519183,1.0300350203444124,-0.0367345862454156,,,,,,,,Line_3,2,3,1.0,1.0300350203444124,-0.0367345862454156,1.010392082355851,-0.0675501939208053,1.765604262930765,Line_3,2,3,1.0,11.429640843853546,63.281957215791806,51.85231637193826,GENROU_4,6,GENROU_1,1,0.9999987041833908,1.0000042592849,4.259284899887916e-06,GENROU_3,3,GENROU_4,6,1.4706238524677004,2.030324331172188,GENROU_5,8,GENROU_2,2
784,2,3.76,0.02,0.001,NEXT_STEP,1,0.03602776020704,0.0169814649859012,1.0300350519868997,-0.0367305299567404,,,,,,,,Line_3,2,3,1.0,1.0300350519868997,-0.0367305299567404,1.0103915910124843,-0.0675471822809617,1.7656641168998988,Line_3,2,3,1.0,11.430099390761775,63.28215629173253,51.85205690097076,GENROU_4,6,GENROU_1,1,0.9999986287795586,1.000004226966574,4.226966573872559e-06,GENROU_3,3,GENROU_4,6,1.470623201203104,2.030329084950799,GENROU_5,8,GENROU_2,2
786,2,3.78,0.02,0.001,NEXT_STEP,0,0.0360277610674781,0.0169814657484098,1.030035145718712,-0.0367142320868936,,,,,,,,Line_3,2,3,1.0,1.030035145718712,-0.0367142320868936,1.0103895652737216,-0.0675350795555365,1.765904480969709,Line_3,2,3,1.0,11.43189669691786,63.28293191974857,51.85103522283071,GENROU_4,6,GENROU_1,1,0.9999983914783542,1.0000041098772636,4.109877263624995e-06,GENROU_3,3,GENROU_5,8,1.470620658189658,2.030348086482386,GENROU_5,8,GENROU_2,2
788,2,3.785,0.02,0.001,NEXT_STEP,1,0.0360277601981797,0.0169814649780245,1.0300351599163746,-0.0367101379525561,,,,,,,,Line_3,2,3,1.0,1.0300351599163746,-0.0367101379525561,1.0103890443404142,-0.0675320320682542,1.7659644494285942,Line_3,2,3,1.0,11.432335952232174,63.283121510851934,51.85078555861976,GENROU_4,6,GENROU_1,1,0.9999983482557128,1.0000041020249186,4.102024918628544e-06,GENROU_3,3,GENROU_5,8,1.4706200472414357,2.0303528821000785,GENROU_5,8,GENROU_2,2
790,2,3.805,0.02,0.001,NEXT_STEP,0,0.0360277610648523,0.0169814657461023,1.0300351721950465,-0.0366936779059966,,,,,,,,Line_3,2,3,1.0,1.0300351721950465,-0.0366936779059966,1.010386905317414,-0.0675197138142933,1.7662017566641168,Line_3,2,3,1.0,11.43404921758898,63.28386823544651,51.849819017857534,GENROU_4,6,GENROU_1,1,0.9999982374760856,1.000004056935366,4.056935366092418e-06,GENROU_3,3,GENROU_5,8,1.470617689451846,2.030372522588905,GENROU_5,8,GENROU_2,2
792,2,3.81,0.02,0.001,NEXT_STEP,1,0.0360277601854842,0.0169814649668212,1.0300351632693152,-0.0366895406501813,,,,,,,,Line_3,2,3,1.0,1.0300351632693152,-0.0366895406501813,1.0103863574300105,-0.0675165949526314,1.7662601063510124,Line_3,2,3,1.0,11.434465876739855,63.2840528719316,51.84958699519174,GENROU_4,6,GENROU_1,1,0.9999982251618964,1.000004042353534,4.042353534128296e-06,GENROU_3,3,GENROU_5,8,1.4706171312088576,2.030377594052095,GENROU_5,8,GENROU_2,2
794,2,3.83,0.02,0.001,NEXT_STEP,0,0.0360277610620764,0.0169814657436893,1.0300350733738106,-0.0366728989788533,,,,,,,,Line_3,2,3,1.0,1.0300350733738106,-0.0366728989788533,1.0103841164337213,-0.0675039270587771,1.7664877870289502,Line_3,2,3,1.0,11.436083416540756,63.28478857036774,51.84870515382698,GENROU_4,6,GENROU_1,1,0.9999982342497644,1.0000042522993096,4.252299309559504e-06,GENROU_3,3,GENROU_2,2,1.470615005461427,2.030398773936489,GENROU_5,8,GENROU_2,2
796,2,3.835,0.02,0.001,NEXT_STEP,1,0.0360277601715321,0.0169814649544924,1.0300350366822109,-0.0366687142320353,,,,,,,,Line_3,2,3,1.0,1.0300350366822109,-0.0366687142320353,1.010383544608825,-0.0675007054907216,1.766542973106965,Line_3,2,3,1.0,11.436474951698129,63.28497262311127,51.84849767141314,GENROU_4,6,GENROU_1,1,0.999998250807596,1.0000043071872764,4.307187276397784e-06,GENROU_3,3,GENROU_2,2,1.4706145106592408,2.0304043358890387,GENROU_5,8,GENROU_2,2
798,2,3.855,0.02,0.001,NEXT_STEP,0,0.0360277610593248,0.0169814657412362,1.0300348283585388,-0.036651875681913,,,,,,,,Line_3,2,3,1.0,1.0300348283585388,-0.036651875681913,1.0103812144535087,-0.0674875721153785,1.76675526398418,Line_3,2,3,1.0,11.43798824559254,63.285714194462415,51.84772594886987,GENROU_4,6,GENROU_1,1,0.9999983702844704,1.0000044869016511,4.486901651334918e-06,GENROU_3,3,GENROU_2,2,1.4706126612443309,2.0304278626759618,GENROU_5,8,GENROU_2,2
800,2,3.86,0.02,0.001,NEXT_STEP,1,0.0360277601576042,0.0169814649421327,1.030034760440116,-0.0366476401898784,,,,,,,,Line_3,2,3,1.0,1.030034760440116,-0.0366476401898784,1.0103806220691205,-0.0674842213640431,1.7668059558922096,Line_3,2,3,1.0,11.438352933907543,63.28590171802456,51.847548784117016,GENROU_4,6,GENROU_1,1,0.99999841303213,1.000004521882889,4.521882889019224e-06,GENROU_3,3,GENROU_2,2,1.4706122406360664,2.030434102654055,GENROU_5,8,GENROU_2,2
802,2,3.88,0.02,0.001,NEXT_STEP,0,0.0360277610540561,0.016981465736592,1.030034422337426,-0.0366305941617428,,,,,,,,Line_3,2,3,1.0,1.030034422337426,-0.0366305941617428,1.0103782169235629,-0.0674705269869621,1.7669979913520422,Line_3,2,3,1.0,11.439756696997485,63.28666455029019,51.84690785329271,GENROU_4,6,GENROU_1,1,0.999998631085354,1.0000046235719042,4.623571904227575e-06,GENROU_3,3,GENROU_2,2,1.470610705788646,2.030460663768147,GENROU_5,8,GENROU_2,2
804,2,3.885,0.02,0.001,NEXT_STEP,1,0.036027736685186,0.0169814687181257,1.0300343209101892,-0.036626303880664,,,,,,,,Line_3,2,3,1.0,1.0300343209101892,-0.036626303880664,1.0103776075169824,-0.0674670245037932,1.7670431288473765,Line_3,2,3,1.0,11.440093620115604,63.28685915528568,51.84676553517007,GENROU_4,6,GENROU_1,1,0.9999986968229184,1.0000046395494826,4.639549482599037e-06,GENROU_3,3,GENROU_2,2,1.470610368154032,2.0304677366726573,GENROU_5,8,GENROU_2,2
806,2,3.905,0.02,0.001,NEXT_STEP,0,0.0360277446871563,0.016981475068302,1.0300338459817755,-0.0366090451507135,,,,,,,,Line_3,2,3,1.0,1.0300338459817755,-0.0366090451507135,1.0103751420835752,-0.0674526955146239,1.7672109906292237,Line_3,2,3,1.0,11.4413857541391,63.28765664365104,51.84627088951194,GENROU_4,6,GENROU_1,1,0.9999989998266424,1.00000466763802,4.667638020094955e-06,GENROU_3,3,GENROU_2,2,1.4706091796490472,2.0304978807895138,GENROU_5,8,GENROU_2,2
808,2,3.91,0.02,0.001,NEXT_STEP,1,0.0360277438983689,0.0169814743610658,1.030033710269021,-0.0366047034849845,,,,,,,,Line_3,2,3,1.0,1.030033710269021,-0.0366047034849845,1.0103745198866676,-0.0674490284230902,1.7672496408835627,Line_3,2,3,1.0,11.441694781581308,63.28786139616543,51.84616661458412,GENROU_4,6,GENROU_1,1,0.9999990849619016,1.0000046659453197,4.665945319670684e-06,GENROU_3,3,GENROU_2,2,1.4706089321046865,2.030505905642498,GENROU_5,8,GENROU_2,2
810,2,3.93,0.02,0.001,NEXT_STEP,0,0.036027744817134,0.0169814751753174,1.0300330991146542,-0.0365872318039348,,,,,,,,Line_3,2,3,1.0,1.0300330991146542,-0.0365872318039348,1.0103720116283843,-0.0674340134431079,1.76739039948626,Line_3,2,3,1.0,11.442876267363204,63.2887045957244,51.8458283283612,GENROU_4,6,GENROU_1,1,0.9999994579827745,1.0000046266771954,4.626677195362916e-06,GENROU_3,3,GENROU_2,2,1.4706081134858993,2.030540026096388,GENROU_5,8,GENROU_2,2
812,2,3.935,0.02,0.001,NEXT_STEP,1,0.0360277204259627,0.0169814781371041,1.0300329294418582,-0.0365828354233151,,,,,,,,Line_3,2,3,1.0,1.0300329294418582,-0.0365828354233151,1.0103713805745111,-0.0674301690984503,1.7674220288170377,Line_3,2,3,1.0,11.4431580131756,63.28892194247301,51.845763929297405,GENROU_4,6,GENROU_1,1,0.9999995586685044,1.000004609010845,4.609010844980332e-06,GENROU_3,3,GENROU_2,2,1.4706079605156286,2.0305490780420725,GENROU_5,8,GENROU_2,2
814,2,3.955,0.02,0.001,NEXT_STEP,0,0.0360277284489805,0.0169814845059291,1.0300321846400171,-0.0365651568336348,,,,,,,,Line_3,2,3,1.0,1.0300321846400171,-0.0365651568336348,1.0103688453532569,-0.0674144398437287,1.767533717483019,Line_3,2,3,1.0,11.444232701977583,63.28981934246815,51.845586640490566,GENROU_4,6,GENROU_1,1,0.999999986006756,1.0000045096666053,4.509666605256868e-06,GENROU_3,3,GENROU_2,2,1.470607525652248,2.030587389378004,GENROU_5,8,GENROU_2,2
816,2,3.96,0.02,0.001,NEXT_STEP,1,0.0360277041819719,0.0169814875694844,1.030031982636301,-0.0365607097894771,,,,,,,,Line_3,2,3,1.0,1.030031982636301,-0.0365607097894771,1.0103682098191762,-0.0674104151874405,1.767557918525256,Line_3,2,3,1.0,11.444488470012256,63.29005107159168,51.84556260157943,GENROU_4,6,GENROU_1,1,1.000000098262996,1.0000044779948791,4.4779948793483015e-06,GENROU_3,3,GENROU_2,2,1.4706074697822509,2.030597502456338,GENROU_5,8,GENROU_2,2
818,2,3.98,0.02,0.001,NEXT_STEP,0,0.0360277122161545,0.0169814939481991,1.0300311136483502,-0.0365428347741365,,,,,,,,Line_3,2,3,1.0,1.0300311136483502,-0.0365428347741365,1.0103656653770636,-0.0673939645563363,1.7676395297304168,Line_3,2,3,1.0,11.4454628320749,63.29100848388944,51.84554565181453,GENROU_4,6,GENROU_1,1,1.000000563932146,1.0000043268680845,4.326868084270075e-06,GENROU_3,3,GENROU_2,2,1.4706074237599167,2.03064006145548,GENROU_5,8,GENROU_2,2
820,2,3.985,0.02,0.001,NEXT_STEP,1,0.0360276879393239,0.016981497003008,1.0300308820883777,-0.0365383404542396,,,,,,,,Line_3,2,3,1.0,1.0300308820883777,-0.0365383404542396,1.010365029710972,-0.0673897605610035,1.7676561641026185,Line_3,2,3,1.0,11.445694539920416,63.2912557090427,51.84556116912229,GENROU_4,6,GENROU_1,1,1.0000006837686433,1.0000042833543454,4.283354345435697e-06,GENROU_3,3,GENROU_2,2,1.47060746496213,2.0306512285934897,GENROU_5,8,GENROU_2,2
822,2,4.0,0.02,0.001,NEXT_STEP,0,0.0360276959846124,0.0169815033916493,1.0300301544458612,-0.036524811676018,,,,,,,,Line_3,2,3,1.0,1.0300301544458612,-0.036524811676018,1.0103631259614776,-0.0673769438381704,1.7676969618711666,Line_3,2,3,1.0,11.446363049257418,63.292016347788426,51.845653298531005,GENROU_4,6,GENROU_1,1,1.0000010488866888,1.0000041406748443,4.140674844332892e-06,GENROU_3,3,GENROU_2,2,1.4706076904097551,2.030685949822893,GENROU_5,8,GENROU_2,2
