iter,outer_iter,t_granted,cosim_dt,tx_tds_step,state,updated,P_total,Q_total,Vmag,Vang_rad,fault_idx,fault_bus,fault_active,fault_rf,fault_xf,fault_bus_vmag,fault_bus_vang_rad,event_line_idx,event_bus1,event_bus2,event_line_status,event_bus1_vmag,event_bus1_vang_rad,event_bus2_vmag,event_bus2_vang_rad,event_bus_angle_diff_deg,postfault_line_idx,postfault_bus1,postfault_bus2,postfault_line_status,delta_min_deg,delta_max_deg,delta_spread_deg,delta_min_idx,delta_min_bus,delta_max_idx,delta_max_bus,omega_min_pu,omega_max_pu,omega_max_dev,omega_min_idx,omega_min_bus,omega_max_idx,omega_max_bus,vf_min_pu,vf_max_pu,vf_min_idx,vf_min_bus,vf_max_idx,vf_max_bus
0,0,0.0,0.0,0.001,INITIALIZED,1,0.03602733398832788,0.016981920895916068,1.03,-0.03266240752227813,,,,,,,,Line_3,2,3,1.0,1.03,-0.03266240752227813,1.01,-0.06340566914224428,1.7614591392905936,Line_3,2,3,1.0,11.664097904458096,63.50034463342252,51.836246728964426,GENROU_4,6,GENROU_1,1,1.0,1.0,0.0,GENROU_1,1,GENROU_1,1,1.4713550993840399,2.033928865595403,GENROU_5,8,GENROU_2,2
1,1,0.005,0.005,0.001,NEXT_STEP,0,0.03602733398832788,0.016981920895916068,1.03,-0.03266240752227813,,,,,,,,Line_3,2,3,1.0,1.03,-0.03266240752227813,1.01,-0.06340566914224428,1.7614591392905936,Line_3,2,3,1.0,11.664097904458096,63.50034463342252,51.836246728964426,GENROU_4,6,GENROU_1,1,1.0,1.0,0.0,GENROU_1,1,GENROU_1,1,1.4713550993840399,2.033928865595403,GENROU_5,8,GENROU_2,2
3,2,0.01,0.005,0.001,NEXT_STEP,1,0.03602719338258341,0.016981796635349385,1.03000001406883,-0.03266239485448603,,,,,,,,Line_3,2,3,1.0,1.03000001406883,-0.03266239485448603,1.0100000096398265,-0.06340565895656093,1.7614592815049548,Line_3,2,3,1.0,11.664097904458096,63.50034463342252,51.836246728964426,GENROU_4,6,GENROU_1,1,1.0,1.0,0.0,GENROU_1,1,GENROU_1,1,1.4713551036421664,2.0339288654839516,GENROU_5,8,GENROU_2,2
5,2,0.015000000000000001,0.005,0.001,NEXT_STEP,1,0.036027193380645924,0.016981796633551805,1.0300000152454991,-0.032662393751366904,,,,,,,,Line_3,2,3,1.0,1.0300000152454991,-0.032662393751366904,1.0100000106571838,-0.06340565785685262,1.761459281700354,Line_3,2,3,1.0,11.664097904458096,63.50034463342252,51.836246728964426,GENROU_4,6,GENROU_1,1,1.0,1.0,0.0,GENROU_1,1,GENROU_1,1,1.4713551012042765,2.0339288618915767,GENROU_5,8,GENROU_2,2
7,2,0.02,0.005,0.001,NEXT_STEP,1,0.03602719338193425,0.01698179663467751,1.0300000163313436,-0.03266239274779202,,,,,,,,Line_3,2,3,1.0,1.0300000163313436,-0.03266239274779202,1.0100000116086187,-0.06340565685082944,1.761459281560093,Line_3,2,3,1.0,11.664097904458096,63.50034463342252,51.836246728964426,GENROU_4,6,GENROU_1,1,1.0,1.0,0.0,GENROU_1,1,GENROU_1,1,1.4713550980433239,2.0339288479669517,GENROU_5,8,GENROU_2,2
8,1,0.025,0.005,0.001,NEXT_STEP,0,0.03602719338193425,0.01698179663467751,1.0300000173325352,-0.03266239182216218,,,,,,,,Line_3,2,3,1.0,1.0300000173325352,-0.03266239182216218,1.0100000124957051,-0.06340565591891963,1.761459281200274,Line_3,2,3,1.0,11.664097904458096,63.50034463342252,51.836246728964426,GENROU_4,6,GENROU_1,1,1.0,1.0,0.0,GENROU_1,1,GENROU_1,1,1.4713550944465792,2.0339288225446297,GENROU_5,8,GENROU_2,2
9,1,0.030000000000000002,0.005,0.001,NEXT_STEP,0,0.03602719338193425,0.01698179663467751,1.0300000182589253,-0.03266239096942506,,,,,,,,Line_3,2,3,1.0,1.0300000182589253,-0.03266239096942506,1.010000013324979,-0.06340565505669876,1.7614592806569078,Line_3,2,3,1.0,11.664097904458096,63.50034463342252,51.836246728964426,GENROU_4,6,GENROU_1,1,1.0,1.0,0.0,GENROU_1,1,GENROU_1,1,1.47135509070114,2.0339287866896867,GENROU_5,8,GENROU_2,2
10,1,0.035,0.005,0.001,NEXT_STEP,0,0.03602719338193425,0.01698179663467751,1.0300000191257186,-0.03266239020129466,,,,,,,,Line_3,2,3,1.0,1.0300000191257186,-0.03266239020129466,1.0100000141124306,-0.06340565428889186,1.7614592806754388,Line_3,2,3,1.0,11.664097904458096,63.50034463342252,51.836246728964426,GENROU_4,6,GENROU_1,1,1.0,1.0,0.0,GENROU_1,1,GENROU_1,1,1.471355087047372,2.033928742509833,GENROU_5,8,GENROU_2,2
11,1,0.04,0.005,0.001,NEXT_STEP,0,0.03602719338193425,0.01698179663467751,1.0300000199433357,-0.03266238951879669,,,,,,,,Line_3,2,3,1.0,1.0300000199433357,-0.03266238951879669,1.0100000148676982,-0.06340565362401314,1.7614592816849495,Line_3,2,3,1.0,11.664097904458096,63.50034463342252,51.836246728964426,GENROU_4,6,GENROU_1,1,1.0,1.0,0.0,GENROU_1,1,GENROU_1,1,1.4713550833818263,2.0339286924669384,GENROU_5,8,GENROU_2,2
12,1,0.045000000000000005,0.005,0.001,NEXT_STEP,0,0.03602719338193425,0.01698179663467751,1.0300000206342763,-0.03266238886520877,,,,,,,,Line_3,2,3,1.0,1.0300000206342763,-0.03266238886520877,1.0100000155204243,-0.06340565299495733,1.7614592830905167,Line_3,2,3,1.0,11.664097904458096,63.50034463342252,51.836246728964426,GENROU_4,6,GENROU_1,1,1.0,1.0,0.0,GENROU_1,1,GENROU_1,1,1.4713550799970303,2.033928638948547,GENROU_5,8,GENROU_2,2
13,1,0.05,0.005,0.001,NEXT_STEP,0,0.03602719338193425,0.01698179663467751,1.0300000213332685,-0.03266238837128554,,,,,,,,Line_3,2,3,1.0,1.0300000213332685,-0.03266238837128554,1.0100000161826521,-0.06340565259874478,1.7614592886889398,Line_3,2,3,1.0,11.664097904458096,63.50034463342252,51.836246728964426,GENROU_4,6,GENROU_1,1,1.0,1.0,0.0,GENROU_1,1,GENROU_1,1,1.4713550767583214,2.0339285840549173,GENROU_5,8,GENROU_2,2
14,1,0.055,0.005,0.001,NEXT_STEP,0,0.03602719338193425,0.01698179663467751,1.0300000220167962,-0.03266238793176071,,,,,,,,Line_3,2,3,1.0,1.0300000220167962,-0.03266238793176071,1.010000016827198,-0.06340565204796329,1.761459282314405,Line_3,2,3,1.0,11.664097904458096,63.50034463342252,51.836246728964426,GENROU_4,6,GENROU_1,1,1.0,1.0,0.0,GENROU_1,1,GENROU_1,1,1.4713550735985232,2.0339285294984446,GENROU_5,8,GENROU_2,2
15,1,0.060000000000000005,0.005,0.001,NEXT_STEP,0,0.03602719338193425,0.01698179663467751,1.0300000226371957,-0.0326623876030008,,,,,,,,Line_3,2,3,1.0,1.0300000226371957,-0.0326623876030008,1.0100000174186734,-0.06340565170588837,1.7614592815515095,Line_3,2,3,1.0,11.664097904458096,63.50034463342252,51.836246728964426,GENROU_4,6,GENROU_1,1,1.0,1.0,0.0,GENROU_1,1,GENROU_1,1,1.4713550706160594,2.0339284765840504,GENROU_5,8,GENROU_2,2
16,1,0.065,0.005,0.001,NEXT_STEP,0,0.03602719338193425,0.01698179663467751,1.0300000232122533,-0.03266238713091951,,,,,,,,Line_3,2,3,1.0,1.0300000232122533,-0.03266238713091951,1.0100000179679611,-0.06340565122849913,1.7614592812473688,Line_3,2,3,1.0,11.664097904458096,63.50034463342252,51.836246728964426,GENROU_4,6,GENROU_1,1,1.0,1.0,0.0,GENROU_1,1,GENROU_1,1,1.4713550677725566,2.0339284262211623,GENROU_5,8,GENROU_2,2
17,1,0.07,0.005,0.001,NEXT_STEP,0,0.03602719338193425,0.01698179663467751,1.0300000236459057,-0.032662386866082124,,,,,,,,Line_3,2,3,1.0,1.0300000236459057,-0.032662386866082124,1.0100000183884161,-0.0634056509639491,1.7614592812638534,Line_3,2,3,1.0,11.664097904458096,63.50034463342252,51.836246728964426,GENROU_4,6,GENROU_1,1,1.0,1.0,0.0,GENROU_1,1,GENROU_1,1,1.4713550651848248,2.0339283789278406,GENROU_5,8,GENROU_2,2
18,1,0.07500000000000001,0.005,0.001,NEXT_STEP,0,0.03602719338193425,0.01698179663467751,1.0300000242503797,-0.03266238647568215,,,,,,,,Line_3,2,3,1.0,1.0300000242503797,-0.03266238647568215,1.010000018971161,-0.06340565055718358,1.7614592803261644,Line_3,2,3,1.0,11.664097904458096,63.50034463342252,51.836246728964426,GENROU_4,6,GENROU_1,1,1.0,1.0,0.0,GENROU_1,1,GENROU_1,1,1.4713550625484266,2.0339283349757604,GENROU_5,8,GENROU_2,2
19,1,0.08,0.005,0.001,NEXT_STEP,0,0.03602719338193425,0.01698179663467751,1.0300000247070158,-0.032662386211695316,,,,,,,,Line_3,2,3,1.0,1.0300000247070158,-0.032662386211695316,1.0100000194140915,-0.06340565028553563,1.7614592798872195,Line_3,2,3,1.0,11.664097904458096,63.50034463342252,51.836246728964426,GENROU_4,6,GENROU_1,1,1.0,1.0,0.0,GENROU_1,1,GENROU_1,1,1.4713550603004326,2.0339282944318993,GENROU_5,8,GENROU_2,2
20,1,0.085,0.005,0.001,NEXT_STEP,0,0.03602719338193425,0.01698179663467751,1.0300000250529155,-0.032662385892706584,,,,,,,,Line_3,2,3,1.0,1.0300000250529155,-0.032662385892706584,1.0100000197502228,-0.06340564994785561,1.7614592788162895,Line_3,2,3,1.0,11.664097904458096,63.50034463342252,51.836246728964426,GENROU_4,6,GENROU_1,1,1.0,1.0,0.0,GENROU_1,1,GENROU_1,1,1.4713550580380474,2.033928258134439,GENROU_5,8,GENROU_2,2
21,1,0.09000000000000001,0.005,0.001,NEXT_STEP,0,0.03602719338193425,0.01698179663467751,1.030000025499264,-0.03266238573589097,,,,,,,,Line_3,2,3,1.0,1.030000025499264,-0.03266238573589097,1.0100000201896528,-0.06340564979440196,1.7614592790089034,Line_3,2,3,1.0,11.664097904458096,63.50034463342252,51.836246728964426,GENROU_4,6,GENROU_1,1,1.0,1.0,0.0,GENROU_1,1,GENROU_1,1,1.4713550562214912,2.033928226599117,GENROU_5,8,GENROU_2,2
22,1,0.095,0.005,0.001,NEXT_STEP,0,0.03602719338193425,0.01698179663467751,1.0300000257775557,-0.032662385631358364,,,,,,,,Line_3,2,3,1.0,1.0300000257775557,-0.032662385631358364,1.010000020476398,-0.06340564969192855,1.7614592791269104,Line_3,2,3,1.0,11.664097904458096,63.50034463342252,51.836246728964426,GENROU_4,6,GENROU_1,1,1.0,1.0,0.0,GENROU_1,1,GENROU_1,1,1.4713550546343013,2.0339281989872777,GENROU_5,8,GENROU_2,2
23,1,0.1,0.005,0.001,NEXT_STEP,0,0.03602719338193425,0.01698179663467751,1.030000025912931,-0.032662385520180845,,,,,,,,Line_3,2,3,1.0,1.030000025912931,-0.032662385520180845,1.0100000206210886,-0.06340564954429381,1.7614592770380568,Line_3,2,3,1.0,11.664097904458096,63.50034463342252,51.836246728964426,GENROU_4,6,GENROU_1,1,1.0,1.0,0.0,GENROU_1,1,GENROU_1,1,1.4713550545453278,2.0339281753630365,GENROU_5,8,GENROU_2,2
24,1,0.10500000000000001,0.005,0.001,NEXT_STEP,0,0.03602719338193425,0.01698179663467751,1.030000026019014,-0.032662385520180845,,,,,,,,Line_3,2,3,1.0,1.030000026019014,-0.032662385520180845,1.0100000207322193,-0.06340564954429381,1.7614592770380568,Line_3,2,3,1.0,11.664097904458096,63.50034463342252,51.836246728964426,GENROU_4,6,GENROU_1,1,1.0,1.0,0.0,GENROU_1,1,GENROU_1,1,1.4713550541178901,2.033928156564951,GENROU_5,8,GENROU_2,2
25,1,0.11,0.005,0.001,NEXT_STEP,0,0.03602719338193425,0.01698179663467751,1.030000026019014,-0.032662385520180845,,,,,,,,Line_3,2,3,1.0,1.030000026019014,-0.032662385520180845,1.0100000207322193,-0.06340564954429381,1.7614592770380568,Line_3,2,3,1.0,11.664097904458096,63.50034463342252,51.836246728964426,GENROU_4,6,GENROU_1,1,1.0,1.0,0.0,GENROU_1,1,GENROU_1,1,1.4713550528510386,2.0339281420399242,GENROU_5,8,GENROU_2,2
26,1,0.115,0.005,0.001,NEXT_STEP,0,0.03602719338193425,0.01698179663467751,1.0300000259120667,-0.032662385520180845,,,,,,,,Line_3,2,3,1.0,1.0300000259120667,-0.032662385520180845,1.0100000207322193,-0.06340564954429381,1.7614592770380568,Line_3,2,3,1.0,11.664097904458096,63.50034463342252,51.836246728964426,GENROU_4,6,GENROU_1,1,1.0,1.0,0.0,GENROU_1,1,GENROU_1,1,1.4713550528510386,2.0339281308329675,GENROU_5,8,GENROU_2,2
27,1,0.12000000000000001,0.005,0.001,NEXT_STEP,0,0.03602719338193425,0.01698179663467751,1.0300000259120667,-0.032662385520180845,,,,,,,,Line_3,2,3,1.0,1.0300000259120667,-0.032662385520180845,1.010000020629563,-0.06340564954429381,1.7614592770380568,Line_3,2,3,1.0,11.664097904458096,63.50034463342252,51.836246728964426,GENROU_4,6,GENROU_1,1,1.0,1.0,0.0,GENROU_1,1,GENROU_1,1,1.4713550528510386,2.033928122184488,GENROU_5,8,GENROU_2,2
28,1,0.125,0.005,0.001,NEXT_STEP,0,0.03602719338193425,0.01698179663467751,1.0300000258055078,-0.032662385520180845,,,,,,,,Line_3,2,3,1.0,1.0300000258055078,-0.032662385520180845,1.010000020629563,-0.06340564954429381,1.7614592770380568,Line_3,2,3,1.0,11.664097904458096,63.50034463342252,51.836246728964426,GENROU_4,6,GENROU_1,1,1.0,1.0,0.0,GENROU_1,1,GENROU_1,1,1.4713550528510386,2.033928115503064,GENROU_5,8,GENROU_2,2
29,1,0.13,0.005,0.001,NEXT_STEP,0,0.03602719338193425,0.01698179663467751,1.0300000258055078,-0.032662385520180845,,,,,,,,Line_3,2,3,1.0,1.0300000258055078,-0.032662385520180845,1.0100000205239859,-0.06340564954429381,1.7614592770380568,Line_3,2,3,1.0,11.664097904458096,63.50034463342252,51.836246728964426,GENROU_4,6,GENROU_1,1,1.0,1.0,0.0,GENROU_1,1,GENROU_1,1,1.4713550528510386,2.0339281103413107,GENROU_5,8,GENROU_2,2
30,1,0.135,0.005,0.001,NEXT_STEP,0,0.03602719338193425,0.01698179663467751,1.0300000256976616,-0.032662385520180845,,,,,,,,Line_3,2,3,1.0,1.0300000256976616,-0.032662385520180845,1.0100000205239859,-0.06340564954429381,1.7614592770380568,Line_3,2,3,1.0,11.664097904458096,63.50034463342252,51.836246728964426,GENROU_4,6,GENROU_1,1,1.0,1.0,0.0,GENROU_1,1,GENROU_1,1,1.4713550528510386,2.0339281063610812,GENROU_5,8,GENROU_2,2
31,1,0.14,0.005,0.001,NEXT_STEP,0,0.03602719338193425,0.01698179663467751,1.0300000256976616,-0.032662385520180845,,,,,,,,Line_3,2,3,1.0,1.0300000256976616,-0.032662385520180845,1.0100000205239859,-0.06340564954429381,1.7614592770380568,Line_3,2,3,1.0,11.664097904458096,63.50034463342252,51.836246728964426,GENROU_4,6,GENROU_1,1,1.0,1.0,0.0,GENROU_1,1,GENROU_1,1,1.4713550528510386,2.033928103282543,GENROU_5,8,GENROU_2,2
32,1,0.14500000000000002,0.005,0.001,NEXT_STEP,0,0.03602719338193425,0.01698179663467751,1.0300000255888695,-0.032662385520180845,,,,,,,,Line_3,2,3,1.0,1.0300000255888695,-0.032662385520180845,1.0100000204174795,-0.06340564954429381,1.7614592770380568,Line_3,2,3,1.0,11.664097904458096,63.50034463342252,51.836246728964426,GENROU_4,6,GENROU_1,1,1.0,1.0,0.0,GENROU_1,1,GENROU_1,1,1.471355052840809,2.033928100900358,GENROU_5,8,GENROU_2,2
33,1,0.15000000000000002,0.005,0.001,NEXT_STEP,0,0.03602719338193425,0.01698179663467751,1.0300000255888695,-0.032662385620889904,,,,,,,,Line_3,2,3,1.0,1.0300000255888695,-0.032662385620889904,1.0100000204174795,-0.06340564954429381,1.761459271267853,Line_3,2,3,1.0,11.664097904458096,63.50034463342252,51.836246728964426,GENROU_4,6,GENROU_1,1,1.0,1.0,0.0,GENROU_1,1,GENROU_1,1,1.471355052840809,2.0339280990560504,GENROU_5,8,GENROU_2,2
34,1,0.155,0.005,0.001,NEXT_STEP,0,0.03602719338193425,0.01698179663467751,1.0300000254801114,-0.032662385620889904,,,,,,,,Line_3,2,3,1.0,1.0300000254801114,-0.032662385620889904,1.0100000204174795,-0.06340564964737265,1.7614592771738273,Line_3,2,3,1.0,11.664097904458096,63.50034463342252,51.836246728964426,GENROU_4,6,GENROU_1,1,1.0,1.0,0.0,GENROU_1,1,GENROU_1,1,1.471355052840809,2.033928097627119,GENROU_5,8,GENROU_2,2
35,1,0.16,0.005,0.001,NEXT_STEP,0,0.03602719338193425,0.01698179663467751,1.0300000254801114,-0.032662385620889904,,,,,,,,Line_3,2,3,1.0,1.0300000254801114,-0.032662385620889904,1.010000020310647,-0.06340564964737265,1.7614592771738273,Line_3,2,3,1.0,11.664097904458096,63.50034463342252,51.836246728964426,GENROU_4,6,GENROU_1,1,1.0,1.0,0.0,GENROU_1,1,GENROU_1,1,1.471355052840809,2.033928096519064,GENROU_5,8,GENROU_2,2
36,1,0.165,0.005,0.001,NEXT_STEP,0,0.03602719338193425,0.01698179663467751,1.0300000253713104,-0.032662385620889904,,,,,,,,Line_3,2,3,1.0,1.0300000253713104,-0.032662385620889904,1.010000020310647,-0.06340564964737265,1.7614592771738273,Line_3,2,3,1.0,11.664097904458096,63.50034463342252,51.836246728964426,GENROU_4,6,GENROU_1,1,1.0,1.0,0.0,GENROU_1,1,GENROU_1,1,1.471355052840809,2.0339280956587933,GENROU_5,8,GENROU_2,2
37,1,0.17,0.005,0.001,NEXT_STEP,0,0.03602719338193425,0.01698179663467751,1.0300000253713104,-0.032662385620889904,,,,,,,,Line_3,2,3,1.0,1.0300000253713104,-0.032662385620889904,1.010000020310647,-0.06340564964737265,1.7614592771738273,Line_3,2,3,1.0,11.664097904458096,63.50034463342252,51.836246728964426,GENROU_4,6,GENROU_1,1,1.0,1.0,0.0,GENROU_1,1,GENROU_1,1,1.471355052840809,2.0339280949899683,GENROU_5,8,GENROU_2,2
38,1,0.17500000000000002,0.005,0.001,NEXT_STEP,0,0.03602719338193425,0.01698179663467751,1.0300000252630441,-0.032662385620889904,,,,,,,,Line_3,2,3,1.0,1.0300000252630441,-0.032662385620889904,1.0100000202042454,-0.06340564964737265,1.7614592771738273,Line_3,2,3,1.0,11.664097904458096,63.50034463342252,51.836246728964426,GENROU_4,6,GENROU_1,1,1.0,1.0,0.0,GENROU_1,1,GENROU_1,1,1.471355052840809,2.0339280945543345,GENROU_5,8,GENROU_2,2
39,1,0.18000000000000002,0.005,0.001,NEXT_STEP,0,0.03602719338193425,0.01698179663467751,1.0300000252630441,-0.03266238572315833,,,,,,,,Line_3,2,3,1.0,1.0300000252630441,-0.03266238572315833,1.0100000202042454,-0.06340564964737265,1.761459271314294,Line_3,2,3,1.0,11.664097904458096,63.50034463342252,51.836246728964426,GENROU_4,6,GENROU_1,1,1.0,1.0,0.0,GENROU_1,1,GENROU_1,1,1.471355052840809,2.0339280945543345,GENROU_5,8,GENROU_2,2
40,1,0.185,0.005,0.001,NEXT_STEP,0,0.03602719338193425,0.01698179663467751,1.0300000251550432,-0.03266238572315833,,,,,,,,Line_3,2,3,1.0,1.0300000251550432,-0.03266238572315833,1.0100000202042454,-0.06340564974936953,1.7614592771582807,Line_3,2,3,1.0,11.664097904458096,63.50034463342252,51.836246728964426,GENROU_4,6,GENROU_1,1,1.0,1.0,0.0,GENROU_1,1,GENROU_1,1,1.471355052840809,2.0339280945543345,GENROU_5,8,GENROU_2,2
41,1,0.19,0.005,0.001,NEXT_STEP,0,0.03602719338193425,0.01698179663467751,1.0300000251550432,-0.03266238572315833,,,,,,,,Line_3,2,3,1.0,1.0300000251550432,-0.03266238572315833,1.0100000200983432,-0.06340564974936953,1.7614592771582807,Line_3,2,3,1.0,11.664097904458096,63.50034463342252,51.836246728964426,GENROU_4,6,GENROU_1,1,1.0,1.0,0.0,GENROU_1,1,GENROU_1,1,1.4713550526846895,2.0339280944541973,GENROU_5,8,GENROU_2,2
42,1,0.195,0.005,0.001,NEXT_STEP,0,0.03602719338193425,0.01698179663467751,1.0300000250478267,-0.03266238572315833,,,,,,,,Line_3,2,3,1.0,1.0300000250478267,-0.03266238572315833,1.0100000200983432,-0.06340564974936953,1.7614592771582807,Line_3,2,3,1.0,11.664097904458096,63.50034463342252,51.836246728964426,GENROU_4,6,GENROU_1,1,1.0,1.0,0.0,GENROU_1,1,GENROU_1,1,1.4713550526846895,2.0339280944541973,GENROU_5,8,GENROU_2,2
43,1,0.2,0.005,0.001,NEXT_STEP,0,0.03602719338193425,0.01698179663467751,1.0300000250478267,-0.03266238572315833,,,,,,,,Line_3,2,3,1.0,1.0300000250478267,-0.03266238572315833,1.0100000199934294,-0.06340564974936953,1.7614592771582807,Line_3,2,3,1.0,11.664097904458096,63.50034463342252,51.836246728964426,GENROU_4,6,GENROU_1,1,1.0,1.0,0.0,GENROU_1,1,GENROU_1,1,1.4713550526846895,2.0339280944541973,GENROU_5,8,GENROU_2,2
44,1,0.20500000000000002,0.005,0.001,NEXT_STEP,0,0.03602719338193425,0.01698179663467751,1.0300000249410177,-0.03266238582411234,,,,,,,,Line_3,2,3,1.0,1.0300000249410177,-0.03266238582411234,1.0100000199934294,-0.06340564974936953,1.7614592713740365,Line_3,2,3,1.0,11.664097904458096,63.50034463342252,51.836246728964426,GENROU_4,6,GENROU_1,1,1.0,1.0,0.0,GENROU_1,1,GENROU_1,1,1.4713550526846895,2.0339280943532385,GENROU_5,8,GENROU_2,2
45,1,0.21000000000000002,0.005,0.001,NEXT_STEP,0,0.03602719338193425,0.01698179663467751,1.0300000249410177,-0.03266238582411234,,,,,,,,Line_3,2,3,1.0,1.0300000249410177,-0.03266238582411234,1.0100000199934294,-0.0634056498499099,1.761459277134577,Line_3,2,3,1.0,11.664097904458096,63.50034463342252,51.836246728964426,GENROU_4,6,GENROU_1,1,1.0,1.0,0.0,GENROU_1,1,GENROU_1,1,1.4713550526846895,2.0339280943532385,GENROU_5,8,GENROU_2,2
46,1,0.21500000000000002,0.005,0.001,NEXT_STEP,0,0.03602719338193425,0.01698179663467751,1.0300000248350005,-0.03266238582411234,,,,,,,,Line_3,2,3,1.0,1.0300000248350005,-0.03266238582411234,1.0100000198892713,-0.0634056498499099,1.761459277134577,Line_3,2,3,1.0,11.664097904458096,63.50034463342252,51.836246728964426,GENROU_4,6,GENROU_1,1,1.0,1.0,0.0,GENROU_1,1,GENROU_1,1,1.4713550526846895,2.0339280943532385,GENROU_5,8,GENROU_2,2
47,1,0.22,0.005,0.001,NEXT_STEP,0,0.03602719338193425,0.01698179663467751,1.0300000248350005,-0.03266238582411234,,,,,,,,Line_3,2,3,1.0,1.0300000248350005,-0.03266238582411234,1.0100000198892713,-0.0634056498499099,1.761459277134577,Line_3,2,3,1.0,11.664097904458096,63.50034463342252,51.836246728964426,GENROU_4,6,GENROU_1,1,1.0,1.0,0.0,GENROU_1,1,GENROU_1,1,1.4713550526846895,2.0339280943532385,GENROU_5,8,GENROU_2,2
48,1,0.225,0.005,0.001,NEXT_STEP,0,0.03602719338193425,0.01698179663467751,1.0300000247339254,-0.03266238582411234,,,,,,,,Line_3,2,3,1.0,1.0300000247339254,-0.03266238582411234,1.0100000198892713,-0.0634056498499099,1.761459277134577,Line_3,2,3,1.0,11.664097904458096,63.50034463342252,51.836246728964426,GENROU_4,6,GENROU_1,1,1.0,1.0,0.0,GENROU_1,1,GENROU_1,1,1.4713550526846895,2.0339280942510283,GENROU_5,8,GENROU_2,2
49,1,0.23,0.005,0.001,NEXT_STEP,0,0.03602719338193425,0.01698179663467751,1.0300000247339254,-0.03266238582411234,,,,,,,,Line_3,2,3,1.0,1.0300000247339254,-0.03266238582411234,1.0100000197880792,-0.0634056498499099,1.761459277134577,Line_3,2,3,1.0,11.664097904458096,63.50034463342252,51.836246728964426,GENROU_4,6,GENROU_1,1,1.0,1.0,0.0,GENROU_1,1,GENROU_1,1,1.4713550526846895,2.0339280930830577,GENROU_5,8,GENROU_2,2
50,1,0.23500000000000001,0.005,0.001,NEXT_STEP,0,0.03602719338193425,0.01698179663467751,1.030000024628916,-0.03266238582411234,,,,,,,,Line_3,2,3,1.0,1.030000024628916,-0.03266238582411234,1.0100000197880792,-0.0634056498499099,1.761459277134577,Line_3,2,3,1.0,11.664097904458096,63.50034463342252,51.836246728964426,GENROU_4,6,GENROU_1,1,1.0,1.0,0.0,GENROU_1,1,GENROU_1,1,1.4713550525394308,2.0339280917837925,GENROU_5,8,GENROU_2,2
51,1,0.24000000000000002,0.005,0.001,NEXT_STEP,0,0.03602719338193425,0.01698179663467751,1.030000024628916,-0.032662385924298876,,,,,,,,Line_3,2,3,1.0,1.030000024628916,-0.032662385924298876,1.0100000197880792,-0.06340564995024388,1.7614592771430182,Line_3,2,3,1.0,11.664097904458096,63.50034463342252,51.836246728964426,GENROU_4,6,GENROU_1,1,1.0,1.0,0.0,GENROU_1,1,GENROU_1,1,1.4713550525394308,2.0339280907761315,GENROU_5,8,GENROU_2,2
52,1,0.24500000000000002,0.005,0.001,NEXT_STEP,0,0.03602719338193425,0.01698179663467751,1.0300000245241525,-0.032662385924298876,,,,,,,,Line_3,2,3,1.0,1.0300000245241525,-0.032662385924298876,1.0100000196851342,-0.06340564995024388,1.7614592771430182,Line_3,2,3,1.0,11.664097904458096,63.50034463342252,51.836246728964426,GENROU_4,6,GENROU_1,1,1.0,1.0,0.0,GENROU_1,1,GENROU_1,1,1.4713550525394308,2.0339280899937893,GENROU_5,8,GENROU_2,2
53,1,0.25,0.005,0.001,NEXT_STEP,0,0.03602719338193425,0.01698179663467751,1.0300000245241525,-0.032662385924298876,,,,,,,,Line_3,2,3,1.0,1.0300000245241525,-0.032662385924298876,1.0100000196851342,-0.06340564995024388,1.7614592771430182,Line_3,2,3,1.0,11.664097904458096,63.50034463342252,51.836246728964426,GENROU_4,6,GENROU_1,1,1.0,1.0,0.0,GENROU_1,1,GENROU_1,1,1.4713550525394308,2.033928089371381,GENROU_5,8,GENROU_2,2
54,1,0.255,0.005,0.001,NEXT_STEP,0,0.03602719338193425,0.01698179663467751,1.030000024419662,-0.032662385924298876,,,,,,,,Line_3,2,3,1.0,1.030000024419662,-0.032662385924298876,1.0100000195825827,-0.06340564995024388,1.7614592771430182,Line_3,2,3,1.0,11.664097904458096,63.50034463342252,51.836246728964426,GENROU_4,6,GENROU_1,1,1.0,1.0,0.0,GENROU_1,1,GENROU_1,1,1.4713550525394308,2.0339280878864354,GENROU_5,8,GENROU_2,2
55,1,0.26,0.005,0.001,NEXT_STEP,0,0.03602719338193425,0.01698179663467751,1.030000024419662,-0.032662385924298876,,,,,,,,Line_3,2,3,1.0,1.030000024419662,-0.032662385924298876,1.0100000195825827,-0.06340564995024388,1.7614592771430182,Line_3,2,3,1.0,11.664097904458096,63.50034463342252,51.836246728964426,GENROU_4,6,GENROU_1,1,1.0,1.0,0.0,GENROU_1,1,GENROU_1,1,1.4713550525394308,2.033928086630671,GENROU_5,8,GENROU_2,2
56,1,0.265,0.005,0.001,NEXT_STEP,0,0.03602719338193425,0.01698179663467751,1.0300000243154952,-0.03266238603445045,,,,,,,,Line_3,2,3,1.0,1.0300000243154952,-0.03266238603445045,1.0100000194770709,-0.06340565006101691,1.7614592771786306,Line_3,2,3,1.0,11.664097904458096,63.50034463342252,51.836246728964426,GENROU_4,6,GENROU_1,1,1.0,1.0,0.0,GENROU_1,1,GENROU_1,1,1.4713550525394308,2.0339280856568203,GENROU_5,8,GENROU_2,2
57,1,0.27,0.005,0.001,NEXT_STEP,0,0.03602719338193425,0.01698179663467751,1.0300000242067007,-0.03266238603445045,,,,,,,,Line_3,2,3,1.0,1.0300000242067007,-0.03266238603445045,1.0100000194770709,-0.06340565006101691,1.7614592771786306,Line_3,2,3,1.0,11.664097904458096,63.50034463342252,51.836246728964426,GENROU_4,6,GENROU_1,1,1.0,1.0,0.0,GENROU_1,1,GENROU_1,1,1.4713550523677523,2.0339280849008894,GENROU_5,8,GENROU_2,2
58,1,0.275,0.005,0.001,NEXT_STEP,0,0.03602719338193425,0.01698179663467751,1.0300000240977485,-0.03266238603445045,,,,,,,,Line_3,2,3,1.0,1.0300000240977485,-0.03266238603445045,1.0100000193624685,-0.06340565006101691,1.7614592771786306,Line_3,2,3,1.0,11.664097904458096,63.50034463342252,51.836246728964426,GENROU_4,6,GENROU_1,1,1.0,1.0,0.0,GENROU_1,1,GENROU_1,1,1.4713550523677523,2.033928084304379,GENROU_5,8,GENROU_2,2
59,1,0.28,0.005,0.001,NEXT_STEP,0,0.03602719338193425,0.01698179663467751,1.0300000239653622,-0.03266238613752266,,,,,,,,Line_3,2,3,1.0,1.0300000239653622,-0.03266238613752266,1.0100000193624685,-0.06340565016392356,1.7614592771691377,Line_3,2,3,1.0,11.664097904458096,63.50034463342252,51.836246728964426,GENROU_4,6,GENROU_1,1,1.0,1.0,0.0,GENROU_1,1,GENROU_1,1,1.4713550523677523,2.0339280830392577,GENROU_5,8,GENROU_2,2
60,1,0.28500000000000003,0.005,0.001,NEXT_STEP,0,0.03602719338193425,0.01698179663467751,1.0300000238439926,-0.03266238613752266,,,,,,,,Line_3,2,3,1.0,1.0300000238439926,-0.03266238613752266,1.0100000192555045,-0.06340565016392356,1.7614592771691377,Line_3,2,3,1.0,11.664097904458096,63.50034463342252,51.836246728964426,GENROU_4,6,GENROU_1,1,1.0,1.0,0.0,GENROU_1,1,GENROU_1,1,1.4713550523677523,2.033928081749731,GENROU_5,8,GENROU_2,2
61,1,0.29000000000000004,0.005,0.001,NEXT_STEP,0,0.03602719338193425,0.01698179663467751,1.0300000237356426,-0.03266238613752266,,,,,,,,Line_3,2,3,1.0,1.0300000237356426,-0.03266238613752266,1.0100000191396095,-0.06340565016392356,1.7614592771691377,Line_3,2,3,1.0,11.664097904458096,63.50034463342252,51.836246728964426,GENROU_4,6,GENROU_1,1,1.0,1.0,0.0,GENROU_1,1,GENROU_1,1,1.4713550523677523,2.0339280807501745,GENROU_5,8,GENROU_2,2
62,1,0.29500000000000004,0.005,0.001,NEXT_STEP,0,0.03602719338193425,0.01698179663467751,1.0300000237356426,-0.032662386248374406,,,,,,,,Line_3,2,3,1.0,1.0300000237356426,-0.032662386248374406,1.0100000191396095,-0.0634056502664571,1.761459276692534,Line_3,2,3,1.0,11.664097904458096,63.50034463342252,51.836246728964426,GENROU_4,6,GENROU_1,1,1.0,1.0,0.0,GENROU_1,1,GENROU_1,1,1.471355052212859,2.0339280799744768,GENROU_5,8,GENROU_2,2
63,1,0.30000000000000004,0.005,0.001,NEXT_STEP,0,0.03602719338193425,0.01698179663467751,1.0300000236273443,-0.032662386248374406,,,,,,,,Line_3,2,3,1.0,1.0300000236273443,-0.032662386248374406,1.0100000190253615,-0.0634056502664571,1.761459276692534,Line_3,2,3,1.0,11.664097904458096,63.50034463342252,51.836246728964426,GENROU_4,6,GENROU_1,1,1.0,1.0,0.0,GENROU_1,1,GENROU_1,1,1.471355052212859,2.0339280793716865,GENROU_5,8,GENROU_2,2
64,1,0.305,0.005,0.001,NEXT_STEP,0,0.03602719338193425,0.01698179663467751,1.0300000235271556,-0.032662386248374406,,,,,,,,Line_3,2,3,1.0,1.0300000235271556,-0.032662386248374406,1.0100000189236178,-0.0634056502664571,1.761459276692534,Line_3,2,3,1.0,11.664097904458096,63.50034463342252,51.836246728964426,GENROU_4,6,GENROU_1,1,1.0,1.0,0.0,GENROU_1,1,GENROU_1,1,1.471355052099363,2.0339280791668104,GENROU_5,8,GENROU_2,2
65,1,0.31,0.005,0.001,NEXT_STEP,0,0.03602719338193425,0.01698179663467751,1.0300000233951296,-0.03266238634934052,,,,,,,,Line_3,2,3,1.0,1.0300000233951296,-0.03266238634934052,1.0100000189236178,-0.0634056502664571,1.7614592709076078,Line_3,2,3,1.0,11.664097904458096,63.50034463342252,51.836246728964426,GENROU_4,6,GENROU_1,1,1.0,1.0,0.0,GENROU_1,1,GENROU_1,1,1.471355052099363,2.033928077728487,GENROU_5,8,GENROU_2,2
66,1,0.315,0.005,0.001,NEXT_STEP,0,0.03602719338193425,0.01698179663467751,1.0300000232641615,-0.03266238634934052,,,,,,,,Line_3,2,3,1.0,1.0300000232641615,-0.03266238634934052,1.010000018801082,-0.06340565036750481,1.7614592766972237,Line_3,2,3,1.0,11.664097904458096,63.50034463342252,51.836246728964426,GENROU_4,6,GENROU_1,1,1.0,1.0,0.0,GENROU_1,1,GENROU_1,1,1.471355052099363,2.0339280765071672,GENROU_5,8,GENROU_2,2
67,1,0.32,0.005,0.001,NEXT_STEP,0,0.03602719338193425,0.01698179663467751,1.0300000231562856,-0.03266238634934052,,,,,,,,Line_3,2,3,1.0,1.0300000231562856,-0.03266238634934052,1.010000018801082,-0.06340565036750481,1.7614592766972237,Line_3,2,3,1.0,11.664097904458096,63.50034463342252,51.836246728964426,GENROU_4,6,GENROU_1,1,1.0,1.0,0.0,GENROU_1,1,GENROU_1,1,1.471355052099363,2.0339280755603175,GENROU_5,8,GENROU_2,2
68,1,0.325,0.005,0.001,NEXT_STEP,0,0.03602719338193425,0.01698179663467751,1.0300000230484965,-0.032662386451705015,,,,,,,,Line_3,2,3,1.0,1.0300000230484965,-0.032662386451705015,1.0100000186873683,-0.06340565036750481,1.7614592708321766,Line_3,2,3,1.0,11.664097904458096,63.50034463342252,51.836246728964426,GENROU_4,6,GENROU_1,1,1.0,1.0,0.0,GENROU_1,1,GENROU_1,1,1.471355052099363,2.0339280748254795,GENROU_5,8,GENROU_2,2
69,1,0.33,0.005,0.001,NEXT_STEP,0,0.03602719338193425,0.01698179663467751,1.0300000230484965,-0.032662386451705015,,,,,,,,Line_3,2,3,1.0,1.0300000230484965,-0.032662386451705015,1.0100000185813354,-0.06340565046972764,1.761459276689095,Line_3,2,3,1.0,11.664097904458096,63.50034463342252,51.836246728964426,GENROU_4,6,GENROU_1,1,1.0,1.0,0.0,GENROU_1,1,GENROU_1,1,1.4713550519416692,2.033928074254338,GENROU_5,8,GENROU_2,2
70,1,0.335,0.005,0.001,NEXT_STEP,0,0.03602719338193425,0.01698179663467751,1.0300000229404183,-0.032662386451705015,,,,,,,,Line_3,2,3,1.0,1.0300000229404183,-0.032662386451705015,1.0100000185813354,-0.06340565046972764,1.761459276689095,Line_3,2,3,1.0,11.664097904458096,63.50034463342252,51.836246728964426,GENROU_4,6,GENROU_1,1,1.0,1.0,0.0,GENROU_1,1,GENROU_1,1,1.4713550519416692,2.0339280739400074,GENROU_5,8,GENROU_2,2
71,1,0.34,0.005,0.001,NEXT_STEP,0,0.03602719338193425,0.01698179663467751,1.0300000228090311,-0.03266238655860606,,,,,,,,Line_3,2,3,1.0,1.0300000228090311,-0.03266238655860606,1.0100000184585216,-0.0634056505728918,1.7614592764749943,Line_3,2,3,1.0,11.664097904458096,63.50034463342252,51.836246728964426,GENROU_4,6,GENROU_1,1,1.0,1.0,0.0,GENROU_1,1,GENROU_1,1,1.4713550519416692,2.0339280724468525,GENROU_5,8,GENROU_2,2
72,1,0.34500000000000003,0.005,0.001,NEXT_STEP,0,0.03602719338193425,0.01698179663467751,1.0300000227018045,-0.03266238655860606,,,,,,,,Line_3,2,3,1.0,1.0300000227018045,-0.03266238655860606,1.0100000184585216,-0.0634056505728918,1.7614592764749943,Line_3,2,3,1.0,11.664097904458096,63.50034463342252,51.836246728964426,GENROU_4,6,GENROU_1,1,1.0,1.0,0.0,GENROU_1,1,GENROU_1,1,1.4713550519416692,2.033928071287357,GENROU_5,8,GENROU_2,2
73,1,0.35000000000000003,0.005,0.001,NEXT_STEP,0,0.03602719338193425,0.01698179663467751,1.0300000225706214,-0.03266238655860606,,,,,,,,Line_3,2,3,1.0,1.0300000225706214,-0.03266238655860606,1.010000018352639,-0.0634056505728918,1.7614592764749943,Line_3,2,3,1.0,11.664097904458096,63.50034463342252,51.836246728964426,GENROU_4,6,GENROU_1,1,1.0,1.0,0.0,GENROU_1,1,GENROU_1,1,1.4713550519416692,2.033928070388283,GENROU_5,8,GENROU_2,2
74,1,0.35500000000000004,0.005,0.001,NEXT_STEP,0,0.03602719338193425,0.01698179663467751,1.0300000224398578,-0.03266238666415718,,,,,,,,Line_3,2,3,1.0,1.0300000224398578,-0.03266238666415718,1.0100000182465325,-0.06340565067831244,1.7614592764675194,Line_3,2,3,1.0,11.664097904458096,63.50034463342252,51.836246728964426,GENROU_4,6,GENROU_1,1,1.0,1.0,0.0,GENROU_1,1,GENROU_1,1,1.4713550517785552,2.033928069690512,GENROU_5,8,GENROU_2,2
75,1,0.36000000000000004,0.005,0.001,NEXT_STEP,0,0.03602719338193425,0.01698179663467751,1.0300000224398578,-0.03266238666415718,,,,,,,,Line_3,2,3,1.0,1.0300000224398578,-0.03266238666415718,1.0100000182465325,-0.06340565067831244,1.7614592764675194,Line_3,2,3,1.0,11.664097904458096,63.50034463342252,51.836246728964426,GENROU_4,6,GENROU_1,1,1.0,1.0,0.0,GENROU_1,1,GENROU_1,1,1.4713550517785552,2.0339280692460187,GENROU_5,8,GENROU_2,2
76,1,0.36500000000000005,0.005,0.001,NEXT_STEP,0,0.03602719338193425,0.01698179663467751,1.0300000223325227,-0.03266238666415718,,,,,,,,Line_3,2,3,1.0,1.0300000223325227,-0.03266238666415718,1.0100000181408944,-0.06340565067831244,1.7614592764675194,Line_3,2,3,1.0,11.664097904458096,63.50034463342252,51.836246728964426,GENROU_4,6,GENROU_1,1,1.0,1.0,0.0,GENROU_1,1,GENROU_1,1,1.4713550517785552,2.0339280683785534,GENROU_5,8,GENROU_2,2
77,1,0.37,0.005,0.001,NEXT_STEP,0,0.03602719338193425,0.01698179663467751,1.0300000222119654,-0.03266238666415718,,,,,,,,Line_3,2,3,1.0,1.0300000222119654,-0.03266238666415718,1.010000018035198,-0.06340565067831244,1.7614592764675194,Line_3,2,3,1.0,11.664097904458096,63.50034463342252,51.836246728964426,GENROU_4,6,GENROU_1,1,1.0,1.0,0.0,GENROU_1,1,GENROU_1,1,1.4713550517785552,2.0339280670099718,GENROU_5,8,GENROU_2,2
78,1,0.375,0.005,0.001,NEXT_STEP,0,0.03602719338193425,0.01698179663467751,1.0300000221050511,-0.032662386769420924,,,,,,,,Line_3,2,3,1.0,1.0300000221050511,-0.032662386769420924,1.010000018035198,-0.06340565078346645,1.7614592764612382,Line_3,2,3,1.0,11.664097904458096,63.50034463342252,51.836246728964426,GENROU_4,6,GENROU_1,1,1.0,1.0,0.0,GENROU_1,1,GENROU_1,1,1.4713550517785552,2.033928065949492,GENROU_5,8,GENROU_2,2
79,1,0.38,0.005,0.001,NEXT_STEP,0,0.03602719338193425,0.01698179663467751,1.0300000219980725,-0.032662386769420924,,,,,,,,Line_3,2,3,1.0,1.0300000219980725,-0.032662386769420924,1.0100000179203747,-0.06340565078346645,1.7614592764612382,Line_3,2,3,1.0,11.664097904458096,63.50034463342252,51.836246728964426,GENROU_4,6,GENROU_1,1,1.0,1.0,0.0,GENROU_1,1,GENROU_1,1,1.471355051617473,2.0339280651269775,GENROU_5,8,GENROU_2,2
80,1,0.385,0.005,0.001,NEXT_STEP,0,0.03602719338193425,0.01698179663467751,1.0300000218912322,-0.032662386769420924,,,,,,,,Line_3,2,3,1.0,1.0300000218912322,-0.032662386769420924,1.0100000179203747,-0.06340565078346645,1.7614592764612382,Line_3,2,3,1.0,11.664097904458096,63.50034463342252,51.836246728964426,GENROU_4,6,GENROU_1,1,1.0,1.0,0.0,GENROU_1,1,GENROU_1,1,1.471355051617473,2.033928064496604,GENROU_5,8,GENROU_2,2
81,1,0.39,0.005,0.001,NEXT_STEP,0,0.03602719338193425,0.01698179663467751,1.0300000217840928,-0.0326623868709551,,,,,,,,Line_3,2,3,1.0,1.0300000217840928,-0.0326623868709551,1.0100000178077744,-0.06340565088489569,1.7614592764552128,Line_3,2,3,1.0,11.664097904458096,63.50034463342252,51.836246728964426,GENROU_4,6,GENROU_1,1,1.0,1.0,0.0,GENROU_1,1,GENROU_1,1,1.471355051617473,2.0339280643896003,GENROU_5,8,GENROU_2,2
82,1,0.395,0.005,0.001,NEXT_STEP,0,0.03602719338193425,0.01698179663467751,1.0300000217840928,-0.0326623868709551,,,,,,,,Line_3,2,3,1.0,1.0300000217840928,-0.0326623868709551,1.0100000177027975,-0.06340565088489569,1.7614592764552128,Line_3,2,3,1.0,11.664097904458096,63.50034463342252,51.836246728964426,GENROU_4,6,GENROU_1,1,1.0,1.0,0.0,GENROU_1,1,GENROU_1,1,1.471355051617473,2.0339280643896003,GENROU_5,8,GENROU_2,2
83,1,0.4,0.005,0.001,NEXT_STEP,0,0.03602719338193425,0.01698179663467751,1.0300000216539362,-0.0326623868709551,,,,,,,,Line_3,2,3,1.0,1.0300000216539362,-0.0326623868709551,1.0100000177027975,-0.06340565088489569,1.7614592764552128,Line_3,2,3,1.0,11.664097904458096,63.50034463342252,51.836246728964426,GENROU_4,6,GENROU_1,1,1.0,1.0,0.0,GENROU_1,1,GENROU_1,1,1.471355051617473,2.0339280643896003,GENROU_5,8,GENROU_2,2
84,1,0.405,0.005,0.001,NEXT_STEP,0,0.03602719338193425,0.01698179663467751,1.0300000215339646,-0.03266238697201871,,,,,,,,Line_3,2,3,1.0,1.0300000215339646,-0.03266238697201871,1.010000017588093,-0.0634056509858904,1.7614592764512622,Line_3,2,3,1.0,11.664097904458096,63.50034463342252,51.836246728964426,GENROU_4,6,GENROU_1,1,1.0,1.0,0.0,GENROU_1,1,GENROU_1,1,1.471355051455863,2.0339280643896003,GENROU_5,8,GENROU_2,2
85,1,0.41000000000000003,0.005,0.001,NEXT_STEP,0,0.03602719338193425,0.01698179663467751,1.0300000215339646,-0.03266238697201871,,,,,,,,Line_3,2,3,1.0,1.0300000215339646,-0.03266238697201871,1.010000017588093,-0.0634056509858904,1.7614592764512622,Line_3,2,3,1.0,11.664097904458096,63.50034463342252,51.836246728964426,GENROU_4,6,GENROU_1,1,1.0,1.0,0.0,GENROU_1,1,GENROU_1,1,1.471355051455863,2.0339280643896003,GENROU_5,8,GENROU_2,2
86,1,0.41500000000000004,0.005,0.001,NEXT_STEP,0,0.03602719338193425,0.01698179663467751,1.0300000215339646,-0.03266238697201871,,,,,,,,Line_3,2,3,1.0,1.0300000215339646,-0.03266238697201871,1.010000017588093,-0.0634056509858904,1.7614592764512622,Line_3,2,3,1.0,11.664097904458096,63.50034463342252,51.836246728964426,GENROU_4,6,GENROU_1,1,1.0,1.0,0.0,GENROU_1,1,GENROU_1,1,1.471355051455863,2.0339280643896003,GENROU_5,8,GENROU_2,2
87,1,0.42000000000000004,0.005,0.001,NEXT_STEP,0,0.03602719338193425,0.01698179663467751,1.0300000215339646,-0.03266238697201871,,,,,,,,Line_3,2,3,1.0,1.0300000215339646,-0.03266238697201871,1.010000017588093,-0.0634056509858904,1.7614592764512622,Line_3,2,3,1.0,11.664097904458096,63.50034463342252,51.836246728964426,GENROU_4,6,GENROU_1,1,1.0,1.0,0.0,GENROU_1,1,GENROU_1,1,1.471355051455863,2.0339280643896003,GENROU_5,8,GENROU_2,2
88,1,0.42500000000000004,0.005,0.001,NEXT_STEP,0,0.03602719338193425,0.01698179663467751,1.0300000215339646,-0.03266238697201871,,,,,,,,Line_3,2,3,1.0,1.0300000215339646,-0.03266238697201871,1.010000017588093,-0.0634056509858904,1.7614592764512622,Line_3,2,3,1.0,11.664097904458096,63.50034463342252,51.836246728964426,GENROU_4,6,GENROU_1,1,1.0,1.0,0.0,GENROU_1,1,GENROU_1,1,1.471355051455863,2.0339280643896003,GENROU_5,8,GENROU_2,2
89,1,0.43000000000000005,0.005,0.001,NEXT_STEP,0,0.03602719338193425,0.01698179663467751,1.0300000215339646,-0.03266238697201871,,,,,,,,Line_3,2,3,1.0,1.0300000215339646,-0.03266238697201871,1.010000017588093,-0.0634056509858904,1.7614592764512622,Line_3,2,3,1.0,11.664097904458096,63.50034463342252,51.836246728964426,GENROU_4,6,GENROU_1,1,1.0,1.0,0.0,GENROU_1,1,GENROU_1,1,1.471355051455863,2.0339280643896003,GENROU_5,8,GENROU_2,2
90,1,0.43500000000000005,0.005,0.001,NEXT_STEP,0,0.03602719338193425,0.01698179663467751,1.0300000215339646,-0.03266238697201871,,,,,,,,Line_3,2,3,1.0,1.0300000215339646,-0.03266238697201871,1.010000017588093,-0.0634056509858904,1.7614592764512622,Line_3,2,3,1.0,11.664097904458096,63.50034463342252,51.836246728964426,GENROU_4,6,GENROU_1,1,1.0,1.0,0.0,GENROU_1,1,GENROU_1,1,1.471355051455863,2.0339280643896003,GENROU_5,8,GENROU_2,2
91,1,0.44,0.005,0.001,NEXT_STEP,0,0.03602719338193425,0.01698179663467751,1.0300000215339646,-0.03266238697201871,,,,,,,,Line_3,2,3,1.0,1.0300000215339646,-0.03266238697201871,1.010000017588093,-0.0634056509858904,1.7614592764512622,Line_3,2,3,1.0,11.664097904458096,63.50034463342252,51.836246728964426,GENROU_4,6,GENROU_1,1,1.0,1.0,0.0,GENROU_1,1,GENROU_1,1,1.471355051455863,2.0339280643896003,GENROU_5,8,GENROU_2,2
92,1,0.445,0.005,0.001,NEXT_STEP,0,0.03602719338193425,0.01698179663467751,1.0300000215339646,-0.03266238697201871,,,,,,,,Line_3,2,3,1.0,1.0300000215339646,-0.03266238697201871,1.010000017588093,-0.0634056509858904,1.7614592764512622,Line_3,2,3,1.0,11.664097904458096,63.50034463342252,51.836246728964426,GENROU_4,6,GENROU_1,1,1.0,1.0,0.0,GENROU_1,1,GENROU_1,1,1.471355051455863,2.0339280643896003,GENROU_5,8,GENROU_2,2
93,1,0.45,0.005,0.001,NEXT_STEP,0,0.03602719338193425,0.01698179663467751,1.0300000215339646,-0.03266238697201871,,,,,,,,Line_3,2,3,1.0,1.0300000215339646,-0.03266238697201871,1.010000017588093,-0.0634056509858904,1.7614592764512622,Line_3,2,3,1.0,11.664097904458096,63.50034463342252,51.836246728964426,GENROU_4,6,GENROU_1,1,1.0,1.0,0.0,GENROU_1,1,GENROU_1,1,1.471355051455863,2.0339280643896003,GENROU_5,8,GENROU_2,2
94,1,0.455,0.005,0.001,NEXT_STEP,0,0.03602719338193425,0.01698179663467751,1.0300000215339646,-0.03266238697201871,,,,,,,,Line_3,2,3,1.0,1.0300000215339646,-0.03266238697201871,1.010000017588093,-0.0634056509858904,1.7614592764512622,Line_3,2,3,1.0,11.664097904458096,63.50034463342252,51.836246728964426,GENROU_4,6,GENROU_1,1,1.0,1.0,0.0,GENROU_1,1,GENROU_1,1,1.471355051455863,2.0339280643896003,GENROU_5,8,GENROU_2,2
95,1,0.46,0.005,0.001,NEXT_STEP,0,0.03602719338193425,0.01698179663467751,1.0300000215339646,-0.03266238697201871,,,,,,,,Line_3,2,3,1.0,1.0300000215339646,-0.03266238697201871,1.010000017588093,-0.0634056509858904,1.7614592764512622,Line_3,2,3,1.0,11.664097904458096,63.50034463342252,51.836246728964426,GENROU_4,6,GENROU_1,1,1.0,1.0,0.0,GENROU_1,1,GENROU_1,1,1.471355051455863,2.0339280643896003,GENROU_5,8,GENROU_2,2
96,1,0.465,0.005,0.001,NEXT_STEP,0,0.03602719338193425,0.01698179663467751,1.0300000215339646,-0.03266238697201871,,,,,,,,Line_3,2,3,1.0,1.0300000215339646,-0.03266238697201871,1.010000017588093,-0.0634056509858904,1.7614592764512622,Line_3,2,3,1.0,11.664097904458096,63.50034463342252,51.836246728964426,GENROU_4,6,GENROU_1,1,1.0,1.0,0.0,GENROU_1,1,GENROU_1,1,1.471355051455863,2.0339280643896003,GENROU_5,8,GENROU_2,2
97,1,0.47000000000000003,0.005,0.001,NEXT_STEP,0,0.03602719338193425,0.01698179663467751,1.0300000215339646,-0.03266238697201871,,,,,,,,Line_3,2,3,1.0,1.0300000215339646,-0.03266238697201871,1.010000017588093,-0.0634056509858904,1.7614592764512622,Line_3,2,3,1.0,11.664097904458096,63.50034463342252,51.836246728964426,GENROU_4,6,GENROU_1,1,1.0,1.0,0.0,GENROU_1,1,GENROU_1,1,1.471355051455863,2.0339280642895505,GENROU_5,8,GENROU_2,2
98,1,0.47500000000000003,0.005,0.001,NEXT_STEP,0,0.03602719338193425,0.01698179663467751,1.0300000215339646,-0.03266238697201871,,,,,,,,Line_3,2,3,1.0,1.0300000215339646,-0.03266238697201871,1.010000017588093,-0.0634056509858904,1.7614592764512622,Line_3,2,3,1.0,11.664097904458096,63.50034463342252,51.836246728964426,GENROU_4,6,GENROU_1,1,1.0,1.0,0.0,GENROU_1,1,GENROU_1,1,1.471355051455863,2.0339280642895505,GENROU_5,8,GENROU_2,2
99,1,0.48000000000000004,0.005,0.001,NEXT_STEP,0,0.03602719338193425,0.01698179663467751,1.0300000215339646,-0.03266238697201871,,,,,,,,Line_3,2,3,1.0,1.0300000215339646,-0.03266238697201871,1.010000017588093,-0.0634056509858904,1.7614592764512622,Line_3,2,3,1.0,11.664097904458096,63.50034463342252,51.836246728964426,GENROU_4,6,GENROU_1,1,1.0,1.0,0.0,GENROU_1,1,GENROU_1,1,1.471355051455863,2.0339280642895505,GENROU_5,8,GENROU_2,2
100,1,0.48500000000000004,0.005,0.001,NEXT_STEP,0,0.03602719338193425,0.01698179663467751,1.0300000215339646,-0.03266238697201871,,,,,,,,Line_3,2,3,1.0,1.0300000215339646,-0.03266238697201871,1.010000017588093,-0.0634056509858904,1.7614592764512622,Line_3,2,3,1.0,11.664097904458096,63.50034463342252,51.836246728964426,GENROU_4,6,GENROU_1,1,1.0,1.0,0.0,GENROU_1,1,GENROU_1,1,1.471355051455863,2.0339280641894484,GENROU_5,8,GENROU_2,2
101,1,0.49000000000000005,0.005,0.001,NEXT_STEP,0,0.03602719338193425,0.01698179663467751,1.0300000215339646,-0.03266238697201871,,,,,,,,Line_3,2,3,1.0,1.0300000215339646,-0.03266238697201871,1.010000017588093,-0.0634056509858904,1.7614592764512622,Line_3,2,3,1.0,11.664097904458096,63.50034463342252,51.836246728964426,GENROU_4,6,GENROU_1,1,1.0,1.0,0.0,GENROU_1,1,GENROU_1,1,1.471355051455863,2.0339280630297725,GENROU_5,8,GENROU_2,2
102,1,0.49500000000000005,0.005,0.001,NEXT_STEP,0,0.03602719338193425,0.01698179663467751,1.0300000215339646,-0.03266238697201871,,,,,,,,Line_3,2,3,1.0,1.0300000215339646,-0.03266238697201871,1.010000017588093,-0.0634056509858904,1.7614592764512622,Line_3,2,3,1.0,11.664097904458096,63.50034463342252,51.836246728964426,GENROU_4,6,GENROU_1,1,1.0,1.0,0.0,GENROU_1,1,GENROU_1,1,1.471355051455863,2.033928061739466,GENROU_5,8,GENROU_2,2
103,1,0.5,0.005,0.001,NEXT_STEP,0,0.03602719338193425,0.01698179663467751,1.030000021428032,-0.03266238697201871,,,,,,,,Line_3,2,3,1.0,1.030000021428032,-0.03266238697201871,1.010000017588093,-0.0634056509858904,1.7614592764512622,Line_3,2,3,1.0,11.664097904458096,63.50034463342252,51.836246728964426,GENROU_4,6,GENROU_1,1,1.0,1.0,0.0,GENROU_1,1,GENROU_1,1,1.471355051455863,2.033928060739553,GENROU_5,8,GENROU_2,2
104,1,0.505,0.005,0.001,NEXT_STEP,0,0.03602719338193425,0.01698179663467751,1.030000021428032,-0.03266238697201871,,,,,,,,Line_3,2,3,1.0,1.030000021428032,-0.03266238697201871,1.010000017469492,-0.0634056509858904,1.7614592764512622,Line_3,2,3,1.0,11.664097904458096,63.50034463342252,51.836246728964426,GENROU_4,6,GENROU_1,1,1.0,1.0,0.0,GENROU_1,1,GENROU_1,1,1.471355051455863,2.033928059963528,GENROU_5,8,GENROU_2,2
105,1,0.51,0.005,0.001,NEXT_STEP,0,0.03602719338193425,0.01698179663467751,1.0300000213218128,-0.03266238697201871,,,,,,,,Line_3,2,3,1.0,1.0300000213218128,-0.03266238697201871,1.010000017469492,-0.0634056509858904,1.7614592764512622,Line_3,2,3,1.0,11.664097904458096,63.50034463342252,51.836246728964426,GENROU_4,6,GENROU_1,1,1.0,1.0,0.0,GENROU_1,1,GENROU_1,1,1.471355051455863,2.033928059360689,GENROU_5,8,GENROU_2,2
106,1,0.515,0.005,0.001,NEXT_STEP,0,0.03602719338193425,0.01698179663467751,1.0300000213218128,-0.03266238697201871,,,,,,,,Line_3,2,3,1.0,1.0300000213218128,-0.03266238697201871,1.010000017469492,-0.0634056509858904,1.7614592764512622,Line_3,2,3,1.0,11.664097904458096,63.50034463342252,51.836246728964426,GENROU_4,6,GENROU_1,1,1.0,1.0,0.0,GENROU_1,1,GENROU_1,1,1.471355051455863,2.0339280592573283,GENROU_5,8,GENROU_2,2
107,1,0.52,0.005,0.001,NEXT_STEP,0,0.03602719338193425,0.01698179663467751,1.0300000213218128,-0.03266238697201871,,,,,,,,Line_3,2,3,1.0,1.0300000213218128,-0.03266238697201871,1.010000017469492,-0.0634056509858904,1.7614592764512622,Line_3,2,3,1.0,11.664097904458096,63.50034463342252,51.836246728964426,GENROU_4,6,GENROU_1,1,1.0,1.0,0.0,GENROU_1,1,GENROU_1,1,1.471355051455863,2.0339280592573283,GENROU_5,8,GENROU_2,2
108,1,0.525,0.005,0.001,NEXT_STEP,0,0.03602719338193425,0.01698179663467751,1.0300000213218128,-0.03266238697201871,,,,,,,,Line_3,2,3,1.0,1.0300000213218128,-0.03266238697201871,1.010000017469492,-0.0634056509858904,1.7614592764512622,Line_3,2,3,1.0,11.664097904458096,63.50034463342252,51.836246728964426,GENROU_4,6,GENROU_1,1,1.0,1.0,0.0,GENROU_1,1,GENROU_1,1,1.471355051455863,2.0339280592573283,GENROU_5,8,GENROU_2,2
109,1,0.53,0.005,0.001,NEXT_STEP,0,0.03602719338193425,0.01698179663467751,1.0300000213218128,-0.03266238697201871,,,,,,,,Line_3,2,3,1.0,1.0300000213218128,-0.03266238697201871,1.010000017469492,-0.0634056509858904,1.7614592764512622,Line_3,2,3,1.0,11.664097904458096,63.50034463342252,51.836246728964426,GENROU_4,6,GENROU_1,1,1.0,1.0,0.0,GENROU_1,1,GENROU_1,1,1.471355051455863,2.0339280592573283,GENROU_5,8,GENROU_2,2
110,1,0.535,0.005,0.001,NEXT_STEP,0,0.03602719338193425,0.01698179663467751,1.0300000213218128,-0.03266238697201871,,,,,,,,Line_3,2,3,1.0,1.0300000213218128,-0.03266238697201871,1.010000017469492,-0.0634056509858904,1.7614592764512622,Line_3,2,3,1.0,11.664097904458096,63.50034463342252,51.836246728964426,GENROU_4,6,GENROU_1,1,1.0,1.0,0.0,GENROU_1,1,GENROU_1,1,1.471355051455863,2.0339280592573283,GENROU_5,8,GENROU_2,2
111,1,0.54,0.005,0.001,NEXT_STEP,0,0.03602719338193425,0.01698179663467751,1.0300000213218128,-0.03266238697201871,,,,,,,,Line_3,2,3,1.0,1.0300000213218128,-0.03266238697201871,1.010000017469492,-0.0634056509858904,1.7614592764512622,Line_3,2,3,1.0,11.664097904458096,63.50034463342252,51.836246728964426,GENROU_4,6,GENROU_1,1,1.0,1.0,0.0,GENROU_1,1,GENROU_1,1,1.471355051455863,2.0339280592573283,GENROU_5,8,GENROU_2,2
112,1,0.545,0.005,0.001,NEXT_STEP,0,0.03602719338193425,0.01698179663467751,1.0300000213218128,-0.03266238697201871,,,,,,,,Line_3,2,3,1.0,1.0300000213218128,-0.03266238697201871,1.010000017469492,-0.0634056509858904,1.7614592764512622,Line_3,2,3,1.0,11.664097904458096,63.50034463342252,51.836246728964426,GENROU_4,6,GENROU_1,1,1.0,1.0,0.0,GENROU_1,1,GENROU_1,1,1.471355051455863,2.0339280592573283,GENROU_5,8,GENROU_2,2
113,1,0.55,0.005,0.001,NEXT_STEP,0,0.03602719338193425,0.01698179663467751,1.0300000213218128,-0.03266238697201871,,,,,,,,Line_3,2,3,1.0,1.0300000213218128,-0.03266238697201871,1.010000017469492,-0.0634056509858904,1.7614592764512622,Line_3,2,3,1.0,11.664097904458096,63.50034463342252,51.836246728964426,GENROU_4,6,GENROU_1,1,1.0,1.0,0.0,GENROU_1,1,GENROU_1,1,1.471355051455863,2.0339280592573283,GENROU_5,8,GENROU_2,2
114,1,0.555,0.005,0.001,NEXT_STEP,0,0.03602719338193425,0.01698179663467751,1.0300000213218128,-0.03266238697201871,,,,,,,,Line_3,2,3,1.0,1.0300000213218128,-0.03266238697201871,1.010000017469492,-0.0634056509858904,1.7614592764512622,Line_3,2,3,1.0,11.664097904458096,63.50034463342252,51.836246728964426,GENROU_4,6,GENROU_1,1,1.0,1.0,0.0,GENROU_1,1,GENROU_1,1,1.471355051455863,2.033928058606327,GENROU_5,8,GENROU_2,2
115,1,0.56,0.005,0.001,NEXT_STEP,0,0.03602719338193425,0.01698179663467751,1.0300000213218128,-0.03266238707278974,,,,,,,,Line_3,2,3,1.0,1.0300000213218128,-0.03266238707278974,1.010000017469492,-0.06340565108655549,1.7614592764452084,Line_3,2,3,1.0,11.664097904458096,63.50034463342252,51.836246728964426,GENROU_4,6,GENROU_1,1,1.0,1.0,0.0,GENROU_1,1,GENROU_1,1,1.471355051455863,2.033928057166543,GENROU_5,8,GENROU_2,2
116,1,0.5650000000000001,0.005,0.001,NEXT_STEP,0,0.03602719338193425,0.01698179663467751,1.030000021192049,-0.03266238707278974,,,,,,,,Line_3,2,3,1.0,1.030000021192049,-0.03266238707278974,1.0100000173483643,-0.06340565108655549,1.7614592764452084,Line_3,2,3,1.0,11.664097904458096,63.50034463342252,51.836246728964426,GENROU_4,6,GENROU_1,1,1.0,1.0,0.0,GENROU_1,1,GENROU_1,1,1.471355051455863,2.033928056062394,GENROU_5,8,GENROU_2,2
117,1,0.5700000000000001,0.005,0.001,NEXT_STEP,0,0.03602719338193425,0.01698179663467751,1.030000021192049,-0.03266238707278974,,,,,,,,Line_3,2,3,1.0,1.030000021192049,-0.03266238707278974,1.0100000173483643,-0.06340565108655549,1.7614592764452084,Line_3,2,3,1.0,11.664097904458096,63.50034463342252,51.836246728964426,GENROU_4,6,GENROU_1,1,1.0,1.0,0.0,GENROU_1,1,GENROU_1,1,1.471355051299167,2.033928055221691,GENROU_5,8,GENROU_2,2
118,1,0.5750000000000001,0.005,0.001,NEXT_STEP,0,0.03602719338193425,0.01698179663467751,1.0300000210861404,-0.03266238707278974,,,,,,,,Line_3,2,3,1.0,1.0300000210861404,-0.03266238707278974,1.0100000173483643,-0.06340565108655549,1.7614592764452084,Line_3,2,3,1.0,11.664097904458096,63.50034463342252,51.836246728964426,GENROU_4,6,GENROU_1,1,1.0,1.0,0.0,GENROU_1,1,GENROU_1,1,1.471355051299167,2.0339280545903797,GENROU_5,8,GENROU_2,2
119,1,0.5800000000000001,0.005,0.001,NEXT_STEP,0,0.03602719338193425,0.01698179663467751,1.0300000210861404,-0.03266238707278974,,,,,,,,Line_3,2,3,1.0,1.0300000210861404,-0.03266238707278974,1.0100000172438244,-0.06340565108655549,1.7614592764452084,Line_3,2,3,1.0,11.664097904458096,63.50034463342252,51.836246728964426,GENROU_4,6,GENROU_1,1,1.0,1.0,0.0,GENROU_1,1,GENROU_1,1,1.471355051299167,2.033928054379285,GENROU_5,8,GENROU_2,2
120,1,0.5850000000000001,0.005,0.001,NEXT_STEP,0,0.03602719338193425,0.01698179663467751,1.0300000210861404,-0.03266238707278974,,,,,,,,Line_3,2,3,1.0,1.0300000210861404,-0.03266238707278974,1.0100000172438244,-0.06340565108655549,1.7614592764452084,Line_3,2,3,1.0,11.664097904458096,63.50034463342252,51.836246728964426,GENROU_4,6,GENROU_1,1,1.0,1.0,0.0,GENROU_1,1,GENROU_1,1,1.471355051299167,2.033928054379285,GENROU_5,8,GENROU_2,2
121,1,0.5900000000000001,0.005,0.001,NEXT_STEP,0,0.03602719338193425,0.01698179663467751,1.0300000210861404,-0.03266238707278974,,,,,,,,Line_3,2,3,1.0,1.0300000210861404,-0.03266238707278974,1.0100000172438244,-0.06340565108655549,1.7614592764452084,Line_3,2,3,1.0,11.664097904458096,63.50034463342252,51.836246728964426,GENROU_4,6,GENROU_1,1,1.0,1.0,0.0,GENROU_1,1,GENROU_1,1,1.471355051299167,2.033928054379285,GENROU_5,8,GENROU_2,2
122,1,0.5950000000000001,0.005,0.001,NEXT_STEP,0,0.03602719338193425,0.01698179663467751,1.0300000210861404,-0.03266238707278974,,,,,,,,Line_3,2,3,1.0,1.0300000210861404,-0.03266238707278974,1.0100000172438244,-0.06340565108655549,1.7614592764452084,Line_3,2,3,1.0,11.664097904458096,63.50034463342252,51.836246728964426,GENROU_4,6,GENROU_1,1,1.0,1.0,0.0,GENROU_1,1,GENROU_1,1,1.471355051299167,2.0339280542785123,GENROU_5,8,GENROU_2,2
123,1,0.6000000000000001,0.005,0.001,NEXT_STEP,0,0.03602719338193425,0.01698179663467751,1.0300000210861404,-0.03266238707278974,,,,,,,,Line_3,2,3,1.0,1.0300000210861404,-0.03266238707278974,1.0100000172438244,-0.06340565108655549,1.7614592764452084,Line_3,2,3,1.0,11.664097904458096,63.50034463342252,51.836246728964426,GENROU_4,6,GENROU_1,1,1.0,1.0,0.0,GENROU_1,1,GENROU_1,1,1.471355051299167,2.0339280542785123,GENROU_5,8,GENROU_2,2
124,1,0.605,0.005,0.001,NEXT_STEP,0,0.03602719338193425,0.01698179663467751,1.0300000210861404,-0.03266238707278974,,,,,,,,Line_3,2,3,1.0,1.0300000210861404,-0.03266238707278974,1.0100000172438244,-0.06340565108655549,1.7614592764452084,Line_3,2,3,1.0,11.664097904458096,63.50034463342252,51.836246728964426,GENROU_4,6,GENROU_1,1,1.0,1.0,0.0,GENROU_1,1,GENROU_1,1,1.471355051299167,2.0339280542785123,GENROU_5,8,GENROU_2,2
125,1,0.61,0.005,0.001,NEXT_STEP,0,0.03602719338193425,0.01698179663467751,1.0300000210861404,-0.03266238707278974,,,,,,,,Line_3,2,3,1.0,1.0300000210861404,-0.03266238707278974,1.0100000172438244,-0.06340565108655549,1.7614592764452084,Line_3,2,3,1.0,11.664097904458096,63.50034463342252,51.836246728964426,GENROU_4,6,GENROU_1,1,1.0,1.0,0.0,GENROU_1,1,GENROU_1,1,1.471355051299167,2.0339280542785123,GENROU_5,8,GENROU_2,2
126,1,0.615,0.005,0.001,NEXT_STEP,0,0.03602719338193425,0.01698179663467751,1.0300000210861404,-0.03266238707278974,,,,,,,,Line_3,2,3,1.0,1.0300000210861404,-0.03266238707278974,1.0100000172438244,-0.06340565108655549,1.7614592764452084,Line_3,2,3,1.0,11.664097904458096,63.50034463342252,51.836246728964426,GENROU_4,6,GENROU_1,1,1.0,1.0,0.0,GENROU_1,1,GENROU_1,1,1.471355051299167,2.033928054176696,GENROU_5,8,GENROU_2,2
127,1,0.62,0.005,0.001,NEXT_STEP,0,0.03602719338193425,0.01698179663467751,1.0300000210861404,-0.03266238707278974,,,,,,,,Line_3,2,3,1.0,1.0300000210861404,-0.03266238707278974,1.0100000172438244,-0.06340565108655549,1.7614592764452084,Line_3,2,3,1.0,11.664097904458096,63.50034463342252,51.836246728964426,GENROU_4,6,GENROU_1,1,1.0,1.0,0.0,GENROU_1,1,GENROU_1,1,1.471355051299167,2.033928054176696,GENROU_5,8,GENROU_2,2
128,1,0.625,0.005,0.001,NEXT_STEP,0,0.03602719338193425,0.01698179663467751,1.0300000210861404,-0.03266238707278974,,,,,,,,Line_3,2,3,1.0,1.0300000210861404,-0.03266238707278974,1.0100000172438244,-0.06340565108655549,1.7614592764452084,Line_3,2,3,1.0,11.664097904458096,63.50034463342252,51.836246728964426,GENROU_4,6,GENROU_1,1,1.0,1.0,0.0,GENROU_1,1,GENROU_1,1,1.471355051299167,2.033928054176696,GENROU_5,8,GENROU_2,2
129,1,0.63,0.005,0.001,NEXT_STEP,0,0.03602719338193425,0.01698179663467751,1.0300000210861404,-0.03266238707278974,,,,,,,,Line_3,2,3,1.0,1.0300000210861404,-0.03266238707278974,1.0100000172438244,-0.06340565108655549,1.7614592764452084,Line_3,2,3,1.0,11.664097904458096,63.50034463342252,51.836246728964426,GENROU_4,6,GENROU_1,1,1.0,1.0,0.0,GENROU_1,1,GENROU_1,1,1.471355051299167,2.033928053013352,GENROU_5,8,GENROU_2,2
130,1,0.635,0.005,0.001,NEXT_STEP,0,0.03602719338193425,0.01698179663467751,1.0300000209796798,-0.03266238717369526,,,,,,,,Line_3,2,3,1.0,1.0300000209796798,-0.03266238717369526,1.0100000172438244,-0.06340565118733778,1.7614592764381314,Line_3,2,3,1.0,11.664097904458096,63.50034463342252,51.836246728964426,GENROU_4,6,GENROU_1,1,1.0,1.0,0.0,GENROU_1,1,GENROU_1,1,1.471355051299167,2.033928051729033,GENROU_5,8,GENROU_2,2
131,1,0.64,0.005,0.001,NEXT_STEP,0,0.03602719338193425,0.01698179663467751,1.0300000209796798,-0.03266238717369526,,,,,,,,Line_3,2,3,1.0,1.0300000209796798,-0.03266238717369526,1.0100000171389045,-0.06340565118733778,1.7614592764381314,Line_3,2,3,1.0,11.664097904458096,63.50034463342252,51.836246728964426,GENROU_4,6,GENROU_1,1,1.0,1.0,0.0,GENROU_1,1,GENROU_1,1,1.471355051299167,2.033928050757881,GENROU_5,8,GENROU_2,2
132,1,0.645,0.005,0.001,NEXT_STEP,0,0.03602719338193425,0.01698179663467751,1.0300000208732893,-0.03266238717369526,,,,,,,,Line_3,2,3,1.0,1.0300000208732893,-0.03266238717369526,1.0100000171389045,-0.06340565118733778,1.7614592764381314,Line_3,2,3,1.0,11.664097904458096,63.50034463342252,51.836246728964426,GENROU_4,6,GENROU_1,1,1.0,1.0,0.0,GENROU_1,1,GENROU_1,1,1.471355051299167,2.0339280500137935,GENROU_5,8,GENROU_2,2
133,1,0.65,0.005,0.001,NEXT_STEP,0,0.03602719338193425,0.01698179663467751,1.0300000208732893,-0.03266238717369526,,,,,,,,Line_3,2,3,1.0,1.0300000208732893,-0.03266238717369526,1.0100000171389045,-0.06340565118733778,1.7614592764381314,Line_3,2,3,1.0,11.664097904458096,63.50034463342252,51.836246728964426,GENROU_4,6,GENROU_1,1,1.0,1.0,0.0,GENROU_1,1,GENROU_1,1,1.471355051299167,2.033928049443646,GENROU_5,8,GENROU_2,2
134,1,0.655,0.005,0.001,NEXT_STEP,0,0.03602719338193425,0.01698179663467751,1.0300000208732893,-0.03266238717369526,,,,,,,,Line_3,2,3,1.0,1.0300000208732893,-0.03266238717369526,1.0100000171389045,-0.06340565118733778,1.7614592764381314,Line_3,2,3,1.0,11.664097904458096,63.50034463342252,51.836246728964426,GENROU_4,6,GENROU_1,1,1.0,1.0,0.0,GENROU_1,1,GENROU_1,1,1.471355051299167,2.033928049443646,GENROU_5,8,GENROU_2,2
135,1,0.66,0.005,0.001,NEXT_STEP,0,0.03602719338193425,0.01698179663467751,1.0300000208732893,-0.03266238717369526,,,,,,,,Line_3,2,3,1.0,1.0300000208732893,-0.03266238717369526,1.0100000171389045,-0.06340565118733778,1.7614592764381314,Line_3,2,3,1.0,11.664097904458096,63.50034463342252,51.836246728964426,GENROU_4,6,GENROU_1,1,1.0,1.0,0.0,GENROU_1,1,GENROU_1,1,1.471355051299167,2.033928049443646,GENROU_5,8,GENROU_2,2
136,1,0.665,0.005,0.001,NEXT_STEP,0,0.03602719338193425,0.01698179663467751,1.0300000208732893,-0.03266238717369526,,,,,,,,Line_3,2,3,1.0,1.0300000208732893,-0.03266238717369526,1.0100000171389045,-0.06340565118733778,1.7614592764381314,Line_3,2,3,1.0,11.664097904458096,63.50034463342252,51.836246728964426,GENROU_4,6,GENROU_1,1,1.0,1.0,0.0,GENROU_1,1,GENROU_1,1,1.471355051299167,2.033928049443646,GENROU_5,8,GENROU_2,2
137,1,0.67,0.005,0.001,NEXT_STEP,0,0.03602719338193425,0.01698179663467751,1.0300000208732893,-0.03266238717369526,,,,,,,,Line_3,2,3,1.0,1.0300000208732893,-0.03266238717369526,1.0100000171389045,-0.06340565118733778,1.7614592764381314,Line_3,2,3,1.0,11.664097904458096,63.50034463342252,51.836246728964426,GENROU_4,6,GENROU_1,1,1.0,1.0,0.0,GENROU_1,1,GENROU_1,1,1.471355051299167,2.033928049443646,GENROU_5,8,GENROU_2,2
138,1,0.675,0.005,0.001,NEXT_STEP,0,0.03602719338193425,0.01698179663467751,1.0300000208732893,-0.03266238717369526,,,,,,,,Line_3,2,3,1.0,1.0300000208732893,-0.03266238717369526,1.0100000171389045,-0.06340565118733778,1.7614592764381314,Line_3,2,3,1.0,11.664097904458096,63.50034463342252,51.836246728964426,GENROU_4,6,GENROU_1,1,1.0,1.0,0.0,GENROU_1,1,GENROU_1,1,1.471355051299167,2.033928049443646,GENROU_5,8,GENROU_2,2
139,1,0.68,0.005,0.001,NEXT_STEP,0,0.03602719338193425,0.01698179663467751,1.0300000208732893,-0.03266238717369526,,,,,,,,Line_3,2,3,1.0,1.0300000208732893,-0.03266238717369526,1.0100000171389045,-0.06340565118733778,1.7614592764381314,Line_3,2,3,1.0,11.664097904458096,63.50034463342252,51.836246728964426,GENROU_4,6,GENROU_1,1,1.0,1.0,0.0,GENROU_1,1,GENROU_1,1,1.471355051299167,2.033928049443646,GENROU_5,8,GENROU_2,2
140,1,0.685,0.005,0.001,NEXT_STEP,0,0.03602719338193425,0.01698179663467751,1.0300000208732893,-0.03266238717369526,,,,,,,,Line_3,2,3,1.0,1.0300000208732893,-0.03266238717369526,1.0100000171389045,-0.06340565118733778,1.7614592764381314,Line_3,2,3,1.0,11.664097904458096,63.50034463342252,51.836246728964426,GENROU_4,6,GENROU_1,1,1.0,1.0,0.0,GENROU_1,1,GENROU_1,1,1.471355051299167,2.033928049443646,GENROU_5,8,GENROU_2,2
141,1,0.6900000000000001,0.005,0.001,NEXT_STEP,0,0.03602719338193425,0.01698179663467751,1.0300000208732893,-0.03266238717369526,,,,,,,,Line_3,2,3,1.0,1.0300000208732893,-0.03266238717369526,1.0100000171389045,-0.06340565118733778,1.7614592764381314,Line_3,2,3,1.0,11.664097904458096,63.50034463342252,51.836246728964426,GENROU_4,6,GENROU_1,1,1.0,1.0,0.0,GENROU_1,1,GENROU_1,1,1.471355051299167,2.0339280492398832,GENROU_5,8,GENROU_2,2
142,1,0.6950000000000001,0.005,0.001,NEXT_STEP,0,0.03602719338193425,0.01698179663467751,1.030000020763438,-0.03266238717369526,,,,,,,,Line_3,2,3,1.0,1.030000020763438,-0.03266238717369526,1.0100000171389045,-0.06340565118733778,1.7614592764381314,Line_3,2,3,1.0,11.664097904458096,63.50034463342252,51.836246728964426,GENROU_4,6,GENROU_1,1,1.0,1.0,0.0,GENROU_1,1,GENROU_1,1,1.471355051299167,2.0339280492398832,GENROU_5,8,GENROU_2,2
143,1,0.7000000000000001,0.005,0.001,NEXT_STEP,0,0.03602719338193425,0.01698179663467751,1.030000020763438,-0.03266238717369526,,,,,,,,Line_3,2,3,1.0,1.030000020763438,-0.03266238717369526,1.0100000171389045,-0.06340565118733778,1.7614592764381314,Line_3,2,3,1.0,11.664097904458096,63.50034463342252,51.836246728964426,GENROU_4,6,GENROU_1,1,1.0,1.0,0.0,GENROU_1,1,GENROU_1,1,1.471355051299167,2.0339280492398832,GENROU_5,8,GENROU_2,2
144,1,0.7050000000000001,0.005,0.001,NEXT_STEP,0,0.03602719338193425,0.01698179663467751,1.030000020763438,-0.03266238717369526,,,,,,,,Line_3,2,3,1.0,1.030000020763438,-0.03266238717369526,1.0100000171389045,-0.06340565118733778,1.7614592764381314,Line_3,2,3,1.0,11.664097904458096,63.50034463342252,51.836246728964426,GENROU_4,6,GENROU_1,1,1.0,1.0,0.0,GENROU_1,1,GENROU_1,1,1.471355051299167,2.0339280492398832,GENROU_5,8,GENROU_2,2
145,1,0.7100000000000001,0.005,0.001,NEXT_STEP,0,0.03602719338193425,0.01698179663467751,1.030000020763438,-0.03266238717369526,,,,,,,,Line_3,2,3,1.0,1.030000020763438,-0.03266238717369526,1.0100000171389045,-0.06340565118733778,1.7614592764381314,Line_3,2,3,1.0,11.664097904458096,63.50034463342252,51.836246728964426,GENROU_4,6,GENROU_1,1,1.0,1.0,0.0,GENROU_1,1,GENROU_1,1,1.471355051299167,2.0339280492398832,GENROU_5,8,GENROU_2,2
146,1,0.7150000000000001,0.005,0.001,NEXT_STEP,0,0.03602719338193425,0.01698179663467751,1.030000020763438,-0.03266238717369526,,,,,,,,Line_3,2,3,1.0,1.030000020763438,-0.03266238717369526,1.0100000171389045,-0.06340565118733778,1.7614592764381314,Line_3,2,3,1.0,11.664097904458096,63.50034463342252,51.836246728964426,GENROU_4,6,GENROU_1,1,1.0,1.0,0.0,GENROU_1,1,GENROU_1,1,1.471355051299167,2.0339280492398832,GENROU_5,8,GENROU_2,2
147,1,0.7200000000000001,0.005,0.001,NEXT_STEP,0,0.03602719338193425,0.01698179663467751,1.030000020763438,-0.03266238717369526,,,,,,,,Line_3,2,3,1.0,1.030000020763438,-0.03266238717369526,1.0100000171389045,-0.06340565118733778,1.7614592764381314,Line_3,2,3,1.0,11.664097904458096,63.50034463342252,51.836246728964426,GENROU_4,6,GENROU_1,1,1.0,1.0,0.0,GENROU_1,1,GENROU_1,1,1.471355051299167,2.0339280491398206,GENROU_5,8,GENROU_2,2
148,1,0.7250000000000001,0.005,0.001,NEXT_STEP,0,0.03602719338193425,0.01698179663467751,1.030000020763438,-0.03266238717369526,,,,,,,,Line_3,2,3,1.0,1.030000020763438,-0.03266238717369526,1.0100000171389045,-0.06340565118733778,1.7614592764381314,Line_3,2,3,1.0,11.664097904458096,63.50034463342252,51.836246728964426,GENROU_4,6,GENROU_1,1,1.0,1.0,0.0,GENROU_1,1,GENROU_1,1,1.471355051299167,2.0339280491398206,GENROU_5,8,GENROU_2,2
149,1,0.7300000000000001,0.005,0.001,NEXT_STEP,0,0.03602719338193425,0.01698179663467751,1.030000020763438,-0.03266238717369526,,,,,,,,Line_3,2,3,1.0,1.030000020763438,-0.03266238717369526,1.0100000171389045,-0.06340565118733778,1.7614592764381314,Line_3,2,3,1.0,11.664097904458096,63.50034463342252,51.836246728964426,GENROU_4,6,GENROU_1,1,1.0,1.0,0.0,GENROU_1,1,GENROU_1,1,1.471355051299167,2.033928048924014,GENROU_5,8,GENROU_2,2
150,1,0.7350000000000001,0.005,0.001,NEXT_STEP,0,0.03602719338193425,0.01698179663467751,1.030000020763438,-0.03266238717369526,,,,,,,,Line_3,2,3,1.0,1.030000020763438,-0.03266238717369526,1.0100000170342178,-0.06340565118733778,1.7614592764381314,Line_3,2,3,1.0,11.664097904458096,63.50034463342252,51.836246728964426,GENROU_4,6,GENROU_1,1,1.0,1.0,0.0,GENROU_1,1,GENROU_1,1,1.471355051299167,2.0339280474289096,GENROU_5,8,GENROU_2,2
151,1,0.74,0.005,0.001,NEXT_STEP,0,0.03602719338193425,0.01698179663467751,1.0300000206574607,-0.03266238727453084,,,,,,,,Line_3,2,3,1.0,1.0300000206574607,-0.03266238727453084,1.0100000170342178,-0.06340565128805167,1.761459276431168,Line_3,2,3,1.0,11.664097904458096,63.50034463342252,51.836246728964426,GENROU_4,6,GENROU_1,1,1.0,1.0,0.0,GENROU_1,1,GENROU_1,1,1.471355051299167,2.03392804627666,GENROU_5,8,GENROU_2,2
152,1,0.745,0.005,0.001,NEXT_STEP,0,0.03602719338193425,0.01698179663467751,1.0300000206574607,-0.03266238727453084,,,,,,,,Line_3,2,3,1.0,1.0300000206574607,-0.03266238727453084,1.0100000169201515,-0.06340565128805167,1.761459276431168,Line_3,2,3,1.0,11.664097904458096,63.50034463342252,51.836246728964426,GENROU_4,6,GENROU_1,1,1.0,1.0,0.0,GENROU_1,1,GENROU_1,1,1.4713550511518125,2.033928045394453,GENROU_5,8,GENROU_2,2
153,1,0.75,0.005,0.001,NEXT_STEP,0,0.03602719338193425,0.01698179663467751,1.0300000206574607,-0.03266238727453084,,,,,,,,Line_3,2,3,1.0,1.0300000206574607,-0.03266238727453084,1.0100000169201515,-0.06340565128805167,1.761459276431168,Line_3,2,3,1.0,11.664097904458096,63.50034463342252,51.836246728964426,GENROU_4,6,GENROU_1,1,1.0,1.0,0.0,GENROU_1,1,GENROU_1,1,1.4713550511518125,2.0339280447102666,GENROU_5,8,GENROU_2,2
154,1,0.755,0.005,0.001,NEXT_STEP,0,0.03602719338193425,0.01698179663467751,1.0300000205516224,-0.03266238727453084,,,,,,,,Line_3,2,3,1.0,1.0300000205516224,-0.03266238727453084,1.0100000169201515,-0.06340565128805167,1.761459276431168,Line_3,2,3,1.0,11.664097904458096,63.50034463342252,51.836246728964426,GENROU_4,6,GENROU_1,1,1.0,1.0,0.0,GENROU_1,1,GENROU_1,1,1.4713550511518125,2.033928044375651,GENROU_5,8,GENROU_2,2
155,1,0.76,0.005,0.001,NEXT_STEP,0,0.03602719338193425,0.01698179663467751,1.0300000205516224,-0.03266238727453084,,,,,,,,Line_3,2,3,1.0,1.0300000205516224,-0.03266238727453084,1.0100000169201515,-0.06340565128805167,1.761459276431168,Line_3,2,3,1.0,11.664097904458096,63.50034463342252,51.836246728964426,GENROU_4,6,GENROU_1,1,1.0,1.0,0.0,GENROU_1,1,GENROU_1,1,1.4713550511518125,2.033928044375651,GENROU_5,8,GENROU_2,2
156,1,0.765,0.005,0.001,NEXT_STEP,0,0.03602719338193425,0.01698179663467751,1.0300000205516224,-0.03266238727453084,,,,,,,,Line_3,2,3,1.0,1.0300000205516224,-0.03266238727453084,1.0100000169201515,-0.06340565128805167,1.761459276431168,Line_3,2,3,1.0,11.664097904458096,63.50034463342252,51.836246728964426,GENROU_4,6,GENROU_1,1,1.0,1.0,0.0,GENROU_1,1,GENROU_1,1,1.4713550511518125,2.033928044375651,GENROU_5,8,GENROU_2,2
157,1,0.77,0.005,0.001,NEXT_STEP,0,0.03602719338193425,0.01698179663467751,1.0300000205516224,-0.03266238727453084,,,,,,,,Line_3,2,3,1.0,1.0300000205516224,-0.03266238727453084,1.0100000169201515,-0.06340565128805167,1.761459276431168,Line_3,2,3,1.0,11.664097904458096,63.50034463342252,51.836246728964426,GENROU_4,6,GENROU_1,1,1.0,1.0,0.0,GENROU_1,1,GENROU_1,1,1.4713550511518125,2.033928044375651,GENROU_5,8,GENROU_2,2
158,1,0.775,0.005,0.001,NEXT_STEP,0,0.03602719338193425,0.01698179663467751,1.0300000205516224,-0.03266238727453084,,,,,,,,Line_3,2,3,1.0,1.0300000205516224,-0.03266238727453084,1.0100000169201515,-0.06340565128805167,1.761459276431168,Line_3,2,3,1.0,11.664097904458096,63.50034463342252,51.836246728964426,GENROU_4,6,GENROU_1,1,1.0,1.0,0.0,GENROU_1,1,GENROU_1,1,1.4713550511518125,2.033928044375651,GENROU_5,8,GENROU_2,2
159,1,0.78,0.005,0.001,NEXT_STEP,0,0.03602719338193425,0.01698179663467751,1.0300000205516224,-0.03266238727453084,,,,,,,,Line_3,2,3,1.0,1.0300000205516224,-0.03266238727453084,1.0100000169201515,-0.06340565128805167,1.761459276431168,Line_3,2,3,1.0,11.664097904458096,63.50034463342252,51.836246728964426,GENROU_4,6,GENROU_1,1,1.0,1.0,0.0,GENROU_1,1,GENROU_1,1,1.4713550511518125,2.033928044375651,GENROU_5,8,GENROU_2,2
160,1,0.785,0.005,0.001,NEXT_STEP,0,0.03602719338193425,0.01698179663467751,1.0300000205516224,-0.03266238727453084,,,,,,,,Line_3,2,3,1.0,1.0300000205516224,-0.03266238727453084,1.0100000169201515,-0.06340565128805167,1.761459276431168,Line_3,2,3,1.0,11.664097904458096,63.50034463342252,51.836246728964426,GENROU_4,6,GENROU_1,1,1.0,1.0,0.0,GENROU_1,1,GENROU_1,1,1.4713550511518125,2.033928044375651,GENROU_5,8,GENROU_2,2
161,1,0.79,0.005,0.001,NEXT_STEP,0,0.03602719338193425,0.01698179663467751,1.0300000205516224,-0.03266238727453084,,,,,,,,Line_3,2,3,1.0,1.0300000205516224,-0.03266238727453084,1.0100000169201515,-0.06340565128805167,1.761459276431168,Line_3,2,3,1.0,11.664097904458096,63.50034463342252,51.836246728964426,GENROU_4,6,GENROU_1,1,1.0,1.0,0.0,GENROU_1,1,GENROU_1,1,1.4713550511518125,2.033928044375651,GENROU_5,8,GENROU_2,2
162,1,0.795,0.005,0.001,NEXT_STEP,0,0.03602719338193425,0.01698179663467751,1.0300000205516224,-0.03266238727453084,,,,,,,,Line_3,2,3,1.0,1.0300000205516224,-0.03266238727453084,1.0100000169201515,-0.06340565128805167,1.761459276431168,Line_3,2,3,1.0,11.664097904458096,63.50034463342252,51.836246728964426,GENROU_4,6,GENROU_1,1,1.0,1.0,0.0,GENROU_1,1,GENROU_1,1,1.4713550511518125,2.033928044375651,GENROU_5,8,GENROU_2,2
163,1,0.8,0.005,0.001,NEXT_STEP,0,0.03602719338193425,0.01698179663467751,1.0300000205516224,-0.03266238727453084,,,,,,,,Line_3,2,3,1.0,1.0300000205516224,-0.03266238727453084,1.0100000169201515,-0.06340565128805167,1.761459276431168,Line_3,2,3,1.0,11.664097904458096,63.50034463342252,51.836246728964426,GENROU_4,6,GENROU_1,1,1.0,1.0,0.0,GENROU_1,1,GENROU_1,1,1.4713550511518125,2.033928044375651,GENROU_5,8,GENROU_2,2
164,1,0.805,0.005,0.001,NEXT_STEP,0,0.03602719338193425,0.01698179663467751,1.0300000205516224,-0.03266238727453084,,,,,,,,Line_3,2,3,1.0,1.0300000205516224,-0.03266238727453084,1.0100000169201515,-0.06340565128805167,1.761459276431168,Line_3,2,3,1.0,11.664097904458096,63.50034463342252,51.836246728964426,GENROU_4,6,GENROU_1,1,1.0,1.0,0.0,GENROU_1,1,GENROU_1,1,1.4713550511518125,2.03392804427251,GENROU_5,8,GENROU_2,2
165,1,0.81,0.005,0.001,NEXT_STEP,0,0.03602719338193425,0.01698179663467751,1.0300000205516224,-0.03266238727453084,,,,,,,,Line_3,2,3,1.0,1.0300000205516224,-0.03266238727453084,1.0100000169201515,-0.06340565128805167,1.761459276431168,Line_3,2,3,1.0,11.664097904458096,63.50034463342252,51.836246728964426,GENROU_4,6,GENROU_1,1,1.0,1.0,0.0,GENROU_1,1,GENROU_1,1,1.4713550511518125,2.0339280441717946,GENROU_5,8,GENROU_2,2
166,1,0.8150000000000001,0.005,0.001,NEXT_STEP,0,0.03602719338193425,0.01698179663467751,1.0300000205516224,-0.03266238727453084,,,,,,,,Line_3,2,3,1.0,1.0300000205516224,-0.03266238727453084,1.0100000169201515,-0.06340565128805167,1.761459276431168,Line_3,2,3,1.0,11.664097904458096,63.50034463342252,51.836246728964426,GENROU_4,6,GENROU_1,1,1.0,1.0,0.0,GENROU_1,1,GENROU_1,1,1.4713550511518125,2.0339280441717946,GENROU_5,8,GENROU_2,2
167,1,0.8200000000000001,0.005,0.001,NEXT_STEP,0,0.03602719338193425,0.01698179663467751,1.0300000205516224,-0.03266238727453084,,,,,,,,Line_3,2,3,1.0,1.0300000205516224,-0.03266238727453084,1.0100000169201515,-0.06340565128805167,1.761459276431168,Line_3,2,3,1.0,11.664097904458096,63.50034463342252,51.836246728964426,GENROU_4,6,GENROU_1,1,1.0,1.0,0.0,GENROU_1,1,GENROU_1,1,1.4713550511518125,2.0339280441717946,GENROU_5,8,GENROU_2,2
168,1,0.8250000000000001,0.005,0.001,NEXT_STEP,0,0.03602719338193425,0.01698179663467751,1.0300000205516224,-0.03266238727453084,,,,,,,,Line_3,2,3,1.0,1.0300000205516224,-0.03266238727453084,1.0100000169201515,-0.06340565128805167,1.761459276431168,Line_3,2,3,1.0,11.664097904458096,63.50034463342252,51.836246728964426,GENROU_4,6,GENROU_1,1,1.0,1.0,0.0,GENROU_1,1,GENROU_1,1,1.4713550511518125,2.0339280441717946,GENROU_5,8,GENROU_2,2
169,1,0.8300000000000001,0.005,0.001,NEXT_STEP,0,0.03602719338193425,0.01698179663467751,1.0300000205516224,-0.03266238727453084,,,,,,,,Line_3,2,3,1.0,1.0300000205516224,-0.03266238727453084,1.0100000169201515,-0.06340565128805167,1.761459276431168,Line_3,2,3,1.0,11.664097904458096,63.50034463342252,51.836246728964426,GENROU_4,6,GENROU_1,1,1.0,1.0,0.0,GENROU_1,1,GENROU_1,1,1.4713550511518125,2.0339280441717946,GENROU_5,8,GENROU_2,2
170,1,0.8350000000000001,0.005,0.001,NEXT_STEP,0,0.03602719338193425,0.01698179663467751,1.0300000205516224,-0.03266238727453084,,,,,,,,Line_3,2,3,1.0,1.0300000205516224,-0.03266238727453084,1.0100000169201515,-0.06340565128805167,1.761459276431168,Line_3,2,3,1.0,11.664097904458096,63.50034463342252,51.836246728964426,GENROU_4,6,GENROU_1,1,1.0,1.0,0.0,GENROU_1,1,GENROU_1,1,1.4713550511518125,2.0339280429942885,GENROU_5,8,GENROU_2,2
171,1,0.8400000000000001,0.005,0.001,NEXT_STEP,0,0.03602719338193425,0.01698179663467751,1.03000002042208,-0.03266238737527078,,,,,,,,Line_3,2,3,1.0,1.03000002042208,-0.03266238737527078,1.0100000168086218,-0.06340565138868333,1.7614592764249721,Line_3,2,3,1.0,11.664097904458096,63.50034463342252,51.836246728964426,GENROU_4,6,GENROU_1,1,1.0,1.0,0.0,GENROU_1,1,GENROU_1,1,1.4713550511518125,2.033928041686261,GENROU_5,8,GENROU_2,2
172,1,0.8450000000000001,0.005,0.001,NEXT_STEP,0,0.03602719338193425,0.01698179663467751,1.03000002042208,-0.03266238737527078,,,,,,,,Line_3,2,3,1.0,1.03000002042208,-0.03266238737527078,1.0100000168086218,-0.06340565138868333,1.7614592764249721,Line_3,2,3,1.0,11.664097904458096,63.50034463342252,51.836246728964426,GENROU_4,6,GENROU_1,1,1.0,1.0,0.0,GENROU_1,1,GENROU_1,1,1.4713550511518125,2.033928040708573,GENROU_5,8,GENROU_2,2
173,1,0.8500000000000001,0.005,0.001,NEXT_STEP,0,0.03602719338193425,0.01698179663467751,1.030000020315722,-0.03266238737527078,,,,,,,,Line_3,2,3,1.0,1.030000020315722,-0.03266238737527078,1.0100000168086218,-0.06340565138868333,1.7614592764249721,Line_3,2,3,1.0,11.664097904458096,63.50034463342252,51.836246728964426,GENROU_4,6,GENROU_1,1,1.0,1.0,0.0,GENROU_1,1,GENROU_1,1,1.4713550511518125,2.0339280399676727,GENROU_5,8,GENROU_2,2
174,1,0.8550000000000001,0.005,0.001,NEXT_STEP,0,0.03602719338193425,0.01698179663467751,1.030000020315722,-0.03266238737527078,,,,,,,,Line_3,2,3,1.0,1.030000020315722,-0.03266238737527078,1.0100000167038703,-0.06340565138868333,1.7614592764249721,Line_3,2,3,1.0,11.664097904458096,63.50034463342252,51.836246728964426,GENROU_4,6,GENROU_1,1,1.0,1.0,0.0,GENROU_1,1,GENROU_1,1,1.4713550511518125,2.033928039393072,GENROU_5,8,GENROU_2,2
175,1,0.8600000000000001,0.005,0.001,NEXT_STEP,0,0.03602719338193425,0.01698179663467751,1.030000020315722,-0.03266238737527078,,,,,,,,Line_3,2,3,1.0,1.030000020315722,-0.03266238737527078,1.0100000167038703,-0.06340565138868333,1.7614592764249721,Line_3,2,3,1.0,11.664097904458096,63.50034463342252,51.836246728964426,GENROU_4,6,GENROU_1,1,1.0,1.0,0.0,GENROU_1,1,GENROU_1,1,1.4713550511518125,2.033928039393072,GENROU_5,8,GENROU_2,2
176,1,0.8650000000000001,0.005,0.001,NEXT_STEP,0,0.03602719338193425,0.01698179663467751,1.030000020315722,-0.03266238737527078,,,,,,,,Line_3,2,3,1.0,1.030000020315722,-0.03266238737527078,1.0100000167038703,-0.06340565138868333,1.7614592764249721,Line_3,2,3,1.0,11.664097904458096,63.50034463342252,51.836246728964426,GENROU_4,6,GENROU_1,1,1.0,1.0,0.0,GENROU_1,1,GENROU_1,1,1.4713550511518125,2.033928039393072,GENROU_5,8,GENROU_2,2
177,1,0.8700000000000001,0.005,0.001,NEXT_STEP,0,0.03602719338193425,0.01698179663467751,1.030000020315722,-0.03266238737527078,,,,,,,,Line_3,2,3,1.0,1.030000020315722,-0.03266238737527078,1.0100000167038703,-0.06340565138868333,1.7614592764249721,Line_3,2,3,1.0,11.664097904458096,63.50034463342252,51.836246728964426,GENROU_4,6,GENROU_1,1,1.0,1.0,0.0,GENROU_1,1,GENROU_1,1,1.4713550511518125,2.033928039393072,GENROU_5,8,GENROU_2,2
178,1,0.875,0.005,0.001,NEXT_STEP,0,0.03602719338193425,0.01698179663467751,1.030000020315722,-0.03266238737527078,,,,,,,,Line_3,2,3,1.0,1.030000020315722,-0.03266238737527078,1.0100000167038703,-0.06340565138868333,1.7614592764249721,Line_3,2,3,1.0,11.664097904458096,63.50034463342252,51.836246728964426,GENROU_4,6,GENROU_1,1,1.0,1.0,0.0,GENROU_1,1,GENROU_1,1,1.4713550511518125,2.033928039393072,GENROU_5,8,GENROU_2,2
179,1,0.88,0.005,0.001,NEXT_STEP,0,0.03602719338193425,0.01698179663467751,1.030000020315722,-0.03266238737527078,,,,,,,,Line_3,2,3,1.0,1.030000020315722,-0.03266238737527078,1.0100000167038703,-0.06340565138868333,1.7614592764249721,Line_3,2,3,1.0,11.664097904458096,63.50034463342252,51.836246728964426,GENROU_4,6,GENROU_1,1,1.0,1.0,0.0,GENROU_1,1,GENROU_1,1,1.4713550511518125,2.0339280392918155,GENROU_5,8,GENROU_2,2
180,1,0.885,0.005,0.001,NEXT_STEP,0,0.03602719338193425,0.01698179663467751,1.030000020315722,-0.03266238737527078,,,,,,,,Line_3,2,3,1.0,1.030000020315722,-0.03266238737527078,1.0100000167038703,-0.06340565138868333,1.7614592764249721,Line_3,2,3,1.0,11.664097904458096,63.50034463342252,51.836246728964426,GENROU_4,6,GENROU_1,1,1.0,1.0,0.0,GENROU_1,1,GENROU_1,1,1.4713550511518125,2.0339280392918155,GENROU_5,8,GENROU_2,2
181,1,0.89,0.005,0.001,NEXT_STEP,0,0.03602719338193425,0.01698179663467751,1.030000020315722,-0.03266238737527078,,,,,,,,Line_3,2,3,1.0,1.030000020315722,-0.03266238737527078,1.0100000167038703,-0.06340565138868333,1.7614592764249721,Line_3,2,3,1.0,11.664097904458096,63.50034463342252,51.836246728964426,GENROU_4,6,GENROU_1,1,1.0,1.0,0.0,GENROU_1,1,GENROU_1,1,1.4713550511518125,2.0339280392918155,GENROU_5,8,GENROU_2,2
182,1,0.895,0.005,0.001,NEXT_STEP,0,0.03602719338193425,0.01698179663467751,1.030000020315722,-0.03266238737527078,,,,,,,,Line_3,2,3,1.0,1.030000020315722,-0.03266238737527078,1.0100000167038703,-0.06340565138868333,1.7614592764249721,Line_3,2,3,1.0,11.664097904458096,63.50034463342252,51.836246728964426,GENROU_4,6,GENROU_1,1,1.0,1.0,0.0,GENROU_1,1,GENROU_1,1,1.4713550511518125,2.0339280392918155,GENROU_5,8,GENROU_2,2
183,1,0.9,0.005,0.001,NEXT_STEP,0,0.03602719338193425,0.01698179663467751,1.030000020315722,-0.03266238737527078,,,,,,,,Line_3,2,3,1.0,1.030000020315722,-0.03266238737527078,1.0100000167038703,-0.06340565138868333,1.7614592764249721,Line_3,2,3,1.0,11.664097904458096,63.50034463342252,51.836246728964426,GENROU_4,6,GENROU_1,1,1.0,1.0,0.0,GENROU_1,1,GENROU_1,1,1.4713550511518125,2.0339280392918155,GENROU_5,8,GENROU_2,2
184,1,0.905,0.005,0.001,NEXT_STEP,0,0.03602719338193425,0.01698179663467751,1.030000020315722,-0.03266238737527078,,,,,,,,Line_3,2,3,1.0,1.030000020315722,-0.03266238737527078,1.0100000167038703,-0.06340565138868333,1.7614592764249721,Line_3,2,3,1.0,11.664097904458096,63.50034463342252,51.836246728964426,GENROU_4,6,GENROU_1,1,1.0,1.0,0.0,GENROU_1,1,GENROU_1,1,1.4713550511518125,2.033928039189531,GENROU_5,8,GENROU_2,2
185,1,0.91,0.005,0.001,NEXT_STEP,0,0.03602719338193425,0.01698179663467751,1.030000020315722,-0.03266238737527078,,,,,,,,Line_3,2,3,1.0,1.030000020315722,-0.03266238737527078,1.0100000167038703,-0.06340565138868333,1.7614592764249721,Line_3,2,3,1.0,11.664097904458096,63.50034463342252,51.836246728964426,GENROU_4,6,GENROU_1,1,1.0,1.0,0.0,GENROU_1,1,GENROU_1,1,1.4713550511518125,2.033928039189531,GENROU_5,8,GENROU_2,2
186,1,0.915,0.005,0.001,NEXT_STEP,0,0.03602719338193425,0.01698179663467751,1.030000020315722,-0.03266238737527078,,,,,,,,Line_3,2,3,1.0,1.030000020315722,-0.03266238737527078,1.0100000167038703,-0.06340565138868333,1.7614592764249721,Line_3,2,3,1.0,11.664097904458096,63.50034463342252,51.836246728964426,GENROU_4,6,GENROU_1,1,1.0,1.0,0.0,GENROU_1,1,GENROU_1,1,1.4713550511518125,2.033928039189531,GENROU_5,8,GENROU_2,2
187,1,0.92,0.005,0.001,NEXT_STEP,0,0.03602719338193425,0.01698179663467751,1.030000020315722,-0.03266238737527078,,,,,,,,Line_3,2,3,1.0,1.030000020315722,-0.03266238737527078,1.0100000167038703,-0.06340565138868333,1.7614592764249721,Line_3,2,3,1.0,11.664097904458096,63.50034463342252,51.836246728964426,GENROU_4,6,GENROU_1,1,1.0,1.0,0.0,GENROU_1,1,GENROU_1,1,1.4713550511518125,2.033928039189531,GENROU_5,8,GENROU_2,2
188,1,0.925,0.005,0.001,NEXT_STEP,0,0.03602719338193425,0.01698179663467751,1.030000020315722,-0.03266238737527078,,,,,,,,Line_3,2,3,1.0,1.030000020315722,-0.03266238737527078,1.0100000167038703,-0.06340565138868333,1.7614592764249721,Line_3,2,3,1.0,11.664097904458096,63.50034463342252,51.836246728964426,GENROU_4,6,GENROU_1,1,1.0,1.0,0.0,GENROU_1,1,GENROU_1,1,1.4713550511518125,2.033928039189531,GENROU_5,8,GENROU_2,2
189,1,0.93,0.005,0.001,NEXT_STEP,0,0.03602719338193425,0.01698179663467751,1.030000020315722,-0.03266238737527078,,,,,,,,Line_3,2,3,1.0,1.030000020315722,-0.03266238737527078,1.0100000167038703,-0.06340565138868333,1.7614592764249721,Line_3,2,3,1.0,11.664097904458096,63.50034463342252,51.836246728964426,GENROU_4,6,GENROU_1,1,1.0,1.0,0.0,GENROU_1,1,GENROU_1,1,1.4713550511518125,2.0339280390894414,GENROU_5,8,GENROU_2,2
190,1,0.935,0.005,0.001,NEXT_STEP,0,0.03602719338193425,0.01698179663467751,1.030000020315722,-0.03266238737527078,,,,,,,,Line_3,2,3,1.0,1.030000020315722,-0.03266238737527078,1.0100000167038703,-0.06340565138868333,1.7614592764249721,Line_3,2,3,1.0,11.664097904458096,63.50034463342252,51.836246728964426,GENROU_4,6,GENROU_1,1,1.0,1.0,0.0,GENROU_1,1,GENROU_1,1,1.4713550511518125,2.0339280379063283,GENROU_5,8,GENROU_2,2
191,1,0.9400000000000001,0.005,0.001,NEXT_STEP,0,0.03602719338193425,0.01698179663467751,1.030000020209712,-0.03266238737527078,,,,,,,,Line_3,2,3,1.0,1.030000020209712,-0.03266238737527078,1.0100000165990624,-0.06340565138868333,1.7614592764249721,Line_3,2,3,1.0,11.664097904458096,63.50034463342252,51.836246728964426,GENROU_4,6,GENROU_1,1,1.0,1.0,0.0,GENROU_1,1,GENROU_1,1,1.4713550509946913,2.033928036600415,GENROU_5,8,GENROU_2,2
192,1,0.9450000000000001,0.005,0.001,NEXT_STEP,0,0.03602719338193425,0.01698179663467751,1.0300000201033277,-0.03266238747600554,,,,,,,,Line_3,2,3,1.0,1.0300000201033277,-0.03266238747600554,1.0100000165990624,-0.06340565148936818,1.7614592764221015,Line_3,2,3,1.0,11.664097904458096,63.50034463342252,51.836246728964426,GENROU_4,6,GENROU_1,1,1.0,1.0,0.0,GENROU_1,1,GENROU_1,1,1.4713550509946913,2.033928035629019,GENROU_5,8,GENROU_2,2
193,1,0.9500000000000001,0.005,0.001,NEXT_STEP,0,0.03602719338193425,0.01698179663467751,1.0300000201033277,-0.03266238747600554,,,,,,,,Line_3,2,3,1.0,1.0300000201033277,-0.03266238747600554,1.0100000165990624,-0.06340565148936818,1.7614592764221015,Line_3,2,3,1.0,11.664097904458096,63.50034463342252,51.836246728964426,GENROU_4,6,GENROU_1,1,1.0,1.0,0.0,GENROU_1,1,GENROU_1,1,1.4713550509946913,2.033928034881687,GENROU_5,8,GENROU_2,2
194,1,0.9550000000000001,0.005,0.001,NEXT_STEP,0,0.03602719338193425,0.01698179663467751,1.030000019993308,-0.03266238747600554,,,,,,,,Line_3,2,3,1.0,1.030000019993308,-0.03266238747600554,1.0100000165990624,-0.06340565148936818,1.7614592764221015,Line_3,2,3,1.0,11.664097904458096,63.50034463342252,51.836246728964426,GENROU_4,6,GENROU_1,1,1.0,1.0,0.0,GENROU_1,1,GENROU_1,1,1.4713550509946913,2.0339280343050645,GENROU_5,8,GENROU_2,2
195,1,0.9600000000000001,0.005,0.001,NEXT_STEP,0,0.03602719338193425,0.01698179663467751,1.030000019993308,-0.03266238747600554,,,,,,,,Line_3,2,3,1.0,1.030000019993308,-0.03266238747600554,1.0100000165990624,-0.06340565148936818,1.7614592764221015,Line_3,2,3,1.0,11.664097904458096,63.50034463342252,51.836246728964426,GENROU_4,6,GENROU_1,1,1.0,1.0,0.0,GENROU_1,1,GENROU_1,1,1.4713550509946913,2.0339280343050645,GENROU_5,8,GENROU_2,2
196,1,0.9650000000000001,0.005,0.001,NEXT_STEP,0,0.03602719338193425,0.01698179663467751,1.030000019993308,-0.03266238747600554,,,,,,,,Line_3,2,3,1.0,1.030000019993308,-0.03266238747600554,1.0100000165990624,-0.06340565148936818,1.7614592764221015,Line_3,2,3,1.0,11.664097904458096,63.50034463342252,51.836246728964426,GENROU_4,6,GENROU_1,1,1.0,1.0,0.0,GENROU_1,1,GENROU_1,1,1.4713550509946913,2.0339280343050645,GENROU_5,8,GENROU_2,2
197,1,0.9700000000000001,0.005,0.001,NEXT_STEP,0,0.03602719338193425,0.01698179663467751,1.030000019993308,-0.03266238747600554,,,,,,,,Line_3,2,3,1.0,1.030000019993308,-0.03266238747600554,1.0100000165990624,-0.06340565148936818,1.7614592764221015,Line_3,2,3,1.0,11.664097904458096,63.50034463342252,51.836246728964426,GENROU_4,6,GENROU_1,1,1.0,1.0,0.0,GENROU_1,1,GENROU_1,1,1.4713550509946913,2.0339280343050645,GENROU_5,8,GENROU_2,2
198,1,0.9750000000000001,0.005,0.001,NEXT_STEP,0,0.03602719338193425,0.01698179663467751,1.030000019993308,-0.03266238747600554,,,,,,,,Line_3,2,3,1.0,1.030000019993308,-0.03266238747600554,1.0100000165990624,-0.06340565148936818,1.7614592764221015,Line_3,2,3,1.0,11.664097904458096,63.50034463342252,51.836246728964426,GENROU_4,6,GENROU_1,1,1.0,1.0,0.0,GENROU_1,1,GENROU_1,1,1.4713550509946913,2.0339280343050645,GENROU_5,8,GENROU_2,2
199,1,0.9800000000000001,0.005,0.001,NEXT_STEP,0,0.03602719338193425,0.01698179663467751,1.030000019993308,-0.03266238747600554,,,,,,,,Line_3,2,3,1.0,1.030000019993308,-0.03266238747600554,1.0100000165990624,-0.06340565148936818,1.7614592764221015,Line_3,2,3,1.0,11.664097904458096,63.50034463342252,51.836246728964426,GENROU_4,6,GENROU_1,1,1.0,1.0,0.0,GENROU_1,1,GENROU_1,1,1.4713550509946913,2.0339280343050645,GENROU_5,8,GENROU_2,2
200,1,0.9850000000000001,0.005,0.001,NEXT_STEP,0,0.03602719338193425,0.01698179663467751,1.030000019993308,-0.03266238747600554,,,,,,,,Line_3,2,3,1.0,1.030000019993308,-0.03266238747600554,1.0100000165990624,-0.06340565148936818,1.7614592764221015,Line_3,2,3,1.0,11.664097904458096,63.50034463342252,51.836246728964426,GENROU_4,6,GENROU_1,1,1.0,1.0,0.0,GENROU_1,1,GENROU_1,1,1.4713550509946913,2.0339280343050645,GENROU_5,8,GENROU_2,2
201,1,0.9900000000000001,0.005,0.001,NEXT_STEP,0,0.03602719338193425,0.01698179663467751,1.030000019993308,-0.03266238747600554,,,,,,,,Line_3,2,3,1.0,1.030000019993308,-0.03266238747600554,1.0100000165990624,-0.06340565148936818,1.7614592764221015,Line_3,2,3,1.0,11.664097904458096,63.50034463342252,51.836246728964426,GENROU_4,6,GENROU_1,1,1.0,1.0,0.0,GENROU_1,1,GENROU_1,1,1.4713550509946913,2.0339280343050645,GENROU_5,8,GENROU_2,2
202,1,0.9950000000000001,0.005,0.001,NEXT_STEP,0,0.03602719338193425,0.01698179663467751,1.030000019993308,-0.03266238747600554,,,,,,,,Line_3,2,3,1.0,1.030000019993308,-0.03266238747600554,1.0100000165990624,-0.06340565148936818,1.7614592764221015,Line_3,2,3,1.0,11.664097904458096,63.50034463342252,51.836246728964426,GENROU_4,6,GENROU_1,1,1.0,1.0,0.0,GENROU_1,1,GENROU_1,1,1.4713550509946913,2.0339280343050645,GENROU_5,8,GENROU_2,2
203,1,1.0,0.005,0.001,NEXT_STEP,0,0.03602719338193425,0.01698179663467751,1.030000019993308,-0.03266238747600554,,,,,,,,Line_3,2,3,0.0,1.030000019993308,-0.03266238747600554,1.0100000165990624,-0.06340565148936818,1.7614592764221015,Line_3,2,3,0.0,11.664097904458096,63.50034463342252,51.836246728964426,GENROU_4,6,GENROU_1,1,1.0,1.0,0.0,GENROU_1,1,GENROU_1,1,1.4713550511804183,2.0339280343050645,GENROU_5,8,GENROU_2,2
204,1,1.005,0.005,0.001,NEXT_STEP,0,0.03602719338193425,0.01698179663467751,1.031668668009299,-0.024812644660413063,,,,,,,,Line_3,2,3,0.0,1.031668668009299,-0.024812644660413063,0.9906027335504689,-0.08365082523077376,3.371179420910323,Line_3,2,3,0.0,11.664086949603975,63.501054221336595,51.83696727173262,GENROU_4,6,GENROU_1,1,0.9999747248937908,1.000013121408497,2.527510620919937e-05,GENROU_3,3,GENROU_1,1,1.4701746604047716,2.0337382057384388,GENROU_5,8,GENROU_2,2
206,2,1.01,0.005,0.001,NEXT_STEP,0,0.036055874890752425,0.01696730344102536,1.031505228494467,-0.024507679576296845,,,,,,,,Line_3,2,3,0.0,1.031505228494467,-0.024507679576296845,0.9899318969653333,-0.08414577673541028,3.417011265408348,Line_3,2,3,0.0,11.664060048940796,63.50314476444294,51.839084715502146,GENROU_4,6,GENROU_1,1,0.9999509568339374,1.0000254489080582,4.904316606257897e-05,GENROU_3,3,GENROU_1,1,1.4712107901377378,2.0326957379878188,GENROU_5,8,GENROU_2,2
208,2,1.015,0.005,0.001,NEXT_STEP,1,0.03605043011616639,0.016966648361063482,1.0313469550315046,-0.024249044594094406,,,,,,,,Line_3,2,3,0.0,1.0313469550315046,-0.024249044594094406,0.989314924950373,-0.08459101040738475,3.4573399686242396,Line_3,2,3,0.0,11.664024625239804,63.50651958202139,51.842494956781586,GENROU_4,6,GENROU_1,1,0.9999287565447413,1.0000369149674582,7.124345525866271e-05,GENROU_3,3,GENROU_1,1,1.4724357428255066,2.0305688914249473,GENROU_5,8,GENROU_2,2
210,2,1.02,0.005,0.001,NEXT_STEP,1,0.03604790797088932,0.016968174238677247,1.031193393996445,-0.024030929665388077,,,,,,,,Line_3,2,3,0.0,1.031193393996445,-0.024030929665388077,0.9887476662610015,-0.08499624991688327,3.493055547074107,Line_3,2,3,0.0,11.663985597302444,63.51108905835818,51.84710346105574,GENROU_4,6,GENROU_1,1,0.9999079517578375,1.0000475818277472,9.204824216246799e-05,GENROU_3,3,GENROU_1,1,1.4737374019903746,2.027525371634748,GENROU_5,8,GENROU_2,2
212,2,1.025,0.005,0.001,NEXT_STEP,1,0.03604543729357384,0.016969651836905235,1.03104404643236,-0.023845756502082854,,,,,,,,Line_3,2,3,0.0,1.03104404643236,-0.023845756502082854,0.9882258217160169,-0.08536836563269609,3.524985847817163,Line_3,2,3,0.0,11.663945893133242,63.51677005551089,51.852824162377644,GENROU_4,6,GENROU_1,1,0.9998883981036351,1.000057507654704,0.00011160189636494344,GENROU_3,3,GENROU_1,1,1.4750483745815777,2.02390945506387,GENROU_5,8,GENROU_2,2
214,2,1.03,0.005,0.001,NEXT_STEP,1,0.03604305487358421,0.01697108763071508,1.0308984007099589,-0.023687561946139364,,,,,,,,Line_3,2,3,0.0,1.0308984007099589,-0.023687561946139364,0.9877453081215231,-0.08571313966044629,3.5538038248904797,Line_3,2,3,0.0,11.663906965862468,63.5234854825529,51.85957851669043,GENROU_4,6,GENROU_1,1,0.9998699745141909,1.0000667461500212,0.00013002548580909323,GENROU_3,3,GENROU_1,1,1.4763297518716467,2.020105911945842,GENROU_5,8,GENROU_2,2
216,2,1.035,0.005,0.001,NEXT_STEP,1,0.036040706661058915,0.01697248367264363,1.0307561353464938,-0.0235514745310293,,,,,,,,Line_3,2,3,0.0,1.0307561353464938,-0.0235514745310293,0.9873023690130361,-0.0860353224686138,3.580060774560792,Line_3,2,3,0.0,11.66386917518894,63.5311637905024,51.867294615313455,GENROU_4,6,GENROU_1,1,0.9998525793495059,1.0000753462199985,0.00014742065049411224,GENROU_3,3,GENROU_1,1,1.4775606018639005,2.016463994586962,GENROU_5,8,GENROU_2,2
218,2,1.04,0.005,0.001,NEXT_STEP,1,0.03603843063590854,0.016973847515129977,1.0306170696896708,-0.023433521040004894,,,,,,,,Line_3,2,3,0.0,1.0306170696896708,-0.023433521040004894,0.9868935678823418,-0.086338815892893,3.604207904096512,Line_3,2,3,0.0,11.663832079631582,63.539738450952996,51.87590637132141,GENROU_4,6,GENROU_1,1,0.9998361271817922,1.0000833519450358,0.00016387281820784416,GENROU_3,3,GENROU_1,1,1.4787310980981268,2.0132612454011345,GENROU_5,8,GENROU_2,2
220,2,1.045,0.005,0.001,NEXT_STEP,1,0.03603619616397304,0.01697517736291462,1.0304811295011034,-0.02333044384043517,,,,,,,,Line_3,2,3,0.0,1.0304811295011034,-0.02333044384043517,0.9865157747732443,-0.08662681323777247,3.626614824968442,Line_3,2,3,0.0,11.663794663271101,63.54914744301964,51.885352779748544,GENROU_4,6,GENROU_1,1,0.9998205461233486,1.0000908027558175,0.0001794538766514142,GENROU_3,3,GENROU_1,1,1.479838101183215,2.010692405540328,GENROU_5,8,GENROU_2,2
222,2,1.05,0.005,0.001,NEXT_STEP,1,0.03603401050411562,0.016976478895775745,1.0303483126669541,-0.023239576556929605,,,,,,,,Line_3,2,3,0.0,1.0303483126669541,-0.023239576556929605,0.986166147083271,-0.08690192661764407,3.64758397236335,Line_3,2,3,0.0,11.663755508781122,63.55933276539035,51.89557725660923,GENROU_4,6,GENROU_1,1,0.999805775594059,1.0000977337088732,0.00019422440594096813,GENROU_3,3,GENROU_1,1,1.4808823432857088,2.008873052234172,GENROU_5,8,GENROU_2,2
224,2,1.055,0.005,0.001,NEXT_STEP,1,0.03603187368887836,0.016977752148107747,1.0302186661650548,-0.02315873149224094,,,,,,,,Line_3,2,3,0.0,1.0302186661650548,-0.02315873149224094,0.9858421096409558,-0.0871662871953883,3.6673627987388784,Line_3,2,3,0.0,11.663712929707582,63.57023998212893,51.90652705242135,GENROU_4,6,GENROU_1,1,0.9997917644593411,1.0001041758316007,0.00020823554065885208,GENROU_3,3,GENROU_1,1,1.4818666605518993,2.007850901238004,GENROU_5,8,GENROU_2,2
226,2,1.06,0.005,0.001,NEXT_STEP,1,0.03602980919441696,0.016978993350871014,1.0300922659073029,-0.023086115326630657,,,,,,,,Line_3,2,3,0.0,1.0300922659073029,-0.023086115326630657,0.9855413334410426,-0.08742163144207274,3.6861535462107327,Line_3,2,3,0.0,11.663665071339414,63.58181780742553,51.918152736086114,GENROU_4,6,GENROU_1,1,0.9997784694726902,1.0001101564929227,0.00022153052730977674,GENROU_3,3,GENROU_1,1,1.4827949023781528,2.007620163863119,GENROU_5,8,GENROU_2,2
228,2,1.065,0.005,0.001,NEXT_STEP,1,0.036027762887110064,0.016980204446574203,1.0299692021362492,-0.023020249054558222,,,,,,,,Line_3,2,3,0.0,1.0299692021362492,-0.023020249054558222,0.9852617142136594,-0.08766936724803301,3.704121621728518,Line_3,2,3,0.0,11.663609987435944,63.59401773166922,51.93040774423328,GENROU_4,6,GENROU_1,1,0.9997658539774458,1.0001156997967369,0.0002341460225542269,GENROU_3,3,GENROU_1,1,1.4836712765841473,2.0081361195505125,GENROU_5,8,GENROU_2,2
230,2,1.07,0.005,0.001,NEXT_STEP,1,0.03602579613682293,0.016981389168533995,1.029849565906491,-0.022959928683053108,,,,,,,,Line_3,2,3,0.0,1.029849565906491,-0.022959928683053108,0.9850013522401443,-0.08791064032870426,3.721401653667016,Line_3,2,3,0.0,11.663545698109978,63.60679368824289,51.94324799013291,GENROU_4,6,GENROU_1,1,0.9997538868106095,1.000120826936349,0.00024611318939049553,GENROU_3,3,GENROU_1,1,1.484499970225103,2.0093283052689523,GENROU_5,8,GENROU_2,2
232,2,1.075,0.005,0.001,NEXT_STEP,1,0.036023894493480826,0.016982536221146857,1.0297334455700105,-0.022904161314458417,,,,,,,,Line_3,2,3,0.0,1.0297334455700105,-0.022904161314458417,0.984758534636537,-0.08814637393151875,3.738103429052728,Line_3,2,3,0.0,11.663470232828768,63.62010175884813,51.956631526019365,GENROU_4,6,GENROU_1,1,0.9997425413918059,1.0001255565579217,0.0002574586081941499,GENROU_3,3,GENROU_1,1,1.4852849471820269,2.0111115600040974,GENROU_5,8,GENROU_2,2
234,2,1.08,0.005,0.001,NEXT_STEP,1,0.0360220110378154,0.016983653174294233,1.0296209172280477,-0.022852130692889237,,,,,,,,Line_3,2,3,0.0,1.0296209172280477,-0.022852130692889237,0.9845317158841935,-0.08837731048316744,3.754316253818871,Line_3,2,3,0.0,11.663381662493501,63.63389991682292,51.97051825432942,GENROU_4,6,GENROU_1,1,0.9997317949575525,1.000129905096609,0.0002682050424475113,GENROU_3,3,GENROU_1,1,1.48602984870749,2.013394699365355,GENROU_5,8,GENROU_2,2
236,2,1.085,0.005,0.001,NEXT_STEP,1,0.036020230572656624,0.016984739976218046,1.0295120417727623,-0.022803181645468573,,,,,,,,Line_3,2,3,0.0,1.0295120417727623,-0.022803181645468573,0.9843195031904207,-0.08860405077345215,3.770112089326119,Line_3,2,3,0.0,11.663278122420603,63.64814780387351,51.984869681452906,GENROU_4,6,GENROU_1,1,0.9997216279095316,1.0001338870570844,0.00027837209046843725,GENROU_3,3,GENROU_1,1,1.4867379600786668,2.0160869200500486,GENROU_5,8,GENROU_2,2
238,2,1.09,0.005,0.001,NEXT_STEP,1,0.03601848450797008,0.016985787229620502,1.0294068671612449,-0.02275676843268699,,,,,,,,Line_3,2,3,0.0,1.0294068671612449,-0.02275676843268699,0.9841206416337456,-0.08882706873078097,3.7855493582427187,Line_3,2,3,0.0,11.663157828369238,63.662806537599145,51.99964870922991,GENROU_4,6,GENROU_1,1,0.9997120232794542,1.000137515309725,0.0002879767205458128,GENROU_3,3,GENROU_1,1,1.4874122146787827,2.019102207520574,GENROU_5,8,GENROU_2,2
240,2,1.095,0.005,0.001,NEXT_STEP,1,0.03601681072820346,0.01698680245273044,1.0293054215375885,-0.02271245737627019,,,,,,,,Line_3,2,3,0.0,1.0293054215375885,-0.02271245737627019,0.9839339996219971,-0.089046744427297,3.800674685033158,Line_3,2,3,0.0,11.663019087581864,63.67783854790853,52.01481946032666,GENROU_4,6,GENROU_1,1,0.9997029662675689,1.0001408013217812,0.00029703373243106235,GENROU_3,3,GENROU_1,1,1.4880552144925987,2.0223620932711626,GENROU_5,8,GENROU_2,2
242,2,1.1,0.005,0.001,NEXT_STEP,1,0.03601517854730114,0.01698778376770905,1.029207718525893,-0.022669893781218267,,,,,,,,Line_3,2,3,0.0,1.029207718525893,-0.022669893781218267,0.9837585581633904,-0.08926337439229934,3.815525382101214,Line_3,2,3,0.0,11.662860305702102,63.69320744416037,52.03034713845827,GENROU_4,6,GENROU_1,1,0.9996944438628751,1.0001437553838128,0.00030555613712490715,GENROU_3,3,GENROU_1,1,1.4886715196717306,2.025797130785583,GENROU_5,8,GENROU_2,2
244,2,1.105,0.005,0.001,NEXT_STEP,1,0.03601364206869308,0.016988729254022002,1.0291137466082034,-0.02262879898079401,,,,,,,,Line_3,2,3,0.0,1.0291137466082034,-0.02262879898079401,0.9835933777540083,-0.0894771989869695,3.8301311875561623,Line_3,2,3,0.0,11.662680039532024,63.70887728312359,52.046197243591564,GENROU_4,6,GENROU_1,1,0.9996864433776708,1.0001463874861398,0.0003135566223292363,GENROU_3,3,GENROU_1,1,1.4892563825715266,2.0293472169579263,GENROU_5,8,GENROU_2,2
246,2,1.11,0.005,0.001,NEXT_STEP,1,0.0360121399319556,0.01698963515103826,1.0290235066625693,-0.022588951188589973,,,,,,,,Line_3,2,3,0.0,1.0290235066625693,-0.022588951188589973,0.9834376751952892,-0.0896883819435446,3.844514189989212,Line_3,2,3,0.0,11.662476801246463,63.72481494321705,52.062338141970585,GENROU_4,6,GENROU_1,1,0.9996789567302737,1.000148704722028,0.0003210432697262622,GENROU_3,3,GENROU_1,1,1.4898184379263142,2.0329621573240617,GENROU_5,8,GENROU_2,2
248,2,1.115,0.005,0.001,NEXT_STEP,1,0.036010710015226294,0.01699050898544788,1.0289369597377052,-0.02255017777054632,,,,,,,,Line_3,2,3,0.0,1.0289369597377052,-0.02255017777054632,0.9832906835183837,-0.08989706516965067,3.8586924113114662,Line_3,2,3,0.0,11.662249350023044,63.740986257335955,52.07873690731291,GENROU_4,6,GENROU_1,1,0.9996719733621153,1.0001507156177385,0.0003280266378846708,GENROU_3,3,GENROU_1,1,1.4903563000467108,2.0365998609838805,GENROU_5,8,GENROU_2,2
250,2,1.12,0.005,0.001,NEXT_STEP,1,0.0360093216387495,0.016991348874263644,1.0288540659634646,-0.022512343834301743,,,,,,,,Line_3,2,3,0.0,1.0288540659634646,-0.022512343834301743,0.9831517334142081,-0.09010334534973154,3.8726791198964747,Line_3,2,3,0.0,11.661996497623662,63.757358538196456,52.095362040572795,GENROU_4,6,GENROU_1,1,0.9996654846301628,1.0001524274575526,0.0003345153698371961,GENROU_3,3,GENROU_1,1,1.4908706373617908,2.0402263819842883,GENROU_5,8,GENROU_2,2
252,2,1.125,0.005,0.001,NEXT_STEP,1,0.03600800545652687,0.016992156688520447,1.0287747724707346,-0.02247535576815259,,,,,,,,Line_3,2,3,0.0,1.0287747724707346,-0.02247535576815259,0.9830202181209853,-0.0903072947431168,3.886483819454412,Line_3,2,3,0.0,11.661717152556244,63.77389986125131,52.112182708695066,GENROU_4,6,GENROU_1,1,0.9996594824874029,1.0001538470978057,0.00034051751259711605,GENROU_3,3,GENROU_1,1,1.4913650323599308,2.0438146867399625,GENROU_5,8,GENROU_2,2
254,2,1.13,0.005,0.001,NEXT_STEP,1,0.03600675422487963,0.01699292675216894,1.028699021069355,-0.022439144172025905,,,,,,,,Line_3,2,3,0.0,1.028699021069355,-0.022439144172025905,0.9828955949258193,-0.09050895864549621,3.900113081568378,Line_3,2,3,0.0,11.661410315929526,63.79057902389621,52.129168707966684,GENROU_4,6,GENROU_1,1,0.9996539593498182,1.000154981066116,0.0003460406501818447,GENROU_3,3,GENROU_1,1,1.4918403806552218,2.047343656242,GENROU_5,8,GENROU_2,2
256,2,1.135,0.005,0.001,NEXT_STEP,1,0.036005544486235073,0.016993662837320248,1.028626746241333,-0.02240366177435298,,,,,,,,Line_3,2,3,0.0,1.028626746241333,-0.02240366177435298,0.9827773751260204,-0.09070836244427068,3.913571069290697,Line_3,2,3,0.0,11.661075077063323,63.807365514770524,52.1462904377072,GENROU_4,6,GENROU_1,1,0.9996489079788163,1.0001558356481148,0.00035109202118366323,GENROU_3,3,GENROU_1,1,1.4922975579785318,2.050797130601256,GENROU_5,8,GENROU_2,2
258,2,1.1400000000000001,0.005,0.001,NEXT_STEP,1,0.03600440689656116,0.016994366822399885,1.028557876720034,-0.02236888603504503,,,,,,,,Line_3,2,3,0.0,1.028557876720034,-0.02236888603504503,0.9826651193915273,-0.09090551810181932,3.926859759467135,Line_3,2,3,0.0,11.660710608644655,63.824229491110124,52.16351888246547,GENROU_4,6,GENROU_1,1,0.9996443213807124,1.0001564169491526,0.0003556786192876471,GENROU_3,3,GENROU_1,1,1.4927374063148642,2.0541630348042945,GENROU_5,8,GENROU_2,2
260,2,1.145,0.005,0.001,NEXT_STEP,1,0.03600331077771197,0.01699503681427916,1.0284923385480236,-0.022334805151978207,,,,,,,,Line_3,2,3,0.0,1.0284923385480236,-0.022334805151978207,0.9825584329974207,-0.09110042228946769,3.939979637590625,Line_3,2,3,0.0,11.660316161621425,63.84114176297551,52.18082560135409,GENROU_4,6,GENROU_1,1,0.9996401927276094,1.000156730962817,0.00035980727239059984,GENROU_3,3,GENROU_1,1,1.4931607273770267,2.057432605995967,GENROU_5,8,GENROU_2,2
262,2,1.15,0.005,0.001,NEXT_STEP,1,0.03600226334479589,0.016995678474224615,1.0284300536996445,-0.02230142420487173,,,,,,,,Line_3,2,3,0.0,1.0284300536996445,-0.02230142420487173,0.9824569610189181,-0.09129306310118185,3.9529297304491706,Line_3,2,3,0.0,11.659891060137248,63.85807378376266,52.198182723625415,GENROU_4,6,GENROU_1,1,0.9996365152870187,1.0001567836158936,0.00036348471298131013,GENROU_3,3,GENROU_1,1,1.4935682789575364,2.060599728634481,GENROU_5,8,GENROU_2,2
264,2,1.155,0.005,0.001,NEXT_STEP,1,0.03600128802488996,0.016996288014249225,1.0283709431363142,-0.022268761010804772,,,,,,,,Line_3,2,3,0.0,1.0283709431363142,-0.022268761010804772,0.9823603853205376,-0.09148342105263621,3.9657079008297274,Line_3,2,3,0.0,11.65943469622706,63.87499764509246,52.215562948865404,GENROU_4,6,GENROU_1,1,0.9996332823635672,1.0001565808063528,0.00036671763643281174,GENROU_3,3,GENROU_1,1,1.4939607753763375,2.063660375628539,GENROU_5,8,GENROU_2,2
266,2,1.16,0.005,0.001,NEXT_STEP,1,0.03600035414119339,0.01699686353657612,1.0283149275069698,-0.02223683746790298,,,,,,,,Line_3,2,3,0.0,1.0283149275069698,-0.02223683746790298,0.9822684203988277,-0.09167146791369285,3.978311276594326,Line_3,2,3,0.0,11.658946524655326,63.89188607601363,52.2329395513583,GENROU_4,6,GENROU_1,1,0.9996304872541618,1.0001561284461522,0.0003695127458381853,GENROU_3,3,GENROU_1,1,1.4943388882486992,2.066612147352324,GENROU_5,8,GENROU_2,2
268,2,1.165,0.005,0.001,NEXT_STEP,1,0.03599946891044812,0.01699741070577787,1.0282619260281407,-0.02220568619516993,,,,,,,,Line_3,2,3,0.0,1.0282619260281407,-0.02220568619516993,0.9821808099695781,-0.09185717198133263,3.990736172362574,Line_3,2,3,0.0,11.658426057961737,63.90871244585854,52.25028638789681,GENROU_4,6,GENROU_1,1,0.9996281232069948,1.0001554324838684,0.00037187679300521026,GENROU_3,3,GENROU_1,1,1.4947032480850486,2.069453897562323,GENROU_5,8,GENROU_2,2
270,2,1.17,0.005,0.001,NEXT_STEP,1,0.035998632327574734,0.01699792951956718,1.0282118590819946,-0.022175345074776472,,,,,,,,Line_3,2,3,0.0,1.0282118590819946,-0.022175345074776472,0.9820973247306459,-0.09204049722795152,4.0029783534162675,Line_3,2,3,0.0,11.657872861493098,63.925450769423676,52.26757790793058,GENROU_4,6,GENROU_1,1,0.9996261833896128,1.0001544989271791,0.0003738166103871565,GENROU_3,3,GENROU_1,1,1.4950544469628924,2.072185434642553,GENROU_5,8,GENROU_2,2
272,2,1.175,0.005,0.001,NEXT_STEP,1,0.035997844384361495,0.016998419972693017,1.0281646481007,-0.022145856639054155,,,,,,,,Line_3,2,3,0.0,1.0281646481007,-0.022145856639054155,0.9820177594970415,-0.09222140464235137,4.015033147655345,Line_3,2,3,0.0,11.657286548630264,63.942075714331835,52.28478916570157,GENROU_4,6,GENROU_1,1,0.9996246608629239,1.000153333860178,0.0003753391370761028,GENROU_3,3,GENROU_1,1,1.4953930406289753,2.0748072859016182,GENROU_5,8,GENROU_2,2
274,2,1.18,0.005,0.001,NEXT_STEP,1,0.035997105069802575,0.01699888205724486,1.028120216003235,-0.0221172670112882,,,,,,,,Line_3,2,3,0.0,1.028120216003235,-0.0221172670112882,0.9819419308455957,-0.09239985304047636,4.026895552737614,Line_3,2,3,0.0,11.656666776196786,63.95856261001809,52.301895833821305,GENROU_4,6,GENROU_1,1,0.9996235485603867,1.000151943456311,0.0003764514396132901,GENROU_3,3,GENROU_1,1,1.4957195507342411,2.077320513558372,GENROU_5,8,GENROU_2,2
276,2,1.185,0.005,0.001,NEXT_STEP,1,0.03599639095080232,0.01699931955602135,1.0280784874561752,-0.02208962274927676,,,,,,,,Line_3,2,3,0.0,1.0280784874561752,-0.02208962274927676,0.9818696747394711,-0.0925757987715813,4.038560400094269,Line_3,2,3,0.0,11.656013240134568,63.97488745810214,52.31887421796757,GENROU_4,6,GENROU_1,1,0.9996228392729068,1.0001503339915474,0.00037716072709315096,GENROU_3,3,GENROU_1,1,1.496034466934362,2.0797265723921576,GENROU_5,8,GENROU_2,2
278,2,1.19,0.005,0.001,NEXT_STEP,1,0.03599573268050161,0.016999734357933508,1.0280393886786259,-0.02206297732832927,,,,,,,,Line_3,2,3,0.0,1.0280393886786259,-0.02206297732832927,0.9818008449776624,-0.09274919951605928,4.050022201080935,Line_3,2,3,0.0,11.65532567132031,63.99102694341394,52.33570127209363,GENROU_4,6,GENROU_1,1,0.9996225256337129,1.0001485118419124,0.0003774743662871005,GENROU_3,3,GENROU_1,1,1.4963382487608627,2.0820272004819835,GENROU_5,8,GENROU_2,2
280,2,1.195,0.005,0.001,NEXT_STEP,1,0.035995164510096836,0.01700015443725064,1.0280028453262748,-0.02203738612630032,,,,,,,,Line_3,2,3,0.0,1.0280028453262748,-0.02203738612630032,0.9817353098708246,-0.09292001341470559,4.061275384424448,Line_3,2,3,0.0,11.65460383132035,64.00695844491375,52.3523546135934,GENROU_4,6,GENROU_1,1,0.9996226001082369,1.0001477662930502,0.0003773998917631083,GENROU_3,3,GENROU_2,2,1.4966313270616325,2.084224336176939,GENROU_5,8,GENROU_2,2
282,2,1.2,0.005,0.001,NEXT_STEP,1,0.03599471674818908,0.017000604023483728,1.0279687857390922,-0.02201290511430738,,,,,,,,Line_3,2,3,1.0,1.0279687857390922,-0.02201290511430738,0.9816729521366521,-0.09308819863504265,4.072314346391664,Line_3,2,3,1.0,11.653847508349363,64.02266005062849,52.36881254227912,GENROU_4,6,GENROU_1,1,0.9996230549893544,1.0001473302052502,0.0003769450106455574,GENROU_3,3,GENROU_2,2,1.4969148183792877,2.0863200556804604,GENROU_5,8,GENROU_2,2
284,2,1.205,0.005,0.001,NEXT_STEP,1,0.03599429233682062,0.01700102692030156,1.025506308755126,-0.03154386881272201,,,,,,,,Line_3,2,3,1.0,1.025506308755126,-0.03154386881272201,1.0028378865819878,-0.06873815377954898,2.1310755506060843,Line_3,2,3,1.0,11.653056690591644,64.03725323447831,52.384196543886674,GENROU_4,6,GENROU_1,1,0.999655016077998,1.0001334711870167,0.0003449839220019957,GENROU_3,3,GENROU_2,2,1.4984332803584832,2.0885913635642046,GENROU_5,8,GENROU_2,2
286,2,1.21,0.005,0.001,NEXT_STEP,1,0.035960413642180396,0.017029149111288083,1.0256934571175054,-0.03178454775139694,,,,,,,,Line_3,2,3,1.0,1.0256934571175054,-0.03178454775139694,1.0033123734944083,-0.06855914250685724,2.1070290727918177,Line_3,2,3,1.0,11.652225293164335,64.04992116790164,52.39769587473731,GENROU_4,6,GENROU_1,1,0.9996851184158431,1.0001206808246916,0.0003148815841569341,GENROU_3,3,GENROU_2,2,1.4976212938681077,2.0920041010427517,GENROU_5,8,GENROU_2,2
288,2,1.215,0.005,0.001,NEXT_STEP,1,0.035966581331861466,0.017029883632620896,1.025876864871537,-0.031983863949416415,,,,,,,,Line_3,2,3,1.0,1.025876864871537,-0.031983863949416415,1.003750905531131,-0.06840568637248497,2.086816707016766,Line_3,2,3,1.0,11.65134646907744,64.0607797477071,52.40943327862966,GENROU_4,6,GENROU_1,1,0.9997133673493561,1.00010886376339,0.000286632650643881,GENROU_3,3,GENROU_2,2,1.4966139902176148,2.096907541167896,GENROU_5,8,GENROU_2,2
290,2,1.22,0.005,0.001,NEXT_STEP,1,0.03596892893720667,0.017027635221356762,1.0260556742627256,-0.03214700370652689,,,,,,,,Line_3,2,3,1.0,1.0260556742627256,-0.03214700370652689,1.0041557530714262,-0.06827077514406632,2.0697396434662494,Line_3,2,3,1.0,11.650416090467841,64.06993238323292,52.41951629276508,GENROU_4,6,GENROU_1,1,0.9997400370909257,1.000097837268803,0.0002599629090742628,GENROU_3,3,GENROU_2,2,1.495525349816698,2.1030743875062368,GENROU_5,8,GENROU_2,2
292,2,1.225,0.005,0.001,NEXT_STEP,1,0.035971196703442176,0.017025435095834394,1.0262301524669146,-0.032281210842061404,,,,,,,,Line_3,2,3,1.0,1.0262301524669146,-0.032281210842061404,1.0045300464988591,-0.0681506689850725,2.0551685650156912,Line_3,2,3,1.0,11.64943218086509,64.07747173165615,52.428039550791055,GENROU_4,6,GENROU_1,1,0.9997653508653237,1.000087458032031,0.00023464913467630133,GENROU_3,3,GENROU_2,2,1.4944234512570689,2.1100199077562243,GENROU_5,8,GENROU_2,2
294,2,1.23,0.005,0.001,NEXT_STEP,1,0.035973400898208475,0.01702329622736811,1.0264007202880665,-0.032392054549569685,,,,,,,,Line_3,2,3,1.0,1.0264007202880665,-0.032392054549569685,1.0048768397381354,-0.06804215675524723,2.0426003955953433,Line_3,2,3,1.0,11.648394351149516,64.08348102831309,52.43508667716357,GENROU_4,6,GENROU_1,1,0.9997894901609456,1.0000776134851441,0.0002105098390543514,GENROU_3,3,GENROU_2,2,1.4933470881245876,2.1171976914584576,GENROU_5,8,GENROU_2,2
296,2,1.235,0.005,0.001,NEXT_STEP,1,0.035975582034915604,0.017021205944361087,1.02656766590311,-0.032484026154259694,,,,,,,,Line_3,2,3,1.0,1.02656766590311,-0.032484026154259694,1.0051988985444156,-0.06794266445833613,2.0316303221044905,Line_3,2,3,1.0,11.647303382673638,64.08803534807056,52.44073196539692,GENROU_4,6,GENROU_1,1,0.9998126023660603,1.0000682152404528,0.0001873976339397121,GENROU_3,3,GENROU_2,2,1.492316674099639,2.12410958561484,GENROU_5,8,GENROU_2,2
298,2,1.24,0.005,0.001,NEXT_STEP,1,0.035977704886801146,0.017019158820055894,1.0267311726412491,-0.03256075362414629,,,,,,,,Line_3,2,3,1.0,1.0267311726412491,-0.03256075362414629,1.0054987098747272,-0.06785013553951945,2.0219326453761823,Line_3,2,3,1.0,11.64616090966591,64.09120275654901,52.4450418468831,GENROU_4,6,GENROU_1,1,0.9998348069763335,1.0000591939436159,0.0001651930236664656,GENROU_3,3,GENROU_2,2,1.4913413726836473,2.130358503342245,GENROU_5,8,GENROU_2,2
300,2,1.245,0.005,0.001,NEXT_STEP,1,0.03597977679026703,0.017017160614162734,1.0268913434724618,-0.032625185839688625,,,,,,,,Line_3,2,3,1.0,1.0268913434724618,-0.032625185839688625,1.0057784991096346,-0.06776294200049492,2.013245129574017,Line_3,2,3,1.0,11.64496917675499,64.09304534479108,52.44807616803609,GENROU_4,6,GENROU_1,1,0.9998562006556091,1.000050495238581,0.0001437993443909047,GENROU_3,3,GENROU_2,2,1.4904236661844554,2.1356650620241324,GENROU_5,8,GENROU_2,2
302,2,1.25,0.005,0.001,NEXT_STEP,1,0.03598181800295284,0.01701520498701286,1.0270482262101073,-0.032679726786742073,,,,,,,,Line_3,2,3,1.0,1.0270482262101073,-0.032679726786742073,1.0060402533958017,-0.06767980268490476,2.005356631602268,Line_3,2,3,1.0,11.643730853251984,64.09362014701567,52.44988929376369,GENROU_4,6,GENROU_1,1,0.9998768613727231,1.0000420766080989,0.0001231386272768642,GENROU_3,3,GENROU_2,2,1.4895622499166379,2.1398628815386296,GENROU_5,8,GENROU_2,2
304,2,1.255,0.005,0.001,NEXT_STEP,1,0.035983821060568154,0.017013286080897926,1.0272018318146918,-0.03272633946306326,,,,,,,,Line_3,2,3,1.0,1.0272018318146918,-0.03272633946306326,1.0062857438891195,-0.06759971481841964,1.9980972252374443,Line_3,2,3,1.0,11.642448890940518,64.09297994694059,52.450531056000074,GENROU_4,6,GENROU_1,1,0.9998968517893027,1.000033904898879,0.00010314821069734581,GENROU_3,3,GENROU_2,2,1.4887538339816104,2.1428826909807173,GENROU_5,8,GENROU_2,2
306,2,1.26,0.005,0.001,NEXT_STEP,1,0.03598578591299492,0.01701140385637796,1.0273521485599861,-0.032766633461182006,,,,,,,,Line_3,2,3,1.0,1.0273521485599861,-0.032766633461182006,1.006516547667233,-0.0675219014737671,1.9913301729671673,Line_3,2,3,1.0,11.641126415232062,64.09117398030693,52.45004756507487,GENROU_4,6,GENROU_1,1,0.999916222033145,1.0000259543727008,8.377796685499206e-05,GENROU_3,3,GENROU_2,2,1.4879942419757435,2.144731897162016,GENROU_5,8,GENROU_2,2
308,2,1.2650000000000001,0.005,0.001,NEXT_STEP,1,0.035987692194966746,0.017009564576155333,1.0274991539953076,-0.03280192960848614,,,,,,,,Line_3,2,3,1.0,1.0274991539953076,-0.03280192960848614,1.006734069026512,-0.06744576514672516,1.9849455624864163,Line_3,2,3,1.0,11.639766641901925,64.08824854217623,52.4484819002743,GENROU_4,6,GENROU_1,1,0.9999350119749585,1.0000182051732995,6.498802504151246e-05,GENROU_3,3,GENROU_2,2,1.4872790595473444,2.1454737337450394,GENROU_5,8,GENROU_2,2
310,2,1.27,0.005,0.001,NEXT_STEP,1,0.03598956760038161,0.017007767724354743,1.027642824083733,-0.03283331914214494,,,,,,,,Line_3,2,3,1.0,1.027642824083733,-0.03283331914214494,1.0069395596283106,-0.06737085513182464,1.9788550469898212,Line_3,2,3,1.0,11.638372813473737,64.08424750796456,52.445874694490826,GENROU_4,6,GENROU_1,1,0.9999532530938401,1.000010642108649,4.6746906159911283e-05,GENROU_3,3,GENROU_2,2,1.4866039986217583,2.1452083277689504,GENROU_5,8,GENROU_2,2
312,2,1.275,0.005,0.001,NEXT_STEP,1,0.035991404688059676,0.017006007470526552,1.0277831403008768,-0.0328616992719567,,,,,,,,Line_3,2,3,1.0,1.0277831403008768,-0.0328616992719567,1.0071341364897368,-0.06729683304217407,1.972987832001877,Line_3,2,3,1.0,11.636948150767617,64.07921277725713,52.44226462648951,GENROU_4,6,GENROU_1,1,0.9999487207446333,1.0000032536946892,5.127925536674294e-05,GENROU_1,1,GENROU_2,2,1.4859650854775537,2.1440568115109633,GENROU_5,8,GENROU_2,2
314,2,1.28,0.005,0.001,NEXT_STEP,1,0.035993183090375115,0.01700429008160055,1.0279200917156002,-0.03288780903705816,,,,,,,,Line_3,2,3,1.0,1.0279200917156002,-0.03288780903705816,1.0073187963681456,-0.06722345013646824,1.967287321872135,Line_3,2,3,1.0,11.635495816487483,64.07318464989407,52.43768883340659,GENROU_4,6,GENROU_1,1,0.999939705055258,0.9999960313959361,6.0294944742023127e-05,GENROU_1,1,GENROU_2,2,1.4853587401193178,2.1421488260719723,GENROU_5,8,GENROU_2,2
316,2,1.2850000000000001,0.005,0.001,NEXT_STEP,1,0.03599493051563005,0.017002615043121328,1.0280536783947278,-0.03291226207627078,,,,,,,,Line_3,2,3,1.0,1.0280536783947278,-0.03291226207627078,1.0074944306309868,-0.06715053142630693,1.9617083315891932,Line_3,2,3,1.0,11.634018887950907,64.06620214183681,52.4321832538859,GENROU_4,6,GENROU_1,1,0.9999310455222564,1.0000049029000873,6.895447774357688e-05,GENROU_1,1,GENROU_3,3,1.4847817945569275,2.1396132909369716,GENROU_5,8,GENROU_2,2
318,2,1.29,0.005,0.001,NEXT_STEP,1,0.035996639527651544,0.01700097653354793,1.0281839134051725,-0.032935561908226066,,,,,,,,Line_3,2,3,1.0,1.0281839134051725,-0.032935561908226066,1.0076618377563955,-0.0670779553903173,1.9562150489987857,Line_3,2,3,1.0,11.632520336949852,64.05830324827198,52.42578291132213,GENROU_4,6,GENROU_1,1,0.9999227337690124,1.000021144177872,7.726623098758267e-05,GENROU_1,1,GENROU_3,3,1.484231475977151,2.1365720562818784,GENROU_5,8,GENROU_2,2
320,2,1.295,0.005,0.001,NEXT_STEP,1,0.03599869737619923,0.01699971145016067,1.028310782610403,-0.03295815899906309,,,,,,,,Line_3,2,3,1.0,1.028310782610403,-0.03295815899906309,1.0078217065717352,-0.0670056728068479,1.9507788440994602,Line_3,2,3,1.0,11.631003013890814,64.04952515876424,52.41852214487343,GENROU_4,6,GENROU_1,1,0.9999147631901256,1.000036913439769,8.523680987437832e-05,GENROU_1,1,GENROU_3,3,1.4837053621729184,2.1331359455248586,GENROU_5,8,GENROU_2,2
322,2,1.3,0.005,0.001,NEXT_STEP,1,0.0360007322363735,0.016998491749507925,1.0284343567528933,-0.032980363232293274,,,,,,,,Line_3,2,3,1.0,1.0284343567528933,-0.032980363232293274,1.007974701730276,-0.06693361465641703,1.945378007348836,Line_3,2,3,1.0,11.629469637111923,64.03990443418809,52.410434797076164,GENROU_4,6,GENROU_1,1,0.9999071287067843,1.0000522161569145,9.287129321566834e-05,GENROU_1,1,GENROU_3,3,1.4832013749966293,2.129402678918427,GENROU_5,8,GENROU_2,2
324,2,1.305,0.005,0.001,NEXT_STEP,1,0.03600269541128955,0.01699730446614659,1.0285546842422864,-0.03300244875275214,,,,,,,,Line_3,2,3,1.0,1.0285546842422864,-0.03300244875275214,1.0081214007389907,-0.06686175856420493,1.9399955494221501,Line_3,2,3,1.0,11.627922788603913,64.02947715409071,52.4015543654868,GENROU_4,6,GENROU_1,1,0.999899826434647,1.0000670559279248,0.00010017356535296784,GENROU_1,1,GENROU_3,3,1.4827176968602878,2.125456174162914,GENROU_5,8,GENROU_2,2
326,2,1.31,0.005,0.001,NEXT_STEP,1,0.03600464096587645,0.016996147680614936,1.0286718206404055,-0.033024646388797735,,,,,,,,Line_3,2,3,1.0,1.0286718206404055,-0.033024646388797735,1.0082623213956885,-0.06679010776419933,1.934618430122498,Line_3,2,3,1.0,11.626364910505167,64.01827903025168,52.39191411974651,GENROU_4,6,GENROU_1,1,0.999892853413147,1.0000814348708122,0.00010714658685295753,GENROU_1,1,GENROU_3,3,1.482252746796892,2.1213668204506435,GENROU_5,8,GENROU_2,2
328,2,1.315,0.005,0.001,NEXT_STEP,1,0.03600650754880236,0.016995017603101643,1.0287858301669617,-0.03304713395116604,,,,,,,,Line_3,2,3,1.0,1.0287858301669617,-0.03304713395116604,1.0083979289302611,-0.06671867389182501,1.9292371283059424,Line_3,2,3,1.0,11.624798303488799,64.00634549581294,52.381547192324135,GENROU_4,6,GENROU_1,1,0.999886207401625,1.0000953539726634,0.00011379259837496214,GENROU_1,1,GENROU_3,3,1.4818066744624752,2.117192392429854,GENROU_5,8,GENROU_2,2
330,2,1.32,0.005,0.001,NEXT_STEP,1,0.03600833302708489,0.016993921774080586,1.0288967819052692,-0.03307005992646221,,,,,,,,Line_3,2,3,1.0,1.0288967819052692,-0.03307005992646221,1.0085286422006312,-0.06664748433268183,1.9238447053959362,Line_3,2,3,1.0,11.623225127206002,63.99371177142951,52.370486644223504,GENROU_4,6,GENROU_1,1,0.9998798866949385,1.0001088133486675,0.00012011330506145335,GENROU_1,1,GENROU_3,3,1.4813774656764667,2.112979331947811,GENROU_5,8,GENROU_2,2
332,2,1.325,0.005,0.001,NEXT_STEP,1,0.036010110154267194,0.016992854509897688,1.0290047510930518,-0.033093537236748696,,,,,,,,Line_3,2,3,1.0,1.0290047510930518,-0.033093537236748696,1.0086548390942558,-0.06657657133429824,1.9184365390822222,Line_3,2,3,1.0,11.62164740127329,63.980412916803225,52.35876551552994,GENROU_4,6,GENROU_1,1,0.9998738899831099,1.000121812458617,0.00012611001689011303,GENROU_1,1,GENROU_3,3,1.4809624841646625,2.1087642030765914,GENROU_5,8,GENROU_2,2
334,2,1.33,0.005,0.001,NEXT_STEP,1,0.03601183890283663,0.016991815790683287,1.0291098149980917,-0.03311765382810663,,,,,,,,Line_3,2,3,1.0,1.0291098149980917,-0.03311765382810663,1.0087768579863083,-0.06650597401755919,1.9130098318870807,Line_3,2,3,1.0,11.620067007847627,63.96648386339527,52.346416855547645,GENROU_4,6,GENROU_1,1,0.9998682161843546,1.0001343503413969,0.00013435034139686053,GENROU_1,1,GENROU_3,3,1.480561048084466,2.104575176687742,GENROU_5,8,GENROU_2,2
336,2,1.335,0.005,0.001,NEXT_STEP,1,0.0360135192550493,0.016990805605164517,1.0292120528241444,-0.033142475241248276,,,,,,,,Line_3,2,3,1.0,1.0292120528241444,-0.033142475241248276,1.008895003032173,-0.06643573537344037,1.9075632918057863,Line_3,2,3,1.0,11.61848569492004,63.951959433668314,52.333473738748275,GENROU_4,6,GENROU_1,1,0.9998628643453195,1.0001464257615886,0.00014642576158863108,GENROU_1,1,GENROU_3,3,1.4801724857659762,2.100433446328635,GENROU_5,8,GENROU_2,2
338,2,1.34,0.005,0.001,NEXT_STEP,1,0.036015151189243234,0.016989823938304106,1.0293115445586576,-0.033168048012372775,,,,,,,,Line_3,2,3,1.0,1.0293115445586576,-0.033168048012372775,1.0090095474504728,-0.06636590091827424,1.9020968604042707,Line_3,2,3,1.0,11.616905080159173,63.9368743496314,52.31996926947223,GENROU_4,6,GENROU_1,1,0.9998578335452072,1.0001580373436936,0.00015803734369357336,GENROU_1,1,GENROU_3,3,1.4797961492852265,2.09635452048222,GENROU_5,8,GENROU_2,2
340,2,1.345,0.005,0.001,NEXT_STEP,1,0.03601675813426126,0.016988866990115693,1.0294083700187069,-0.03319440471107987,,,,,,,,Line_3,2,3,1.0,1.0294083700187069,-0.03319440471107987,1.0091207365955308,-0.06629651916274036,1.8966114510391492,Line_3,2,3,1.0,11.61532665510313,63.92126323177742,52.305936576674284,GENROU_4,6,GENROU_1,1,0.9998531228130303,1.0001691836817357,0.0001691836817356851,GENROU_1,1,GENROU_3,3,1.4794314216961018,2.0923493615813658,GENROU_5,8,GENROU_2,2
342,2,1.35,0.005,0.001,NEXT_STEP,1,0.03601828595038074,0.016987936660969028,1.0295026083603362,-0.03322155764924038,,,,,,,,Line_3,2,3,1.0,1.0295026083603362,-0.03322155764924038,1.0092287904350754,-0.066227634811692,1.891108919691618,Line_3,2,3,1.0,11.613751789790895,63.90516059054339,52.29140880075249,GENROU_4,6,GENROU_1,1,0.9998487310731553,1.000179863437336,0.00017986343733600307,GENROU_1,1,GENROU_3,3,1.4790777203257197,2.0884253618689015,GENROU_5,8,GENROU_2,2
344,2,1.355,0.005,0.001,NEXT_STEP,1,0.03601981942024495,0.016987032899777314,1.0295943354397956,-0.033249519467728215,,,,,,,,Line_3,2,3,1.0,1.0295943354397956,-0.033249519467728215,1.0093339054150268,-0.06615930132789402,1.8855916052837074,Line_3,2,3,1.0,11.612181737530182,63.88860081104872,52.27641907351854,GENROU_4,6,GENROU_1,1,0.9998446570707981,1.0001900754061879,0.00019007540618787289,GENROU_1,1,GENROU_3,3,1.4787344965741631,2.084587159631605,GENROU_5,8,GENROU_2,2
346,2,1.36,0.005,0.001,NEXT_STEP,1,0.036021266500366626,0.016986150077684725,1.0296836274749528,-0.0332782780619418,,,,,,,,Line_3,2,3,1.0,1.0296836274749528,-0.0332782780619418,1.009436258354159,-0.06609156134171779,1.8800626438983556,Line_3,2,3,1.0,11.610617639748428,63.87161813237218,52.26100049262375,GENROU_4,6,GENROU_1,1,0.9998408993522876,1.0001998185934629,0.0001998185934628527,GENROU_1,1,GENROU_3,3,1.4784012367605381,2.0808373079554783,GENROU_5,8,GENROU_2,2
348,2,1.365,0.005,0.001,NEXT_STEP,1,0.0360227192063038,0.01698529379803289,1.0297705545606632,-0.03330782865460565,,,,,,,,Line_3,2,3,1.0,1.0297705545606632,-0.03330782865460565,1.0095360054048987,-0.0660244679671005,1.8745253524577379,Line_3,2,3,1.0,11.609060531124989,63.854246622983524,52.245186091858535,GENROU_4,6,GENROU_1,1,0.9998374562043371,1.0002090922530238,0.00020909225302379042,GENROU_1,1,GENROU_3,3,1.4780774585391407,2.0771768117213156,GENROU_5,8,GENROU_2,2
350,2,1.37,0.005,0.001,NEXT_STEP,1,0.03602410894554728,0.016984454654324563,1.0298551870574153,-0.03333814603772391,,,,,,,,Line_3,2,3,1.0,1.0298551870574153,-0.03333814603772391,1.0096332876157517,-0.06595806423092906,1.8689836405326616,Line_3,2,3,1.0,11.607511344446511,63.8365201520193,52.22900880757278,GENROU_4,6,GENROU_1,1,0.9998343256470444,1.0002178959403827,0.00021789594038268412,GENROU_1,1,GENROU_3,3,1.4777627117778174,2.0736055519345205,GENROU_5,8,GENROU_2,2
352,2,1.375,0.005,0.001,NEXT_STEP,1,0.03602545015189195,0.016983643951980574,1.0299375889347961,-0.033369206020019616,,,,,,,,Line_3,2,3,1.0,1.0299375889347961,-0.033369206020019616,1.0097282283783795,-0.06589239721116051,1.8634415915494174,Line_3,2,3,1.0,11.605970915892007,63.818472358912366,52.21250144302036,GENROU_4,6,GENROU_1,1,0.9998315054024434,1.000226229541845,0.0002262295418449245,GENROU_1,1,GENROU_3,3,1.4774565743960972,2.0701226148031666,GENROU_5,8,GENROU_2,2
354,2,1.38,0.005,0.001,NEXT_STEP,1,0.036026789727921046,0.016982854106749035,1.0300178218730078,-0.033400982509892777,,,,,,,,Line_3,2,3,1.0,1.0300178218730078,-0.033400982509892777,1.0098209381491292,-0.06582751495239271,1.8579034531992988,Line_3,2,3,1.0,11.6044399898128,63.80013661988893,52.19569663007613,GENROU_4,6,GENROU_1,1,0.9998289928716704,1.0002340932985934,0.00023409329859336303,GENROU_1,1,GENROU_3,3,1.4771586523559448,2.0667265435068938,GENROU_5,8,GENROU_2,2
356,2,1.385,0.005,0.001,NEXT_STEP,1,0.03602806629629617,0.01698208137557807,1.0300959452470586,-0.03343343625723504,,,,,,,,Line_3,2,3,1.0,1.0300959452470586,-0.03343343625723504,1.0099115148704727,-0.06576345827484546,1.852373813174097,Line_3,2,3,1.0,11.602919223645461,63.781546013421746,52.17862678977629,GENROU_4,6,GENROU_1,1,0.9998267851396139,1.0002414878362151,0.00024148783621513736,GENROU_1,1,GENROU_3,3,1.4768685778261936,2.0634155275052217,GENROU_5,8,GENROU_2,2
358,2,1.3900000000000001,0.005,0.001,NEXT_STEP,1,0.03602931775469157,0.01698133327294684,1.0301720121538551,-0.03346653303205187,,,,,,,,Line_3,2,3,1.0,1.0301720121538551,-0.03346653303205187,1.010000043592157,-0.06570027277482016,1.8468572451837417,Line_3,2,3,1.0,11.601409192892461,63.76273328508848,52.16132409219602,GENROU_4,6,GENROU_1,1,0.9998248789544987,1.0002484141745263,0.0002484141745262569,GENROU_1,1,GENROU_3,3,1.4765860064798446,2.0601875423287375,GENROU_5,8,GENROU_2,2
360,2,1.395,0.005,0.001,NEXT_STEP,1,0.0360305368670273,0.01698060413684306,1.0302460739161654,-0.03350023225872271,,,,,,,,Line_3,2,3,1.0,1.0302460739161654,-0.03350023225872271,1.0100865999487159,-0.06563800034268004,1.8413584741809927,Line_3,2,3,1.0,11.599910395706823,63.743730811155416,52.143820415448594,GENROU_4,6,GENROU_1,1,0.9998232707292686,1.0002548737423829,0.0002548737423828662,GENROU_1,1,GENROU_3,3,1.476310617691799,2.057040451836552,GENROU_5,8,GENROU_2,2
362,2,1.4,0.005,0.001,NEXT_STEP,1,0.03603172362565235,0.01697989396241774,1.0303181776542734,-0.03353449198136224,,,,,,,,Line_3,2,3,1.0,1.0303181776542734,-0.03353449198136224,1.0101712496468178,-0.06557668227913376,1.8358822704173292,Line_3,2,3,1.0,11.598423257539732,63.72457056233424,52.126147304794515,GENROU_4,6,GENROU_1,1,0.9998219565407581,1.0002608683860412,0.0002608683860412242,GENROU_1,1,GENROU_3,3,1.4760421123262932,2.0539720808517936,GENROU_5,8,GENROU_2,2
364,2,1.405,0.005,0.001,NEXT_STEP,1,0.036032878019357416,0.016979202742011132,1.0303883669789928,-0.03356926832169094,,,,,,,,Line_3,2,3,1.0,1.0303883669789928,-0.03356926832169094,1.0102540497785943,-0.06551635883033818,1.8304334538679257,Line_3,2,3,1.0,11.596948135628619,63.70528406756312,52.108335931934505,GENROU_4,6,GENROU_1,1,0.9998209321316729,1.0002664003744859,0.0002664003744858867,GENROU_1,1,GENROU_3,3,1.4757802118036631,2.050980267059232,GENROU_5,8,GENROU_2,2
366,2,1.4100000000000001,0.005,0.001,NEXT_STEP,1,0.03603400003962816,0.016978530469957797,1.030456682105042,-0.03360451650995029,,,,,,,,Line_3,2,3,1.0,1.030456682105042,-0.03360451650995029,1.0103350496475239,-0.06545706915453274,1.825016833252846,Line_3,2,3,1.0,11.595485323352172,63.68590237813897,52.0904170547868,GENROU_4,6,GENROU_1,1,0.9998201929149704,1.0002714724020911,0.000271472402091133,GENROU_1,1,GENROU_3,3,1.4755246570327067,2.048062895934857,GENROU_5,8,GENROU_2,2
368,2,1.415,0.005,0.001,NEXT_STEP,1,0.0360351131448117,0.016977873352637018,1.0305231601187819,-0.0336401929976347,,,,,,,,Line_3,2,3,1.0,1.0305231601187819,-0.0336401929976347,1.010414291759044,-0.065398852901227,1.819637175467193,Line_3,2,3,1.0,11.594035054377965,63.66645603225305,52.07242097787508,GENROU_4,6,GENROU_1,1,0.9998197339765686,1.0002760875870962,0.0002760875870961854,GENROU_1,1,GENROU_3,3,1.475275207417308,2.045217924558771,GENROU_5,8,GENROU_2,2
370,2,1.42,0.005,0.001,NEXT_STEP,1,0.036036163171864,0.01697723331486833,1.0305878353843132,-0.033676247000064885,,,,,,,,Line_3,2,3,1.0,1.0305878353843132,-0.033676247000064885,1.010491812222124,-0.06534174391164504,1.8142993292180734,Line_3,2,3,1.0,11.592597506801212,63.646975020635665,52.05437751383445,GENROU_4,6,GENROU_1,1,0.9998195500948602,1.0002802494758127,0.00028024947581273274,GENROU_1,1,GENROU_3,3,1.4750316399971757,2.04244339692327,GENROU_5,8,GENROU_2,2
372,2,1.425,0.005,0.001,NEXT_STEP,1,0.036037211490756775,0.0169766140666448,1.0306507377667244,-0.033712637366057514,,,,,,,,Line_3,2,3,1.0,1.0306507377667244,-0.033712637366057514,1.0105676408355078,-0.0652857818792273,1.8090079265612644,Line_3,2,3,1.0,11.591172807120103,63.627488753111614,52.03631594599151,GENROU_4,6,GENROU_1,1,0.999819635733999,1.0002839620305428,0.000283962030542817,GENROU_1,1,GENROU_3,3,1.4747937478442712,2.039737453275805,GENROU_5,8,GENROU_2,2
374,2,1.4300000000000002,0.005,0.001,NEXT_STEP,1,0.03603822018538763,0.016976008102506566,1.0307118966790005,-0.033749314683791325,,,,,,,,Line_3,2,3,1.0,1.0307118966790005,-0.033749314683791325,1.010641803577343,-0.06523099961042865,1.8037676782569463,Line_3,2,3,1.0,11.589761033872435,63.608026025773526,52.01826499190109,GENROU_4,6,GENROU_1,1,0.9998199850675488,1.0002872296314014,0.0002872296314013756,GENROU_1,1,GENROU_3,3,1.474561340626566,2.037098335641331,GENROU_5,8,GENROU_2,2
376,2,1.435,0.005,0.001,NEXT_STEP,1,0.03603919646759396,0.016975421060928603,1.0307713371799838,-0.033786233516611024,,,,,,,,Line_3,2,3,1.0,1.0307713371799838,-0.033786233516611024,1.0107143207882279,-0.065177431532269,1.798583160156653,Line_3,2,3,1.0,11.588362221416485,63.58861499005786,52.000252768641374,GENROU_4,6,GENROU_1,1,0.999820591985233,1.0002900570671647,0.00029005706716467294,GENROU_1,1,GENROU_3,3,1.4743342422148293,2.03452438998401,GENROU_5,8,GENROU_2,2
378,2,1.44,0.005,0.001,NEXT_STEP,1,0.036040140335352265,0.016974852941779035,1.0308290825532433,-0.03382334830273629,,,,,,,,Line_3,2,3,1.0,1.0308290825532433,-0.03382334830273629,1.0107852091822327,-0.06512511056932117,1.793458869197167,Line_3,2,3,1.0,11.586976363386718,63.56928312274213,51.98230675935541,GENROU_4,6,GENROU_1,1,0.9998214501058169,1.0002924495278254,0.00029244952782536693,GENROU_1,1,GENROU_3,3,1.4741122908271662,2.0320140670185323,GENROU_5,8,GENROU_2,2
380,2,1.445,0.005,0.001,NEXT_STEP,1,0.036041075245947775,0.016974299944479743,1.030885153989346,-0.033860616181183995,,,,,,,,Line_3,2,3,1.0,1.030885153989346,-0.033860616181183995,1.0108544820759573,-0.06507406999631823,1.7883991676337132,Line_3,2,3,1.0,11.585603415966434,63.550057197227936,51.964453781261504,GENROU_4,6,GENROU_1,1,0.9998225527869283,1.0002944125941897,0.0002944125941897191,GENROU_1,1,GENROU_3,3,1.473895338018125,2.029565920662668,GENROU_5,8,GENROU_2,2
382,2,1.45,0.005,0.001,NEXT_STEP,1,0.03604197050748151,0.0169737602180776,1.030939571174217,-0.03389799048478238,,,,,,,,Line_3,2,3,1.0,1.030939571174217,-0.03389799048478238,1.010922149791032,-0.06502433888855806,1.783408395190122,Line_3,2,3,1.0,11.584243301080365,63.53096325645976,51.9467199553794,GENROU_4,6,GENROU_1,1,0.9998238931469664,1.0002959522321968,0.00029595223219680555,GENROU_1,1,GENROU_3,3,1.4736832480422388,2.0271786063568236,GENROU_5,8,GENROU_2,2
384,2,1.455,0.005,0.001,NEXT_STEP,1,0.036042856803956275,0.016973235607556654,1.0309923508695389,-0.033935430637119755,,,,,,,,Line_3,2,3,1.0,1.0309923508695389,-0.033935430637119755,1.010988219347461,-0.06497594885671405,1.7784906878816855,Line_3,2,3,1.0,11.582895909485512,63.51202658749532,51.92913067800981,GENROU_4,6,GENROU_1,1,0.9998254640711607,1.0002970747782862,0.00029707477828622153,GENROU_1,1,GENROU_3,3,1.4734758965311527,2.0248508779952576,GENROU_5,8,GENROU_2,2
386,2,1.46,0.005,0.001,NEXT_STEP,1,0.03604367996498619,0.016972728050602865,1.0310435091987302,-0.033972889844924796,,,,,,,,Line_3,2,3,1.0,1.0310435091987302,-0.033972889844924796,1.011052695752495,-0.06492892543551344,1.7736501897975074,Line_3,2,3,1.0,11.581561103710522,63.493271697663886,51.911710593953366,GENROU_4,6,GENROU_1,1,0.9998272582384138,1.0002977869342407,0.0002977869342406514,GENROU_1,1,GENROU_3,3,1.473273170598773,2.022581584608766,GENROU_5,8,GENROU_2,2
388,2,1.465,0.005,0.001,NEXT_STEP,1,0.03604452484517619,0.016972237451082194,1.0310930593067604,-0.034010334277415066,,,,,,,,Line_3,2,3,1.0,1.0310930593067604,-0.034010334277415066,1.0111155814187722,-0.06488330121620844,1.7688907066397803,Line_3,2,3,1.0,11.580238720795847,63.47472229218923,51.89448357139338,GENROU_4,6,GENROU_1,1,0.9998292681165986,1.000298095745581,0.00029809574558092855,GENROU_1,1,GENROU_3,3,1.473074967204599,2.020369666605472,GENROU_5,8,GENROU_2,2
390,2,1.47,0.005,0.001,NEXT_STEP,1,0.036045299362987566,0.01697175826516258,1.0311410157342824,-0.03404771637419274,,,,,,,,Line_3,2,3,1.0,1.0311410157342824,-0.03404771637419274,1.011176878243969,-0.06483909734524583,1.7642161750207777,Line_3,2,3,1.0,11.578928574838624,63.45640125333303,51.8774726784944,GENROU_4,6,GENROU_1,1,0.9998314860026613,1.0002980086015958,0.00029800860159578946,GENROU_1,1,GENROU_3,3,1.4728811940235083,2.0182141518735994,GENROU_5,8,GENROU_2,2
392,2,1.475,0.005,0.001,NEXT_STEP,1,0.036046072111922234,0.016971299814600833,1.0311873884883795,-0.03408500333127792,,,,,,,,Line_3,2,3,1.0,1.0311873884883795,-0.03408500333127792,1.0112365848373106,-0.06479634325550189,1.7596301608496674,Line_3,2,3,1.0,11.577630459670942,63.43833062186553,51.86070016219459,GENROU_4,6,GENROU_1,1,0.9998339040168437,1.0002975332118105,0.00029753321181047454,GENROU_1,1,GENROU_3,3,1.4726917665192598,2.0161141511723746,GENROU_5,8,GENROU_2,2
394,2,1.48,0.005,0.001,NEXT_STEP,1,0.03604680518587205,0.01697085462309188,1.0312321894757261,-0.03412215473575357,,,,,,,,Line_3,2,3,1.0,1.0312321894757261,-0.03412215473575357,1.01129470024479,-0.06475506098991186,1.755136242583177,Line_3,2,3,1.0,11.576344151032576,63.420531579357274,51.8441874283247,GENROU_4,6,GENROU_1,1,0.9998365141317295,1.0002966775996056,0.00029667759960561035,GENROU_1,1,GENROU_3,3,1.4725066096920327,2.0140688537945786,GENROU_5,8,GENROU_2,2
396,2,1.485,0.005,0.001,NEXT_STEP,1,0.03604752926362801,0.016970424522825597,1.031275428066505,-0.03415913763230815,,,,,,,,Line_3,2,3,1.0,1.031275428066505,-0.03415913763230815,1.0113512215825415,-0.06471527549693978,1.7507377378632896,Line_3,2,3,1.0,11.575069408868947,63.403024432746456,51.82795502387751,GENROU_4,6,GENROU_1,1,0.9998393081794534,1.0002954500843384,0.00029545008433840003,GENROU_1,1,GENROU_3,3,1.4723256556816005,2.0120775227531715,GENROU_5,8,GENROU_2,2
398,2,1.49,0.005,0.001,NEXT_STEP,1,0.03604821365414284,0.016970007673806495,1.0313171140228188,-0.03419591503731295,,,,,,,,Line_3,2,3,1.0,1.0313171140228188,-0.03419591503731295,1.011406145744266,-0.06467700697529923,1.7464379229968472,Line_3,2,3,1.0,11.573805979387501,63.38582860037036,51.81202262098286,GENROU_4,6,GENROU_1,1,0.9998395195666583,1.000293859271585,0.00029385927158509517,GENROU_2,2,GENROU_3,3,1.4721488442473323,2.0101394899045006,GENROU_5,8,GENROU_2,2
400,2,1.495,0.005,0.001,NEXT_STEP,1,0.03604888904534213,0.01696960591395285,1.031357255438675,-0.034232456741272725,,,,,,,,Line_3,2,3,1.0,1.031357255438675,-0.034232456741272725,1.0114594685081602,-0.06464027803462415,1.7422398242970587,Line_3,2,3,1.0,11.57255359706312,63.36896259987121,51.79640900280809,GENROU_4,6,GENROU_1,1,0.9998394848421676,1.0002919140348672,0.00029191403486716894,GENROU_2,2,GENROU_3,3,1.4719761213598659,2.0082541509058314,GENROU_5,8,GENROU_2,2
402,2,1.5,0.005,0.001,NEXT_STEP,1,0.03604952473581195,0.016969217396378904,1.0313958610538996,-0.034268728847545026,,,,,,,,Line_3,2,3,1.0,1.0313958610538996,-0.034268728847545026,1.0115111858092352,-0.06460510645165793,1.738146402430857,Line_3,2,3,1.0,11.571311986440428,63.352444037619996,51.78113205117957,GENROU_4,6,GENROU_1,1,0.9998396133977072,1.0002896235055074,0.0002896235055074303,GENROU_2,2,GENROU_3,3,1.471807439480116,2.006420960285564,GENROU_5,8,GENROU_2,2
404,2,1.505,0.005,0.001,NEXT_STEP,1,0.03605015142436419,0.016968843966280518,1.0314329381946015,-0.034304704118449436,,,,,,,,Line_3,2,3,1.0,1.0314329381946015,-0.034304704118449436,1.0115612928347213,-0.06457151247867195,1.7341603783720245,Line_3,2,3,1.0,11.57008086388327,63.336289600003475,51.766208736120205,GENROU_4,6,GENROU_1,1,0.9998399030396558,1.0002869970539312,0.0002869970539312039,GENROU_2,2,GENROU_3,3,1.4716427562127603,2.0046394264003564,GENROU_5,8,GENROU_2,2
406,2,1.51,0.005,0.001,NEXT_STEP,1,0.0360507384048396,0.016968483774557716,1.0314684950649302,-0.03434035202542049,,,,,,,,Line_3,2,3,1.0,1.0314684950649302,-0.03434035202542049,1.0116097852558712,-0.06453951148226408,1.7302843817197129,Line_3,2,3,1.0,11.568859939163982,63.32051504618704,51.751655107023055,GENROU_4,6,GENROU_1,1,0.999840351443404,1.0002840442791097,0.0002840442791096631,GENROU_2,2,GENROU_3,3,1.4714820345647024,2.0029091065580196,GENROU_5,8,GENROU_2,2
408,2,1.5150000000000001,0.005,0.001,NEXT_STEP,1,0.03605129289520962,0.016968142455620686,1.0315025385620902,-0.034375646412040904,,,,,,,,Line_3,2,3,1.0,1.0315025385620902,-0.034375646412040904,1.0116566581103912,-0.0645091197854309,1.7265208463650765,Line_3,2,3,1.0,11.567648917076804,63.30513520288693,51.73748628581013,GENROU_4,6,GENROU_1,1,0.9998409561530499,1.0002807749914622,0.0002807749914621738,GENROU_2,2,GENROU_3,3,1.4713252419265685,2.0012296020706666,GENROU_5,8,GENROU_2,2
410,2,1.52,0.005,0.001,NEXT_STEP,1,0.03605186185304645,0.016967812423514927,1.0315350763357947,-0.034410566343879435,,,,,,,,Line_3,2,3,1.0,1.0315350763357947,-0.034410566343879435,1.01170190735896,-0.0644803548014507,1.7228719694700203,Line_3,2,3,1.0,11.566447498643859,63.29016396007584,51.72371646143198,GENROU_4,6,GENROU_1,1,0.9998417145797638,1.000277199194653,0.0002771991946530772,GENROU_2,2,GENROU_3,3,1.4711723493817908,1.9996005535215358,GENROU_5,8,GENROU_2,2
412,2,1.525,0.005,0.001,NEXT_STEP,1,0.03605236039753312,0.01696749378730803,1.0315661169343395,-0.03444508125850705,,,,,,,,Line_3,2,3,1.0,1.0315661169343395,-0.03444508125850705,1.0117455293553017,-0.06445322501761774,1.7193399884188807,Line_3,2,3,1.0,11.565255382445326,63.275614268843476,51.710358886398154,GENROU_4,6,GENROU_1,1,0.9998426240196895,1.000273327080331,0.0002733270803310095,GENROU_2,2,GENROU_3,3,1.471023332510984,1.998021636405323,GENROU_5,8,GENROU_2,2
414,2,1.53,0.005,0.001,NEXT_STEP,1,0.03605285713799043,0.016967195854340485,1.0315956664616044,-0.03447917491390909,,,,,,,,Line_3,2,3,1.0,1.0315956664616044,-0.03447917491390909,1.011787519658123,-0.06442774642766706,1.7159267501840532,Line_3,2,3,1.0,11.564072265949125,63.26149814108209,51.697425875132964,GENROU_4,6,GENROU_1,1,0.9998436816418326,1.0002691690026453,0.0002691690026452864,GENROU_2,2,GENROU_3,3,1.470878169559091,1.996492556003393,GENROU_5,8,GENROU_2,2
416,2,1.5350000000000001,0.005,0.001,NEXT_STEP,1,0.03605333764022395,0.016966907362843817,1.0316237340654986,-0.034512826005641456,,,,,,,,Line_3,2,3,1.0,1.0316237340654986,-0.034512826005641456,1.0118278760275492,-0.06440392904291134,1.712634049026235,Line_3,2,3,1.0,11.562897846304086,63.2478266497338,51.68492880342971,GENROU_4,6,GENROU_1,1,0.9998448844993442,1.000264735468401,0.0002647354684008896,GENROU_2,2,GENROU_3,3,1.4707368417383029,1.995013043414901,GENROU_5,8,GENROU_2,2
418,2,1.54,0.005,0.001,NEXT_STEP,1,0.036053778418836134,0.016966632102647112,1.03165032794083,-0.03454601384979641,,,,,,,,Line_3,2,3,1.0,1.03165032794083,-0.03454601384979641,1.0118665959194795,-0.0643817810178701,1.7094635372656057,Line_3,2,3,1.0,11.56173182146192,63.23460993144427,51.67287810998235,GENROU_4,6,GENROU_1,1,0.9998462295353299,1.0002600371233532,0.0002600371233532073,GENROU_2,2,GENROU_3,3,1.4705993325124669,1.9935828512323663,GENROU_5,8,GENROU_2,2
420,2,1.545,0.005,0.001,NEXT_STEP,1,0.03605418668883502,0.016966375703032707,1.031675456042802,-0.034578721838640476,,,,,,,,Line_3,2,3,1.0,1.031675456042802,-0.034578721838640476,1.0119036771663716,-0.06436131092839376,1.7064166578152253,Line_3,2,3,1.0,11.560573891147257,63.2218571905854,51.661283299438146,GENROU_4,6,GENROU_1,1,0.9998477135834922,1.0002550847351304,0.000255084735130362,GENROU_2,2,GENROU_3,3,1.4704656271597254,1.9922017494071431,GENROU_5,8,GENROU_2,2
422,2,1.55,0.005,0.001,NEXT_STEP,1,0.03605458593041754,0.01696613436988562,1.0316991274583651,-0.03461093633312428,,,,,,,,Line_3,2,3,1.0,1.0316991274583651,-0.03461093633312428,1.0119391189470484,-0.06434252692612792,1.7034946591899711,Line_3,2,3,1.0,11.559423757546915,63.20957670426104,51.65015294671412,GENROU_4,6,GENROU_1,1,0.9998493333700064,1.0002498891769538,0.0002498891769537881,GENROU_2,2,GENROU_3,3,1.470335713086527,1.9908695216143588,GENROU_5,8,GENROU_2,2
424,2,1.5550000000000002,0.005,0.001,NEXT_STEP,1,0.03605496892556375,0.016965902472932202,1.031721352227554,-0.03464264286739951,,,,,,,,Line_3,2,3,1.0,1.031721352227554,-0.03464264286739951,1.0119729215127828,-0.06432543421714265,1.7006986685076981,Line_3,2,3,1.0,11.558281125946875,63.19777582873314,51.639494702786266,GENROU_4,6,GENROU_1,1,0.9998510855210366,1.0002444614151138,0.0002444614151138058,GENROU_2,2,GENROU_3,3,1.4702095791616483,1.989585961712061,GENROU_5,8,GENROU_2,2
426,2,1.56,0.005,0.001,NEXT_STEP,1,0.03605531218470523,0.016965683799759206,1.0317421403188411,-0.03467382679493873,,,,,,,,Line_3,2,3,1.0,1.0317421403188411,-0.03467382679493873,1.0120050855078078,-0.06431003556960126,1.69802968355674,Line_3,2,3,1.0,11.557145705457346,63.186461007711486,51.62931530225414,GENROU_4,6,GENROU_1,1,0.9998529665690534,1.0002388124956891,0.00023881249568913354,GENROU_2,2,GENROU_3,3,1.4700872150650772,1.988350870124555,GENROU_5,8,GENROU_2,2
428,2,1.565,0.005,0.001,NEXT_STEP,1,0.03605564641180963,0.016965480190289033,1.0317615017110982,-0.03470447958659813,,,,,,,,Line_3,2,3,1.0,1.0317615017110982,-0.03470447958659813,1.0120356123285794,-0.06429633558667493,1.695488456763286,Line_3,2,3,1.0,11.556017209565836,63.17563778169363,51.61962057212779,GENROU_4,6,GENROU_1,1,0.9998549729515718,1.0002329535263215,0.0002329535263214666,GENROU_2,2,GENROU_3,3,1.4699686110997034,1.9871640505587074,GENROU_5,8,GENROU_2,2
430,2,1.57,0.005,0.001,NEXT_STEP,1,0.036055964384876495,0.01696528601139975,1.0317794481292275,-0.034734591088001164,,,,,,,,Line_3,2,3,1.0,1.0317794481292275,-0.034734591088001164,1.012064505037516,-0.06428433535150162,1.693075631989501,Line_3,2,3,1.0,11.554895356507734,63.16531079824401,51.61041544173627,GENROU_4,6,GENROU_1,1,0.9998571010190325,1.000226895664166,0.0002268956641660047,GENROU_2,2,GENROU_3,3,1.4698537584869746,1.9860253071171807,GENROU_5,8,GENROU_2,2
432,2,1.5750000000000002,0.005,0.001,NEXT_STEP,1,0.036056219135554415,0.01696510884902341,1.031795991136092,-0.03476414900105476,,,,,,,,Line_3,2,3,1.0,1.031795991136092,-0.03476414900105476,1.0120917669834386,-0.06427403223893245,1.690791763454257,Line_3,2,3,1.0,11.553779869841927,63.15548382424718,51.60170395440525,GENROU_4,6,GENROU_1,1,0.9998593470443032,1.0002206501050603,0.00022065010506033822,GENROU_2,2,GENROU_3,3,1.4697426484246614,1.984934441416991,GENROU_5,8,GENROU_2,2
434,2,1.58,0.005,0.001,NEXT_STEP,1,0.036056495550498356,0.016964948581704265,1.0318111420266702,-0.03479315364827202,,,,,,,,Line_3,2,3,1.0,1.0318111420266702,-0.03479315364827202,1.0121174024103365,-0.06426542994705557,1.688637044563734,Line_3,2,3,1.0,11.552670478726201,63.14615975876394,51.593489280037744,GENROU_4,6,GENROU_1,1,0.9998617072128335,1.000214228059854,0.00021422805985404914,GENROU_2,2,GENROU_3,3,1.469635271844476,1.9838912500488284,GENROU_5,8,GENROU_2,2
436,2,1.585,0.02,0.001,NEXT_STEP,1,0.036056725008388135,0.016964795909483306,1.0318249155445174,-0.034821593855146916,,,,,,,,Line_3,2,3,1.0,1.0318249155445174,-0.034821593855146916,1.0121414180453345,-0.0642585219045994,1.686611739063892,Line_3,2,3,1.0,11.551566918037215,63.13734064676366,51.585773728726444,GENROU_4,6,GENROU_1,1,0.999864177643074,1.0002076407511875,0.00020764075118751002,GENROU_2,2,GENROU_3,3,1.4695316205490605,1.9828955224706895,GENROU_5,8,GENROU_2,2
438,2,1.605,0.02,0.001,NEXT_STEP,0,0.03605694743852438,0.016964659946553953,1.0318664916079248,-0.034929626239014244,,,,,,,,Line_3,2,3,1.0,1.0318664916079248,-0.034929626239014244,1.0122214200724282,-0.06424772366214503,1.6798032456987642,Line_3,2,3,1.0,11.54720589427429,63.107125635891805,51.55991974161751,GENROU_4,6,GENROU_1,1,0.9998750820588085,1.0001798630841423,0.00017986308414230656,GENROU_2,2,GENROU_3,3,1.4691542140484983,1.9793827188652207,GENROU_5,8,GENROU_2,2
440,2,1.6099999999999999,0.02,0.001,NEXT_STEP,1,0.03605781372743322,0.01696442966964181,1.0318735950911582,-0.034955278138112854,,,,,,,,Line_3,2,3,1.0,1.0318735950911582,-0.034955278138112854,1.0122374617452885,-0.06424924854247517,1.6784208693511005,Line_3,2,3,1.0,11.546127728513024,63.10083321405206,51.55470548553903,GENROU_4,6,GENROU_1,1,0.9998780432715951,1.000172617071347,0.0001726170713469699,GENROU_2,2,GENROU_3,3,1.469068993493447,1.9786207968181868,GENROU_5,8,GENROU_2,2
442,2,1.63,0.02,0.001,NEXT_STEP,0,0.03605770441575369,0.01696416714225344,1.0318893414201875,-0.03505195953631405,,,,,,,,Line_3,2,3,1.0,1.0318893414201875,-0.03505195953631405,1.012286139778385,-0.06427156381964227,1.674160004477102,Line_3,2,3,1.0,11.541856583452585,63.08062763444058,51.538771050988,GENROU_4,6,GENROU_1,1,0.9998907021315793,1.0001427565453695,0.00014275654536954896,GENROU_2,2,GENROU_3,3,1.4687647008150082,1.9760292214529986,GENROU_5,8,GENROU_2,2
444,2,1.635,0.02,0.001,NEXT_STEP,1,0.036057999138932414,0.01696406571034227,1.0318902036601811,-0.03507476833810513,,,,,,,,Line_3,2,3,1.0,1.0318902036601811,-0.03507476833810513,1.0122945121344693,-0.06428119169936396,1.6734047932724252,Line_3,2,3,1.0,11.540798118302945,63.0767948174693,51.535996699166354,GENROU_4,6,GENROU_1,1,0.9998940487508285,1.0001351259459341,0.00013512594593412253,GENROU_2,2,GENROU_3,3,1.4686976089847328,1.9754936272919994,GENROU_5,8,GENROU_2,2
446,2,1.655,0.02,0.001,NEXT_STEP,0,0.03605791036225146,0.016963973863519357,1.0318823896125375,-0.0351607612943572,,,,,,,,Line_3,2,3,1.0,1.0318823896125375,-0.0351607612943572,1.0123138878014128,-0.06433477941004334,1.671548109467011,Line_3,2,3,1.0,11.536594713919381,63.066001822975686,51.52940710905631,GENROU_4,6,GENROU_1,1,0.9999080154602137,1.0001042581677104,0.00010425816771042484,GENROU_2,2,GENROU_3,3,1.468463730510252,1.9737741947704333,GENROU_5,8,GENROU_2,2
448,2,1.6600000000000001,0.02,0.001,NEXT_STEP,1,0.03605771832009984,0.016964001396250473,1.0318776082744179,-0.035180943527784656,,,,,,,,Line_3,2,3,1.0,1.0318776082744179,-0.035180943527784656,1.0123151468506233,-0.06435198591305953,1.6713776126734956,Line_3,2,3,1.0,11.535550864224383,63.064444104885176,51.52889324066079,GENROU_4,6,GENROU_1,1,0.9999116363521194,1.0000965004889428,9.650048894283003e-05,GENROU_2,2,GENROU_3,3,1.468413944038326,1.9734519207300332,GENROU_5,8,GENROU_2,2
450,2,1.6800000000000002,0.02,0.001,NEXT_STEP,0,0.036057675764018485,0.01696405605207651,1.031847978645781,-0.035256892003570565,,,,,,,,Line_3,2,3,1.0,1.031847978645781,-0.035256892003570565,1.012306655686424,-0.06443535194810635,1.6718026075134276,Line_3,2,3,1.0,11.531398085596068,63.06247681110072,51.531078725504656,GENROU_4,6,GENROU_1,1,0.9999265014617092,1.0000655970543995,7.349853829075048e-05,GENROU_2,2,GENROU_3,3,1.4682485415898368,1.9725742286504697,GENROU_5,8,GENROU_2,2
452,2,1.685,0.02,0.001,NEXT_STEP,1,0.036057005636620766,0.0169641971845154,1.0318380360878954,-0.03527465691216111,,,,,,,,Line_3,2,3,1.0,1.0318380360878954,-0.03527465691216111,1.012301228409264,-0.06445969536514655,1.6721795282830954,Line_3,2,3,1.0,11.530364790217424,63.063013389838474,51.53264859962105,GENROU_4,6,GENROU_1,1,0.9999302923162866,1.0000579498507065,6.970768371339364e-05,GENROU_2,2,GENROU_3,3,1.4682155780982944,1.9724560053260232,GENROU_5,8,GENROU_2,2
454,2,1.705,0.02,0.001,NEXT_STEP,0,0.03605697870539688,0.016964396599176874,1.0317890469731836,-0.03534173134586114,,,,,,,,Line_3,2,3,1.0,1.0317890469731836,-0.03534173134586114,1.0122673076477622,-0.06457038235565792,1.6746783437221495,Line_3,2,3,1.0,11.526246356929382,63.06889463833179,51.54264828140241,GENROU_4,6,GENROU_1,1,0.9999456209923387,1.000027932464627,5.437900766125381e-05,GENROU_2,2,GENROU_3,3,1.468115632326641,1.9723643518908798,GENROU_5,8,GENROU_2,2
456,2,1.71,0.02,0.001,NEXT_STEP,1,0.036055908143706086,0.016964645535214477,1.0317746013989895,-0.03535741663513012,,,,,,,,Line_3,2,3,1.0,1.0317746013989895,-0.03535741663513012,1.0122558738639902,-0.06460117176790353,1.6755437462219618,Line_3,2,3,1.0,11.525219730600849,63.07125002961304,51.54603029901219,GENROU_4,6,GENROU_1,1,0.9999494737180408,1.0000235854514383,5.0526281959228925e-05,GENROU_2,2,GENROU_1,1,1.4680985558842625,1.9724345291656642,GENROU_5,8,GENROU_2,2
458,2,1.73,0.02,0.001,NEXT_STEP,0,0.036055922506516194,0.016964965540750675,1.0317089960270784,-0.0354170370409561,,,,,,,,Line_3,2,3,1.0,1.0317089960270784,-0.0354170370409561,1.0121994326705999,-0.06473616371229417,1.6798622172771047,Line_3,2,3,1.0,11.521120756621636,63.08379305958462,51.56267230296299,GENROU_4,6,GENROU_1,1,0.9999648419075179,1.0000346911826312,3.515809248211266e-05,GENROU_2,2,GENROU_1,1,1.46805975201891,1.973061477865723,GENROU_5,8,GENROU_2,2
460,2,1.735,0.02,0.001,NEXT_STEP,1,0.03605448377677239,0.016965303182816364,1.031690757363513,-0.03543101784813602,,,,,,,,Line_3,2,3,1.0,1.031690757363513,-0.03543101784813602,1.0121827634966885,-0.06477259086527928,1.6811482981572397,Line_3,2,3,1.0,11.520097211689153,63.087652408504496,51.56755519681534,GENROU_4,6,GENROU_1,1,0.9999686531220048,1.0000371565185293,3.715651852931323e-05,GENROU_2,2,GENROU_1,1,1.4680573492605042,1.973301950860555,GENROU_5,8,GENROU_2,2
462,2,1.755,0.02,0.001,NEXT_STEP,0,0.03605452519807193,0.016965732704476332,1.031611443186226,-0.03548471421408687,,,,,,,,Line_3,2,3,1.0,1.031611443186226,-0.03548471421408687,1.0121070278192237,-0.06492845447344356,1.6870020499405598,Line_3,2,3,1.0,11.516003699736581,63.10554538204979,51.58954168231321,GENROU_4,6,GENROU_1,1,0.99995957835347,1.0000457546448351,4.575464483513869e-05,GENROU_3,3,GENROU_1,1,1.4680743821913729,1.9745703000441013,GENROU_5,8,GENROU_2,2
464,2,1.76,0.02,0.001,NEXT_STEP,1,0.03605278863462335,0.016966147539231573,1.0315901522735265,-0.03549738514572682,,,,,,,,Line_3,2,3,1.0,1.0315901522735265,-0.03549738514572682,1.0120859615187925,-0.06496962153389882,1.688634757854146,Line_3,2,3,1.0,11.51497980599426,63.11057066297985,51.595590856985595,GENROU_4,6,GENROU_1,1,0.999953452075574,1.0000475819672534,4.758196725340724e-05,GENROU_3,3,GENROU_1,1,1.4680852154520139,1.9749606304164833,GENROU_5,8,GENROU_2,2
466,2,1.78,0.02,0.001,NEXT_STEP,0,0.03605285927589666,0.016966666190244208,1.031500134444547,-0.035546711096421886,,,,,,,,Line_3,2,3,1.0,1.031500134444547,-0.035546711096421886,1.011994388558628,-0.06514261015384967,1.6957201068858296,Line_3,2,3,1.0,11.510878211550466,63.13244010721555,51.62156189566508,GENROU_4,6,GENROU_1,1,0.999930490962221,1.0000536168034684,6.950903777902528e-05,GENROU_3,3,GENROU_1,1,1.4681521839925256,1.9767847501366114,GENROU_5,8,GENROU_2,2
468,2,1.7850000000000001,0.02,0.001,NEXT_STEP,1,0.03605091133646646,0.01696713717657033,1.0314765353347384,-0.03555845134597868,,,,,,,,Line_3,2,3,1.0,1.0314765353347384,-0.03555845134597868,1.0119697797279228,-0.06518760194182467,1.6976252796995084,Line_3,2,3,1.0,11.509850520895494,63.13829546798256,51.62844494708706,GENROU_4,6,GENROU_1,1,0.9999251765294476,1.0000547957059873,7.482347055243199e-05,GENROU_3,3,GENROU_1,1,1.4681753041540875,1.9773044864322133,GENROU_5,8,GENROU_2,2
470,2,1.8050000000000002,0.02,0.001,NEXT_STEP,0,0.03605100625534491,0.016967719030002496,1.0313787968679526,-0.03560487512750227,,,,,,,,Line_3,2,3,1.0,1.0313787968679526,-0.03560487512750227,1.0118658444737343,-0.06537391303045308,1.7056402320040718,Line_3,2,3,1.0,11.505726810333671,63.16278832152277,51.6570615111891,GENROU_4,6,GENROU_1,1,0.9999056687165959,1.0000582706565393,9.433128340408103e-05,GENROU_3,3,GENROU_1,1,1.4682865439670911,1.9795991207071566,GENROU_5,8,GENROU_2,2
472,2,1.81,0.02,0.001,NEXT_STEP,1,0.036048886277358486,0.01696823259011389,1.031353669035145,-0.03561606968148444,,,,,,,,Line_3,2,3,1.0,1.031353669035145,-0.03561606968148444,1.0118386487396045,-0.06542164151173545,1.7077334718474049,Line_3,2,3,1.0,11.504691981025278,63.16911314474842,51.66442116372315,GENROU_4,6,GENROU_1,1,0.9999012434556872,1.0000588367679581,9.875654431279468e-05,GENROU_3,3,GENROU_1,1,1.468319019887636,1.9802219002228565,GENROU_5,8,GENROU_2,2
474,2,1.83,0.02,0.001,NEXT_STEP,0,0.036048991235806536,0.01696886656094103,1.0312512805276461,-0.03566102478778979,,,,,,,,Line_3,2,3,1.0,1.0312512805276461,-0.03566102478778979,1.0117261667366582,-0.06561689523529313,1.7163449482825968,Line_3,2,3,1.0,11.500533214029044,63.19483525693059,51.69430204290154,GENROU_4,6,GENROU_1,1,0.9998854120655943,1.0000599451831447,0.00011458793440566328,GENROU_3,3,GENROU_1,1,1.4684649713507845,1.9828807705869225,GENROU_5,8,GENROU_2,2
476,2,1.835,0.02,0.001,NEXT_STEP,1,0.036046769506703484,0.01696941117654975,1.0312253483502232,-0.035671998823980554,,,,,,,,Line_3,2,3,1.0,1.0312253483502232,-0.035671998823980554,1.0116972792073304,-0.06566634408011715,1.7185493924348805,Line_3,2,3,1.0,11.499488021293805,63.20131023232629,51.701822211032486,GENROU_4,6,GENROU_1,1,0.9998819291928565,1.0000599446047174,0.00011807080714354434,GENROU_3,3,GENROU_1,1,1.4685053156587464,1.9835826497360978,GENROU_5,8,GENROU_2,2
478,2,1.855,0.02,0.001,NEXT_STEP,0,0.036046886647820194,0.01697007684746441,1.0311211258619362,-0.03571666694730355,,,,,,,,Line_3,2,3,1.0,1.0311211258619362,-0.03571666694730355,1.0115797760748162,-0.0658664822074054,1.727457167502962,Line_3,2,3,1.0,11.495281637682368,63.227039966232994,51.731758328550626,GENROU_4,6,GENROU_1,1,0.9998699214749125,1.0000589061488303,0.00013007852508750695,GENROU_3,3,GENROU_1,1,1.468679088649263,1.9865102139162605,GENROU_5,8,GENROU_2,2
480,2,1.86,0.02,0.001,NEXT_STEP,1,0.03604464953306351,0.016970631447952637,1.0310950701175157,-0.03572769751551732,,,,,,,,Line_3,2,3,1.0,1.0310950701175157,-0.03572769751551732,1.0115500605923184,-0.06591665245731566,1.7296997060756496,Line_3,2,3,1.0,11.49422305311764,63.233375399866254,51.73915234674861,GENROU_4,6,GENROU_1,1,0.9998674017795747,1.0000584017684702,0.00013259822042532843,GENROU_3,3,GENROU_1,1,1.4687254624945705,1.9872673931518106,GENROU_5,8,GENROU_2,2
482,2,1.88,0.02,0.001,NEXT_STEP,0,0.036044773913892374,0.01697130286611823,1.0309916248197348,-0.03577304817507021,,,,,,,,Line_3,2,3,1.0,1.0309916248197348,-0.03577304817507021,1.0114308928268376,-0.06611773317383061,1.7386223810829051,Line_3,2,3,1.0,11.48995757342666,63.25802635448685,51.768068781060194,GENROU_4,6,GENROU_1,1,0.9998592396530979,1.0000572675884327,0.00014076034690213568,GENROU_3,3,GENROU_2,2,1.4689195933681074,1.9903693580425854,GENROU_5,8,GENROU_2,2
484,2,1.885,0.02,0.001,NEXT_STEP,1,0.036042560659277655,0.016971853840468572,1.0309660675216024,-0.03578435252053842,,,,,,,,Line_3,2,3,1.0,1.0309660675216024,-0.03578435252053842,1.011401160016323,-0.0661676646124152,1.7408355504933297,Line_3,2,3,1.0,11.488882921610479,63.26397009755567,51.77508717594519,GENROU_4,6,GENROU_1,1,0.9998576738409848,1.0000591822910685,0.00014232615901521584,GENROU_3,3,GENROU_2,2,1.4689701249305223,1.9911586158265986,GENROU_5,8,GENROU_2,2
486,2,1.905,0.02,0.001,NEXT_STEP,0,0.03604267803947456,0.016972519890818678,1.0308657477913952,-0.03583112401530626,,,,,,,,Line_3,2,3,1.0,1.0308657477913952,-0.03583112401530626,1.0112834321323618,-0.06636595786884433,1.7495171079409317,Line_3,2,3,1.0,11.48454865374111,63.286618243981856,51.80206959024075,GENROU_4,6,GENROU_1,1,0.99985326469402,1.000065907380866,0.00014673530597997253,GENROU_3,3,GENROU_2,2,1.4691772236988228,1.9943442778994893,GENROU_5,8,GENROU_2,2
488,2,1.9100000000000001,0.02,0.001,NEXT_STEP,1,0.03604053534595138,0.01697305946926064,1.0308412388224935,-0.03584286184815545,,,,,,,,Line_3,2,3,1.0,1.0308412388224935,-0.03584286184815545,1.0112544203951774,-0.06641475539168219,1.751640471767331,Line_3,2,3,1.0,11.483455805109775,63.29196132885227,51.80850552374249,GENROU_4,6,GENROU_1,1,0.9998526164077006,1.0000673526932995,0.00014738359229937714,GENROU_3,3,GENROU_2,2,1.469230096144285,1.9951436072029367,GENROU_5,8,GENROU_2,2
490,2,1.9300000000000002,0.02,0.001,NEXT_STEP,0,0.03604065497392446,0.01697370525364492,1.0307460850797199,-0.035891561361771164,,,,,,,,Line_3,2,3,1.0,1.0307460850797199,-0.035891561361771164,1.011140916339414,-0.06660683240985325,1.7598553976554854,Line_3,2,3,1.0,11.479045656289484,63.31186298679255,51.83281733050306,GENROU_4,6,GENROU_1,1,0.9998517662730672,1.0000721810866886,0.00014823372693284487,GENROU_3,3,GENROU_2,2,1.4694430978834088,1.9983282847322117,GENROU_5,8,GENROU_2,2
492,2,1.935,0.02,0.001,NEXT_STEP,1,0.03603862228909279,0.016974220011120297,1.0307230930883495,-0.03590383354082156,,,,,,,,Line_3,2,3,1.0,1.0307230930883495,-0.03590383354082156,1.0111132767006303,-0.06665368474305614,1.7618366945433195,Line_3,2,3,1.0,11.477933236555566,63.31644299395061,51.838509757395045,GENROU_4,6,GENROU_1,1,0.9998519756333899,1.0000731501463442,0.0001480243666101,GENROU_3,3,GENROU_2,2,1.4694966001122554,1.9991174521369386,GENROU_5,8,GENROU_2,2
494,2,1.955,0.02,0.001,NEXT_STEP,0,0.036038753407400585,0.01697483062244948,1.0306348018236957,-0.03595474091852501,,,,,,,,Line_3,2,3,1.0,1.0306348018236957,-0.03595474091852501,1.011006402717347,-0.06683648889558347,1.7693938230721074,Line_3,2,3,1.0,11.473443552059232,63.33304393227269,51.85960038021346,GENROU_4,6,GENROU_1,1,0.999854404162872,1.0000760810768814,0.00014559583712803192,GENROU_3,3,GENROU_2,2,1.4697089472531746,2.0022244915561065,GENROU_5,8,GENROU_2,2
496,2,1.96,0.02,0.001,NEXT_STEP,1,0.03603687015635852,0.016975307123367134,1.030613706066356,-0.03596759334327502,,,,,,,,Line_3,2,3,1.0,1.030613706066356,-0.03596759334327502,1.0109806859862012,-0.06688068580598426,1.7711897298109136,Line_3,2,3,1.0,11.472311147818859,63.3367462042051,51.86443505638624,GENROU_4,6,GENROU_1,1,0.9998553916795758,1.0000765801933682,0.0001446083204241777,GENROU_3,3,GENROU_2,2,1.4697615153904389,2.0029854835022793,GENROU_5,8,GENROU_2,2
498,2,1.98,0.02,0.001,NEXT_STEP,0,0.03603699854691928,0.01697587144630336,1.0305336064230384,-0.03602077479852813,,,,,,,,Line_3,2,3,1.0,1.0305336064230384,-0.03602077479852813,1.0108824287219413,-0.06705158908220009,1.77793469330868,Line_3,2,3,1.0,11.467742497503448,63.3496824769818,51.88193997947835,GENROU_4,6,GENROU_1,1,0.999860748275804,1.0000776637363202,0.00013925172419604337,GENROU_3,3,GENROU_2,2,1.4699673093025025,2.0059478486661484,GENROU_5,8,GENROU_2,2
500,2,1.985,0.02,0.001,NEXT_STEP,1,0.0360352878847532,0.016976305671705272,1.0305146918589334,-0.03603420164361743,,,,,,,,Line_3,2,3,1.0,1.0305146918589334,-0.03603420164361743,1.010859076458438,-0.06709253273534273,1.7795112902757921,Line_3,2,3,1.0,11.466590841013433,63.35243936569573,51.885848524682295,GENROU_4,6,GENROU_1,1,0.9998624189727201,1.0000777114070738,0.0001375810272798983,GENROU_3,3,GENROU_2,2,1.4700175608753125,2.00666522184068,GENROU_5,8,GENROU_2,2
502,2,2.005,0.02,0.001,NEXT_STEP,0,0.036035406436173964,0.016976818135794106,1.030443734671859,-0.03608953475576748,,,,,,,,Line_3,2,3,1.0,1.030443734671859,-0.03608953475576748,1.010770976860717,-0.0672493787816167,1.7853275529670896,Line_3,2,3,1.0,11.461948690502657,63.36153074416023,51.89958205365757,GENROU_4,6,GENROU_1,1,0.9998702994716023,1.0000770439593933,0.00012970052839766932,GENROU_3,3,GENROU_2,2,1.4702116855225644,2.0094267112667055,GENROU_5,8,GENROU_2,2
504,2,2.01,0.02,0.001,NEXT_STEP,1,0.03603389164088748,0.01697720616969085,1.0304271917852532,-0.036103486235973675,,,,,,,,Line_3,2,3,1.0,1.0304271917852532,-0.036103486235973675,1.010750317609598,-0.06728659289965189,1.7866604039350307,Line_3,2,3,1.0,11.460779807210736,63.363319132061484,51.90253932485075,GENROU_4,6,GENROU_1,1,0.9998725470758006,1.000076669605385,0.00012745292419935605,GENROU_3,3,GENROU_2,2,1.470258446823449,2.0100878496166033,GENROU_5,8,GENROU_2,2
506,2,2.03,0.02,0.001,NEXT_STEP,0,0.036033993246382366,0.016977661206791173,1.030365953664728,-0.036160687057918764,,,,,,,,Line_3,2,3,1.0,1.030365953664728,-0.036160687057918764,1.0106734626044958,-0.06742772141947566,1.7914691068077389,Line_3,2,3,1.0,11.456075010683342,63.36855617687789,51.912481166194546,GENROU_4,6,GENROU_1,1,0.9998825104258621,1.0000743883636498,0.00011748957413793004,GENROU_3,3,GENROU_2,2,1.4704366600172503,2.0126039145193126,GENROU_5,8,GENROU_2,2
508,2,2.035,0.02,0.001,NEXT_STEP,1,0.036032697593477124,0.016977999132175677,1.0303518809739787,-0.03617507677154921,,,,,,,,Line_3,2,3,1.0,1.0303518809739787,-0.03617507677154921,1.0106557117655268,-0.06746085540637128,1.79254307455588,Line_3,2,3,1.0,11.454892315891382,63.369393551542515,51.91450123565113,GENROU_4,6,GENROU_1,1,0.9998852214928344,1.0000736308427192,0.00011477850716556937,GENROU_3,3,GENROU_2,2,1.4704789845158717,2.013199178620253,GENROU_5,8,GENROU_2,2
510,2,2.055,0.02,0.001,NEXT_STEP,0,0.036032798619772044,0.016978387392844657,1.0303005806921315,-0.03623373316081307,,,,,,,,Line_3,2,3,1.0,1.0303005806921315,-0.03623373316081307,1.010590741891695,-0.06758511257621147,1.7963017224156488,Line_3,2,3,1.0,11.45014138409507,63.370919504609766,51.9207781205147,GENROU_4,6,GENROU_1,1,0.9998968059299266,1.0000699074854829,0.00010319407007342019,GENROU_3,3,GENROU_2,2,1.4706379740196318,2.0154372974424506,GENROU_5,8,GENROU_2,2
512,2,2.06,0.02,0.001,NEXT_STEP,1,0.03603171468645663,0.01697866942153413,1.0302889907981267,-0.036248443392645026,,,,,,,,Line_3,2,3,1.0,1.0302889907981267,-0.036248443392645026,1.0105760057233022,-0.06761393988190517,1.7971105711669964,Line_3,2,3,1.0,11.448949718804126,63.37085889289181,51.92190917408769,GENROU_4,6,GENROU_1,1,0.9998998637884279,1.0000688134374447,0.0001001362115721216,GENROU_3,3,GENROU_2,2,1.470675152083125,2.015960062886545,GENROU_5,8,GENROU_2,2
514,2,2.08,0.02,0.001,NEXT_STEP,0,0.03603179167453251,0.01697899468384497,1.0302473731110067,-0.03630802057324093,,,,,,,,Line_3,2,3,1.0,1.0302473731110067,-0.03630802057324093,1.0105229532025748,-0.06772090214024337,1.7998255361335396,Line_3,2,3,1.0,11.44417485697539,63.36899147063236,51.92481661365697,GENROU_4,6,GENROU_1,1,0.9999125914127996,1.0000638621145637,8.740858720035494e-05,GENROU_3,3,GENROU_2,2,1.4708121641088132,2.0179039435084287,GENROU_5,8,GENROU_2,2
516,2,2.085,0.02,0.001,NEXT_STEP,1,0.03603090316352986,0.016979230223221387,1.0302381606279332,-0.036322909871495695,,,,,,,,Line_3,2,3,1.0,1.0302381606279332,-0.036322909871495695,1.0105111844753982,-0.06774538660232657,1.8003752985246422,Line_3,2,3,1.0,11.442980361872792,63.3681265563872,51.92514619451441,GENROU_4,6,GENROU_1,1,0.9999158784019951,1.0000624875927586,8.412159800486041e-05,GENROU_3,3,GENROU_2,2,1.4708437308518967,2.018351723246854,GENROU_5,8,GENROU_2,2
518,2,2.105,0.02,0.001,NEXT_STEP,0,0.03603098668121048,0.01697949424000246,1.0302059387997347,-0.036382870292097455,,,,,,,,Line_3,2,3,1.0,1.0302059387997347,-0.036382870292097455,1.0104700199136345,-0.06783472323284036,1.802058431370682,Line_3,2,3,1.0,11.438208113445482,63.36320235838049,51.92499424493501,GENROU_4,6,GENROU_1,1,0.9999293121730379,1.0000565107014419,7.06878269620681e-05,GENROU_3,3,GENROU_2,2,1.4709585035265542,2.0199893037928582,GENROU_5,8,GENROU_2,2
520,2,2.11,0.02,0.001,NEXT_STEP,1,0.03603030991578955,0.016979673936850126,1.0301990168808772,-0.03639779804619157,,,,,,,,Line_3,2,3,1.0,1.0301990168808772,-0.03639779804619157,1.0104611897562394,-0.06785480527922368,1.8023537505652314,Line_3,2,3,1.0,11.437018127394994,63.36162379984233,51.924605672447335,GENROU_4,6,GENROU_1,1,0.9999327208881053,1.000054907094599,6.727911189474689e-05,GENROU_3,3,GENROU_2,2,1.4709843247368743,2.020359946924722,GENROU_5,8,GENROU_2,2
522,2,2.13,0.02,0.001,NEXT_STEP,0,0.036030369421321914,0.01697987495628892,1.030175599760353,-0.03645752747135199,,,,,,,,Line_3,2,3,1.0,1.030175599760353,-0.03645752747135199,1.0104314749863528,-0.06792666530487194,1.803048782776159,Line_3,2,3,1.0,11.432280675271866,63.35408221937104,51.92180154409917,GENROU_4,6,GENROU_1,1,0.9999464271100128,1.0000481309300566,5.357288998719678e-05,GENROU_3,3,GENROU_2,2,1.4710757308096336,2.0216912809260124,GENROU_5,8,GENROU_2,2
524,2,2.135,0.02,0.001,NEXT_STEP,1,0.036029887978212716,0.016980008105886974,1.0301707790502794,-0.036472334614522386,,,,,,,,Line_3,2,3,1.0,1.0301707790502794,-0.036472334614522386,1.0104254173340965,-0.06794245543603455,1.803105103839414,Line_3,2,3,1.0,11.43110384100891,63.3519121116498,51.92080827064089,GENROU_4,6,GENROU_1,1,0.9999498512216497,1.0000463574252312,5.014877835030074e-05,GENROU_3,3,GENROU_2,2,1.471095668444866,2.021986387537729,GENROU_5,8,GENROU_2,2
526,2,2.155,0.02,0.001,NEXT_STEP,0,0.0360299305922935,0.016980151687964462,1.0301553181823397,-0.036531202696871885,,,,,,,,Line_3,2,3,1.0,1.0301553181823397,-0.036531202696871885,1.0104063523713942,-0.06799747913645443,1.802884836980013,Line_3,2,3,1.0,11.426437728077818,63.34226515905367,51.91582743097585,GENROU_4,6,GENROU_1,1,0.9999634214365086,1.000039020807303,3.9020807302891924e-05,GENROU_3,3,GENROU_2,2,1.4711637807692748,2.0230221607291186,GENROU_5,8,GENROU_2,2
528,2,2.16,0.02,0.001,NEXT_STEP,1,0.036029597644692,0.016980245950719206,1.0301523657854958,-0.036545728624352375,,,,,,,,Line_3,2,3,1.0,1.0301523657854958,-0.036545728624352375,1.0104028352817371,-0.06800918117592764,1.8027230401153815,Line_3,2,3,1.0,11.425283635419238,63.33963618854453,51.9143525531253,GENROU_4,6,GENROU_1,1,0.9999667635481003,1.0000371372880372,3.71372880372256e-05,GENROU_3,3,GENROU_2,2,1.4711779769379565,2.023245451445089,GENROU_5,8,GENROU_2,2
530,2,2.18,0.02,0.001,NEXT_STEP,0,0.03602963757442612,0.016980343196160406,1.030143862214266,-0.036603121141002525,,,,,,,,Line_3,2,3,1.0,1.030143862214266,-0.036603121141002525,1.0103933845712985,-0.06804836297404639,1.8016796428016448,Line_3,2,3,1.0,11.420728706714065,63.3284256419644,51.907696935250335,GENROU_4,6,GENROU_1,1,0.9999728760131854,1.0000294784107784,2.947841077838298e-05,GENROU_1,1,GENROU_2,2,1.471223743046919,2.024004417606228,GENROU_5,8,GENROU_2,2
532,2,2.185,0.02,0.001,NEXT_STEP,1,0.03602947681524759,0.01698039497795128,1.0301425147008132,-0.03661721817409964,,,,,,,,Line_3,2,3,1.0,1.0301425147008132,-0.03661721817409964,1.0103921253539176,-0.06805626640906777,1.8013247757718887,Line_3,2,3,1.0,11.419607636083171,63.32547482977109,51.90586719368792,GENROU_4,6,GENROU_1,1,0.9999724114764774,1.0000275437553647,2.7588523522581454e-05,GENROU_1,1,GENROU_2,2,1.4712325224459402,2.02416149503547,GENROU_5,8,GENROU_2,2
534,2,2.205,0.02,0.001,NEXT_STEP,0,0.03602950699928406,0.016980440368577387,1.0301398750640833,-0.036672558188228045,,,,,,,,Line_3,2,3,1.0,1.0301398750640833,-0.036672558188228045,1.0103910806613121,-0.06808089807910488,1.7995653172596349,Line_3,2,3,1.0,11.415205915755385,63.31324811468085,51.89804219892547,GENROU_4,6,GENROU_1,1,0.9999710478935236,1.0000197936250876,2.8952106476354267e-05,GENROU_1,1,GENROU_2,2,1.4712575313950813,2.0246691970804496,GENROU_5,8,GENROU_2,2
536,2,2.21,0.02,0.001,NEXT_STEP,1,0.03602944788395208,0.016980460899811943,1.0301398511028563,-0.036686082609832346,,,,,,,,Line_3,2,3,1.0,1.0301398511028563,-0.036686082609832346,1.0103917601332901,-0.06808535407917017,1.7990457349785913,Line_3,2,3,1.0,11.414128538406109,63.310111055261196,51.895982516855085,GENROU_4,6,GENROU_1,1,0.999970829660232,1.0000178641527022,2.917033976801431e-05,GENROU_1,1,GENROU_2,2,1.4712613599124962,2.024767150817674,GENROU_5,8,GENROU_2,2
538,2,2.23,0.02,0.001,NEXT_STEP,0,0.036029466165828264,0.016980474875468533,1.0301419327890053,-0.03673884837646782,,,,,,,,Line_3,2,3,1.0,1.0301419327890053,-0.03673884837646782,1.010397796530733,-0.0680969645799921,1.7966877119427522,Line_3,2,3,1.0,11.40992297911313,63.297399487011354,51.88747650789823,GENROU_4,6,GENROU_1,1,0.9999704217900406,1.0000102406942843,2.9578209959413293e-05,GENROU_1,1,GENROU_2,2,1.4712676978333734,2.0250542092375405,GENROU_5,8,GENROU_2,2
540,2,2.235,0.02,0.001,NEXT_STEP,1,0.036029516298207206,0.016980470119510038,1.0301429450467248,-0.03675167910741681,,,,,,,,Line_3,2,3,1.0,1.0301429450467248,-0.03675167910741681,1.0104000742122758,-0.0680983805882215,1.7960336965065835,Line_3,2,3,1.0,11.40890003364821,63.29420526310235,51.88530522945414,GENROU_4,6,GENROU_1,1,0.9999704334129389,1.0000119439590653,2.9566587061102823e-05,GENROU_1,1,GENROU_3,3,1.4712671491785851,2.0251011811846156,GENROU_5,8,GENROU_2,2
542,2,2.255,0.02,0.001,NEXT_STEP,0,0.0360295227089094,0.016980452707393432,1.0301486085330136,-0.03680142166541988,,,,,,,,Line_3,2,3,1.0,1.0301486085330136,-0.03680142166541988,1.0104118118510956,-0.0680986770278348,1.7932006426095484,Line_3,2,3,1.0,11.404933185338336,63.28150522773385,51.876572042395516,GENROU_4,6,GENROU_1,1,0.9999709006230423,1.000021775571036,2.909937695771969e-05,GENROU_1,1,GENROU_3,3,1.4712572675611335,2.025201577971333,GENROU_5,8,GENROU_2,2
544,2,2.26,0.02,0.001,NEXT_STEP,1,0.03602965860944603,0.016980426434837458,1.0301503760183401,-0.036813454547071314,,,,,,,,Line_3,2,3,1.0,1.0301503760183401,-0.036813454547071314,1.0104153403709473,-0.0680974954490684,1.7924435097990852,Line_3,2,3,1.0,11.403975138302757,63.278372111467164,51.87439697316441,GENROU_4,6,GENROU_1,1,0.99997111851862,1.0000240534821383,2.888148138002755e-05,GENROU_1,1,GENROU_3,3,1.4712529899838982,2.025206337035644,GENROU_5,8,GENROU_2,2
546,2,2.2800000000000002,0.02,0.001,NEXT_STEP,0,0.03602963680662179,0.016980386989291975,1.0301585235832973,-0.036859805628739535,,,,,,,,Line_3,2,3,1.0,1.0301585235832973,-0.036859805628739535,1.0104313953798074,-0.06808830050012715,1.7892609566764577,Line_3,2,3,1.0,11.400287788153863,63.266129591362386,51.865841803208525,GENROU_4,6,GENROU_1,1,0.9999723549355414,1.0000324147755508,3.241477555082639e-05,GENROU_1,1,GENROU_3,3,1.4712295726549296,2.025155748624446,GENROU_5,8,GENROU_2,2
548,2,2.285,0.02,0.001,NEXT_STEP,1,0.03602984235744261,0.016980348735705253,1.0301607799184802,-0.03687095874043343,,,,,,,,Line_3,2,3,1.0,1.0301607799184802,-0.03687095874043343,1.0104358321998823,-0.0680849859307332,1.7884320196107808,Line_3,2,3,1.0,11.399404496175146,63.263161623268026,51.86375712709288,GENROU_4,6,GENROU_1,1,0.9999727500552636,1.0000343100475282,3.431004752818545e-05,GENROU_1,1,GENROU_3,3,1.4712222564530129,2.0251272896851997,GENROU_5,8,GENROU_2,2
550,2,2.305,0.02,0.001,NEXT_STEP,0,0.03602982291495109,0.01698028903052257,1.0301703913972704,-0.03691364489188799,,,,,,,,Line_3,2,3,1.0,1.0301703913972704,-0.03691364489188799,1.0104548644403792,-0.06806818440983589,1.7850236270519417,Line_3,2,3,1.0,11.396034335612411,63.251760313900895,51.85572597828848,GENROU_4,6,GENROU_1,1,0.9999746312968614,1.0000410976745913,4.109767459126168e-05,GENROU_1,1,GENROU_3,3,1.4711880965200483,2.024961569903652,GENROU_5,8,GENROU_2,2
552,2,2.31,0.02,0.001,NEXT_STEP,1,0.03603002064013594,0.016980244615922273,1.0301728944299262,-0.03692385422064904,,,,,,,,Line_3,2,3,1.0,1.0301728944299262,-0.03692385422064904,1.0104598837049306,-0.06806320549525614,1.7841534048102972,Line_3,2,3,1.0,11.395234719110237,63.24904479085312,51.853810071742885,GENROU_4,6,GENROU_1,1,0.9999751708284241,1.0000425913192366,4.259131923656234e-05,GENROU_1,1,GENROU_3,3,1.4711784447873966,2.024908757286015,GENROU_5,8,GENROU_2,2
554,2,2.33,0.02,0.001,NEXT_STEP,0,0.036030024847224715,0.01698018129029165,1.030183053123749,-0.036962693376160885,,,,,,,,Line_3,2,3,1.0,1.030183053123749,-0.036962693376160885,1.0104806347741087,-0.06804068456799858,1.7806377310370465,Line_3,2,3,1.0,11.392215088050603,63.23879788302759,51.84658279497698,GENROU_4,6,GENROU_1,1,0.9999775608091634,1.0000477555609562,4.7755560956153076e-05,GENROU_1,1,GENROU_3,3,1.471136329976365,2.0246625996917835,GENROU_5,8,GENROU_2,2
556,2,2.335,0.02,0.001,NEXT_STEP,1,0.03603023860064463,0.01698012724983882,1.0301855893858294,-0.036971926959903825,,,,,,,,Line_3,2,3,1.0,1.0301855893858294,-0.036971926959903825,1.010485935785096,-0.06803451020509102,1.7797549207230077,Line_3,2,3,1.0,11.391506832208076,63.23640376310222,51.84489693089414,GENROU_4,6,GENROU_1,1,0.9999767096084119,1.0000488416166666,4.884161666662834e-05,GENROU_2,2,GENROU_3,3,1.4711250313338398,2.0245938574560354,GENROU_5,8,GENROU_2,2
558,2,2.355,0.02,0.001,NEXT_STEP,0,0.036030235918623275,0.016980058562389728,1.0301955066001032,-0.03700682656120876,,,,,,,,Line_3,2,3,1.0,1.0301955066001032,-0.03700682656120876,1.01050726393224,-0.06800810786190467,1.7762425780277056,Line_3,2,3,1.0,11.388865587081902,63.22754931393959,51.83868372685769,GENROU_4,6,GENROU_1,1,0.9999722145843095,1.000052383025121,5.2383025120894544e-05,GENROU_2,2,GENROU_3,3,1.4710776447271248,2.0242996604622925,GENROU_5,8,GENROU_2,2
560,2,2.36,0.02,0.001,NEXT_STEP,1,0.036030449328589446,0.016980004224275064,1.0301978950831805,-0.037015072011639734,,,,,,,,Line_3,2,3,1.0,1.0301978950831805,-0.037015072011639734,1.0105125772927486,-0.0680011872352982,1.7753736258216861,Line_3,2,3,1.0,11.388254877579932,63.22552649312464,51.83727161554471,GENROU_4,6,GENROU_1,1,0.9999712060503074,1.0000530675778565,5.3067577856502623e-05,GENROU_2,2,GENROU_3,3,1.4710653496830712,2.0242227127400247,GENROU_5,8,GENROU_2,2
562,2,2.38,0.02,0.001,NEXT_STEP,0,0.03603042339670295,0.01697993951326046,1.0302069181601023,-0.03704602991398706,,,,,,,,Line_3,2,3,1.0,1.0302069181601023,-0.03704602991398706,1.0105334777808688,-0.06797265055227494,1.7719648371760854,Line_3,2,3,1.0,11.386013424626043,63.21822618460396,51.832212759977914,GENROU_4,6,GENROU_1,1,0.999967641178692,1.000055032525453,5.5032525452913816e-05,GENROU_2,2,GENROU_3,3,1.4710151853607911,2.0239096595080204,GENROU_5,8,GENROU_2,2
564,2,2.385,0.02,0.001,NEXT_STEP,1,0.03603062036325849,0.01697989443042983,1.030209013089981,-0.03705329649980322,,,,,,,,Line_3,2,3,1.0,1.030209013089981,-0.03705329649980322,1.0105385707878884,-0.06796540481444491,1.7711333422802227,Line_3,2,3,1.0,11.385504730129576,63.216605587584866,51.83110085745529,GENROU_4,6,GENROU_1,1,0.9999668702465229,1.0000553324721326,5.533247213262982e-05,GENROU_2,2,GENROU_3,3,1.4710024883711221,2.0238313365963414,GENROU_5,8,GENROU_2,2
566,2,2.4050000000000002,0.02,0.001,NEXT_STEP,0,0.03603060174020016,0.016979835454397216,1.0302166324696094,-0.03708039872813394,,,,,,,,Line_3,2,3,1.0,1.0302166324696094,-0.03708039872813394,1.0105581928007215,-0.0679363541369302,1.7679160177679023,Line_3,2,3,1.0,11.383677255850584,63.21094655670328,51.82726930085269,GENROU_4,6,GENROU_1,1,0.999964266897427,1.000055807781427,5.5807781426997494e-05,GENROU_2,2,GENROU_3,3,1.4709517870062288,2.0235247506880536,GENROU_5,8,GENROU_2,2
568,2,2.41,0.02,0.001,NEXT_STEP,1,0.036030775174920614,0.016979794088290198,1.0302183252986161,-0.037086716498716664,,,,,,,,Line_3,2,3,1.0,1.0302183252986161,-0.037086716498716664,1.010562873483583,-0.06792916816748767,1.7671423104567907,Line_3,2,3,1.0,11.383273162124464,63.20974094498972,51.82646778286525,GENROU_4,6,GENROU_1,1,0.9999637377012489,1.0000557493943452,5.574939434516146e-05,GENROU_2,2,GENROU_3,3,1.4709392126734087,2.0234508567285987,GENROU_5,8,GENROU_2,2
570,2,2.43,0.02,0.001,NEXT_STEP,0,0.03603074039356955,0.01697974463037102,1.030224174323721,-0.03711011857489757,,,,,,,,Line_3,2,3,1.0,1.030224174323721,-0.03711011857489757,1.0105805283726992,-0.06790105803067523,1.764190878058912,Line_3,2,3,1.0,11.381866085798976,63.205740284318104,51.82387419851913,GENROU_4,6,GENROU_1,1,0.999962098248171,1.0000548563327352,5.485633273516477e-05,GENROU_2,2,GENROU_3,3,1.4708899120501906,2.0231717705974686,GENROU_5,8,GENROU_2,2
572,2,2.435,0.02,0.001,NEXT_STEP,1,0.03603087407432044,0.016979716434374754,1.0302253900959717,-0.03711553398227395,,,,,,,,Line_3,2,3,1.0,1.0302253900959717,-0.03711553398227395,1.0105846446236324,-0.06789427218607846,1.763491797816073,Line_3,2,3,1.0,11.381567189734772,63.20494568059364,51.823378490858865,GENROU_4,6,GENROU_1,1,0.999961807896207,1.000054473696692,5.447369669209223e-05,GENROU_2,2,GENROU_3,3,1.4708779041663445,2.0231070002349094,GENROU_5,8,GENROU_2,2
574,2,2.455,0.02,0.001,NEXT_STEP,0,0.036030853679665055,0.016979678240068175,1.0302292370674673,-0.037135460184404355,,,,,,,,Line_3,2,3,1.0,1.0302292370674673,-0.037135460184404355,1.0105998065108346,-0.06786837317984601,1.7608662067815715,Line_3,2,3,1.0,11.380578860886912,63.202557164464636,51.82197830357772,GENROU_4,6,GENROU_1,1,0.9999611076717786,1.000052361507441,5.2361507441034405e-05,GENROU_2,2,GENROU_3,3,1.4708316103870478,2.0228719443894043,GENROU_5,8,GENROU_2,2
576,2,2.46,0.02,0.001,NEXT_STEP,1,0.03603094052688345,0.016979657683774137,1.0302299348332231,-0.037140035011983465,,,,,,,,Line_3,2,3,1.0,1.0302299348332231,-0.037140035011983465,1.0106032476124596,-0.06786227887177276,1.7602549103376361,Line_3,2,3,1.0,11.3803837253369,63.20215476798142,51.82177104264452,GENROU_4,6,GENROU_1,1,0.9999610468183814,1.0000516948653388,5.169486533884715e-05,GENROU_2,2,GENROU_3,3,1.470820527941719,2.0228198628684915,GENROU_5,8,GENROU_2,2
578,2,2.48,0.02,0.001,NEXT_STEP,0,0.03603093450672456,0.016979630741910966,1.030231673654082,-0.03715675836326963,,,,,,,,Line_3,2,3,1.0,1.030231673654082,-0.03715675836326963,1.0106155497335216,-0.06783965384565133,1.7580004143814847,Line_3,2,3,1.0,11.379804368361558,63.20127729500489,51.82147292664334,GENROU_4,6,GENROU_1,1,0.9999612367299824,1.0000485341005554,4.853410055538632e-05,GENROU_2,2,GENROU_3,3,1.4707785013213641,2.022640879729142,GENROU_5,8,GENROU_2,2
580,2,2.485,0.02,0.001,NEXT_STEP,1,0.03603097453352257,0.01697961783740613,1.0302318413748721,-0.03716056618304389,,,,,,,,Line_3,2,3,1.0,1.0302318413748721,-0.03716056618304389,1.0106182432107222,-0.06783448976884096,1.757486362572962,Line_3,2,3,1.0,11.379709540507884,63.20123576537536,51.821526224867476,GENROU_4,6,GENROU_1,1,0.9999613903038728,1.0000476281783681,4.7628178368119833e-05,GENROU_2,2,GENROU_3,3,1.470768616049593,2.022603944850053,GENROU_5,8,GENROU_2,2
582,2,2.505,0.02,0.001,NEXT_STEP,0,0.03603095941523621,0.01697960592656955,1.0302314761880318,-0.037174395182760805,,,,,,,,Line_3,2,3,1.0,1.0302314761880318,-0.037174395182760805,1.01062746774439,-0.06781598226129565,1.7556336171826388,Line_3,2,3,1.0,11.37952145372878,63.20172302633501,51.82220157260623,GENROU_4,6,GENROU_1,1,0.9999624000361278,1.000043604021155,4.3604021155108086e-05,GENROU_2,2,GENROU_3,3,1.4707317728107954,2.0224887601929735,GENROU_5,8,GENROU_2,2
584,2,2.51,0.02,0.001,NEXT_STEP,1,0.03603093640235955,0.016979610129238102,1.030231126631857,-0.03717751580897627,,,,,,,,Line_3,2,3,1.0,1.030231126631857,-0.03717751580897627,1.0106293762504834,-0.06781193087182082,1.7552226909529907,Line_3,2,3,1.0,11.379521546215365,63.202001010142176,51.82247946392681,GENROU_4,6,GENROU_1,1,0.9999627480842591,1.0000425063756928,4.250637569280791e-05,GENROU_2,2,GENROU_3,3,1.470723271552627,2.022468387850242,GENROU_5,8,GENROU_2,2
586,2,2.5300000000000002,0.02,0.001,NEXT_STEP,0,0.03603094272221427,0.016979614987181642,1.030228754467244,-0.0371887883793313,,,,,,,,Line_3,2,3,1.0,1.030228754467244,-0.0371887883793313,1.010635440928019,-0.06779816556459703,1.7537881262397548,Line_3,2,3,1.0,11.3796995441595,63.20367187529197,51.82397233113247,GENROU_4,6,GENROU_1,1,0.9999644895374523,1.0000378121222095,3.781212220954622e-05,GENROU_2,2,GENROU_3,3,1.470692199658025,2.0224207510876373,GENROU_5,8,GENROU_2,2
588,2,2.535,0.02,0.001,NEXT_STEP,1,0.03603089652162618,0.01697962319634196,1.0302279230573925,-0.03719131103638214,,,,,,,,Line_3,2,3,1.0,1.0302279230573925,-0.03719131103638214,1.0106365604657093,-0.0677953569391537,1.7534826662534613,Line_3,2,3,1.0,11.379787374006135,63.20422064866138,51.82443327465524,GENROU_4,6,GENROU_1,1,0.9999650081348777,1.0000365715437052,3.6571543705177234e-05,GENROU_2,2,GENROU_3,3,1.4706851903722087,2.022417417868831,GENROU_5,8,GENROU_2,2
590,2,2.555,0.02,0.001,NEXT_STEP,0,0.036030886613644945,0.01697963751015747,1.0302237189552867,-0.037200370680886746,,,,,,,,Line_3,2,3,1.0,1.0302237189552867,-0.037200370680886746,1.0106395045337109,-0.06778673373889296,1.7524695138786228,Line_3,2,3,1.0,11.380299451046413,63.206869786021166,51.826570334974754,GENROU_4,6,GENROU_1,1,0.9999673792779559,1.000031402442629,3.262072204412991e-05,GENROU_2,2,GENROU_3,3,1.4706601727829367,2.022437549401925,GENROU_5,8,GENROU_2,2
592,2,2.56,0.02,0.001,NEXT_STEP,1,0.036030800737640284,0.016979658959487616,1.030222456309558,-0.03720238082567026,,,,,,,,Line_3,2,3,1.0,1.030222456309558,-0.03720238082567026,1.0106398576827942,-0.06778524025128564,1.7522687705296391,Line_3,2,3,1.0,11.38046623261213,63.20763590174421,51.82716966913208,GENROU_4,6,GENROU_1,1,0.9999680415108799,1.000030067479138,3.195848912007637e-05,GENROU_2,2,GENROU_3,3,1.4706546901617656,2.0224509064987988,GENROU_5,8,GENROU_2,2
594,2,2.58,0.02,0.001,NEXT_STEP,0,0.036030781680490134,0.01697968825913677,1.0302166504673709,-0.03720957064661885,,,,,,,,Line_3,2,3,1.0,1.0302166504673709,-0.03720957064661885,1.0106398211453511,-0.06778194571733322,1.7516680612428956,Line_3,2,3,1.0,11.381275229006873,63.211044219095086,51.82976899008821,GENROU_4,6,GENROU_1,1,0.9999709303040056,1.0000246150647014,2.906969599436593e-05,GENROU_2,2,GENROU_3,3,1.4706357385196553,2.0225359867252126,GENROU_5,8,GENROU_2,2
596,2,2.585,0.02,0.001,NEXT_STEP,1,0.03603067974243093,0.01697971928613618,1.0302150202111744,-0.03721115321708467,,,,,,,,Line_3,2,3,1.0,1.0302150202111744,-0.03721115321708467,1.0106394545712136,-0.06778178797430695,1.7515683486247724,Line_3,2,3,1.0,11.381511599476582,63.211972059516256,51.830460460039674,GENROU_4,6,GENROU_1,1,0.9999717072513519,1.000023232673577,2.8292748648128807e-05,GENROU_2,2,GENROU_3,3,1.4706317547213228,2.02256500022962,GENROU_5,8,GENROU_2,2
598,2,2.605,0.02,0.001,NEXT_STEP,0,0.036030667885229406,0.016979754223250928,1.0302078861809165,-0.037216790626334394,,,,,,,,Line_3,2,3,1.0,1.0302078861809165,-0.037216790626334394,1.0106366641651128,-0.06778379488746285,1.75136033652106,Line_3,2,3,1.0,11.382580793814354,63.215916583679856,51.8333357898655,GENROU_4,6,GENROU_1,1,0.9999749955983107,1.0000176797254368,2.500440168928808e-05,GENROU_2,2,GENROU_3,3,1.4706186472544862,2.022709759722768,GENROU_5,8,GENROU_2,2
600,2,2.61,0.02,0.001,NEXT_STEP,1,0.036030519081702614,0.016979792869240586,1.0302059606795424,-0.037218018153852436,,,,,,,,Line_3,2,3,1.0,1.0302059606795424,-0.037218018153852436,1.0106356436625987,-0.0677849389255079,1.7513555529266398,Line_3,2,3,1.0,11.382877403495966,63.216950734069485,51.83407333057352,GENROU_4,6,GENROU_1,1,0.9999758573257641,1.0000162941104525,2.4142674235894113e-05,GENROU_2,2,GENROU_3,3,1.470616080223852,2.0227528512740713,GENROU_5,8,GENROU_2,2
602,2,2.63,0.02,0.001,NEXT_STEP,0,0.036030521495582474,0.016979838967501912,1.0301977933899114,-0.037222390807888084,,,,,,,,Line_3,2,3,1.0,1.0301977933899114,-0.037222390807888084,1.0106303900487208,-0.0677920298149423,1.7515112963426986,Line_3,2,3,1.0,11.384167279202533,63.22121365456426,51.83704637536172,GENROU_4,6,GENROU_1,1,0.9999794249607252,1.000010810342,2.0575039274772777e-05,GENROU_2,2,GENROU_3,3,1.4706083966761305,2.0229501065876656,GENROU_5,8,GENROU_2,2
604,2,2.635,0.02,0.001,NEXT_STEP,1,0.036030349439835685,0.016979881569833113,1.0301956479207157,-0.037223333537793515,,,,,,,,Line_3,2,3,1.0,1.0301956479207157,-0.037223333537793515,1.0106287949522224,-0.06779440121580134,1.751593153158666,Line_3,2,3,1.0,11.384513741210112,63.222301033421154,51.83778729221104,GENROU_4,6,GENROU_1,1,0.999980341444839,1.0000100961929748,1.965855516095072e-05,GENROU_2,2,GENROU_1,1,1.4706071203786424,2.0230052893440904,GENROU_5,8,GENROU_2,2
606,2,2.6550000000000002,0.02,0.001,NEXT_STEP,0,0.036030359017412,0.01697993327408107,1.0301867499101756,-0.037226697996592895,,,,,,,,Line_3,2,3,1.0,1.0301867499101756,-0.037226697996592895,1.010621415493899,-0.06780619544918436,1.7520761436645387,Line_3,2,3,1.0,11.385981053543016,63.22667760500357,51.84069655146055,GENROU_4,6,GENROU_1,1,0.9999840694783765,1.000010121955605,1.593052162351949e-05,GENROU_2,2,GENROU_1,1,1.4706042899214344,2.023246510806379,GENROU_5,8,GENROU_2,2
608,2,2.66,0.02,0.001,NEXT_STEP,1,0.03603016358607219,0.01697997973121984,1.0301844594482992,-0.03722741584879195,,,,,,,,Line_3,2,3,1.0,1.0301844594482992,-0.03722741584879195,1.0106193341764609,-0.06780968082044742,1.7522347108266274,Line_3,2,3,1.0,11.386366183280069,63.22776927349933,51.84140309021926,GENROU_4,6,GENROU_1,1,0.9999850114655203,1.0000100863740973,1.4988534479676296e-05,GENROU_2,2,GENROU_1,1,1.4706041463491755,2.0233115331424556,GENROU_5,8,GENROU_2,2
610,2,2.68,0.02,0.001,NEXT_STEP,0,0.03603015685401773,0.016980040819110906,1.0301751246566724,-0.03722999067736743,,,,,,,,Line_3,2,3,1.0,1.0301751246566724,-0.03722999067736743,1.0106101934235703,-0.067825658162081,1.7530026182597283,Line_3,2,3,1.0,11.387965068731873,63.23207436867609,51.844109299944215,GENROU_4,6,GENROU_1,1,0.9999887856672561,1.0000097916968569,1.1214332743869626e-05,GENROU_2,2,GENROU_1,1,1.4706054928506316,2.0235874099058293,GENROU_5,8,GENROU_2,2
612,2,2.685,0.02,0.001,NEXT_STEP,1,0.03602996874358122,0.01698009300338395,1.0301727600908908,-0.03723053660898334,,,,,,,,Line_3,2,3,1.0,1.0301727600908908,-0.03723053660898334,1.0106077188111433,-0.06783011460430968,1.7532266740135753,Line_3,2,3,1.0,11.388377176837079,63.2331269900984,51.844749813261316,GENROU_4,6,GENROU_1,1,0.9999897254436982,1.000009682002333,1.0274556301759219e-05,GENROU_2,2,GENROU_1,1,1.4706063031284546,2.023659893904009,GENROU_5,8,GENROU_2,2
614,2,2.705,0.02,0.001,NEXT_STEP,0,0.03602998552094489,0.01698015034648285,1.0301632642704868,-0.03723250816367789,,,,,,,,Line_3,2,3,1.0,1.0301632642704868,-0.03723250816367789,1.0105971942048724,-0.06784964843731392,1.7542329184393566,Line_3,2,3,1.0,11.3900603630457,63.23720019033058,51.847139827284884,GENROU_4,6,GENROU_1,1,0.9999924087564315,1.0000091165373886,9.11653738855378e-06,GENROU_3,3,GENROU_1,1,1.4706110886511385,2.023960863728229,GENROU_5,8,GENROU_2,2
616,2,2.71,0.02,0.001,NEXT_STEP,1,0.03602976669667247,0.016980200641004424,1.0301608922775474,-0.03723291939431587,,,,,,,,Line_3,2,3,1.0,1.0301608922775474,-0.03723291939431587,1.0105944213691043,-0.06785490471176543,1.7545105190014283,Line_3,2,3,1.0,11.390487564675395,63.238177111386065,51.84768954671067,GENROU_4,6,GENROU_1,1,0.9999913661211234,1.0000089459095363,8.945909536262064e-06,GENROU_3,3,GENROU_1,1,1.4706126637840553,2.0240384278584367,GENROU_5,8,GENROU_2,2
618,2,2.73,0.02,0.001,NEXT_STEP,0,0.036029790596307995,0.016980263554108855,1.0301514813916592,-0.037234426252051415,,,,,,,,Line_3,2,3,1.0,1.0301514813916592,-0.037234426252051415,1.010582886530424,-0.06787727975252987,1.7557061778150853,Line_3,2,3,1.0,11.392207629726837,63.24188630388362,51.84967867415678,GENROU_4,6,GENROU_1,1,0.9999874835290617,1.00000816458291,1.2516470938250812e-05,GENROU_3,3,GENROU_1,1,1.47062012468056,2.0243551182673247,GENROU_5,8,GENROU_2,2
620,2,2.7350000000000003,0.02,0.001,NEXT_STEP,1,0.036029571886660144,0.016980313940383893,1.030149158860585,-0.03723473528124087,,,,,,,,Line_3,2,3,1.0,1.030149158860585,-0.03723473528124087,1.010579907283569,-0.06788315105834446,1.7560248727901921,Line_3,2,3,1.0,11.392638156833033,63.24275827157072,51.85012011473769,GENROU_4,6,GENROU_1,1,0.9999865890379591,1.0000079471685983,1.3410962040882879e-05,GENROU_3,3,GENROU_1,1,1.4706222733959424,2.024435477673185,GENROU_5,8,GENROU_2,2
622,2,2.755,0.02,0.001,NEXT_STEP,0,0.03602959581486051,0.016980376879615726,1.0301400454116036,-0.037235876721005354,,,,,,,,Line_3,2,3,1.0,1.0301400454116036,-0.037235876721005354,1.010567722307416,-0.06790759718960321,1.7573601332556734,Line_3,2,3,1.0,11.39434867818695,63.246001779536826,51.851653101349875,GENROU_4,6,GENROU_1,1,0.9999833280100702,1.0000070074464704,1.6671989929828435e-05,GENROU_3,3,GENROU_1,1,1.4706316564534967,2.024759084578873,GENROU_5,8,GENROU_2,2
624,2,2.76,0.02,0.001,NEXT_STEP,1,0.036029400547286906,0.016980423459903235,1.0301378206229002,-0.03723610550997245,,,,,,,,Line_3,2,3,1.0,1.0301378206229002,-0.03723610550997245,1.0105646239783084,-0.06791388786169775,1.757707453574767,Line_3,2,3,1.0,11.394771164241558,63.24674729012348,51.85197612588192,GENROU_4,6,GENROU_1,1,0.9999825950749498,1.000006757705542,1.7404925050201747e-05,GENROU_3,3,GENROU_1,1,1.4706341938946668,2.0248401376177947,GENROU_5,8,GENROU_2,2
626,2,2.7800000000000002,0.02,0.001,NEXT_STEP,0,0.036029417402466894,0.016980480874076505,1.0301291785704374,-0.037236941624823695,,,,,,,,Line_3,2,3,1.0,1.0301291785704374,-0.037236941624823695,1.0105521248508413,-0.06793960632814801,1.7591331073057574,Line_3,2,3,1.0,11.396428129925829,63.249454585404436,51.853026455478606,GENROU_4,6,GENROU_1,1,0.9999799977943361,1.0000058758779415,2.000220566389377e-05,GENROU_3,3,GENROU_2,2,1.470644783201111,2.025162719648424,GENROU_5,8,GENROU_2,2
628,2,2.785,0.02,0.001,NEXT_STEP,1,0.03602922198509937,0.01698052732855821,1.0301270896864558,-0.03723709848726359,,,,,,,,Line_3,2,3,1.0,1.0301270896864558,-0.03723709848726359,1.010548987381166,-0.06794611402136504,1.7594969831056915,Line_3,2,3,1.0,11.396831993739397,63.25005989630182,51.85322790256242,GENROU_4,6,GENROU_1,1,0.9999794341037028,1.0000065813955805,2.0565896297175534e-05,GENROU_3,3,GENROU_2,2,1.4706475368496572,2.0252426087386977,GENROU_5,8,GENROU_2,2
630,2,2.805,0.02,0.001,NEXT_STEP,0,0.03602923885848797,0.01698058475958419,1.0301190508218565,-0.03723765331679907,,,,,,,,Line_3,2,3,1.0,1.0301190508218565,-0.03723765331679907,1.0105364769972758,-0.06797230337485545,1.7609657331381356,Line_3,2,3,1.0,11.398394998014947,63.25219103681918,51.853796038804234,GENROU_4,6,GENROU_1,1,0.9999775203621603,1.0000092119392632,2.247963783974516e-05,GENROU_3,3,GENROU_2,2,1.47065867661939,2.0255572968822735,GENROU_5,8,GENROU_2,2
632,2,2.81,0.02,0.001,NEXT_STEP,1,0.03602906688496721,0.016980627410267783,1.0301171258795545,-0.0372377419748444,,,,,,,,Line_3,2,3,1.0,1.0301171258795545,-0.0372377419748444,1.0105333718096268,-0.06797883082629859,1.7613346488249988,Line_3,2,3,1.0,11.398770673375434,63.25264987874141,51.85387920536597,GENROU_4,6,GENROU_1,1,0.9999771281585274,1.000009819017388,2.28718414726492e-05,GENROU_3,3,GENROU_2,2,1.4706614916468133,2.025634454750239,GENROU_5,8,GENROU_2,2
634,2,2.83,0.02,0.001,NEXT_STEP,0,0.036029076682610364,0.01698067931342143,1.0301097830386055,-0.037238006876371015,,,,,,,,Line_3,2,3,1.0,1.0301097830386055,-0.037238006876371015,1.0105211167440376,-0.06800471047961601,1.762802265995873,Line_3,2,3,1.0,11.400203860584506,63.25419381359583,51.85398995301133,GENROU_4,6,GENROU_1,1,0.9999758967305926,1.0000120371558645,2.4103269407382832e-05,GENROU_3,3,GENROU_2,2,1.470672603752222,2.025935599525634,GENROU_5,8,GENROU_2,2
636,2,2.835,0.02,0.001,NEXT_STEP,1,0.036028928019854085,0.01698071805101089,1.03010804013596,-0.03723802168899561,,,,,,,,Line_3,2,3,1.0,1.03010804013596,-0.03723802168899561,1.0105181053228136,-0.0680110672689862,1.7631656344971702,Line_3,2,3,1.0,11.400543039802493,63.25450683911131,51.853963799308815,GENROU_4,6,GENROU_1,1,0.9999756732210203,1.0000125371622939,2.43267789796775e-05,GENROU_3,3,GENROU_2,2,1.4706753461644415,2.0260087727335483,GENROU_5,8,GENROU_2,2
638,2,2.855,0.02,0.001,NEXT_STEP,0,0.03602893073772242,0.0169807644225415,1.030101446871306,-0.037237961685075996,,,,,,,,Line_3,2,3,1.0,1.030101446871306,-0.037237961685075996,1.010506330846805,-0.06803590008285094,1.7645918878964153,Line_3,2,3,1.0,11.401816008105031,63.25547876466704,51.85366275656201,GENROU_4,6,GENROU_1,1,0.9999751037232523,1.0000143157423844,2.4896276747732315e-05,GENROU_3,3,GENROU_2,2,1.4706859407293906,2.0262919976687526,GENROU_5,8,GENROU_2,2
640,2,2.8600000000000003,0.02,0.001,NEXT_STEP,1,0.036028781923256877,0.01698080303316107,1.0300998946986193,-0.03723788897868363,,,,,,,,Line_3,2,3,1.0,1.0300998946986193,-0.03723788897868363,1.0105034640203672,-0.06804190766670877,1.764940262865963,Line_3,2,3,1.0,11.402111840731958,63.25565278622591,51.85354094549395,GENROU_4,6,GENROU_1,1,0.99997504159478,1.0000147037362277,2.4958405219988045e-05,GENROU_3,3,GENROU_2,2,1.4706884997264982,2.026360253767542,GENROU_5,8,GENROU_2,2
642,2,2.88,0.02,0.001,NEXT_STEP,0,0.036028808118550366,0.016980845632501306,1.030094068427314,-0.03723745065942654,,,,,,,,Line_3,2,3,1.0,1.030094068427314,-0.03723745065942654,1.0104923525255762,-0.06806502020775654,1.7662896277653317,Line_3,2,3,1.0,11.403200342734143,63.256090757169304,51.85289041443516,GENROU_4,6,GENROU_1,1,0.9999750967119537,1.0000160300894732,2.4903288046274064e-05,GENROU_3,3,GENROU_2,2,1.4706981822889875,2.0266224638433963,GENROU_5,8,GENROU_2,2
644,2,2.885,0.02,0.001,NEXT_STEP,1,0.036028675515009996,0.01698087478053268,1.030092708108309,-0.03723727573998327,,,,,,,,Line_3,2,3,1.0,1.030092708108309,-0.03723727573998327,1.0104896711855045,-0.06807051987977979,1.766614757906808,Line_3,2,3,1.0,11.40344759261445,63.25613782342894,51.852690230814495,GENROU_4,6,GENROU_1,1,0.9999751847225867,1.0000163046597275,2.4815277413270387e-05,GENROU_3,3,GENROU_2,2,1.4707004716663774,2.026685187648167,GENROU_5,8,GENROU_2,2
646,2,2.9050000000000002,0.02,0.001,NEXT_STEP,0,0.03602869463527768,0.016980911852225528,1.030087636619863,-0.037236385192230846,,,,,,,,Line_3,2,3,1.0,1.030087636619863,-0.037236385192230846,1.0104793635651719,-0.06809131223037901,1.7678570964699816,Line_3,2,3,1.0,11.404334068907012,63.25609881992209,51.851764751015075,GENROU_4,6,GENROU_1,1,0.9999758127218004,1.0000171798108781,2.418727819963884e-05,GENROU_3,3,GENROU_2,2,1.4707089441009016,2.0269245179283395,GENROU_5,8,GENROU_2,2
648,2,2.91,0.02,0.001,NEXT_STEP,1,0.03602858533017421,0.01698093707706014,1.030086460840667,-0.03723608947136275,,,,,,,,Line_3,2,3,1.0,1.030086460840667,-0.03723608947136275,1.0104768971964946,-0.06809616579773486,1.7681521289527211,Line_3,2,3,1.0,11.404529217325669,63.256035184172326,51.85150596684666,GENROU_4,6,GENROU_1,1,0.9999760363594729,1.000017342840224,2.3963640527147057e-05,GENROU_3,3,GENROU_2,2,1.4707109009900663,2.0269813878892893,GENROU_5,8,GENROU_2,2
650,2,2.93,0.02,0.001,NEXT_STEP,0,0.036028573923422555,0.0169809724157349,1.0300821049197892,-0.037234663864474805,,,,,,,,Line_3,2,3,1.0,1.0300821049197892,-0.037234663864474805,1.0104674927198454,-0.06811412757352338,1.7692629441558836,Line_3,2,3,1.0,11.405203102796987,63.255590855107776,51.85038775231079,GENROU_4,6,GENROU_1,1,0.9999771737846459,1.0000177803787997,2.2826215354099233e-05,GENROU_3,3,GENROU_2,2,1.470717959597722,2.0271970954168808,GENROU_5,8,GENROU_2,2
652,2,2.935,0.02,0.001,NEXT_STEP,1,0.03602849513726559,0.016980999366328377,1.0300811004535941,-0.03723422714371837,,,,,,,,Line_3,2,3,1.0,1.0300811004535941,-0.03723422714371837,1.0104652608049143,-0.06811822034078698,1.7695224647027885,Line_3,2,3,1.0,11.405344402918315,63.25543588716643,51.85009148424811,GENROU_4,6,GENROU_1,1,0.9999775159549538,1.0000178367237462,2.2484045046233803e-05,GENROU_3,3,GENROU_2,2,1.4707195443522336,2.0272480576371295,GENROU_5,8,GENROU_2,2
654,2,2.955,0.02,0.001,NEXT_STEP,0,0.03602850012690531,0.016981025399341976,1.030077400581903,-0.037232187802215926,,,,,,,,Line_3,2,3,1.0,1.030077400581903,-0.037232187802215926,1.0104568209920974,-0.06813294448950995,1.7704829419425892,Line_3,2,3,1.0,11.405802238911495,63.25466815083402,51.84886591192253,GENROU_4,6,GENROU_1,1,0.9999790903889664,1.0000178613525872,2.0909611033625985e-05,GENROU_3,3,GENROU_2,2,1.470725074846567,2.0274404070224192,GENROU_5,8,GENROU_2,2
656,2,2.96,0.02,0.001,NEXT_STEP,1,0.03602841394655639,0.01698104655519305,1.030076551632231,-0.03723158615679339,,,,,,,,Line_3,2,3,1.0,1.030076551632231,-0.03723158615679339,1.0104548350413691,-0.06813618447459648,1.770703051157227,Line_3,2,3,1.0,11.405889712371122,63.25444323400199,51.84855352163087,GENROU_4,6,GENROU_1,1,0.9999795321122898,1.0000178184611563,2.0467887710151622e-05,GENROU_3,3,GENROU_2,2,1.4707262696529497,2.027485640767948,GENROU_5,8,GENROU_2,2
658,2,2.98,0.02,0.001,NEXT_STEP,0,0.036028442424117325,0.016981068825412653,1.0300734327063699,-0.03722885204172712,,,,,,,,Line_3,2,3,1.0,1.0300734327063699,-0.03722885204172712,1.0104473860428707,-0.0681473639350333,1.7715002403114966,Line_3,2,3,1.0,11.406135029752747,63.253439926615265,51.84730489686252,GENROU_4,6,GENROU_1,1,0.9999814649963839,1.000017464498016,1.8535003616149126e-05,GENROU_3,3,GENROU_2,2,1.47073023639031,2.0276557375321795,GENROU_5,8,GENROU_2,2
660,2,2.9850000000000003,0.02,0.001,NEXT_STEP,1,0.036028348979589446,0.0169810842934748,1.0300727192478982,-0.037228065745516445,,,,,,,,Line_3,2,3,1.0,1.0300727192478982,-0.037228065745516445,1.010445648673775,-0.06814968742688247,1.7716784180424838,Line_3,2,3,1.0,11.406170415778757,63.25316739449576,51.846996978717,GENROU_4,6,GENROU_1,1,0.9999819861017585,1.0000173319883952,1.801389824152011e-05,GENROU_3,3,GENROU_2,2,1.470731041578883,2.027695608752885,GENROU_5,8,GENROU_2,2
662,2,3.005,0.02,0.001,NEXT_STEP,0,0.03602837749080333,0.016981106593691085,1.0300700971955001,-0.03722455931797154,,,,,,,,Line_3,2,3,1.0,1.0300700971955001,-0.03722455931797154,1.0104391862521656,-0.06815711752116102,1.7723050345855427,Line_3,2,3,1.0,11.406213435917815,63.25201814603388,51.84580471011607,GENROU_4,6,GENROU_1,1,0.9999841954557288,1.000016641500222,1.6641500222069894e-05,GENROU_3,3,GENROU_2,2,1.4707334783987933,2.0278452207048954,GENROU_5,8,GENROU_2,2
664,2,3.01,0.02,0.001,NEXT_STEP,1,0.0360283074631231,0.016981118235678893,1.0300694969629107,-0.03722357337182018,,,,,,,,Line_3,2,3,1.0,1.0300694969629107,-0.03722357337182018,1.010437692728493,-0.06815848865678403,1.7724400854231703,Line_3,2,3,1.0,11.406200092026694,63.25172029078929,51.84552019876259,GENROU_4,6,GENROU_1,1,0.9999847752459574,1.0000164307093204,1.6430709320447434e-05,GENROU_3,3,GENROU_2,2,1.470733910025146,2.0278802397857394,GENROU_5,8,GENROU_2,2
666,2,3.03,0.02,0.001,NEXT_STEP,0,0.03602830546476169,0.016981138817849125,1.0300672842561729,-0.03721922680739722,,,,,,,,Line_3,2,3,1.0,1.0300672842561729,-0.03721922680739722,1.010432187228607,-0.06816206714825795,1.7728941576784791,Line_3,2,3,1.0,11.406057400970807,63.25051274530586,51.84445534433505,GENROU_4,6,GENROU_1,1,0.9999871782419609,1.0000154517376967,1.5451737696681178e-05,GENROU_3,3,GENROU_2,2,1.4707349085132717,2.028011627510129,GENROU_5,8,GENROU_2,2
668,2,3.035,0.02,0.001,NEXT_STEP,1,0.036028265939325135,0.01698115217151691,1.0300667745600727,-0.03721802685912691,,,,,,,,Line_3,2,3,1.0,1.0300667745600727,-0.03721802685912691,1.0104309268481642,-0.0681624736754774,1.7729862019439224,Line_3,2,3,1.0,11.40600030272793,63.25021092372867,51.84421062100074,GENROU_4,6,GENROU_1,1,0.9999877961180315,1.0000151752610278,1.5175261027788878e-05,GENROU_3,3,GENROU_2,2,1.4707349953851079,2.028042405746218,GENROU_5,8,GENROU_2,2
670,2,3.055,0.02,0.001,NEXT_STEP,0,0.0360282803517256,0.016981163460688873,1.0300648843808327,-0.03721279092550604,,,,,,,,Line_3,2,3,1.0,1.0300648843808327,-0.03721279092550604,1.0104263280079342,-0.06816219997722274,1.7732705170873544,Line_3,2,3,1.0,11.405695105540826,63.24902741961734,51.84333231407652,GENROU_4,6,GENROU_1,1,0.9999903114531933,1.000013959933849,1.3959933848894934e-05,GENROU_3,3,GENROU_2,2,1.4707346916555113,2.0281581458894764,GENROU_5,8,GENROU_2,2
672,2,3.06,0.02,0.001,NEXT_STEP,1,0.03602823341819174,0.016981171007250922,1.0300644452067362,-0.03721136177525736,,,,,,,,Line_3,2,3,1.0,1.0300644452067362,-0.03721136177525736,1.0104252866819454,-0.06816165008693036,1.7733208949719312,Line_3,2,3,1.0,11.405600833183371,63.24874129991956,51.84314046673619,GENROU_4,6,GENROU_1,1,0.9999909474804911,1.0000136311636574,1.3631163657379375e-05,GENROU_3,3,GENROU_2,2,1.4707344725329745,2.0281853518189426,GENROU_5,8,GENROU_2,2
674,2,3.08,0.02,0.001,NEXT_STEP,0,0.0360282244176176,0.01698118612563932,1.030062794886246,-0.03720519020803257,,,,,,,,Line_3,2,3,1.0,1.030062794886246,-0.03720519020803257,1.010421527196045,-0.0681576055427543,1.773442764415563,Line_3,2,3,1.0,11.405162040825031,63.24765613871729,51.842494097892256,GENROU_4,6,GENROU_1,1,0.9999934975683875,1.0000122339491613,1.2233949161277735e-05,GENROU_3,3,GENROU_2,2,1.4707330317689105,2.0282881583658554,GENROU_5,8,GENROU_2,2
676,2,3.085,0.02,0.001,NEXT_STEP,1,0.03602820811648303,0.016981195491138044,1.030062405473843,-0.03720352636705278,,,,,,,,Line_3,2,3,1.0,1.030062405473843,-0.03720352636705278,1.0104206859464837,-0.06815613308442955,1.7734537298339603,Line_3,2,3,1.0,11.405038394831683,63.24740308045144,51.842364685619756,GENROU_4,6,GENROU_1,1,0.9999941329815137,1.0000118666333708,1.1866633370827273e-05,GENROU_3,3,GENROU_2,2,1.470732550469205,2.0283124730752995,GENROU_5,8,GENROU_2,2
678,2,3.105,0.02,0.001,NEXT_STEP,0,0.03602819207645428,0.016981205112655252,1.0300609219956207,-0.03719639490679654,,,,,,,,Line_3,2,3,1.0,1.0300609219956207,-0.03719639490679654,1.0104176883364127,-0.06814848492129283,1.7734241249396518,Line_3,2,3,1.0,11.40449900036545,63.246480348298256,51.84198134793281,GENROU_4,6,GENROU_1,1,0.9999966457614179,1.0000103425427393,1.034254273934998e-05,GENROU_3,3,GENROU_2,2,1.4707301571612823,2.028405044611877,GENROU_5,8,GENROU_2,2
680,2,3.11,0.02,0.001,NEXT_STEP,1,0.036028175587933725,0.01698121432031787,1.0300605657412851,-0.03719448936568826,,,,,,,,Line_3,2,3,1.0,1.0300605657412851,-0.03719448936568826,1.0104170268675319,-0.06814613899445844,1.7733988926961786,Line_3,2,3,1.0,11.404354606559517,63.24627494180788,51.84192033524837,GENROU_4,6,GENROU_1,1,0.9999972633854024,1.000009950363798,9.95036379802805e-06,GENROU_3,3,GENROU_2,2,1.4707294612324038,2.028427129395511,GENROU_5,8,GENROU_2,2
682,2,3.13,0.02,0.001,NEXT_STEP,0,0.036028183056462805,0.016981220197432277,1.0300591852962537,-0.03718639190075638,,,,,,,,Line_3,2,3,1.0,1.0300591852962537,-0.03718639190075638,1.0104147053834125,-0.06813512697734839,1.773231901157203,Line_3,2,3,1.0,11.403750174636247,63.24556697939218,51.841816804755936,GENROU_4,6,GENROU_1,1,0.9999985606419158,1.000008353365563,8.353365563040782e-06,GENROU_4,6,GENROU_2,2,1.4707263059942473,2.0285120193132755,GENROU_5,8,GENROU_2,2
684,2,3.135,0.02,0.001,NEXT_STEP,1,0.036028135833649916,0.016981227495751965,1.030058848379524,-0.03718424204885842,,,,,,,,Line_3,2,3,1.0,1.030058848379524,-0.03718424204885842,1.0104142019857403,-0.06813197328075614,1.7731743850929433,Line_3,2,3,1.0,11.403594122896497,63.245420740180016,51.841826617283516,GENROU_4,6,GENROU_1,1,0.9999985479165463,1.0000079495557388,7.94955573879541e-06,GENROU_4,6,GENROU_2,2,1.4707254434315151,2.028532484343157,GENROU_5,8,GENROU_2,2
686,2,3.155,0.02,0.001,NEXT_STEP,0,0.03602815044369931,0.01698123896022723,1.030057518682296,-0.03717518494418016,,,,,,,,Line_3,2,3,1.0,1.030057518682296,-0.03717518494418016,1.010412466550118,-0.06811789408371419,1.772886640396166,Line_3,2,3,1.0,11.402961401632398,63.24496722692873,51.84200582529633,GENROU_4,6,GENROU_1,1,0.9999985309107963,1.0000063311438587,6.331143858728794e-06,GENROU_4,6,GENROU_2,2,1.4707217144939304,2.0286119959614783,GENROU_5,8,GENROU_2,2
688,2,3.16,0.02,0.001,NEXT_STEP,1,0.0360281267627672,0.016981242535441986,1.030057189298028,-0.03717279971247648,,,,,,,,Line_3,2,3,1.0,1.030057189298028,-0.03717279971247648,1.010412098535526,-0.06811401688652402,1.7728011570706315,Line_3,2,3,1.0,11.402802910545052,63.24488844318003,51.84208553263498,GENROU_4,6,GENROU_1,1,0.9999985351856217,1.00000592814209,5.928142090105837e-06,GENROU_4,6,GENROU_2,2,1.4707207313971622,2.028631379277037,GENROU_5,8,GENROU_2,2
690,2,3.18,0.02,0.001,NEXT_STEP,0,0.03602811087448853,0.016981252291396746,1.0300558727916411,-0.03716280568473395,,,,,,,,Line_3,2,3,1.0,1.0300558727916411,-0.03716280568473395,1.010410859952299,-0.06809721507428752,1.772411099751281,Line_3,2,3,1.0,11.402178549042066,63.24471606138211,51.842537512340044,GENROU_4,6,GENROU_1,1,0.9999985852411829,1.0000050933943079,5.093394307875698e-06,GENROU_4,6,GENROU_3,3,1.4707166075575153,2.028707496409833,GENROU_5,8,GENROU_2,2
692,2,3.185,0.02,0.001,NEXT_STEP,1,0.0360280942332109,0.01698126136366446,1.0300555421539677,-0.03716019216109254,,,,,,,,Line_3,2,3,1.0,1.0300555421539677,-0.03716019216109254,1.01041060443621,-0.06809270515008704,1.7723024440029747,Line_3,2,3,1.0,11.402026671055813,63.244709777376144,51.84268310632033,GENROU_4,6,GENROU_1,1,0.9999986059233003,1.00000557512505,5.5751250500613025e-06,GENROU_4,6,GENROU_3,3,1.4707155464484323,2.0287262477555417,GENROU_5,8,GENROU_2,2
694,2,3.205,0.02,0.001,NEXT_STEP,0,0.036028101854612526,0.01698126737634709,1.0300542120028489,-0.037149308584670984,,,,,,,,Line_3,2,3,1.0,1.0300542120028489,-0.037149308584670984,1.0104097744941876,-0.06807356732524811,1.7718295104056097,Line_3,2,3,1.0,11.401446089071362,63.244832406965756,51.84338631789439,GENROU_4,6,GENROU_1,1,0.9999987196479729,1.000007375607813,7.375607812942775e-06,GENROU_4,6,GENROU_3,3,1.470711190185599,2.028800581459003,GENROU_5,8,GENROU_2,2
696,2,3.21,0.02,0.001,NEXT_STEP,1,0.036028054485501525,0.016981274544816977,1.0300538762668212,-0.03714647606499783,,,,,,,,Line_3,2,3,1.0,1.0300538762668212,-0.03714647606499783,1.0104096106228098,-0.06806852157953583,1.771702701894469,Line_3,2,3,1.0,11.4013094244152,63.24490053314065,51.84359110872545,GENROU_4,6,GENROU_1,1,0.999998755665418,1.000007792335577,7.792335577017084e-06,GENROU_4,6,GENROU_3,3,1.4707100896943062,2.0288190557939636,GENROU_5,8,GENROU_2,2
698,2,3.23,0.02,0.001,NEXT_STEP,0,0.03602806924342467,0.016981286140408575,1.0300525175008044,-0.037134757316344046,,,,,,,,Line_3,2,3,1.0,1.0300525175008044,-0.037134757316344046,1.0104091048062942,-0.06804745224849557,1.771166952987727,Line_3,2,3,1.0,11.400805743590015,63.24531992608027,51.84451418249026,GENROU_4,6,GENROU_1,1,0.9999989279318888,1.0000093203904046,9.320390404576884e-06,GENROU_4,6,GENROU_3,3,1.4707056419212172,2.0288928265760813,GENROU_5,8,GENROU_2,2
700,2,3.235,0.02,0.001,NEXT_STEP,1,0.03602804542366408,0.01698128959254655,1.0300521740466821,-0.037131726081525915,,,,,,,,Line_3,2,3,1.0,1.0300521740466821,-0.037131726081525915,1.010409012146832,-0.06804197712880136,1.771026928698717,Line_3,2,3,1.0,11.40069220417903,63.24546146463657,51.84476926045754,GENROU_4,6,GENROU_1,1,0.9999989777996192,1.0000096663627365,9.666362736471257e-06,GENROU_4,6,GENROU_3,3,1.4707045343135394,2.028911278344662,GENROU_5,8,GENROU_2,2
702,2,3.255,0.02,0.001,NEXT_STEP,0,0.03602802967705778,0.016981299474040458,1.0300507847884814,-0.03711923751116541,,,,,,,,Line_3,2,3,1.0,1.0300507847884814,-0.03711923751116541,1.0104087532337065,-0.06801939077143002,1.770448368120583,Line_3,2,3,1.0,11.40029537037714,63.246168324982214,51.84587295460507,GENROU_4,6,GENROU_1,1,0.9999990208552714,1.000010903846454,1.0903846453969024e-05,GENROU_2,2,GENROU_3,3,1.470700112464285,2.028985305515766,GENROU_5,8,GENROU_2,2
704,2,3.26,0.02,0.001,NEXT_STEP,1,0.03602801290705588,0.016981308432201338,1.0300504334020204,-0.03711602463709905,,,,,,,,Line_3,2,3,1.0,1.0300504334020204,-0.03711602463709905,1.0104087125649928,-0.06801358983476903,1.7703000830567817,Line_3,2,3,1.0,11.400211975184444,63.24637968081403,51.84616770562958,GENROU_4,6,GENROU_1,1,0.9999987207705754,1.0000111757413177,1.1175741317703825e-05,GENROU_2,2,GENROU_3,3,1.4706990235587893,2.0290038892686892,GENROU_5,8,GENROU_2,2
706,2,3.2800000000000002,0.02,0.001,NEXT_STEP,0,0.036027997205145115,0.016981318353262432,1.0300490191693674,-0.037102847233486266,,,,,,,,Line_3,2,3,1.0,1.0300490191693674,-0.037102847233486266,1.0104086289626,-0.06798990410339911,1.7696980002265548,Line_3,2,3,1.0,11.39994801912523,63.24735506005317,51.84740704092793,GENROU_4,6,GENROU_1,1,0.9999976041889486,1.0000121140127471,1.2114012747144187e-05,GENROU_2,2,GENROU_3,3,1.4706947196413016,2.029078607065958,GENROU_5,8,GENROU_2,2
708,2,3.285,0.02,0.001,NEXT_STEP,1,0.03602798039809349,0.01698132727860416,1.0300486630476333,-0.037099472623465385,,,,,,,,Line_3,2,3,1.0,1.0300486630476333,-0.037099472623465385,1.010408623833329,-0.0679838797161313,1.769546179173659,Line_3,2,3,1.0,11.399900729199683,63.24763042217565,51.84772969297596,GENROU_4,6,GENROU_1,1,0.9999973471290857,1.0000123108197643,1.2310819764271841e-05,GENROU_2,2,GENROU_3,3,1.4706936695290747,2.029097387725017,GENROU_5,8,GENROU_2,2
710,2,3.305,0.02,0.001,NEXT_STEP,0,0.03602798819082345,0.0169813334431462,1.0300472379688634,-0.03708569399706963,,,,,,,,Line_3,2,3,1.0,1.0300472379688634,-0.03708569399706963,1.0104086522523654,-0.06795950019793717,1.768938792814538,Line_3,2,3,1.0,11.399791186429416,63.24884734409753,51.84905615766811,GENROU_4,6,GENROU_1,1,0.9999964104764326,1.0000129501730193,1.2950173019277145e-05,GENROU_2,2,GENROU_3,3,1.4706895498945298,2.0291728895455257,GENROU_5,8,GENROU_2,2
712,2,3.31,0.02,0.001,NEXT_STEP,1,0.036027940670929244,0.016981340477764808,1.0300468819715407,-0.03708217697375904,,,,,,,,Line_3,2,3,1.0,1.0300468819715407,-0.03708217697375904,1.0104086680682358,-0.06795334914765262,1.7687878741858185,Line_3,2,3,1.0,11.399784780866632,63.24917911374148,51.849394332874844,GENROU_4,6,GENROU_1,1,0.9999962000512232,1.0000130730281276,1.3073028127585928e-05,GENROU_2,2,GENROU_3,3,1.4706885521412594,2.029191849748788,GENROU_5,8,GENROU_2,2
714,2,3.33,0.02,0.001,NEXT_STEP,0,0.03602795558657139,0.016981352213297957,1.0300454648775539,-0.037067883960637406,,,,,,,,Line_3,2,3,1.0,1.0300454648775539,-0.037067883960637406,1.0104087521569098,-0.06792865628474543,1.7681920066855241,Line_3,2,3,1.0,11.399846283051824,63.25060435781322,51.8507580747614,GENROU_4,6,GENROU_1,1,0.9999954544993439,1.000013421952046,1.3421952046011043e-05,GENROU_2,2,GENROU_3,3,1.4706846581096436,2.029267920269023,GENROU_5,8,GENROU_2,2
716,2,3.335,0.02,0.001,NEXT_STEP,1,0.03602790817482408,0.016981359335420616,1.0300451138490623,-0.037064249556302754,,,,,,,,Line_3,2,3,1.0,1.0300451138490623,-0.037064249556302754,1.010408775680413,-0.06792247231091295,1.768045927113718,Line_3,2,3,1.0,11.399884279035469,63.250983608059336,51.85109932902387,GENROU_4,6,GENROU_1,1,0.9999952926820886,1.0000134739253745,1.347392537454084e-05,GENROU_2,2,GENROU_3,3,1.4706837201098473,2.029286973097631,GENROU_5,8,GENROU_2,2
718,2,3.355,0.02,0.001,NEXT_STEP,0,0.03602792312022164,0.01698137109741942,1.0300437285974082,-0.03704953183382324,,,,,,,,Line_3,2,3,1.0,1.0300437285974082,-0.03704953183382324,1.010408868010003,-0.06789781755322954,1.7674765769356782,Line_3,2,3,1.0,11.400128313739005,63.252579558234146,51.85245124449514,GENROU_4,6,GENROU_1,1,0.9999947429993922,1.000013548158695,1.3548158694920431e-05,GENROU_2,2,GENROU_3,3,1.470680071811755,2.0293631551047495,GENROU_5,8,GENROU_2,2
720,2,3.36,0.02,0.001,NEXT_STEP,1,0.03602789914375914,0.016981374410444675,1.0300433887284828,-0.03704580454964395,,,,,,,,Line_3,2,3,1.0,1.0300433887284828,-0.03704580454964395,1.0104088884186966,-0.06789168556610987,1.7673387976062145,Line_3,2,3,1.0,11.400212929394115,63.25299649454331,51.852783565149196,GENROU_4,6,GENROU_1,1,0.9999946302101589,1.000013534005863,1.3534005862902987e-05,GENROU_2,2,GENROU_3,3,1.4706791959691528,2.029382161142343,GENROU_5,8,GENROU_2,2
722,2,3.38,0.02,0.001,NEXT_STEP,0,0.03602788356101681,0.016981384437097128,1.0300420611742684,-0.037030746385929396,,,,,,,,Line_3,2,3,1.0,1.0300420611742684,-0.037030746385929396,1.010408949337578,-0.06786738009726975,1.7668089660506325,Line_3,2,3,1.0,11.400646468981273,63.2547229686517,51.85407649967043,GENROU_4,6,GENROU_1,1,0.9999942751956757,1.0000133555065136,1.3355506513601512e-05,GENROU_2,2,GENROU_3,3,1.4706757937818273,2.0294578129768097,GENROU_5,8,GENROU_2,2
724,2,3.385,0.02,0.001,NEXT_STEP,1,0.03602786665798459,0.016981393277276376,1.0300417382655145,-0.037026945118955344,,,,,,,,Line_3,2,3,1.0,1.0300417382655145,-0.037026945118955344,1.0104089570985237,-0.06786137133842175,1.7666824860829422,Line_3,2,3,1.0,11.40077916654332,63.25516738069267,51.85438821414935,GENROU_4,6,GENROU_1,1,0.9999942104335244,1.0000132814040248,1.3281404024789722e-05,GENROU_2,2,GENROU_3,3,1.4706749778321346,2.0294765932267063,GENROU_5,8,GENROU_2,2
726,2,3.4050000000000002,0.02,0.001,NEXT_STEP,0,0.0360278745561427,0.016981399535374867,1.030040493994132,-0.03701162715991946,,,,,,,,Line_3,2,3,1.0,1.030040493994132,-0.03701162715991946,1.0104089544277697,-0.0678376821575634,1.7662028504031468,Line_3,2,3,1.0,11.401406850174602,63.256983395739056,51.85557654556445,GENROU_4,6,GENROU_1,1,0.999994043479407,1.00001287724029,1.2877240290087855e-05,GENROU_2,2,GENROU_3,3,1.4706718058300037,2.029550949600771,GENROU_5,8,GENROU_2,2
728,2,3.41,0.02,0.001,NEXT_STEP,1,0.03602782695522982,0.01698140649790597,1.0300401956515484,-0.03700776643288721,,,,,,,,Line_3,2,3,1.0,1.0300401956515484,-0.03700776643288721,1.0104089431466572,-0.0678318540264376,1.7660901264520135,Line_3,2,3,1.0,11.401588300550973,63.2574450847592,51.85585678420823,GENROU_4,6,GENROU_1,1,0.999994024477133,1.0000127505015401,1.2750501540148562e-05,GENROU_2,2,GENROU_3,3,1.4706710440357416,2.0295693035538207,GENROU_5,8,GENROU_2,2
730,2,3.43,0.02,0.001,NEXT_STEP,0,0.036027841957586376,0.016981418310479574,1.030039058483072,-0.03699225308599916,,,,,,,,Line_3,2,3,1.0,1.030039058483072,-0.03699225308599916,1.01040885103075,-0.06780899383313135,1.7656691831595026,Line_3,2,3,1.0,11.402410428553429,63.25931050801919,51.85690007946576,GENROU_4,6,GENROU_1,1,0.9999940342964422,1.0000121517311795,1.2151731179521619e-05,GENROU_2,2,GENROU_3,3,1.470668070746661,2.0296415337406146,GENROU_5,8,GENROU_2,2
732,2,3.435,0.02,0.001,NEXT_STEP,1,0.036027817940771575,0.016981421587587787,1.030038789975319,-0.03698835305581394,,,,,,,,Line_3,2,3,1.0,1.030038789975319,-0.03698835305581394,1.010408815017362,-0.06780339682783582,1.7655719536477363,Line_3,2,3,1.0,11.402640110705907,63.25977968195276,51.85713957124685,GENROU_4,6,GENROU_1,1,0.9999940576951584,1.0000119805117056,1.1980511705589336e-05,GENROU_2,2,GENROU_3,3,1.4706673537620896,2.029659249154213,GENROU_5,8,GENROU_2,2
734,2,3.455,0.02,0.001,NEXT_STEP,0,0.03602782586116927,0.016981427865480778,1.030037782545724,-0.03697270155547373,,,,,,,,Line_3,2,3,1.0,1.030037782545724,-0.03697270155547373,1.0104086150908655,-0.06778152997905713,1.7652158404140152,Line_3,2,3,1.0,11.403652300039907,63.26165669233175,51.85800439229184,GENROU_4,6,GENROU_1,1,0.9999942289723537,1.0000112209636842,1.1220963684221985e-05,GENROU_2,2,GENROU_3,3,1.4706645383561645,2.029728504679163,GENROU_5,8,GENROU_2,2
736,2,3.46,0.02,0.001,NEXT_STEP,1,0.03602780170178317,0.016981431024516075,1.030037548588611,-0.0369687735421369,,,,,,,,Line_3,2,3,1.0,1.030037548588611,-0.0369687735421369,1.0104085500367188,-0.06777619773230296,1.7651353837657666,Line_3,2,3,1.0,11.403928550080972,63.262124299567056,51.858195749486086,GENROU_4,6,GENROU_1,1,0.9999942905179737,1.00001101396894,1.1013968939987961e-05,GENROU_2,2,GENROU_3,3,1.4706638549736475,2.0297453718418192,GENROU_5,8,GENROU_2,2
738,2,3.48,0.02,0.001,NEXT_STEP,0,0.03602780962955151,0.016981437308805088,1.0300366864924042,-0.03695303256291535,,,,,,,,Line_3,2,3,1.0,1.0300366864924042,-0.03695303256291535,1.0104082271723545,-0.06775543970131706,1.764847927874058,Line_3,2,3,1.0,11.405121998834987,63.26397862090523,51.85885662207024,GENROU_4,6,GENROU_1,1,0.9999946047750985,1.0000101290976435,1.012909764352976e-05,GENROU_2,2,GENROU_3,3,1.4706611514526007,2.0298108464744735,GENROU_5,8,GENROU_2,2
740,2,3.485,0.02,0.001,NEXT_STEP,1,0.03602778546659468,0.016981440464713025,1.0300364904180805,-0.0369490873497195,,,,,,,,Line_3,2,3,1.0,1.0300364904180805,-0.0369490873497195,1.0104081299158765,-0.06775039481760323,1.7647849213945221,Line_3,2,3,1.0,11.405442092568414,63.26443662804924,51.858994535480825,GENROU_4,6,GENROU_1,1,0.9999946995146893,1.000009895295529,9.89529552897217e-06,GENROU_2,2,GENROU_3,3,1.4706604901341502,2.02982667636379,GENROU_5,8,GENROU_2,2
742,2,3.505,0.02,0.001,NEXT_STEP,0,0.03602776994201754,0.01698145054288255,1.0300357838527852,-0.03693329229986259,,,,,,,,Line_3,2,3,1.0,1.0300357838527852,-0.03693329229986259,1.0104076730938172,-0.06773081027011232,1.7645677991736193,Line_3,2,3,1.0,11.406803965906839,63.266238498052196,51.85943453214536,GENROU_4,6,GENROU_1,1,0.9999951358837367,1.0000089210709182,8.921070918210816e-06,GENROU_2,2,GENROU_3,3,1.4706578531698,2.0298876807313735,GENROU_5,8,GENROU_2,2
744,2,3.51,0.02,0.001,NEXT_STEP,1,0.03602777645990776,0.016981455561333625,1.0300356268794228,-0.03692934063029337,,,,,,,,Line_3,2,3,1.0,1.0300356268794228,-0.03692934063029337,1.0104075410683964,-0.06772606522480074,1.7645223420920217,Line_3,2,3,1.0,11.407164228747554,63.26668010084675,51.859515872099195,GENROU_4,6,GENROU_1,1,0.9999952583677858,1.0000086694229597,8.669422959739492e-06,GENROU_2,2,GENROU_3,3,1.4706572027838942,2.0299023200118573,GENROU_5,8,GENROU_2,2
746,2,3.5300000000000002,0.02,0.001,NEXT_STEP,0,0.036027777304323466,0.01698145630968464,1.0300350807232266,-0.036913523942315216,,,,,,,,Line_3,2,3,1.0,1.0300350807232266,-0.036913523942315216,1.010406943612019,-0.06770767797891046,1.7643750599726502,Line_3,2,3,1.0,11.408678140664826,63.26840497647547,51.85972683581065,GENROU_4,6,GENROU_1,1,0.9999957943609502,1.000007641265896,7.641265896030092e-06,GENROU_2,2,GENROU_3,3,1.4706545914119697,2.0299583261132264,GENROU_5,8,GENROU_2,2
748,2,3.535,0.02,0.001,NEXT_STEP,1,0.03602775300395519,0.016981459351903757,1.0300349641662117,-0.03690956638263139,,,,,,,,Line_3,2,3,1.0,1.0300349641662117,-0.03690956638263139,1.0104067758716966,-0.06770322886904455,1.7643468962218094,Line_3,2,3,1.0,11.409074077407748,63.26882473741566,51.85975066000792,GENROU_4,6,GENROU_1,1,0.9999959388436209,1.0000073804805427,7.380480542718004e-06,GENROU_2,2,GENROU_3,3,1.4706539426656418,2.0299716649573862,GENROU_5,8,GENROU_2,2
750,2,3.555,0.02,0.001,NEXT_STEP,0,0.03602776094018424,0.016981465643811318,1.0300345742510555,-0.036893743971416905,,,,,,,,Line_3,2,3,1.0,1.0300345742510555,-0.036893743971416905,1.0104060315987484,-0.06768601555300933,1.764267203245879,Line_3,2,3,1.0,11.410720654302528,63.27045373081872,51.85973307651619,GENROU_4,6,GENROU_1,1,0.9999965511988099,1.0000063323749793,6.332374979267641e-06,GENROU_2,2,GENROU_3,3,1.4706513214558559,2.0300223260186003,GENROU_5,8,GENROU_2,2
752,2,3.56,0.02,0.001,NEXT_STEP,1,0.03602776023233601,0.01698146500831039,1.0300344960673087,-0.0368897882627862,,,,,,,,Line_3,2,3,1.0,1.0300344960673087,-0.0368897882627862,1.0104058269756757,-0.06768185496085244,1.7642554642845312,Line_3,2,3,1.0,11.411147100612014,63.27084766095072,51.85970056033871,GENROU_4,6,GENROU_1,1,0.9999967118228196,1.000006070686684,6.0706866840121165e-06,GENROU_2,2,GENROU_3,3,1.4706506666583778,2.0300343035196446,GENROU_5,8,GENROU_2,2
754,2,3.58,0.02,0.001,NEXT_STEP,0,0.03602773761825385,0.016981469544935245,1.0300342544680083,-0.03687396489749531,,,,,,,,Line_3,2,3,1.0,1.0300342544680083,-0.03687396489749531,1.010404933653082,-0.06766575279971629,1.7642394904592607,Line_3,2,3,1.0,11.412904608923453,63.27236772576384,51.85946311684039,GENROU_4,6,GENROU_1,1,0.9999973771906668,1.0000050343339928,5.034333992792739e-06,GENROU_2,2,GENROU_3,3,1.4706480108768418,2.030079483549565,GENROU_5,8,GENROU_2,2
756,2,3.585,0.02,0.001,NEXT_STEP,1,0.036027744001085285,0.016981474451966887,1.0300342108965759,-0.03687001042988138,,,,,,,,Line_3,2,3,1.0,1.0300342108965759,-0.03687001042988138,1.0104046910528555,-0.0676618603109546,1.7642430415858996,Line_3,2,3,1.0,11.413355892814767,63.27273329699264,51.85937740417788,GENROU_4,6,GENROU_1,1,0.9999975481711377,1.000004779319835,4.779319835002127e-06,GENROU_2,2,GENROU_3,3,1.4706473446883566,2.0300900921421348,GENROU_5,8,GENROU_2,2
758,2,3.605,0.02,0.001,NEXT_STEP,0,0.03602774484657989,0.01698147520126175,1.0300341017846875,-0.03685419068137179,,,,,,,,Line_3,2,3,1.0,1.0300341017846875,-0.03685419068137179,1.0104036470727678,-0.06764677957563481,1.7642853839226689,Line_3,2,3,1.0,11.415200902064665,63.27413716395807,51.858936261893405,GENROU_4,6,GENROU_1,1,0.9999982437770963,1.000004340561525,4.340561525095765e-06,GENROU_2,2,GENROU_4,6,1.470644639975347,2.0301298708245397,GENROU_5,8,GENROU_2,2
760,2,3.61,0.02,0.001,NEXT_STEP,1,0.03602774400361227,0.016981474454205905,1.0300340895813107,-0.036850235193975275,,,,,,,,Line_3,2,3,1.0,1.0300340895813107,-0.036850235193975275,1.0104033671829236,-0.06764312732316421,1.7643027580041348,Line_3,2,3,1.0,11.415671012154013,63.27447326371571,51.8588022515617,GENROU_4,6,GENROU_1,1,0.9999984195496293,1.0000043695184606,4.369518460611843e-06,GENROU_2,2,GENROU_4,6,1.4706439609581512,2.0301391588713384,GENROU_5,8,GENROU_2,2
762,2,3.63,0.02,0.001,NEXT_STEP,0,0.03602774484665719,0.016981475201336867,1.0300340925985887,-0.03683440841096767,,,,,,,,Line_3,2,3,1.0,1.0300340925985887,-0.03683440841096767,1.0104021725644545,-0.06762894549978256,1.7643970072481636,Line_3,2,3,1.0,11.417579076141095,63.275759161567095,51.858180085426,GENROU_4,6,GENROU_1,1,0.9999991238174809,1.0000044624967994,4.462496799417792e-06,GENROU_2,2,GENROU_4,6,1.4706412045575576,2.030173829549589,GENROU_5,8,GENROU_2,2
764,2,3.635,0.02,0.001,NEXT_STEP,1,0.03602774400233446,0.016981474453068014,1.0300341054624484,-0.03683044952307582,,,,,,,,Line_3,2,3,1.0,1.0300341054624484,-0.03683044952307582,1.0104018551423615,-0.06762550081044542,1.7644264686551878,Line_3,2,3,1.0,11.418061833959856,63.27606600195562,51.858004167995766,GENROU_4,6,GENROU_1,1,0.9999992991819369,1.0000044799620513,4.479962051329167e-06,GENROU_2,2,GENROU_4,6,1.4706405131655984,2.030181894080308,GENROU_5,8,GENROU_2,2
766,2,3.6550000000000002,0.02,0.001,NEXT_STEP,0,0.036027744846623716,0.01698147520127938,1.0300341958767245,-0.036814600899442634,,,,,,,,Line_3,2,3,1.0,1.0300341958767245,-0.036814600899442634,1.0104005111502292,-0.06761207547165358,1.7645653126491538,Line_3,2,3,1.0,11.42000817523676,63.277237205155494,51.857229029918734,GENROU_4,6,GENROU_1,1,0.9999999922157985,1.0000045271726001,4.5271726001328005e-06,GENROU_2,2,GENROU_4,6,1.4706377141065272,2.0302119386818895,GENROU_5,8,GENROU_2,2
768,2,3.66,0.02,0.001,NEXT_STEP,1,0.03602774400108418,0.016981474451925858,1.0300342271982479,-0.036810634235673614,,,,,,,,Line_3,2,3,1.0,1.0300342271982479,-0.036810634235673614,1.0104001566726828,-0.06760880051518078,1.7646049445579024,Line_3,2,3,1.0,11.420497403602516,63.27751618791422,51.857018784311705,GENROU_4,6,GENROU_1,1,1.0000001624478307,1.0000045333061232,4.5333061231556115e-06,GENROU_2,2,GENROU_4,6,1.47063701408775,2.0302189234262853,GENROU_5,8,GENROU_2,2
770,2,3.68,0.02,0.001,NEXT_STEP,0,0.03602774484659693,0.016981475201272116,1.030034377249704,-0.036794744051218825,,,,,,,,Line_3,2,3,1.0,1.030034377249704,-0.036794744051218825,1.010398665858395,-0.06759597411922565,1.764780486708247,Line_3,2,3,1.0,11.422457568682054,63.278580407828876,51.85612283914682,GENROU_4,6,GENROU_1,1,1.0000006088562154,1.0000045359433793,4.5359433793468185e-06,GENROU_3,3,GENROU_4,6,1.4706341926204822,2.0302450010703,GENROU_5,8,GENROU_2,2
772,2,3.685,0.02,0.001,NEXT_STEP,1,0.03602774399853299,0.016981474449708486,1.0300344198108056,-0.03679076421186064,,,,,,,,Line_3,2,3,1.0,1.0300344198108056,-0.03679076421186064,1.0103982751201839,-0.06759282817138083,1.7648282651725253,Line_3,2,3,1.0,11.42294724285751,63.278833956939565,51.855886714082054,GENROU_4,6,GENROU_1,1,1.0000004383908705,1.0000045310433627,4.5310433627321345e-06,GENROU_3,3,GENROU_4,6,1.4706334903342448,2.0302510901737807,GENROU_5,8,GENROU_2,2
774,2,3.705,0.02,0.001,NEXT_STEP,0,0.036027744845288256,0.016981475200144376,1.0300345998790716,-0.03677480967190653,,,,,,,,Line_3,2,3,1.0,1.0300345998790716,-0.03677480967190653,1.0103966412845022,-0.06758043422902192,1.7650322723872875,Line_3,2,3,1.0,11.42489758446693,63.27980262224619,51.85490503777926,GENROU_4,6,GENROU_1,1,0.9999998162159557,1.0000044910603507,4.491060350719778e-06,GENROU_3,3,GENROU_4,6,1.4706306763829973,2.0302740003066155,GENROU_5,8,GENROU_2,2
776,2,3.71,0.02,0.001,NEXT_STEP,1,0.036027767449422245,0.016981470654618018,1.0300346462423322,-0.03677081274187871,,,,,,,,Line_3,2,3,1.0,1.0300346462423322,-0.03677081274187871,1.0103962155580257,-0.0675773764637398,1.7650860825634709,Line_3,2,3,1.0,11.425381951468133,63.28003399306367,51.854652041595536,GENROU_4,6,GENROU_1,1,0.9999996761978072,1.0000044760520348,4.476052034796396e-06,GENROU_3,3,GENROU_4,6,1.4706299804379999,2.030279407587264,GENROU_5,8,GENROU_2,2
778,2,3.73,0.02,0.001,NEXT_STEP,0,0.03602776120802878,0.016981465864744274,1.030034827080126,-0.03675476887369149,,,,,,,,Line_3,2,3,1.0,1.030034827080126,-0.03675476887369149,1.010394444541926,-0.06756524505392604,1.7653102499157853,Line_3,2,3,1.0,11.427300412018427,63.28092145106448,51.853621039046054,GENROU_4,6,GENROU_1,1,0.9999991793751118,1.0000043971560422,4.397156042168504e-06,GENROU_3,3,GENROU_4,6,1.47062721175758,2.0303000475453343,GENROU_5,8,GENROU_2,2
780,2,3.7350000000000003,0.02,0.001,NEXT_STEP,1,0.03602776021595742,0.016981464993788935,1.0300348696579382,-0.03675074446042246,,,,,,,,Line_3,2,3,1.0,1.0300348696579382,-0.03675074446042246,1.0103939850438555,-0.06756223034036417,1.7653681014475922,Line_3,2,3,1.0,11.4277742147617,63.28113452434051,51.85336030957881,GENROU_4,6,GENROU_1,1,0.9999990713868172,1.0000043728607007,4.372860700652126e-06,GENROU_3,3,GENROU_4,6,1.4706265322900858,2.0303050053731946,GENROU_5,8,GENROU_2,2
782,2,3.755,0.02,0.001,NEXT_STEP,0,0.03602776107143347,0.016981465751918334,1.0300350203444124,-0.03673458624541565,,,,,,,,Line_3,2,3,1.0,1.0300350203444124,-0.03673458624541565,1.010392082355851,-0.06755019392080533,1.765604262930765,Line_3,2,3,1.0,11.429640843853546,63.281957215791806,51.85231637193826,GENROU_4,6,GENROU_1,1,0.9999987041833908,1.0000042592848999,4.259284899887916e-06,GENROU_3,3,GENROU_4,6,1.4706238524677004,2.0303243311721877,GENROU_5,8,GENROU_2,2
784,2,3.76,0.02,0.001,NEXT_STEP,1,0.03602776020704008,0.016981464985901234,1.0300350519868997,-0.0367305299567404,,,,,,,,Line_3,2,3,1.0,1.0300350519868997,-0.0367305299567404,1.0103915910124843,-0.06754718228096177,1.7656641168998988,Line_3,2,3,1.0,11.430099390761777,63.282156291732534,51.85205690097076,GENROU_4,6,GENROU_1,1,0.9999986287795586,1.0000042269665739,4.226966573872559e-06,GENROU_3,3,GENROU_4,6,1.470623201203104,2.030329084950799,GENROU_5,8,GENROU_2,2
786,2,3.7800000000000002,0.02,0.001,NEXT_STEP,0,0.036027761067478126,0.01698146574840989,1.030035145718712,-0.03671423208689369,,,,,,,,Line_3,2,3,1.0,1.030035145718712,-0.03671423208689369,1.0103895652737216,-0.06753507955553652,1.7659044809697093,Line_3,2,3,1.0,11.431896696917859,63.28293191974857,51.85103522283071,GENROU_4,6,GENROU_1,1,0.9999983914783542,1.0000041098772636,4.109877263624995e-06,GENROU_3,3,GENROU_5,8,1.4706206581896581,2.030348086482386,GENROU_5,8,GENROU_2,2
788,2,3.785,0.02,0.001,NEXT_STEP,1,0.036027760198179784,0.01698146497802458,1.0300351599163746,-0.036710137952556135,,,,,,,,Line_3,2,3,1.0,1.0300351599163746,-0.036710137952556135,1.0103890443404142,-0.06753203206825423,1.7659644494285942,Line_3,2,3,1.0,11.432335952232174,63.283121510851934,51.85078555861976,GENROU_4,6,GENROU_1,1,0.9999983482557128,1.0000041020249186,4.102024918628544e-06,GENROU_3,3,GENROU_5,8,1.4706200472414355,2.0303528821000785,GENROU_5,8,GENROU_2,2
790,2,3.805,0.02,0.001,NEXT_STEP,0,0.03602776106485234,0.016981465746102348,1.0300351721950463,-0.036693677905996674,,,,,,,,Line_3,2,3,1.0,1.0300351721950463,-0.036693677905996674,1.010386905317414,-0.06751971381429339,1.7662017566641168,Line_3,2,3,1.0,11.43404921758898,63.28386823544651,51.849819017857534,GENROU_4,6,GENROU_1,1,0.9999982374760857,1.000004056935366,4.056935366092418e-06,GENROU_3,3,GENROU_5,8,1.4706176894518461,2.030372522588905,GENROU_5,8,GENROU_2,2
792,2,3.81,0.02,0.001,NEXT_STEP,1,0.036027760185484224,0.01698146496682129,1.0300351632693152,-0.03668954065018131,,,,,,,,Line_3,2,3,1.0,1.0300351632693152,-0.03668954065018131,1.0103863574300103,-0.06751659495263146,1.7662601063510124,Line_3,2,3,1.0,11.434465876739857,63.2840528719316,51.84958699519174,GENROU_4,6,GENROU_1,1,0.9999982251618963,1.0000040423535341,4.042353534128296e-06,GENROU_3,3,GENROU_5,8,1.4706171312088576,2.030377594052095,GENROU_5,8,GENROU_2,2
794,2,3.83,0.02,0.001,NEXT_STEP,0,0.03602776106207643,0.016981465743689365,1.0300350733738106,-0.03667289897885332,,,,,,,,Line_3,2,3,1.0,1.0300350733738106,-0.03667289897885332,1.0103841164337213,-0.0675039270587771,1.7664877870289502,Line_3,2,3,1.0,11.436083416540757,63.28478857036774,51.848705153826984,GENROU_4,6,GENROU_1,1,0.9999982342497645,1.0000042522993096,4.252299309559504e-06,GENROU_3,3,GENROU_2,2,1.4706150054614273,2.0303987739364895,GENROU_5,8,GENROU_2,2
796,2,3.835,0.02,0.001,NEXT_STEP,1,0.03602776017153212,0.01698146495449243,1.0300350366822109,-0.03666871423203538,,,,,,,,Line_3,2,3,1.0,1.0300350366822109,-0.03666871423203538,1.010383544608825,-0.06750070549072164,1.766542973106965,Line_3,2,3,1.0,11.436474951698129,63.28497262311127,51.84849767141314,GENROU_4,6,GENROU_1,1,0.9999982508075959,1.0000043071872764,4.307187276397784e-06,GENROU_3,3,GENROU_2,2,1.4706145106592408,2.0304043358890387,GENROU_5,8,GENROU_2,2
798,2,3.855,0.02,0.001,NEXT_STEP,0,0.03602776105932483,0.016981465741236264,1.0300348283585388,-0.03665187568191307,,,,,,,,Line_3,2,3,1.0,1.0300348283585388,-0.03665187568191307,1.0103812144535087,-0.06748757211537855,1.7667552639841801,Line_3,2,3,1.0,11.43798824559254,63.285714194462415,51.84772594886987,GENROU_4,6,GENROU_1,1,0.9999983702844705,1.0000044869016513,4.486901651334918e-06,GENROU_3,3,GENROU_2,2,1.4706126612443307,2.0304278626759618,GENROU_5,8,GENROU_2,2
800,2,3.8600000000000003,0.02,0.001,NEXT_STEP,1,0.03602776015760424,0.01698146494213277,1.030034760440116,-0.03664764018987847,,,,,,,,Line_3,2,3,1.0,1.030034760440116,-0.03664764018987847,1.0103806220691205,-0.06748422136404311,1.7668059558922096,Line_3,2,3,1.0,11.438352933907545,63.28590171802456,51.847548784117016,GENROU_4,6,GENROU_1,1,0.9999984130321299,1.000004521882889,4.521882889019224e-06,GENROU_3,3,GENROU_2,2,1.4706122406360664,2.030434102654055,GENROU_5,8,GENROU_2,2
802,2,3.88,0.02,0.001,NEXT_STEP,0,0.03602776105405611,0.016981465736592073,1.030034422337426,-0.036630594161742816,,,,,,,,Line_3,2,3,1.0,1.030034422337426,-0.036630594161742816,1.0103782169235627,-0.06747052698696214,1.7669979913520422,Line_3,2,3,1.0,11.439756696997483,63.28666455029019,51.846907853292706,GENROU_4,6,GENROU_1,1,0.9999986310853541,1.0000046235719042,4.623571904227575e-06,GENROU_3,3,GENROU_2,2,1.470610705788646,2.030460663768147,GENROU_5,8,GENROU_2,2
804,2,3.885,0.02,0.001,NEXT_STEP,1,0.03602773668518601,0.016981468718125736,1.0300343209101892,-0.03662630388066407,,,,,,,,Line_3,2,3,1.0,1.0300343209101892,-0.03662630388066407,1.0103776075169824,-0.06746702450379322,1.7670431288473765,Line_3,2,3,1.0,11.440093620115604,63.286859155285676,51.84676553517007,GENROU_4,6,GENROU_1,1,0.9999986968229184,1.0000046395494826,4.639549482599037e-06,GENROU_3,3,GENROU_2,2,1.4706103681540321,2.0304677366726573,GENROU_5,8,GENROU_2,2
806,2,3.9050000000000002,0.02,0.001,NEXT_STEP,0,0.036027744687156305,0.016981475068302075,1.0300338459817755,-0.03660904515071354,,,,,,,,Line_3,2,3,1.0,1.0300338459817755,-0.03660904515071354,1.0103751420835752,-0.06745269551462393,1.7672109906292235,Line_3,2,3,1.0,11.4413857541391,63.28765664365104,51.84627088951194,GENROU_4,6,GENROU_1,1,0.9999989998266423,1.00000466763802,4.667638020094955e-06,GENROU_3,3,GENROU_2,2,1.4706091796490472,2.0304978807895138,GENROU_5,8,GENROU_2,2
808,2,3.91,0.02,0.001,NEXT_STEP,1,0.03602774389836891,0.016981474361065802,1.030033710269021,-0.036604703484984506,,,,,,,,Line_3,2,3,1.0,1.030033710269021,-0.036604703484984506,1.0103745198866676,-0.06744902842309027,1.7672496408835627,Line_3,2,3,1.0,11.441694781581308,63.287861396165425,51.84616661458412,GENROU_4,6,GENROU_1,1,0.9999990849619015,1.0000046659453197,4.6659453196706835e-06,GENROU_3,3,GENROU_2,2,1.4706089321046865,2.030505905642498,GENROU_5,8,GENROU_2,2
810,2,3.93,0.02,0.001,NEXT_STEP,0,0.03602774481713403,0.016981475175317465,1.0300330991146542,-0.036587231803934826,,,,,,,,Line_3,2,3,1.0,1.0300330991146542,-0.036587231803934826,1.0103720116283843,-0.06743401344310797,1.7673903994862599,Line_3,2,3,1.0,11.442876267363204,63.288704595724404,51.8458283283612,GENROU_4,6,GENROU_1,1,0.9999994579827743,1.0000046266771954,4.626677195362916e-06,GENROU_3,3,GENROU_2,2,1.4706081134858993,2.030540026096388,GENROU_5,8,GENROU_2,2
812,2,3.935,0.02,0.001,NEXT_STEP,1,0.03602772042596271,0.016981478137104104,1.0300329294418582,-0.03658283542331518,,,,,,,,Line_3,2,3,1.0,1.0300329294418582,-0.03658283542331518,1.0103713805745111,-0.06743016909845037,1.7674220288170375,Line_3,2,3,1.0,11.443158013175601,63.28892194247301,51.845763929297405,GENROU_4,6,GENROU_1,1,0.9999995586685044,1.000004609010845,4.609010844980332e-06,GENROU_3,3,GENROU_2,2,1.4706079605156286,2.0305490780420725,GENROU_5,8,GENROU_2,2
814,2,3.955,0.02,0.001,NEXT_STEP,0,0.03602772844898054,0.016981484505929106,1.0300321846400171,-0.03656515683363487,,,,,,,,Line_3,2,3,1.0,1.0300321846400171,-0.03656515683363487,1.0103688453532567,-0.06741443984372876,1.767533717483019,Line_3,2,3,1.0,11.444232701977585,63.28981934246815,51.845586640490566,GENROU_4,6,GENROU_1,1,0.999999986006756,1.0000045096666053,4.509666605256868e-06,GENROU_3,3,GENROU_2,2,1.470607525652248,2.030587389378004,GENROU_5,8,GENROU_2,2
816,2,3.96,0.02,0.001,NEXT_STEP,1,0.036027704181971903,0.016981487569484408,1.030031982636301,-0.036560709789477154,,,,,,,,Line_3,2,3,1.0,1.030031982636301,-0.036560709789477154,1.0103682098191762,-0.06741041518744052,1.767557918525256,Line_3,2,3,1.0,11.444488470012256,63.290051071591684,51.84556260157943,GENROU_4,6,GENROU_1,1,1.000000098262996,1.0000044779948793,4.4779948793483015e-06,GENROU_3,3,GENROU_2,2,1.4706074697822507,2.030597502456338,GENROU_5,8,GENROU_2,2
818,2,3.98,0.02,0.001,NEXT_STEP,0,0.036027712216154584,0.01698149394819918,1.0300311136483502,-0.0365428347741365,,,,,,,,Line_3,2,3,1.0,1.0300311136483502,-0.0365428347741365,1.0103656653770636,-0.06739396455633631,1.7676395297304168,Line_3,2,3,1.0,11.445462832074899,63.291008483889435,51.84554565181453,GENROU_4,6,GENROU_1,1,1.0000005639321459,1.0000043268680843,4.326868084270075e-06,GENROU_3,3,GENROU_2,2,1.4706074237599167,2.03064006145548,GENROU_5,8,GENROU_2,2
820,2,3.9850000000000003,0.02,0.001,NEXT_STEP,1,0.036027687939323975,0.016981497003008054,1.0300308820883775,-0.03653834045423968,,,,,,,,Line_3,2,3,1.0,1.0300308820883775,-0.03653834045423968,1.0103650297109719,-0.06738976056100358,1.7676561641026183,Line_3,2,3,1.0,11.445694539920417,63.2912557090427,51.845561169122284,GENROU_4,6,GENROU_1,1,1.0000006837686433,1.0000042833543454,4.283354345435697e-06,GENROU_3,3,GENROU_2,2,1.47060746496213,2.0306512285934897,GENROU_5,8,GENROU_2,2
822,2,4.0,0.02,0.001,NEXT_STEP,0,0.03602769598461242,0.016981503391649336,1.0300301544458612,-0.036524811676018024,,,,,,,,Line_3,2,3,1.0,1.0300301544458612,-0.036524811676018024,1.0103631259614776,-0.06737694383817044,1.7676969618711666,Line_3,2,3,1.0,11.446363049257418,63.292016347788426,51.845653298531005,GENROU_4,6,GENROU_1,1,1.0000010488866888,1.0000041406748443,4.140674844332892e-06,GENROU_3,3,GENROU_2,2,1.4706076904097551,2.030685949822893,GENROU_5,8,GENROU_2,2
